time_s,acceleration_g
0.000000,2.786981001e-04
0.005000,2.789315706e-04
0.010000,2.791648364e-04
0.015000,2.793978992e-04
0.020000,2.796307595e-04
0.025000,2.798634167e-04
0.030000,2.800958694e-04
0.035000,2.803281160e-04
0.040000,2.805601552e-04
0.045000,2.807919859e-04
0.050000,2.810236074e-04
0.055000,2.812550192e-04
0.060000,2.814862204e-04
0.065000,2.817172104e-04
0.070000,2.819479883e-04
0.075000,2.821785532e-04
0.080000,2.824089041e-04
0.085000,2.826390402e-04
0.090000,2.828689606e-04
0.095000,2.830986645e-04
0.100000,2.833281511e-04
0.105000,2.835574195e-04
0.110000,2.837864689e-04
0.115000,2.840152985e-04
0.120000,2.842439073e-04
0.125000,2.844722945e-04
0.130000,2.847004593e-04
0.135000,2.849284008e-04
0.140000,2.851561182e-04
0.145000,2.853836106e-04
0.150000,2.856108772e-04
0.155000,2.858379172e-04
0.160000,2.860647296e-04
0.165000,2.862913137e-04
0.170000,2.865176686e-04
0.175000,2.867437935e-04
0.180000,2.869696874e-04
0.185000,2.871953496e-04
0.190000,2.874207793e-04
0.195000,2.876459755e-04
0.200000,2.878709374e-04
0.205000,2.880956641e-04
0.210000,2.883201550e-04
0.215000,2.885444090e-04
0.220000,2.887684253e-04
0.225000,2.889922031e-04
0.230000,2.892157416e-04
0.235000,2.894390399e-04
0.240000,2.896620972e-04
0.245000,2.898849125e-04
0.250000,2.901074852e-04
0.255000,2.903298143e-04
0.260000,2.905518989e-04
0.265000,2.907737384e-04
0.270000,2.909953317e-04
0.275000,2.912166781e-04
0.280000,2.914377767e-04
0.285000,2.916586267e-04
0.290000,2.918792272e-04
0.295000,2.920995774e-04
0.300000,2.923196765e-04
0.305000,2.925395236e-04
0.310000,2.927591178e-04
0.315000,2.929784584e-04
0.320000,2.931975445e-04
0.325000,2.934163752e-04
0.330000,2.936349498e-04
0.335000,2.938532673e-04
0.340000,2.940713270e-04
0.345000,2.942891280e-04
0.350000,2.945066694e-04
0.355000,2.947239505e-04
0.360000,2.949409703e-04
0.365000,2.951577281e-04
0.370000,2.953742231e-04
0.375000,2.955904543e-04
0.380000,2.958064209e-04
0.385000,2.960221222e-04
0.390000,2.962375573e-04
0.395000,2.964527254e-04
0.400000,2.966676256e-04
0.405000,2.968822571e-04
0.410000,2.970966191e-04
0.415000,2.973107107e-04
0.420000,2.975245312e-04
0.425000,2.977380797e-04
0.430000,2.979513554e-04
0.435000,2.981643575e-04
0.440000,2.983770851e-04
0.445000,2.985895375e-04
0.450000,2.988017137e-04
0.455000,2.990136130e-04
0.460000,2.992252345e-04
0.465000,2.994365772e-04
0.470000,2.996476405e-04
0.475000,2.998584232e-04
0.480000,3.000689247e-04
0.485000,3.002791441e-04
0.490000,3.004890807e-04
0.495000,3.006987339e-04
0.500000,3.009081032e-04
0.505000,3.011171882e-04
0.510000,3.013259884e-04
0.515000,3.015345033e-04
0.520000,3.017427321e-04
0.525000,3.019506741e-04
0.530000,3.021583283e-04
0.535000,3.023656932e-04
0.540000,3.025727672e-04
0.545000,3.027795477e-04
0.550000,3.029860318e-04
0.555000,3.031922155e-04
0.560000,3.033980945e-04
0.565000,3.036036642e-04
0.570000,3.038089201e-04
0.575000,3.040138585e-04
0.580000,3.042184769e-04
0.585000,3.044227740e-04
0.590000,3.046267496e-04
0.595000,3.048304037e-04
0.600000,3.050337362e-04
0.605000,3.052367452e-04
0.610000,3.054394277e-04
0.615000,3.056417799e-04
0.620000,3.058437976e-04
0.625000,3.060454764e-04
0.630000,3.062468103e-04
0.635000,3.064477884e-04
0.640000,3.066483919e-04
0.645000,3.068485934e-04
0.650000,3.070483591e-04
0.655000,3.072476558e-04
0.660000,3.074464588e-04
0.665000,3.076447585e-04
0.670000,3.078425615e-04
0.675000,3.080398871e-04
0.680000,3.082367609e-04
0.685000,3.084332114e-04
0.690000,3.086292718e-04
0.695000,3.088249888e-04
0.700000,3.090204310e-04
0.705000,3.092156920e-04
0.710000,3.094108819e-04
0.715000,3.096061074e-04
0.720000,3.098014479e-04
0.725000,3.099969365e-04
0.730000,3.101925567e-04
0.735000,3.103882600e-04
0.740000,3.105840005e-04
0.745000,3.107797788e-04
0.750000,3.109756790e-04
0.755000,3.111718820e-04
0.760000,3.113686405e-04
0.765000,3.115662134e-04
0.770000,3.117647719e-04
0.775000,3.119643108e-04
0.780000,3.121646011e-04
0.785000,3.123652136e-04
0.790000,3.125656089e-04
0.795000,3.127652530e-04
0.800000,3.129636982e-04
0.805000,3.131605792e-04
0.810000,3.133555259e-04
0.815000,3.135480549e-04
0.820000,3.137375344e-04
0.825000,3.139232992e-04
0.830000,3.141049160e-04
0.835000,3.142825064e-04
0.840000,3.144569803e-04
0.845000,3.146300488e-04
0.850000,3.148039750e-04
0.855000,3.149811266e-04
0.860000,3.151634742e-04
0.865000,3.153521786e-04
0.870000,3.155473613e-04
0.875000,3.157480880e-04
0.880000,3.159525522e-04
0.885000,3.161584331e-04
0.890000,3.163633791e-04
0.895000,3.165655088e-04
0.900000,3.167637482e-04
0.905000,3.169577944e-04
0.910000,3.171475977e-04
0.915000,3.173324764e-04
0.920000,3.175102374e-04
0.925000,3.176767858e-04
0.930000,3.178265679e-04
0.935000,3.179537987e-04
0.940000,3.180539916e-04
0.945000,3.181250740e-04
0.950000,3.181675179e-04
0.955000,3.181833829e-04
0.960000,3.181747231e-04
0.965000,3.181421270e-04
0.970000,3.180840919e-04
0.975000,3.179975178e-04
0.980000,3.178791030e-04
0.985000,3.177270748e-04
0.990000,3.175426247e-04
0.995000,3.173305968e-04
1.000000,3.170992805e-04
1.005000,3.168594859e-04
1.010000,3.166233929e-04
1.015000,3.164038497e-04
1.020000,3.162147016e-04
1.025000,3.160721751e-04
1.030000,3.159964035e-04
1.035000,3.160113374e-04
1.040000,3.161412862e-04
1.045000,3.164037219e-04
1.050000,3.168004515e-04
1.055000,3.173115518e-04
1.060000,3.178968102e-04
1.065000,3.185068001e-04
1.070000,3.191008110e-04
1.075000,3.196641884e-04
1.080000,3.202162718e-04
1.085000,3.208037282e-04
1.090000,3.214813945e-04
1.095000,3.222898432e-04
1.100000,3.232413338e-04
1.105000,3.243215551e-04
1.110000,3.255056525e-04
1.115000,3.267787579e-04
1.120000,3.281489052e-04
1.125000,3.296455515e-04
1.130000,3.313066071e-04
1.135000,3.331644078e-04
1.140000,3.352411110e-04
1.145000,3.375562295e-04
1.150000,3.401387398e-04
1.155000,3.430309534e-04
1.160000,3.462756170e-04
1.165000,3.498893949e-04
1.170000,3.538371789e-04
1.175000,3.580242240e-04
1.180000,3.623139734e-04
1.185000,3.665637359e-04
1.190000,3.706583585e-04
1.195000,3.745222935e-04
1.200000,3.781038150e-04
1.205000,3.813435316e-04
1.210000,3.841508044e-04
1.215000,3.864082342e-04
1.220000,3.880075914e-04
1.225000,3.889007265e-04
1.230000,3.891385875e-04
1.235000,3.888769763e-04
1.240000,3.883455874e-04
1.245000,3.877961394e-04
1.250000,3.874548038e-04
1.255000,3.874991408e-04
1.260000,3.880646658e-04
1.265000,3.892703814e-04
1.270000,3.912442081e-04
1.275000,3.941306993e-04
1.280000,3.980717497e-04
1.285000,4.031614788e-04
1.290000,4.093860419e-04
1.295000,4.165668090e-04
1.300000,4.243298911e-04
1.305000,4.321229768e-04
1.310000,4.392878896e-04
1.315000,4.451744552e-04
1.320000,4.492565292e-04
1.325000,4.511991621e-04
1.330000,4.508396239e-04
1.335000,4.480845314e-04
1.340000,4.427735196e-04
1.345000,4.345889359e-04
1.350000,4.230784975e-04
1.355000,4.078028255e-04
1.360000,3.885477922e-04
1.365000,3.654929203e-04
1.370000,3.392336582e-04
1.375000,3.106203818e-04
1.380000,2.804699720e-04
1.385000,2.492780165e-04
1.390000,2.170710016e-04
1.395000,1.834796197e-04
1.400000,1.480142128e-04
1.405000,1.104300206e-04
1.410000,7.102696444e-05
1.415000,3.075362391e-05
1.420000,-8.936476029e-06
1.425000,-4.643163775e-05
1.430000,-8.039106083e-05
1.435000,-1.101058782e-04
1.440000,-1.356663348e-04
1.445000,-1.578779339e-04
1.450000,-1.779592970e-04
1.455000,-1.971352575e-04
1.460000,-2.162796140e-04
1.465000,-2.357428756e-04
1.470000,-2.554233134e-04
1.475000,-2.750340872e-04
1.480000,-2.944327384e-04
1.485000,-3.138549740e-04
1.490000,-3.339457427e-04
1.495000,-3.555798759e-04
1.500000,-3.795578194e-04
1.505000,-4.063003430e-04
1.510000,-4.356365599e-04
1.515000,-4.667122991e-04
1.520000,-4.979915513e-04
1.525000,-5.273162259e-04
1.530000,-5.520212966e-04
1.535000,-5.691323883e-04
1.540000,-5.756615470e-04
1.545000,-5.689626040e-04
1.550000,-5.470522511e-04
1.555000,-5.088004957e-04
1.560000,-4.539623256e-04
1.565000,-3.831186452e-04
1.570000,-2.976402801e-04
1.575000,-1.997308126e-04
1.580000,-9.246751761e-05
1.585000,2.035246407e-05
1.590000,1.347272151e-04
1.595000,2.472940092e-04
1.600000,3.561936424e-04
1.605000,4.614780755e-04
1.610000,5.646818479e-04
1.615000,6.675531006e-04
1.620000,7.704197689e-04
1.625000,8.709742692e-04
1.630000,9.641802092e-04
1.635000,1.043526650e-03
1.640000,1.103202362e-03
1.645000,1.140277226e-03
1.650000,1.155929870e-03
1.655000,1.155189145e-03
1.660000,1.145346477e-03
1.665000,1.133795782e-03
1.670000,1.126273696e-03
1.675000,1.126218727e-03
1.680000,1.135393881e-03
1.685000,1.155314356e-03
1.690000,1.188667458e-03
1.695000,1.239943300e-03
1.700000,1.314868701e-03
1.705000,1.418773248e-03
1.710000,1.554490347e-03
1.715000,1.720624263e-03
1.720000,1.910914035e-03
1.725000,2.115033932e-03
1.730000,2.320631108e-03
1.735000,2.515917999e-03
1.740000,2.691903904e-03
1.745000,2.843473619e-03
1.750000,2.968967595e-03
1.755000,3.068516626e-03
1.760000,3.141892255e-03
1.765000,3.186840710e-03
1.770000,3.198683976e-03
1.775000,3.171464559e-03
1.780000,3.100274396e-03
1.785000,2.983886820e-03
1.790000,2.826610194e-03
1.795000,2.638503571e-03
1.800000,2.433691785e-03
1.805000,2.227290467e-03
1.810000,2.032093102e-03
1.815000,1.856371461e-03
1.820000,1.703731504e-03
1.825000,1.575053069e-03
1.830000,1.471512322e-03
1.835000,1.397063971e-03
1.840000,1.358930146e-03
1.845000,1.365599800e-03
1.850000,1.423133885e-03
1.855000,1.531507839e-03
1.860000,1.682766778e-03
1.865000,1.861871373e-03
1.870000,2.049771757e-03
1.875000,2.227223779e-03
1.880000,2.377717280e-03
1.885000,2.488634756e-03
1.890000,2.550874397e-03
1.895000,2.557942309e-03
1.900000,2.505516776e-03
1.905000,2.391829910e-03
1.910000,2.218441764e-03
1.915000,1.990659024e-03
1.920000,1.717155404e-03
1.925000,1.408980902e-03
1.930000,1.078570503e-03
1.935000,7.392334762e-04
1.940000,4.050252884e-04
1.945000,9.034753204e-05
1.950000,-1.914276496e-04
1.955000,-4.304230540e-04
1.960000,-6.230331882e-04
1.965000,-7.736179488e-04
1.970000,-8.938270565e-04
1.975000,-9.991333601e-04
1.980000,-1.103383467e-03
1.985000,-1.213192408e-03
1.990000,-1.324346220e-03
1.995000,-1.421859981e-03
2.000000,-1.484117478e-03
2.005000,-1.489986468e-03
2.010000,-1.426497130e-03
2.015000,-1.294145677e-03
2.020000,-1.107521021e-03
2.025000,-8.907135623e-04
2.030000,-6.692429059e-04
2.035000,-4.619847656e-04
2.040000,-2.767750901e-04
2.045000,-1.116834118e-04
2.050000,3.891613030e-05
2.055000,1.768758120e-04
2.060000,2.955117495e-04
2.065000,3.800276411e-04
2.070000,4.125603501e-04
2.075000,3.786690622e-04
2.080000,2.715415230e-04
2.085000,9.202820672e-05
2.090000,-1.544233842e-04
2.095000,-4.608084457e-04
2.100000,-8.187284643e-04
2.105000,-1.215243025e-03
2.110000,-1.628824937e-03
2.115000,-2.028072971e-03
2.120000,-2.375505216e-03
2.125000,-2.635675399e-03
2.130000,-2.784074905e-03
2.135000,-2.812673248e-03
2.140000,-2.729914219e-03
2.145000,-2.556206885e-03
2.150000,-2.318316430e-03
2.155000,-2.046095713e-03
2.160000,-1.772816836e-03
2.165000,-1.537500409e-03
2.170000,-1.385972136e-03
2.175000,-1.367892805e-03
2.180000,-1.529279327e-03
2.185000,-1.902625730e-03
2.190000,-2.498176546e-03
2.195000,-3.299540018e-03
2.200000,-4.265024598e-03
2.205000,-5.333856795e-03
2.210000,-6.434843426e-03
2.215000,-7.494703078e-03
2.220000,-8.444245934e-03
2.225000,-9.222318865e-03
2.230000,-9.779061734e-03
2.235000,-1.008056173e-02
2.240000,-1.011585225e-02
2.245000,-9.904682830e-03
2.250000,-9.501945995e-03
2.255000,-8.993967253e-03
2.260000,-8.484285290e-03
2.265000,-8.071534784e-03
2.270000,-7.827091257e-03
2.275000,-7.781982593e-03
2.280000,-7.929284602e-03
2.285000,-8.240835751e-03
2.290000,-8.689508732e-03
2.295000,-9.265055365e-03
2.300000,-9.975053698e-03
2.305000,-1.083105854e-02
2.310000,-1.182872127e-02
2.315000,-1.293414079e-02
2.320000,-1.408485786e-02
2.325000,-1.520509801e-02
2.330000,-1.622656723e-02
2.335000,-1.710334430e-02
2.340000,-1.781360604e-02
2.345000,-1.834911105e-02
2.350000,-1.870033402e-02
2.355000,-1.884683800e-02
2.360000,-1.875842805e-02
2.365000,-1.840585854e-02
2.370000,-1.777457775e-02
2.375000,-1.687389382e-02
2.380000,-1.573693103e-02
2.385000,-1.441156209e-02
2.390000,-1.294653263e-02
2.395000,-1.137870228e-02
2.400000,-9.726567975e-03
2.405000,-7.992668198e-03
2.410000,-6.173969018e-03
2.415000,-4.275926819e-03
2.420000,-2.323934491e-03
2.425000,-3.666034388e-04
2.430000,1.530864014e-03
2.435000,3.299676196e-03
2.440000,4.879702303e-03
2.445000,6.224804717e-03
2.450000,7.300724890e-03
2.455000,8.081788616e-03
2.460000,8.555325238e-03
2.465000,8.737897692e-03
2.470000,8.697175933e-03
2.475000,8.564429697e-03
2.480000,8.522661590e-03
2.485000,8.766774177e-03
2.490000,9.449328027e-03
2.495000,1.063751489e-02
2.500000,1.230472233e-02
2.505000,1.436277363e-02
2.510000,1.671795218e-02
2.515000,1.931936969e-02
2.520000,2.217184849e-02
2.525000,2.530586657e-02
2.530000,2.872218452e-02
2.535000,3.234339418e-02
2.540000,3.600032893e-02
2.545000,3.946150375e-02
2.550000,4.249114465e-02
2.555000,4.490912271e-02
2.560000,4.662959727e-02
2.565000,4.766943744e-02
2.570000,4.813191356e-02
2.575000,4.817738018e-02
2.580000,4.798991250e-02
2.585000,4.774297914e-02
2.590000,4.756504237e-02
2.595000,4.750946930e-02
2.600000,4.753821850e-02
2.605000,4.752911493e-02
2.610000,4.730923823e-02
2.615000,4.670532766e-02
2.620000,4.559343908e-02
2.625000,4.393026025e-02
2.630000,4.175767377e-02
2.635000,3.918479218e-02
2.640000,3.636050256e-02
2.645000,3.345037151e-02
2.650000,3.062558881e-02
2.655000,2.806299912e-02
2.660000,2.594872795e-02
2.665000,2.447560802e-02
2.670000,2.382644798e-02
2.675000,2.414032617e-02
2.680000,2.546676722e-02
2.685000,2.772126062e-02
2.690000,3.066145088e-02
2.695000,3.390152985e-02
2.700000,3.697012252e-02
2.705000,3.939751495e-02
2.710000,4.080115383e-02
2.715000,4.093530250e-02
2.720000,3.968664934e-02
2.725000,3.702599287e-02
2.730000,3.295083122e-02
2.735000,2.745871753e-02
2.740000,2.057160892e-02
2.745000,1.239785856e-02
2.750000,3.191587088e-03
2.755000,-6.633712350e-03
2.760000,-1.655684909e-02
2.765000,-2.604957173e-02
2.770000,-3.468355235e-02
2.775000,-4.219927645e-02
2.780000,-4.851399668e-02
2.785000,-5.367594677e-02
2.790000,-5.779271466e-02
2.795000,-6.096427379e-02
2.800000,-6.323990560e-02
2.805000,-6.460453668e-02
2.810000,-6.499239792e-02
2.815000,-6.432413016e-02
2.820000,-6.256107862e-02
2.825000,-5.976309295e-02
2.830000,-5.612720842e-02
2.835000,-5.198367148e-02
2.840000,-4.773976881e-02
2.845000,-4.378702526e-02
2.850000,-4.040922143e-02
2.855000,-3.773189288e-02
2.860000,-3.573385737e-02
2.865000,-3.430894385e-02
2.870000,-3.334154069e-02
2.875000,-3.275795724e-02
2.880000,-3.253624093e-02
2.885000,-3.268429829e-02
2.890000,-3.321105982e-02
2.895000,-3.410996862e-02
2.900000,-3.535630587e-02
2.905000,-3.690644262e-02
2.910000,-3.868920168e-02
2.915000,-4.059362977e-02
2.920000,-4.246874557e-02
2.925000,-4.414621794e-02
2.930000,-4.547750590e-02
2.935000,-4.635858194e-02
2.940000,-4.671623934e-02
2.945000,-4.645493573e-02
2.950000,-4.539700586e-02
2.955000,-4.326618058e-02
2.960000,-3.974757477e-02
2.965000,-3.461270711e-02
2.970000,-2.785307271e-02
2.975000,-1.975095960e-02
2.980000,-1.084383969e-02
2.985000,-1.793222438e-03
2.990000,6.782966476e-03
2.995000,1.444220286e-02
3.000000,2.096790742e-02
3.005000,2.633976843e-02
3.010000,3.066105482e-02
3.015000,3.408700755e-02
3.020000,3.677922716e-02
3.025000,3.888520922e-02
3.030000,4.052880610e-02
3.035000,4.180121922e-02
3.040000,4.275317433e-02
3.045000,4.339385062e-02
3.050000,4.369682168e-02
3.055000,4.360571369e-02
3.060000,4.303360546e-02
3.065000,4.186238014e-02
3.070000,3.996024576e-02
3.075000,3.723230366e-02
3.080000,3.369582993e-02
3.085000,2.954256379e-02
3.090000,2.513902666e-02
3.095000,2.093880967e-02
3.100000,1.733032944e-02
3.105000,1.448979734e-02
3.110000,1.231881798e-02
3.115000,1.050681651e-02
3.120000,8.690365550e-03
3.125000,6.625602391e-03
3.130000,4.281802742e-03
3.135000,1.809666139e-03
3.140000,-5.909584555e-04
3.145000,-2.825382475e-03
3.150000,-4.995532571e-03
3.155000,-7.383744213e-03
3.160000,-1.034234469e-02
3.165000,-1.414445375e-02
3.170000,-1.885878339e-02
3.175000,-2.428969646e-02
3.180000,-2.999350836e-02
3.185000,-3.536004912e-02
3.190000,-3.973815876e-02
3.195000,-4.257786727e-02
3.200000,-4.355478585e-02
3.205000,-4.263798921e-02
3.210000,-4.007240964e-02
3.215000,-3.627591519e-02
3.220000,-3.168981537e-02
3.225000,-2.664703949e-02
3.230000,-2.131504312e-02
3.235000,-1.573023686e-02
3.240000,-9.889937929e-03
3.245000,-3.838325935e-03
3.250000,2.306283570e-03
3.255000,8.392085665e-03
3.260000,1.430518191e-02
3.265000,2.001594622e-02
3.270000,2.556411959e-02
3.275000,3.098770756e-02
3.280000,3.623408270e-02
3.285000,4.109631751e-02
3.290000,4.519630652e-02
3.295000,4.801015487e-02
3.300000,4.892194346e-02
3.305000,4.730258568e-02
3.310000,4.262402546e-02
3.315000,3.461356804e-02
3.320000,2.342254091e-02
3.325000,9.746167855e-03
3.330000,-5.180883060e-03
3.335000,-1.975557370e-02
3.340000,-3.231635972e-02
3.345000,-4.149376201e-02
3.350000,-4.647565084e-02
3.355000,-4.709570578e-02
3.360000,-4.373359427e-02
3.365000,-3.709718785e-02
3.370000,-2.799665785e-02
3.375000,-1.720009016e-02
3.380000,-5.398064749e-03
3.385000,6.760059218e-03
3.390000,1.862672780e-02
3.395000,2.956809024e-02
3.400000,3.903729954e-02
3.405000,4.667430601e-02
3.410000,5.237670734e-02
3.415000,5.629820283e-02
3.420000,5.876594633e-02
3.425000,6.014652432e-02
3.430000,6.071447794e-02
3.435000,6.057737498e-02
3.440000,5.968768596e-02
3.445000,5.793348400e-02
3.450000,5.526294717e-02
3.455000,5.177895350e-02
3.460000,4.775116819e-02
3.465000,4.353234105e-02
3.470000,3.941592036e-02
3.475000,3.550720735e-02
3.480000,3.167860953e-02
3.485000,2.763847649e-02
3.490000,2.308310826e-02
3.495000,1.785639463e-02
3.500000,1.203785411e-02
3.505000,5.920225225e-03
3.510000,-1.017825631e-04
3.515000,-5.665486998e-03
3.520000,-1.052777382e-02
3.525000,-1.457419367e-02
3.530000,-1.776933116e-02
3.535000,-2.010132703e-02
3.540000,-2.156931112e-02
3.545000,-2.222741089e-02
3.550000,-2.225797090e-02
3.555000,-2.202547360e-02
3.560000,-2.207157057e-02
3.565000,-2.304110208e-02
3.570000,-2.555929789e-02
3.575000,-3.009620709e-02
3.580000,-3.685347595e-02
3.585000,-4.569893605e-02
3.590000,-5.616467729e-02
3.595000,-6.751565524e-02
3.600000,-7.888319781e-02
3.605000,-8.943747013e-02
3.610000,-9.855082644e-02
3.615000,-1.058945785e-01
3.620000,-1.114284002e-01
3.625000,-1.152842845e-01
3.630000,-1.175975819e-01
3.635000,-1.183683383e-01
3.640000,-1.174262033e-01
3.645000,-1.145225207e-01
3.650000,-1.095081684e-01
3.655000,-1.025099487e-01
3.660000,-9.401665733e-02
3.665000,-8.482878088e-02
3.670000,-7.588916347e-02
3.675000,-6.806228459e-02
3.680000,-6.194315530e-02
3.685000,-5.775178563e-02
3.690000,-5.532495916e-02
3.695000,-5.418004207e-02
3.700000,-5.361294367e-02
3.705000,-5.280341415e-02
3.710000,-5.092043526e-02
3.715000,-4.723107321e-02
3.720000,-4.121031440e-02
3.725000,-3.263377642e-02
3.730000,-2.162470434e-02
3.735000,-8.632993029e-03
3.740000,5.653333528e-03
3.745000,2.043740087e-02
3.750000,3.494299102e-02
3.755000,4.851106131e-02
3.760000,6.065290549e-02
3.765000,7.107208129e-02
3.770000,7.967424636e-02
3.775000,8.657219393e-02
3.780000,9.207387648e-02
3.785000,9.663206481e-02
3.790000,1.007468383e-01
3.795000,1.048413119e-01
3.800000,1.091571692e-01
3.805000,1.137182248e-01
3.810000,1.183800142e-01
3.815000,1.229356638e-01
3.820000,1.272120438e-01
3.825000,1.310910665e-01
3.830000,1.344333963e-01
3.835000,1.369440287e-01
3.840000,1.380649326e-01
3.845000,1.369803262e-01
3.850000,1.327715769e-01
3.855000,1.246855714e-01
3.860000,1.124208739e-01
3.865000,9.632012237e-02
3.870000,7.739099541e-02
3.875000,5.714291618e-02
3.880000,3.729166893e-02
3.885000,1.942363716e-02
3.890000,4.715582037e-03
3.895000,-6.219541611e-03
3.900000,-1.333186131e-02
3.905000,-1.699467312e-02
3.910000,-1.777856801e-02
3.915000,-1.621527300e-02
3.920000,-1.262747628e-02
3.925000,-7.076775670e-03
3.930000,5.613141709e-04
3.935000,1.043307938e-02
3.940000,2.252122663e-02
3.945000,3.650724124e-02
3.950000,5.172296497e-02
3.955000,6.719403660e-02
3.960000,8.174859835e-02
3.965000,9.415716649e-02
3.970000,1.032799503e-01
3.975000,1.082110309e-01
3.980000,1.084110089e-01
3.985000,1.038097595e-01
3.990000,9.485051654e-02
3.995000,8.244995885e-02
4.000000,6.787051032e-02
4.005000,5.253010648e-02
4.010000,3.779355948e-02
4.015000,2.478759852e-02
4.020000,1.426368710e-02
4.025000,6.515484157e-03
4.030000,1.355247054e-03
4.035000,-1.836302751e-03
4.040000,-3.966930877e-03
4.045000,-5.995992427e-03
4.050000,-8.648236520e-03
4.055000,-1.217119637e-02
4.060000,-1.624431993e-02
4.065000,-2.010603328e-02
4.070000,-2.287469373e-02
4.075000,-2.394371216e-02
4.080000,-2.328386501e-02
4.085000,-2.151887078e-02
4.090000,-1.974183014e-02
4.095000,-1.915892885e-02
4.100000,-2.072094803e-02
4.105000,-2.489527604e-02
4.110000,-3.164901300e-02
4.115000,-4.060424851e-02
4.120000,-5.124811347e-02
4.125000,-6.307092018e-02
4.130000,-7.556519227e-02
4.135000,-8.811106860e-02
4.140000,-9.984928214e-02
4.145000,-1.096622303e-01
4.150000,-1.163356668e-01
4.155000,-1.188797988e-01
4.160000,-1.168932272e-01
4.165000,-1.108040683e-01
4.170000,-1.018498771e-01
4.175000,-9.175815431e-02
4.180000,-8.222219114e-02
4.185000,-7.437077230e-02
4.190000,-6.844946849e-02
4.195000,-6.384772336e-02
4.200000,-5.945348948e-02
4.205000,-5.416919988e-02
4.210000,-4.735533397e-02
4.215000,-3.901672857e-02
4.220000,-2.968544939e-02
4.225000,-2.010627687e-02
4.230000,-1.091416629e-02
4.235000,-2.466676154e-03
4.240000,5.117579088e-03
4.245000,1.178867356e-02
4.250000,1.740167754e-02
4.255000,2.166973580e-02
4.260000,2.425198278e-02
4.265000,2.490364057e-02
4.270000,2.358419436e-02
4.275000,2.046103383e-02
4.280000,1.582480357e-02
4.285000,9.991731421e-03
4.290000,3.268414785e-03
4.295000,-4.000174348e-03
4.300000,-1.134727842e-02
4.305000,-1.814739247e-02
4.310000,-2.368389475e-02
4.315000,-2.731361539e-02
4.320000,-2.865523625e-02
4.325000,-2.770464468e-02
4.330000,-2.481357779e-02
4.335000,-2.053975773e-02
4.340000,-1.544711360e-02
4.345000,-9.964148695e-03
4.350000,-4.378607495e-03
4.355000,1.030800264e-03
4.360000,5.812139330e-03
4.365000,9.243849009e-03
4.370000,1.043824595e-02
4.375000,8.662249689e-03
4.380000,3.760593511e-03
4.385000,-3.532011478e-03
4.390000,-1.160271887e-02
4.395000,-1.838573858e-02
4.400000,-2.208730145e-02
4.405000,-2.191513762e-02
4.410000,-1.846505592e-02
4.415000,-1.354590962e-02
4.420000,-9.486658939e-03
4.425000,-8.233195720e-03
4.430000,-1.065972257e-02
4.435000,-1.641336859e-02
4.440000,-2.432995063e-02
4.445000,-3.315697951e-02
4.450000,-4.216904657e-02
4.455000,-5.134742363e-02
4.460000,-6.106676350e-02
4.465000,-7.152415674e-02
4.470000,-8.228592157e-02
4.475000,-9.223764992e-02
4.480000,-9.996723114e-02
4.485000,-1.043510948e-01
4.490000,-1.050072283e-01
4.495000,-1.023785953e-01
4.500000,-9.744110360e-02
4.505000,-9.124083544e-02
4.510000,-8.453109550e-02
4.515000,-7.767807246e-02
4.520000,-7.081837495e-02
4.525000,-6.410829256e-02
4.530000,-5.788546983e-02
4.535000,-5.265888053e-02
4.540000,-4.896912993e-02
4.545000,-4.722763940e-02
4.550000,-4.761648730e-02
4.555000,-5.005068187e-02
4.560000,-5.414710085e-02
4.565000,-5.915915648e-02
4.570000,-6.390963921e-02
4.575000,-6.682102750e-02
4.580000,-6.613780739e-02
4.585000,-6.034526743e-02
4.590000,-4.866442264e-02
4.595000,-3.142426014e-02
4.600000,-1.013623519e-02
4.605000,1.278532372e-02
4.610000,3.456424424e-02
4.615000,5.267243433e-02
4.620000,6.531048616e-02
4.625000,7.163788004e-02
4.630000,7.173969733e-02
4.635000,6.640119402e-02
4.640000,5.679689905e-02
4.645000,4.419488551e-02
4.650000,2.975134896e-02
4.655000,1.443862672e-02
4.660000,-8.907715861e-04
4.665000,-1.535424749e-02
4.670000,-2.790517565e-02
4.675000,-3.733540587e-02
4.680000,-4.248932133e-02
4.685000,-4.265579972e-02
4.690000,-3.797855846e-02
4.695000,-2.965672479e-02
4.700000,-1.975434255e-02
4.705000,-1.059925091e-02
4.710000,-3.957670176e-03
4.715000,-3.130552125e-04
4.720000,1.428485085e-03
4.725000,3.648863285e-03
4.730000,9.236231844e-03
4.735000,2.061335725e-02
4.740000,3.894972165e-02
4.745000,6.383231299e-02
4.750000,9.345844623e-02
4.755000,1.251977257e-01
4.760000,1.562504567e-01
4.765000,1.841498559e-01
4.770000,2.069855285e-01
4.775000,2.233864260e-01
4.780000,2.324093367e-01
4.785000,2.334881020e-01
4.790000,2.265188055e-01
4.795000,2.120406208e-01
4.800000,1.913868325e-01
4.805000,1.666705537e-01
4.810000,1.405381195e-01
4.815000,1.157328002e-01
4.820000,9.460509712e-02
4.825000,7.873553465e-02
4.830000,6.878714540e-02
4.835000,6.460381410e-02
4.840000,6.546967569e-02
4.845000,7.039421370e-02
4.850000,7.830866511e-02
4.855000,8.813298318e-02
4.860000,9.875279489e-02
4.865000,1.089874918e-01
4.870000,1.176165644e-01
4.875000,1.234799801e-01
4.880000,1.256184070e-01
4.885000,1.234013011e-01
4.890000,1.166081944e-01
4.895000,1.054574174e-01
4.900000,9.058875796e-02
4.905000,7.299406587e-02
4.910000,5.387231117e-02
4.915000,3.439417978e-02
4.920000,1.540932254e-02
4.925000,-2.805749073e-03
4.930000,-2.062848100e-02
4.935000,-3.891017413e-02
4.940000,-5.855831917e-02
4.945000,-8.003567710e-02
4.950000,-1.030008402e-01
4.955000,-1.262717521e-01
4.960000,-1.481476125e-01
4.965000,-1.669502999e-01
4.970000,-1.815399409e-01
4.975000,-1.915798448e-01
4.980000,-1.974599026e-01
4.985000,-1.999570066e-01
4.990000,-1.998230657e-01
4.995000,-1.974931184e-01
5.000000,-1.930127666e-01
5.005000,-1.861613858e-01
5.010000,-1.766658948e-01
5.015000,-1.643921067e-01
5.020000,-1.494496459e-01
5.025000,-1.322068626e-01
5.030000,-1.132466827e-01
5.035000,-9.329602225e-02
5.040000,-7.314943904e-02
5.045000,-5.360357757e-02
5.050000,-3.542542606e-02
5.055000,-1.937742010e-02
5.060000,-6.298025887e-03
5.065000,2.809629242e-03
5.070000,6.767703226e-03
5.075000,4.374527318e-03
5.080000,-5.265100140e-03
5.085000,-2.231331546e-02
5.090000,-4.584582247e-02
5.095000,-7.375835959e-02
5.100000,-1.030446382e-01
5.105000,-1.304151586e-01
5.110000,-1.530783358e-01
5.115000,-1.694196445e-01
5.120000,-1.793328933e-01
5.125000,-1.840773211e-01
5.130000,-1.857092290e-01
5.135000,-1.862980071e-01
5.140000,-1.872181566e-01
5.145000,-1.887753336e-01
5.150000,-1.902853852e-01
5.155000,-1.905362197e-01
5.160000,-1.884046284e-01
5.165000,-1.833463479e-01
5.170000,-1.755546152e-01
5.175000,-1.657531122e-01
5.180000,-1.547666776e-01
5.185000,-1.431056872e-01
5.190000,-1.307627544e-01
5.195000,-1.172831761e-01
5.200000,-1.020204649e-01
5.205000,-8.441536651e-02
5.210000,-6.417600884e-02
5.215000,-4.134618203e-02
5.220000,-1.633946910e-02
5.225000,9.982384055e-03
5.230000,3.619873713e-02
5.235000,6.030691380e-02
5.240000,7.993670833e-02
5.245000,9.285794901e-02
5.250000,9.765996707e-02
5.255000,9.433392169e-02
5.260000,8.447556368e-02
5.265000,7.097422713e-02
5.270000,5.728813946e-02
5.275000,4.659351655e-02
5.280000,4.112932191e-02
5.285000,4.192911625e-02
5.290000,4.892320870e-02
5.295000,6.123501006e-02
5.300000,7.746922397e-02
5.305000,9.588853016e-02
5.310000,1.145140702e-01
5.315000,1.312633657e-01
5.320000,1.442098887e-01
5.325000,1.519420521e-01
5.330000,1.538959529e-01
5.335000,1.505072987e-01
5.340000,1.430912936e-01
5.345000,1.334742982e-01
5.350000,1.235021694e-01
5.355000,1.145894086e-01
5.360000,1.074434285e-01
5.365000,1.020259736e-01
5.370000,9.773493966e-02
5.375000,9.372946553e-02
5.380000,8.928894187e-02
5.385000,8.409451595e-02
5.390000,7.835014315e-02
5.395000,7.271492980e-02
5.400000,6.808345287e-02
5.405000,6.529914348e-02
5.410000,6.489407710e-02
5.415000,6.691456000e-02
5.420000,7.084129530e-02
5.425000,7.558313469e-02
5.430000,7.953504869e-02
5.435000,8.072808516e-02
5.440000,7.711778068e-02
5.445000,6.701992801e-02
5.450000,4.961262956e-02
5.455000,2.533398303e-02
5.460000,-4.014299262e-03
5.465000,-3.555932385e-02
5.470000,-6.598427360e-02
5.475000,-9.227718184e-02
5.480000,-1.123355042e-01
5.485000,-1.252393124e-01
5.490000,-1.311670612e-01
5.495000,-1.310753445e-01
5.500000,-1.263181810e-01
5.505000,-1.183304782e-01
5.510000,-1.084026228e-01
5.515000,-9.750897859e-02
5.520000,-8.616400657e-02
5.525000,-7.434018628e-02
5.530000,-6.152381474e-02
5.535000,-4.695509199e-02
5.540000,-3.000492928e-02
5.545000,-1.054748492e-02
5.550000,1.083226019e-02
5.555000,3.287892585e-02
5.560000,5.391070246e-02
5.565000,7.213085610e-02
5.570000,8.587574020e-02
5.575000,9.375906743e-02
5.580000,9.477358353e-02
5.585000,8.843990151e-02
5.590000,7.502087430e-02
5.595000,5.570139398e-02
5.600000,3.256504485e-02
5.605000,8.250858837e-03
5.610000,-1.466635565e-02
5.615000,-3.435267761e-02
5.620000,-5.015227059e-02
5.625000,-6.257090373e-02
5.630000,-7.279731602e-02
5.635000,-8.197198638e-02
5.640000,-9.052525948e-02
5.645000,-9.785910205e-02
5.650000,-1.024756026e-01
5.655000,-1.024588326e-01
5.660000,-9.609211972e-02
5.665000,-8.238326279e-02
5.670000,-6.135188049e-02
5.675000,-3.404371951e-02
5.680000,-2.320296561e-03
5.685000,3.149202362e-02
5.690000,6.500825295e-02
5.695000,9.617040135e-02
5.700000,1.235446287e-01
5.705000,1.464746888e-01
5.710000,1.650646737e-01
5.715000,1.800074408e-01
5.720000,1.923166460e-01
5.725000,2.030379527e-01
5.730000,2.129996871e-01
5.735000,2.226282634e-01
5.740000,2.318265321e-01
5.745000,2.399146042e-01
5.750000,2.456589779e-01
5.755000,2.474382307e-01
5.760000,2.435778778e-01
5.765000,2.328207795e-01
5.770000,2.148081839e-01
5.775000,1.903848038e-01
5.780000,1.615616574e-01
5.785000,1.310864065e-01
5.790000,1.017398133e-01
5.795000,7.561518665e-02
5.800000,5.366523471e-02
5.805000,3.568976596e-02
5.810000,2.073579239e-02
5.815000,7.691817425e-03
5.820000,-4.217016259e-03
5.825000,-1.524523299e-02
5.830000,-2.527756217e-02
5.835000,-3.415002679e-02
5.840000,-4.190399138e-02
5.845000,-4.881378354e-02
5.850000,-5.520259798e-02
5.855000,-6.121434364e-02
5.860000,-6.673874444e-02
5.865000,-7.157390831e-02
5.870000,-7.573224925e-02
5.875000,-7.967566608e-02
5.880000,-8.429038775e-02
5.885000,-9.056969309e-02
5.890000,-9.916096637e-02
5.895000,-1.100267903e-01
5.900000,-1.224056664e-01
5.905000,-1.350802816e-01
5.910000,-1.467893989e-01
5.915000,-1.565650752e-01
5.920000,-1.638662551e-01
5.925000,-1.685372879e-01
5.930000,-1.707250534e-01
5.935000,-1.708652424e-01
5.940000,-1.697226351e-01
5.945000,-1.683510922e-01
5.950000,-1.678370466e-01
5.955000,-1.688307652e-01
5.960000,-1.710648433e-01
5.965000,-1.731640731e-01
5.970000,-1.729644430e-01
5.975000,-1.683037000e-01
5.980000,-1.579633822e-01
5.985000,-1.423082155e-01
5.990000,-1.232798205e-01
5.995000,-1.037097903e-01
6.000000,-8.625547733e-02
6.005000,-7.244459978e-02
6.010000,-6.224737925e-02
6.015000,-5.432449438e-02
6.020000,-4.677885225e-02
6.025000,-3.803387157e-02
6.030000,-2.745618292e-02
6.035000,-1.550800549e-02
6.040000,-3.445555812e-03
6.045000,7.242311052e-03
6.050000,1.540109183e-02
6.055000,2.058124968e-02
6.060000,2.312223692e-02
6.065000,2.397242325e-02
6.070000,2.434416543e-02
6.075000,2.533357291e-02
6.080000,2.762357747e-02
6.085000,3.134676477e-02
6.090000,3.612395473e-02
6.095000,4.123410261e-02
6.100000,4.583281082e-02
6.105000,4.913649195e-02
6.110000,5.052527549e-02
6.115000,4.956858606e-02
6.120000,4.601349054e-02
6.125000,3.977893101e-02
6.130000,3.097335127e-02
6.135000,1.992208853e-02
6.140000,7.177987926e-03
6.145000,-6.499306177e-03
6.150000,-2.018718050e-02
6.155000,-3.284739300e-02
6.160000,-4.336819996e-02
6.165000,-5.061584775e-02
6.170000,-5.352269819e-02
6.175000,-5.122447668e-02
6.180000,-4.322174321e-02
6.185000,-2.950628106e-02
6.190000,-1.059020814e-02
6.195000,1.258611933e-02
6.200000,3.883077708e-02
6.205000,6.687899826e-02
6.210000,9.549150034e-02
6.215000,1.234402536e-01
6.220000,1.494229297e-01
6.225000,1.720006753e-01
6.230000,1.896537275e-01
6.235000,2.009917032e-01
6.240000,2.050685867e-01
6.245000,2.016822313e-01
6.250000,1.915232593e-01
6.255000,1.760898210e-01
6.260000,1.573801994e-01
6.265000,1.374690575e-01
6.270000,1.181189229e-01
6.275000,1.005530908e-01
6.280000,8.543248558e-02
6.285000,7.298124122e-02
6.290000,6.314654350e-02
6.295000,5.568967389e-02
6.300000,5.017869353e-02
6.305000,4.594232634e-02
6.310000,4.209106242e-02
6.315000,3.768120714e-02
6.320000,3.200433148e-02
6.325000,2.488479576e-02
6.330000,1.682746967e-02
6.335000,8.909607809e-03
6.340000,2.432213004e-03
6.345000,-1.530155587e-03
6.350000,-2.487563952e-03
6.355000,-6.531527024e-04
6.360000,3.206776198e-03
6.365000,8.095094265e-03
6.370000,1.311857518e-02
6.375000,1.769712298e-02
6.380000,2.159310834e-02
6.385000,2.479748919e-02
6.390000,2.736127207e-02
6.395000,2.925907835e-02
6.400000,3.033385286e-02
6.405000,3.032789084e-02
6.410000,2.897534695e-02
6.415000,2.611783554e-02
6.420000,2.180131087e-02
6.425000,1.631643919e-02
6.430000,1.016033762e-02
6.435000,3.927261431e-03
6.440000,-1.830227231e-03
6.445000,-6.710921218e-03
6.450000,-1.050354286e-02
6.455000,-1.315847217e-02
6.460000,-1.474296268e-02
6.465000,-1.544011876e-02
6.470000,-1.561154539e-02
6.475000,-1.587685518e-02
6.480000,-1.711984357e-02
6.485000,-2.035118832e-02
6.490000,-2.643822181e-02
6.495000,-3.580404748e-02
6.500000,-4.823657169e-02
6.505000,-6.290055099e-02
6.510000,-7.853921062e-02
6.515000,-9.375656022e-02
6.520000,-1.072515120e-01
6.525000,-1.179408969e-01
6.530000,-1.250077337e-01
6.535000,-1.279654641e-01
6.540000,-1.267937597e-01
6.545000,-1.221019835e-01
6.550000,-1.151914689e-01
6.555000,-1.078924786e-01
6.560000,-1.021587283e-01
6.565000,-9.954773315e-02
6.570000,-1.008005534e-01
6.575000,-1.056968851e-01
6.580000,-1.132200951e-01
6.585000,-1.219117205e-01
6.590000,-1.302245098e-01
6.595000,-1.367355073e-01
6.600000,-1.402088903e-01
6.605000,-1.396060775e-01
6.610000,-1.341532661e-01
6.615000,-1.234937237e-01
6.620000,-1.078451101e-01
6.625000,-8.803814592e-02
6.630000,-6.536935831e-02
6.635000,-4.131717617e-02
6.640000,-1.726052594e-02
6.645000,5.665623747e-03
6.650000,2.654082991e-02
6.655000,4.453920562e-02
6.660000,5.885903142e-02
6.665000,6.879609975e-02
6.670000,7.394194949e-02
6.675000,7.439114054e-02
6.680000,7.082937151e-02
6.685000,6.445122976e-02
6.690000,5.676200333e-02
6.695000,4.937316081e-02
6.700000,4.386783359e-02
6.705000,4.172200593e-02
6.710000,4.419528999e-02
6.715000,5.211554150e-02
6.720000,6.557585689e-02
6.725000,8.367647627e-02
6.730000,1.044915278e-01
6.735000,1.253739292e-01
6.740000,1.435576383e-01
6.745000,1.568606384e-01
6.750000,1.642255763e-01
6.755000,1.658973410e-01
6.760000,1.631935112e-01
6.765000,1.579900195e-01
6.770000,1.521384834e-01
6.775000,1.470191579e-01
6.780000,1.433397463e-01
6.785000,1.411758046e-01
6.790000,1.401686636e-01
6.795000,1.397738028e-01
6.800000,1.394736421e-01
6.805000,1.389060538e-01
6.810000,1.378936216e-01
6.815000,1.363855130e-01
6.820000,1.343486614e-01
6.825000,1.316664837e-01
6.830000,1.281085528e-01
6.835000,1.234085310e-01
6.840000,1.174306744e-01
6.845000,1.103424829e-01
6.850000,1.026826573e-01
6.855000,9.524857971e-02
6.860000,8.881939267e-02
6.865000,8.383248269e-02
6.870000,8.017919483e-02
6.875000,7.723982593e-02
6.880000,7.415286845e-02
6.885000,7.017729534e-02
6.890000,6.494401826e-02
6.895000,5.845118850e-02
6.900000,5.081269766e-02
6.905000,4.193032071e-02
6.910000,3.132451293e-02
6.915000,1.827648773e-02
6.920000,2.244655082e-03
6.925000,-1.666594179e-02
6.930000,-3.746372634e-02
6.935000,-5.843234792e-02
6.940000,-7.764174364e-02
6.945000,-9.355080775e-02
6.950000,-1.053858560e-01
6.955000,-1.131093631e-01
6.960000,-1.170367787e-01
6.965000,-1.173675649e-01
6.970000,-1.139408988e-01
6.975000,-1.063784106e-01
6.980000,-9.452713958e-02
6.985000,-7.891980648e-02
6.990000,-6.094712332e-02
6.995000,-4.260054272e-02
7.000000,-2.589196341e-02
7.005000,-1.223944545e-02
7.010000,-2.119961049e-03
7.015000,4.866671812e-03
7.020000,9.602994414e-03
7.025000,1.296733754e-02
7.030000,1.550430960e-02
7.035000,1.737338130e-02
7.040000,1.852103654e-02
7.045000,1.890509407e-02
7.050000,1.860059025e-02
7.055000,1.771854961e-02
7.060000,1.620013377e-02
7.065000,1.363061254e-02
7.070000,9.209923936e-03
7.075000,1.932537371e-03
7.080000,-9.080176864e-03
7.085000,-2.423017647e-02
7.090000,-4.322298069e-02
7.095000,-6.507016911e-02
7.100000,-8.831125701e-02
7.105000,-1.113594921e-01
7.110000,-1.328271818e-01
7.115000,-1.517043640e-01
7.120000,-1.673442114e-01
7.125000,-1.793126855e-01
7.130000,-1.872342739e-01
7.135000,-1.907652434e-01
7.140000,-1.897435287e-01
7.145000,-1.844416565e-01
7.150000,-1.757582489e-01
7.155000,-1.651864163e-01
7.160000,-1.545040577e-01
7.165000,-1.452876305e-01
7.170000,-1.384663664e-01
7.175000,-1.341345775e-01
7.180000,-1.317168823e-01
7.185000,-1.304001083e-01
7.190000,-1.296083046e-01
7.195000,-1.292812724e-01
7.200000,-1.298289852e-01
7.205000,-1.318076497e-01
7.210000,-1.355003126e-01
7.215000,-1.406158309e-01
7.220000,-1.462401386e-01
7.225000,-1.510393546e-01
7.230000,-1.536025458e-01
7.235000,-1.527742114e-01
7.240000,-1.478644212e-01
7.245000,-1.386997788e-01
7.250000,-1.255441533e-01
7.255000,-1.089478256e-01
7.260000,-8.957970287e-02
7.265000,-6.807900634e-02
7.270000,-4.494782326e-02
7.275000,-2.049863568e-02
7.280000,5.134527144e-03
7.285000,3.192273220e-02
7.290000,5.982250079e-02
7.295000,8.863904056e-02
7.300000,1.179082363e-01
7.305000,1.468324704e-01
7.310000,1.742983440e-01
7.315000,1.989906589e-01
7.320000,2.195937666e-01
7.325000,2.350390381e-01
7.330000,2.447260672e-01
7.335000,2.486347066e-01
7.340000,2.472722831e-01
7.345000,2.414644189e-01
7.350000,2.320726276e-01
7.355000,2.197661216e-01
7.360000,2.049573907e-01
7.365000,1.879321111e-01
7.370000,1.691020906e-01
7.375000,1.492409750e-01
7.380000,1.295662811e-01
7.385000,1.116070536e-01
7.390000,9.690226776e-02
7.395000,8.665384142e-02
7.400000,8.147130472e-02
7.405000,8.129361477e-02
7.410000,8.549224432e-02
7.415000,9.309257012e-02
7.420000,1.030244477e-01
7.425000,1.143263852e-01
7.430000,1.262608276e-01
7.435000,1.383304581e-01
7.440000,1.502091773e-01
7.445000,1.616193765e-01
7.450000,1.722018842e-01
7.455000,1.814309239e-01
7.460000,1.886131184e-01
7.465000,1.929740908e-01
7.470000,1.937923356e-01
7.475000,1.905140331e-01
7.480000,1.827954372e-01
7.485000,1.704689345e-01
7.490000,1.534851304e-01
7.495000,1.319062687e-01
7.500000,1.059933514e-01
7.505000,7.635494863e-02
7.510000,4.405672239e-02
7.515000,1.057807164e-02
7.520000,-2.243369774e-02
7.525000,-5.354880818e-02
7.530000,-8.191999905e-02
7.535000,-1.074472353e-01
7.540000,-1.306413275e-01
7.545000,-1.522279847e-01
7.550000,-1.726648394e-01
7.555000,-1.917918773e-01
7.560000,-2.087727751e-01
7.565000,-2.223435579e-01
7.570000,-2.312404863e-01
7.575000,-2.346060693e-01
7.580000,-2.322044288e-01
7.585000,-2.243906321e-01
7.590000,-2.119065480e-01
7.595000,-1.956484268e-01
7.600000,-1.765346110e-01
7.605000,-1.555142008e-01
7.610000,-1.336567819e-01
7.615000,-1.122105847e-01
7.620000,-9.254029733e-02
7.625000,-7.593711089e-02
7.630000,-6.337938448e-02
7.635000,-5.535927989e-02
7.640000,-5.185772825e-02
7.645000,-5.246975983e-02
7.650000,-5.660488291e-02
7.655000,-6.365838134e-02
7.660000,-7.308192552e-02
7.665000,-8.435010180e-02
7.670000,-9.687836336e-02
7.675000,-1.099634512e-01
7.680000,-1.227872995e-01
7.685000,-1.344774650e-01
7.690000,-1.441867032e-01
7.695000,-1.511592344e-01
7.700000,-1.547805788e-01
7.705000,-1.546326415e-01
7.710000,-1.505723922e-01
7.715000,-1.428212468e-01
7.720000,-1.320170713e-01
7.725000,-1.191713657e-01
7.730000,-1.055039043e-01
7.735000,-9.218256487e-02
7.740000,-8.004613000e-02
7.745000,-6.940427703e-02
7.750000,-5.998389735e-02
7.755000,-5.103916897e-02
7.760000,-4.158988014e-02
7.765000,-3.071811276e-02
7.770000,-1.784335561e-02
7.775000,-2.905820078e-03
7.780000,1.358881759e-02
7.785000,3.067547335e-02
7.790000,4.715611260e-02
7.795000,6.187584292e-02
7.800000,7.395800649e-02
7.805000,8.292423364e-02
7.810000,8.867755012e-02
7.815000,9.139021905e-02
7.820000,9.137670728e-02
7.825000,8.902096513e-02
7.830000,8.477230759e-02
7.835000,7.916282537e-02
7.840000,7.277619289e-02
7.845000,6.613318324e-02
7.850000,5.953142866e-02
7.855000,5.293432087e-02
7.860000,4.600009987e-02
7.865000,3.827059626e-02
7.870000,2.944135234e-02
7.875000,1.957495775e-02
7.880000,9.140593470e-03
7.885000,-1.143491957e-03
7.890000,-1.057801409e-02
7.895000,-1.871660312e-02
7.900000,-2.544961103e-02
7.905000,-3.091616112e-02
7.910000,-3.532206819e-02
7.915000,-3.878464113e-02
7.920000,-4.129136111e-02
7.925000,-4.277640209e-02
7.930000,-4.324305802e-02
7.935000,-4.283728900e-02
7.940000,-4.181605501e-02
7.945000,-4.042402883e-02
7.950000,-3.874904789e-02
7.955000,-3.663956340e-02
7.960000,-3.373468718e-02
7.965000,-2.960157224e-02
7.970000,-2.392494451e-02
7.975000,-1.666990126e-02
7.980000,-8.147439143e-03
7.985000,1.052822761e-03
7.990000,1.024823727e-02
7.995000,1.890326640e-02
8.000000,2.683058446e-02
8.005000,3.426595419e-02
8.010000,4.177696168e-02
8.015000,5.003809408e-02
8.020000,5.956822398e-02
8.025000,7.054572454e-02
8.030000,8.277650905e-02
8.035000,9.581056392e-02
8.040000,1.091280288e-01
8.045000,1.222902909e-01
8.050000,1.349886915e-01
8.055000,1.469971205e-01
8.060000,1.580958316e-01
8.065000,1.680432259e-01
8.070000,1.766275738e-01
8.075000,1.837662637e-01
8.080000,1.895824680e-01
8.085000,1.944029948e-01
8.090000,1.986733436e-01
8.095000,2.028367418e-01
8.100000,2.072371276e-01
8.105000,2.120758361e-01
8.110000,2.174054457e-01
8.115000,2.231201049e-01
8.120000,2.289189708e-01
8.125000,2.342636460e-01
8.130000,2.383846072e-01
8.135000,2.403844149e-01
8.140000,2.394358344e-01
8.145000,2.350116568e-01
8.150000,2.270511368e-01
8.155000,2.159883737e-01
8.160000,2.026298154e-01
8.165000,1.879351393e-01
8.170000,1.727910717e-01
8.175000,1.578564487e-01
8.180000,1.435123707e-01
8.185000,1.299025902e-01
8.190000,1.170206947e-01
8.195000,1.047992000e-01
8.200000,9.317222264e-02
8.205000,8.210368162e-02
8.210000,7.158785013e-02
8.215000,6.163690045e-02
8.220000,5.227215718e-02
8.225000,4.353174341e-02
8.230000,3.549578959e-02
8.235000,2.831377035e-02
8.240000,2.220576934e-02
8.245000,1.741191372e-02
8.250000,1.408649475e-02
8.255000,1.216662384e-02
8.260000,1.127030521e-02
8.265000,1.067765300e-02
8.270000,9.418281243e-03
8.275000,6.442758293e-03
8.280000,8.210344960e-04
8.285000,-8.095879161e-03
8.290000,-2.059252110e-02
8.295000,-3.659040814e-02
8.300000,-5.571308239e-02
8.305000,-7.738375943e-02
8.310000,-1.009290956e-01
8.315000,-1.256703139e-01
8.320000,-1.509863195e-01
8.325000,-1.763346633e-01
8.330000,-2.012231668e-01
8.335000,-2.251416803e-01
8.340000,-2.474836063e-01
8.345000,-2.674974466e-01
8.350000,-2.843002254e-01
8.355000,-2.969598530e-01
8.360000,-3.046261527e-01
8.365000,-3.066753063e-01
8.370000,-3.028348907e-01
8.375000,-2.932689301e-01
8.380000,-2.786122719e-01
8.385000,-2.599456181e-01
8.390000,-2.387026235e-01
8.395000,-2.165094220e-01
8.400000,-1.949783020e-01
8.405000,-1.755008033e-01
8.410000,-1.590934347e-01
8.415000,-1.463309751e-01
8.420000,-1.373658902e-01
8.425000,-1.320008751e-01
8.430000,-1.297761055e-01
8.435000,-1.300549602e-01
8.440000,-1.321203151e-01
8.445000,-1.352996826e-01
8.450000,-1.391101940e-01
8.455000,-1.433721503e-01
8.460000,-1.482197864e-01
8.465000,-1.539675365e-01
8.470000,-1.608624672e-01
8.475000,-1.688265315e-01
8.480000,-1.773154936e-01
8.485000,-1.853724109e-01
8.490000,-1.918569254e-01
8.495000,-1.957445554e-01
8.500000,-1.963644651e-01
8.505000,-1.934910004e-01
8.510000,-1.872879382e-01
8.515000,-1.781694646e-01
8.520000,-1.666530834e-01
8.525000,-1.532446693e-01
8.530000,-1.383544443e-01
8.535000,-1.222317266e-01
8.540000,-1.049295099e-01
8.545000,-8.633606037e-02
8.550000,-6.630229028e-02
8.555000,-4.484212157e-02
8.560000,-2.232099746e-02
8.565000,4.737646316e-04
8.570000,2.243950111e-02
8.575000,4.240504193e-02
8.580000,5.939919320e-02
8.585000,7.281126010e-02
8.590000,8.238548067e-02
8.595000,8.809827670e-02
8.600000,9.003638044e-02
8.605000,8.837751648e-02
8.610000,8.348637321e-02
8.615000,7.604170918e-02
8.620000,6.707526026e-02
8.625000,5.785428327e-02
8.630000,4.963995950e-02
8.635000,4.343290429e-02
8.640000,3.982222115e-02
8.645000,3.898786610e-02
8.650000,4.081890147e-02
8.655000,4.506252171e-02
8.660000,5.143490588e-02
8.665000,5.967941774e-02
8.670000,6.959972383e-02
8.675000,8.109185604e-02
8.680000,9.416057862e-02
8.685000,1.088750251e-01
8.690000,1.252346105e-01
8.695000,1.429772641e-01
8.700000,1.614246410e-01
8.705000,1.794700707e-01
8.710000,1.957541897e-01
8.715000,2.089719649e-01
8.720000,2.181770279e-01
8.725000,2.229467048e-01
8.730000,2.233469748e-01
8.735000,2.197431827e-01
8.740000,2.125744992e-01
8.745000,2.022089392e-01
8.750000,1.889314355e-01
8.755000,1.730371791e-01
8.760000,1.549547839e-01
8.765000,1.353275476e-01
8.770000,1.150192567e-01
8.775000,9.505088920e-02
8.780000,7.649421238e-02
8.785000,6.034844579e-02
8.790000,4.742144787e-02
8.795000,3.823718339e-02
8.800000,3.299190206e-02
8.805000,3.157063217e-02
8.810000,3.361040586e-02
8.815000,3.857159796e-02
8.820000,4.577631499e-02
8.825000,5.440268811e-02
8.830000,6.346983073e-02
8.835000,7.187538044e-02
8.840000,7.852866450e-02
8.845000,8.256201342e-02
8.850000,8.353860305e-02
8.855000,8.155412896e-02
8.860000,7.717236706e-02
8.865000,7.121817287e-02
8.870000,6.452281573e-02
8.875000,5.773005690e-02
8.880000,5.122148410e-02
8.885000,4.514448394e-02
8.890000,3.947897278e-02
8.895000,3.408797636e-02
8.900000,2.874576183e-02
8.905000,2.317877646e-02
8.910000,1.715067966e-02
8.915000,1.057490532e-02
8.920000,3.588097334e-03
8.925000,-3.485762527e-03
8.930000,-1.029224895e-02
8.935000,-1.665004926e-02
8.940000,-2.267537269e-02
8.945000,-2.872929760e-02
8.950000,-3.518920296e-02
8.955000,-4.215621672e-02
8.960000,-4.926122282e-02
8.965000,-5.568699375e-02
8.970000,-6.040904177e-02
8.975000,-6.254239908e-02
8.980000,-6.163332880e-02
8.985000,-5.777672779e-02
8.990000,-5.153872388e-02
8.995000,-4.375680379e-02
9.000000,-3.532632050e-02
9.005000,-2.705370818e-02
9.010000,-1.959462786e-02
9.015000,-1.344424312e-02
9.020000,-8.934184038e-03
9.025000,-6.213132973e-03
9.030000,-5.220825678e-03
9.035000,-5.683984980e-03
9.040000,-7.158255104e-03
9.045000,-9.120030928e-03
9.050000,-1.108988107e-02
9.055000,-1.275462322e-02
9.060000,-1.405084814e-02
9.065000,-1.517887962e-02
9.070000,-1.653357355e-02
9.075000,-1.856628426e-02
9.080000,-2.162318889e-02
9.085000,-2.582348953e-02
9.090000,-3.103137788e-02
9.095000,-3.693549399e-02
9.100000,-4.319629738e-02
9.105000,-4.958545643e-02
9.110000,-5.604605199e-02
9.115000,-6.264803137e-02
9.120000,-6.947316232e-02
9.125000,-7.650072211e-02
9.130000,-8.355706842e-02
9.135000,-9.034704002e-02
9.140000,-9.653510387e-02
9.145000,-1.018225664e-01
9.150000,-1.059846530e-01
9.155000,-1.088695855e-01
9.160000,-1.103892384e-01
9.165000,-1.105273612e-01
9.170000,-1.093631616e-01
9.175000,-1.070819970e-01
9.180000,-1.039456044e-01
9.185000,-1.002235321e-01
9.190000,-9.612214133e-02
9.195000,-9.175788068e-02
9.200000,-8.719521008e-02
9.205000,-8.252307493e-02
9.210000,-7.791129286e-02
9.215000,-7.359591404e-02
9.220000,-6.978862431e-02
9.225000,-6.655963662e-02
9.230000,-6.376911424e-02
9.235000,-6.110067754e-02
9.240000,-5.819479994e-02
9.245000,-5.482421502e-02
9.250000,-5.103005515e-02
9.255000,-4.715643875e-02
9.260000,-4.376755355e-02
9.265000,-4.147832421e-02
9.270000,-4.075741376e-02
9.275000,-4.176506475e-02
9.280000,-4.427489778e-02
9.285000,-4.770584386e-02
9.290000,-5.126067754e-02
9.295000,-5.413297865e-02
9.300000,-5.571339107e-02
9.305000,-5.571543641e-02
9.310000,-5.416566564e-02
9.315000,-5.126070327e-02
9.320000,-4.715977211e-02
9.325000,-4.181827732e-02
9.330000,-3.494992177e-02
9.335000,-2.613703467e-02
9.340000,-1.502886864e-02
9.345000,-1.523146808e-03
9.350000,1.415631524e-02
9.355000,3.150635925e-02
9.360000,4.986428354e-02
9.365000,6.851832914e-02
9.370000,8.675283921e-02
9.375000,1.038331399e-01
9.380000,1.189861249e-01
9.385000,1.314381517e-01
9.390000,1.405303067e-01
9.395000,1.458730731e-01
9.400000,1.474679943e-01
9.405000,1.457345320e-01
9.410000,1.414261708e-01
9.415000,1.354699313e-01
9.420000,1.287889958e-01
9.425000,1.221609785e-01
9.430000,1.161379980e-01
9.435000,1.110297968e-01
9.440000,1.069387925e-01
9.445000,1.038323242e-01
9.450000,1.016324499e-01
9.455000,1.002943995e-01
9.460000,9.984019123e-02
9.465000,1.003267105e-01
9.470000,1.017598500e-01
9.475000,1.040024218e-01
9.480000,1.067380665e-01
9.485000,1.095299440e-01
9.490000,1.119594772e-01
9.495000,1.137776106e-01
9.500000,1.149837001e-01
9.505000,1.157801595e-01
9.510000,1.164176485e-01
9.515000,1.170070372e-01
9.520000,1.173941751e-01
9.525000,1.171605909e-01
9.530000,1.157480204e-01
9.535000,1.126447400e-01
9.540000,1.075481538e-01
9.545000,1.004383475e-01
9.550000,9.154449620e-02
9.555000,8.123289911e-02
9.560000,6.987139287e-02
9.565000,5.772467063e-02
9.570000,4.491582647e-02
9.575000,3.146226395e-02
9.580000,1.736734947e-02
9.585000,2.728402457e-03
9.590000,-1.218755385e-02
9.595000,-2.694031790e-02
9.600000,-4.099724622e-02
9.605000,-5.387067720e-02
9.610000,-6.525212192e-02
9.615000,-7.507783394e-02
9.620000,-8.348984489e-02
9.625000,-9.070886361e-02
9.630000,-9.688271750e-02
9.635000,-1.019885616e-01
9.640000,-1.058390021e-01
9.645000,-1.081867580e-01
9.650000,-1.088711196e-01
9.655000,-1.079309765e-01
9.660000,-1.056321416e-01
9.665000,-1.024052687e-01
9.670000,-9.873571593e-02
9.675000,-9.506404645e-02
9.680000,-9.173967886e-02
9.685000,-8.903403218e-02
9.690000,-8.718569089e-02
9.695000,-8.643605894e-02
9.700000,-8.702381428e-02
9.705000,-8.913178299e-02
9.710000,-9.280658535e-02
9.715000,-9.788752782e-02
9.720000,-1.039808775e-01
9.725000,-1.104996638e-01
9.730000,-1.167636263e-01
9.735000,-1.221285934e-01
9.740000,-1.261003116e-01
9.745000,-1.283925038e-01
9.750000,-1.289129418e-01
9.755000,-1.276947135e-01
9.760000,-1.248159326e-01
9.765000,-1.203549004e-01
9.770000,-1.144054852e-01
9.775000,-1.071404820e-01
9.780000,-9.887972021e-02
9.785000,-9.011277773e-02
9.790000,-8.144759833e-02
9.795000,-7.349389667e-02
9.800000,-6.672301125e-02
9.805000,-6.135701069e-02
9.810000,-5.732604130e-02
9.815000,-5.430437386e-02
9.820000,-5.180797110e-02
9.825000,-4.932071186e-02
9.830000,-4.641450178e-02
9.835000,-4.283556916e-02
9.840000,-3.853998993e-02
9.845000,-3.367392798e-02
9.850000,-2.850822613e-02
9.855000,-2.335074005e-02
9.860000,-1.846722287e-02
9.865000,-1.403631071e-02
9.870000,-1.014584876e-02
9.875000,-6.815293665e-03
9.880000,-4.016308256e-03
9.885000,-1.670530729e-03
9.890000,3.733197232e-04
9.895000,2.357044411e-03
9.900000,4.593103608e-03
9.905000,7.393880504e-03
9.910000,1.097025407e-02
9.915000,1.534604257e-02
9.920000,2.033485742e-02
9.925000,2.559687066e-02
9.930000,3.075153589e-02
9.935000,3.549352397e-02
9.940000,3.966006048e-02
9.945000,4.322650538e-02
9.950000,4.624468449e-02
9.955000,4.876299300e-02
9.960000,5.076745273e-02
9.965000,5.216402439e-02
9.970000,5.280000357e-02
9.975000,5.250954356e-02
9.980000,5.116779209e-02
9.985000,4.874268522e-02
9.990000,4.533487780e-02
9.995000,4.119336383e-02
10.000000,3.669354621e-02
10.005000,3.227315759e-02
10.010000,2.833935950e-02
10.015000,2.517786091e-02
10.020000,2.289921933e-02
10.025000,2.144286750e-02
10.030000,2.063269244e-02
10.035000,2.025477439e-02
10.040000,2.012183412e-02
10.045000,2.010227344e-02
10.050000,2.011416018e-02
10.055000,2.010130227e-02
10.060000,2.001103437e-02
10.065000,1.978418853e-02
10.070000,1.935703633e-02
10.075000,1.867106220e-02
10.080000,1.768912632e-02
10.085000,1.641873610e-02
10.090000,1.493845920e-02
10.095000,1.341373157e-02
10.100000,1.208303381e-02
10.105000,1.120394557e-02
10.110000,1.097048185e-02
10.115000,1.143570452e-02
10.120000,1.247985675e-02
10.125000,1.384579543e-02
10.130000,1.522867973e-02
10.135000,1.637701044e-02
10.140000,1.715723283e-02
10.145000,1.755837031e-02
10.150000,1.765078453e-02
10.155000,1.753871796e-02
10.160000,1.734240604e-02
10.165000,1.721558496e-02
10.170000,1.737031482e-02
10.175000,1.806867173e-02
10.180000,1.956059943e-02
10.185000,2.198666989e-02
10.190000,2.529644382e-02
10.195000,2.923415630e-02
10.200000,3.341036434e-02
10.205000,3.743060030e-02
10.210000,4.101962914e-02
10.215000,4.408287702e-02
10.220000,4.668287740e-02
10.225000,4.895552244e-02
10.230000,5.102021861e-02
10.235000,5.293359220e-02
10.240000,5.470343919e-02
10.245000,5.634027626e-02
10.250000,5.790250265e-02
10.255000,5.949956953e-02
10.260000,6.124857227e-02
10.265000,6.321284715e-02
10.270000,6.536553521e-02
10.275000,6.760765722e-02
10.280000,6.983677595e-02
10.285000,7.202850922e-02
10.290000,7.427937546e-02
10.295000,7.677528382e-02
10.300000,7.968860029e-02
10.305000,8.304805567e-02
10.310000,8.664689875e-02
10.315000,9.004236681e-02
10.320000,9.265805657e-02
10.325000,9.395074863e-02
10.330000,9.357104974e-02
10.335000,9.145046882e-02
10.340000,8.778465104e-02
10.345000,8.293297697e-02
10.350000,7.729072962e-02
10.355000,7.119268091e-02
10.360000,6.487764320e-02
10.365000,5.850274799e-02
10.370000,5.217026555e-02
10.375000,4.593383157e-02
10.380000,3.977938675e-02
10.385000,3.360680130e-02
10.390000,2.724771746e-02
10.395000,2.053526804e-02
10.400000,1.340461859e-02
10.405000,5.974836940e-03
10.410000,-1.437046602e-03
10.415000,-8.387810633e-03
10.420000,-1.443987584e-02
10.425000,-1.929712093e-02
10.430000,-2.288900788e-02
10.435000,-2.537625524e-02
10.440000,-2.708974060e-02
10.445000,-2.843985627e-02
10.450000,-2.983464311e-02
10.455000,-3.162676505e-02
10.460000,-3.408760877e-02
10.465000,-3.739589305e-02
10.470000,-4.163166215e-02
10.475000,-4.677665020e-02
10.480000,-5.272749406e-02
10.485000,-5.932374803e-02
10.490000,-6.638227978e-02
10.495000,-7.372295724e-02
10.500000,-8.117432287e-02
10.505000,-8.856057988e-02
10.510000,-9.568393072e-02
10.515000,-1.023199659e-01
10.520000,-1.082357207e-01
10.525000,-1.132257724e-01
10.530000,-1.171508269e-01
10.535000,-1.199621734e-01
10.540000,-1.217035808e-01
10.545000,-1.224932079e-01
10.550000,-1.224948996e-01
10.555000,-1.218881263e-01
10.560000,-1.208414389e-01
10.565000,-1.194904750e-01
10.570000,-1.179210490e-01
10.575000,-1.161595694e-01
10.580000,-1.141736741e-01
10.585000,-1.118836173e-01
10.590000,-1.091809394e-01
10.595000,-1.059487724e-01
10.600000,-1.020800518e-01
10.605000,-9.749454279e-02
10.610000,-9.215865589e-02
10.615000,-8.610978226e-02
10.620000,-7.947962482e-02
10.625000,-7.250367225e-02
10.630000,-6.550295258e-02
10.635000,-5.883268304e-02
10.640000,-5.280747185e-02
10.645000,-4.762647492e-02
10.650000,-4.332617753e-02
10.655000,-3.977973333e-02
10.660000,-3.674344581e-02
10.665000,-3.393156833e-02
10.670000,-3.108932060e-02
10.675000,-2.803614330e-02
10.680000,-2.466578183e-02
10.685000,-2.091030125e-02
10.690000,-1.669244874e-02
10.695000,-1.189688589e-02
10.700000,-6.382153267e-03
10.705000,-3.462742516e-05
10.710000,7.157971444e-03
10.715000,1.505103160e-02
10.720000,2.334016399e-02
10.725000,3.162371122e-02
10.730000,3.951129336e-02
10.735000,4.673304447e-02
10.740000,5.319953805e-02
10.745000,5.898413266e-02
10.750000,6.423796059e-02
10.755000,6.908264073e-02
10.760000,7.353700038e-02
10.765000,7.751415680e-02
10.770000,8.088477259e-02
10.775000,8.356437741e-02
10.780000,8.556965259e-02
10.785000,8.700825044e-02
10.790000,8.800722448e-02
10.795000,8.862215993e-02
10.800000,8.878075264e-02
10.805000,8.829480634e-02
10.810000,8.693632776e-02
10.815000,8.453979229e-02
10.820000,8.108243280e-02
10.825000,7.671069309e-02
10.830000,7.171086494e-02
10.835000,6.644622082e-02
10.840000,6.128912096e-02
10.845000,5.656585842e-02
10.850000,5.251652251e-02
10.855000,4.926474698e-02
10.860000,4.679682891e-02
10.865000,4.495930546e-02
10.870000,4.348706338e-02
10.875000,4.206417745e-02
10.880000,4.040165833e-02
10.885000,3.830289918e-02
10.890000,3.569016245e-02
10.895000,3.258483955e-02
10.900000,2.905923108e-02
10.905000,2.519207803e-02
10.910000,2.105410027e-02
10.915000,1.672693028e-02
10.920000,1.233417210e-02
10.925000,8.053489259e-03
10.930000,4.090497023e-03
10.935000,6.211593769e-04
10.940000,-2.267735796e-03
10.945000,-4.605800342e-03
10.950000,-6.516578558e-03
10.955000,-8.155758702e-03
10.960000,-9.641958504e-03
10.965000,-1.101470243e-02
10.970000,-1.223775190e-02
10.975000,-1.324137537e-02
10.980000,-1.397897612e-02
10.985000,-1.447042034e-02
10.990000,-1.481492919e-02
10.995000,-1.517172675e-02
11.000000,-1.571784665e-02
11.005000,-1.659631992e-02
11.010000,-1.786720284e-02
11.015000,-1.947301700e-02
11.020000,-2.123026793e-02
11.025000,-2.285638246e-02
11.030000,-2.403249225e-02
11.035000,-2.448743694e-02
11.040000,-2.407432212e-02
11.045000,-2.280806152e-02
11.050000,-2.084616654e-02
11.055000,-1.842104953e-02
11.060000,-1.575651527e-02
11.065000,-1.300892976e-02
11.070000,-1.025856992e-02
11.075000,-7.546592872e-03
11.080000,-4.925749404e-03
11.085000,-2.485466478e-03
11.090000,-3.295125619e-04
11.095000,1.483237243e-03
11.100000,2.997330090e-03
11.105000,4.376269383e-03
11.110000,5.854255108e-03
11.115000,7.638989317e-03
11.120000,9.809759107e-03
11.125000,1.226130564e-02
11.130000,1.472369741e-02
11.135000,1.685261204e-02
11.140000,1.835182071e-02
11.145000,1.907614285e-02
11.150000,1.907386786e-02
11.155000,1.855572796e-02
11.160000,1.780882863e-02
11.165000,1.709463134e-02
11.170000,1.657255095e-02
11.175000,1.627586987e-02
11.180000,1.614225181e-02
11.185000,1.607795200e-02
11.190000,1.602234737e-02
11.195000,1.598231458e-02
11.200000,1.602237253e-02
11.205000,1.621860073e-02
11.210000,1.660173337e-02
11.215000,1.711928727e-02
11.220000,1.763628845e-02
11.225000,1.797482340e-02
11.230000,1.797448281e-02
11.235000,1.754780045e-02
11.240000,1.670978003e-02
11.245000,1.557394324e-02
11.250000,1.432060331e-02
11.255000,1.314978366e-02
11.260000,1.223067623e-02
11.265000,1.165617224e-02
11.270000,1.140974022e-02
11.275000,1.135359283e-02
11.280000,1.124750646e-02
11.285000,1.080153170e-02
11.290000,9.752316762e-03
11.295000,7.938108708e-03
11.300000,5.341885370e-03
11.305000,2.082361395e-03
11.310000,-1.643851649e-03
11.315000,-5.641078247e-03
11.320000,-9.775699347e-03
11.325000,-1.399128441e-02
11.330000,-1.827582915e-02
11.335000,-2.260594338e-02
11.340000,-2.690391521e-02
11.345000,-3.103281753e-02
11.350000,-3.482986374e-02
11.355000,-3.815531537e-02
11.360000,-4.092746314e-02
11.365000,-4.312642849e-02
11.370000,-4.477124634e-02
11.375000,-4.589102777e-02
11.380000,-4.651189090e-02
11.385000,-4.666770652e-02
11.390000,-4.642482438e-02
11.395000,-4.590080909e-02
11.400000,-4.526051425e-02
11.405000,-4.468610301e-02
11.410000,-4.433183473e-02
11.415000,-4.428160599e-02
11.420000,-4.452516615e-02
11.425000,-4.496104387e-02
11.430000,-4.542562118e-02
11.435000,-4.574130819e-02
11.440000,-4.577217070e-02
11.445000,-4.547171633e-02
11.450000,-4.490597496e-02
11.455000,-4.423874554e-02
11.460000,-4.367717144e-02
11.465000,-4.339227589e-02
11.470000,-4.344314553e-02
11.475000,-4.373618025e-02
11.480000,-4.403815333e-02
11.485000,-4.403845380e-02
11.490000,-4.343366167e-02
11.495000,-4.199875649e-02
11.500000,-3.961873685e-02
11.505000,-3.627659847e-02
11.510000,-3.201561640e-02
11.515000,-2.690352596e-02
11.520000,-2.101929208e-02
11.525000,-1.446544454e-02
11.530000,-7.391864954e-03
11.535000,-1.016768332e-05
11.540000,7.416079533e-03
11.545000,1.460626741e-02
11.550000,2.131087551e-02
11.555000,2.735533548e-02
11.560000,3.266499348e-02
11.565000,3.726439129e-02
11.570000,4.125231494e-02
11.575000,4.475988351e-02
11.580000,4.790217773e-02
11.585000,5.073546561e-02
11.590000,5.323211839e-02
11.595000,5.528267787e-02
11.600000,5.672806733e-02
11.605000,5.741529263e-02
11.610000,5.726036443e-02
11.615000,5.629709984e-02
11.620000,5.469322541e-02
11.625000,5.272573113e-02
11.630000,5.072189632e-02
11.635000,4.898493055e-02
11.640000,4.772853073e-02
11.645000,4.704069528e-02
11.650000,4.688565284e-02
11.655000,4.713862344e-02
11.660000,4.763712821e-02
11.665000,4.822895785e-02
11.670000,4.880162304e-02
11.675000,4.928836960e-02
11.680000,4.965649147e-02
11.685000,4.988970309e-02
11.690000,4.997541513e-02
11.695000,4.990144039e-02
11.700000,4.965934659e-02
11.705000,4.924789950e-02
11.710000,4.867161787e-02
11.715000,4.793444861e-02
11.720000,4.703279906e-02
11.725000,4.595236329e-02
11.730000,4.466945226e-02
11.735000,4.315327782e-02
11.740000,4.136483629e-02
11.745000,3.925191370e-02
11.750000,3.674540877e-02
11.755000,3.376459970e-02
11.760000,3.023499266e-02
11.765000,2.611371702e-02
11.770000,2.141016280e-02
11.775000,1.618992230e-02
11.780000,1.055946529e-02
11.785000,4.641878341e-03
11.790000,-1.438797674e-03
11.795000,-7.552147385e-03
11.800000,-1.353817207e-02
11.805000,-1.918630616e-02
11.810000,-2.424211694e-02
11.815000,-2.845503702e-02
11.820000,-3.165574465e-02
11.825000,-3.382873510e-02
11.830000,-3.513950328e-02
11.835000,-3.589302955e-02
11.840000,-3.643356103e-02
11.845000,-3.702724006e-02
11.850000,-3.778082664e-02
11.855000,-3.863384245e-02
11.860000,-3.942546160e-02
11.865000,-4.000028505e-02
11.870000,-4.029856335e-02
11.875000,-4.038623964e-02
11.880000,-4.041286146e-02
11.885000,-4.052339547e-02
11.890000,-4.077329045e-02
11.895000,-4.109298311e-02
11.900000,-4.132076242e-02
11.905000,-4.128632372e-02
11.910000,-4.090072113e-02
11.915000,-4.020540647e-02
11.920000,-3.935473163e-02
11.925000,-3.854095011e-02
11.930000,-3.790011079e-02
11.935000,-3.744611962e-02
11.940000,-3.706451034e-02
11.945000,-3.656605516e-02
11.950000,-3.577032257e-02
11.955000,-3.457646759e-02
11.960000,-3.298886482e-02
11.965000,-3.109170320e-02
11.970000,-2.899379175e-02
11.975000,-2.677757877e-02
11.980000,-2.447891407e-02
11.985000,-2.210259615e-02
11.990000,-1.965711406e-02
11.995000,-1.718293453e-02
12.000000,-1.475615752e-02
12.005000,-1.246687071e-02
12.010000,-1.038710124e-02
12.015000,-8.547506479e-03
12.020000,-6.933794280e-03
12.025000,-5.500346593e-03
12.030000,-4.189220246e-03
12.035000,-2.943034301e-03
12.040000,-1.708282406e-03
12.045000,-4.342646251e-04
12.050000,9.244489389e-04
12.055000,2.398676708e-03
12.060000,3.992559797e-03
12.065000,5.677084177e-03
12.070000,7.395035351e-03
12.075000,9.076134367e-03
12.080000,1.065480229e-02
12.085000,1.208200266e-02
12.090000,1.332717588e-02
12.095000,1.437256552e-02
12.100000,1.520560936e-02
12.105000,1.581376217e-02
12.110000,1.618232869e-02
12.115000,1.629353806e-02
12.120000,1.612626134e-02
12.125000,1.565882429e-02
12.130000,1.487840157e-02
12.135000,1.379696818e-02
12.140000,1.246730369e-02
12.145000,1.098816000e-02
12.150000,9.490166221e-03
12.155000,8.103639241e-03
12.160000,6.920885575e-03
12.165000,5.971074499e-03
12.170000,5.220614611e-03
12.175000,4.598304056e-03
12.180000,4.030525933e-03
12.185000,3.466458858e-03
12.190000,2.880422996e-03
12.195000,2.253759626e-03
12.200000,1.552255179e-03
12.205000,7.181834046e-04
12.210000,-3.135544541e-04
12.215000,-1.581867820e-03
12.220000,-3.067555727e-03
12.225000,-4.682807283e-03
12.230000,-6.290475810e-03
12.235000,-7.744970950e-03
12.240000,-8.935012227e-03
12.245000,-9.808449525e-03
12.250000,-1.037032362e-02
12.255000,-1.066028117e-02
12.260000,-1.072546260e-02
12.265000,-1.060465984e-02
12.270000,-1.032994830e-02
12.275000,-9.939567593e-03
12.280000,-9.488258747e-03
12.285000,-9.042997458e-03
12.290000,-8.661867904e-03
12.295000,-8.365740220e-03
12.300000,-8.119247371e-03
12.305000,-7.834923953e-03
12.310000,-7.403161963e-03
12.315000,-6.736632091e-03
12.320000,-5.808667678e-03
12.325000,-4.666250634e-03
12.330000,-3.409821083e-03
12.335000,-2.148620690e-03
12.340000,-9.531288781e-04
12.345000,1.717079115e-04
12.350000,1.278951192e-03
12.355000,2.441886387e-03
12.360000,3.705723102e-03
12.365000,5.053963606e-03
12.370000,6.406810773e-03
12.375000,7.652146932e-03
12.380000,8.692894213e-03
12.385000,9.486913822e-03
12.390000,1.006076799e-02
12.395000,1.049323544e-02
12.400000,1.088001729e-02
12.405000,1.129912787e-02
12.410000,1.179329033e-02
12.415000,1.237404860e-02
12.420000,1.303956328e-02
12.425000,1.379148970e-02
12.430000,1.463909333e-02
12.435000,1.558837337e-02
12.440000,1.662422268e-02
12.445000,1.769845389e-02
12.450000,1.873335506e-02
12.455000,1.964152999e-02
12.460000,2.035347392e-02
12.465000,2.083988097e-02
12.470000,2.111832035e-02
12.475000,2.124188221e-02
12.480000,2.127614674e-02
12.485000,2.127572392e-02
12.490000,2.127040081e-02
12.495000,2.126479966e-02
12.500000,2.124811160e-02
12.505000,2.120596060e-02
12.510000,2.112688287e-02
12.515000,2.100044364e-02
12.520000,2.080959088e-02
12.525000,2.052312652e-02
12.530000,2.009354245e-02
12.535000,1.946185198e-02
12.540000,1.856711147e-02
12.545000,1.735660806e-02
12.550000,1.579392045e-02
12.555000,1.386480545e-02
12.560000,1.158268154e-02
12.565000,8.994772035e-03
12.570000,6.187196376e-03
12.575000,3.284688174e-03
12.580000,4.405593249e-04
12.585000,-2.184214330e-03
12.590000,-4.448860520e-03
12.595000,-6.259729415e-03
12.600000,-7.587792033e-03
12.605000,-8.471398296e-03
12.610000,-9.004075485e-03
12.615000,-9.311644283e-03
12.620000,-9.525141973e-03
12.625000,-9.755946972e-03
12.630000,-1.007817682e-02
12.635000,-1.052181124e-02
12.640000,-1.107804682e-02
12.645000,-1.171551797e-02
12.650000,-1.240223449e-02
12.655000,-1.312485937e-02
12.660000,-1.389667421e-02
12.665000,-1.474978621e-02
12.670000,-1.571473801e-02
12.675000,-1.679785669e-02
12.680000,-1.796886260e-02
12.685000,-1.916625886e-02
12.690000,-2.031802182e-02
12.695000,-2.136589190e-02
12.700000,-2.227908164e-02
12.705000,-2.304960512e-02
12.710000,-2.367317412e-02
12.715000,-2.412937646e-02
12.720000,-2.437609057e-02
12.725000,-2.436440948e-02
12.730000,-2.406677975e-02
12.735000,-2.350113465e-02
12.740000,-2.273417169e-02
12.745000,-2.185800544e-02
12.750000,-2.094989796e-02
12.755000,-2.003538929e-02
12.760000,-1.907445858e-02
12.765000,-1.797864663e-02
12.770000,-1.665117482e-02
12.775000,-1.503105229e-02
12.780000,-1.312175781e-02
12.785000,-1.099457733e-02
12.790000,-8.769723237e-03
12.795000,-6.587289625e-03
12.800000,-4.580689114e-03
12.805000,-2.858908242e-03
12.810000,-1.496233299e-03
12.815000,-5.245803287e-04
12.820000,7.395225931e-05
12.825000,3.710300603e-04
12.830000,4.856068292e-04
12.835000,5.621938771e-04
12.840000,7.363786501e-04
12.845000,1.098227407e-03
12.850000,1.667681457e-03
12.855000,2.392105460e-03
12.860000,3.166597633e-03
12.865000,3.867842495e-03
12.870000,4.387616095e-03
12.875000,4.654712577e-03
12.880000,4.641748453e-03
12.885000,4.360943773e-03
12.890000,3.856128205e-03
12.895000,3.195848463e-03
12.900000,2.467334935e-03
12.905000,1.767599715e-03
12.910000,1.188895147e-03
12.915000,8.004528070e-04
12.920000,6.332128534e-04
12.925000,6.752466980e-04
12.930000,8.814498271e-04
12.935000,1.194098370e-03
12.940000,1.565356486e-03
12.945000,1.972235917e-03
12.950000,2.419070147e-03
12.955000,2.929202466e-03
12.960000,3.532119837e-03
12.965000,4.252280047e-03
12.970000,5.102256918e-03
12.975000,6.078866749e-03
12.980000,7.159782686e-03
12.985000,8.300413049e-03
12.990000,9.434193933e-03
12.995000,1.048050152e-02
13.000000,1.136133504e-02
13.005000,1.202219593e-02
13.010000,1.244807754e-02
13.015000,1.266582662e-02
13.020000,1.273003889e-02
13.025000,1.269807038e-02
13.030000,1.260569754e-02
13.035000,1.245470751e-02
13.040000,1.221722949e-02
13.045000,1.185272075e-02
13.050000,1.132741947e-02
13.055000,1.062617447e-02
13.060000,9.752403119e-03
13.065000,8.719637042e-03
13.070000,7.542914363e-03
13.075000,6.237438410e-03
13.080000,4.826279640e-03
13.085000,3.352140931e-03
13.090000,1.884524317e-03
13.095000,5.152431511e-04
13.100000,-6.588024528e-04
13.105000,-1.559691329e-03
13.110000,-2.149340584e-03
13.115000,-2.438001064e-03
13.120000,-2.476681029e-03
13.125000,-2.336989090e-03
13.130000,-2.087223926e-03
13.135000,-1.774457688e-03
13.140000,-1.418635883e-03
13.145000,-1.018514955e-03
13.150000,-5.639551594e-04
13.155000,-4.741329301e-05
13.160000,5.300133860e-04
13.165000,1.157913876e-03
13.170000,1.817522009e-03
13.175000,2.480497082e-03
13.180000,3.105260534e-03
13.185000,3.635119389e-03
13.190000,4.004165223e-03
13.195000,4.153805275e-03
13.200000,4.055939025e-03
13.205000,3.732401677e-03
13.210000,3.258999066e-03
13.215000,2.748220025e-03
13.220000,2.315116710e-03
13.225000,2.040177094e-03
13.230000,1.945640641e-03
13.235000,1.995650225e-03
13.240000,2.118998019e-03
13.245000,2.242447978e-03
13.250000,2.318591937e-03
13.255000,2.336737857e-03
13.260000,2.315261945e-03
13.265000,2.283204903e-03
13.270000,2.262649669e-03
13.275000,2.260407070e-03
13.280000,2.270624394e-03
13.285000,2.283728688e-03
13.290000,2.294920494e-03
13.295000,2.307497949e-03
13.300000,2.330328978e-03
13.305000,2.371997272e-03
13.310000,2.435091141e-03
13.315000,2.513188300e-03
13.320000,2.591600628e-03
13.325000,2.651738555e-03
13.330000,2.677970128e-03
13.335000,2.664702533e-03
13.340000,2.620344485e-03
13.345000,2.564889710e-03
13.350000,2.520106766e-03
13.355000,2.495396672e-03
13.360000,2.476171393e-03
13.365000,2.422299288e-03
13.370000,2.280289802e-03
13.375000,2.005824471e-03
13.380000,1.586840173e-03
13.385000,1.055707520e-03
13.390000,4.836755953e-04
13.395000,-4.058254923e-05
13.400000,-4.386615925e-04
13.405000,-6.641796489e-04
13.410000,-7.104875571e-04
13.415000,-6.041400684e-04
13.420000,-3.908466627e-04
13.425000,-1.226553647e-04
13.430000,1.482343059e-04
13.435000,3.695191139e-04
13.440000,4.875063955e-04
13.445000,4.494709273e-04
13.450000,2.111012020e-04
13.455000,-2.539112396e-04
13.460000,-9.472467450e-04
13.465000,-1.846034320e-03
13.470000,-2.909608004e-03
13.475000,-4.089333427e-03
13.480000,-5.336672403e-03
13.485000,-6.606310514e-03
13.490000,-7.854472288e-03
13.495000,-9.035479467e-03
13.500000,-1.010061766e-02
13.505000,-1.100209284e-02
13.510000,-1.170204675e-02
13.515000,-1.218362165e-02
13.520000,-1.245926424e-02
13.525000,-1.257170816e-02
13.530000,-1.258549319e-02
13.535000,-1.257068531e-02
13.540000,-1.258409664e-02
13.545000,-1.265496087e-02
13.550000,-1.278055327e-02
13.555000,-1.293299851e-02
13.560000,-1.307345230e-02
13.565000,-1.316666772e-02
13.570000,-1.318952520e-02
13.575000,-1.313115791e-02
13.580000,-1.298742877e-02
13.585000,-1.275553336e-02
13.590000,-1.243351684e-02
13.595000,-1.202520840e-02
13.600000,-1.154643494e-02
13.605000,-1.102663546e-02
13.610000,-1.050251557e-02
13.615000,-1.000561617e-02
13.620000,-9.550147123e-03
13.625000,-9.128062940e-03
13.630000,-8.714522427e-03
13.635000,-8.280903500e-03
13.640000,-7.808186965e-03
13.645000,-7.293501742e-03
13.650000,-6.746894456e-03
13.655000,-6.181235622e-03
13.660000,-5.602027709e-03
13.665000,-5.003557948e-03
13.670000,-4.373794975e-03
13.675000,-3.705260649e-03
13.680000,-3.005810583e-03
13.685000,-2.303437440e-03
13.690000,-1.642371465e-03
13.695000,-1.071902622e-03
13.700000,-6.323544362e-04
13.705000,-3.433598727e-04
13.710000,-1.981877311e-04
13.715000,-1.653494942e-04
13.720000,-1.962088400e-04
13.725000,-2.356012230e-04
13.730000,-2.319135073e-04
13.735000,-1.437339784e-04
13.740000,5.814750246e-05
13.745000,3.924873071e-04
13.750000,8.704958635e-04
13.755000,1.496974915e-03
13.760000,2.268134128e-03
13.765000,3.167076146e-03
13.770000,4.160238129e-03
13.775000,5.198621223e-03
13.780000,6.225750518e-03
13.785000,7.190721947e-03
13.790000,8.061303392e-03
13.795000,8.830905798e-03
13.800000,9.515310614e-03
13.805000,1.013959221e-02
13.810000,1.072053399e-02
13.815000,1.125250525e-02
13.820000,1.170373280e-02
13.825000,1.202546224e-02
13.830000,1.217064586e-02
13.835000,1.211425254e-02
13.840000,1.186624087e-02
13.845000,1.147125146e-02
13.850000,1.099485303e-02
13.855000,1.050210988e-02
13.860000,1.003759352e-02
13.865000,9.615164671e-03
13.870000,9.221260968e-03
13.875000,8.829219744e-03
13.880000,8.417321445e-03
13.885000,7.982071538e-03
13.890000,7.541203845e-03
13.895000,7.126331172e-03
13.900000,6.770190502e-03
13.905000,6.495451163e-03
13.910000,6.310218184e-03
13.915000,6.210966000e-03
13.920000,6.189330563e-03
13.925000,6.237414123e-03
13.930000,6.347856459e-03
13.935000,6.508728612e-03
13.940000,6.696920594e-03
13.945000,6.874980072e-03
13.950000,6.994650162e-03
13.955000,7.006746078e-03
13.960000,6.873596078e-03
13.965000,6.578879062e-03
13.970000,6.130900788e-03
13.975000,5.558330444e-03
13.980000,4.900551227e-03
13.985000,4.196607254e-03
13.990000,3.476656021e-03
13.995000,2.758237338e-03
14.000000,2.047511168e-03
14.005000,1.343880743e-03
14.010000,6.456781654e-04
14.015000,-4.511900630e-05
14.020000,-7.202355942e-04
14.025000,-1.364583087e-03
14.030000,-1.957312139e-03
14.035000,-2.473795180e-03
14.040000,-2.888234552e-03
14.045000,-3.176910828e-03
14.050000,-3.321992065e-03
14.055000,-3.315245545e-03
14.060000,-3.160321407e-03
14.065000,-2.872174984e-03
14.070000,-2.473120321e-03
14.075000,-1.986756251e-03
14.080000,-1.432635898e-03
14.085000,-8.248627334e-04
14.090000,-1.761551580e-04
14.095000,4.941322558e-04
14.100000,1.152378406e-03
14.105000,1.748576051e-03
14.110000,2.222683393e-03
14.115000,2.518156559e-03
14.120000,2.597285306e-03
14.125000,2.451445817e-03
14.130000,2.101544245e-03
14.135000,1.588742144e-03
14.140000,9.604091697e-04
14.145000,2.584146200e-04
14.150000,-4.848625756e-04
14.155000,-1.242029761e-03
14.160000,-1.981740433e-03
14.165000,-2.661753636e-03
14.170000,-3.229163419e-03
14.175000,-3.628964858e-03
14.180000,-3.817710207e-03
14.185000,-3.776515607e-03
14.190000,-3.518151262e-03
14.195000,-3.085751833e-03
14.200000,-2.544113126e-03
14.205000,-1.966927323e-03
14.210000,-1.423893957e-03
14.215000,-9.707433828e-04
14.220000,-6.437161390e-04
14.225000,-4.587285936e-04
14.230000,-4.145792902e-04
14.235000,-4.989478786e-04
14.240000,-6.954209974e-04
14.245000,-9.894434597e-04
14.250000,-1.371282864e-03
14.255000,-1.835064989e-03
14.260000,-2.374505548e-03
14.265000,-2.977472059e-03
14.270000,-3.622154119e-03
14.275000,-4.276956899e-03
14.280000,-4.904507154e-03
14.285000,-5.468226759e-03
14.290000,-5.938781748e-03
14.295000,-6.297927339e-03
14.300000,-6.538667494e-03
14.305000,-6.662425709e-03
14.310000,-6.675120349e-03
14.315000,-6.584083703e-03
14.320000,-6.396780996e-03
14.325000,-6.120973976e-03
14.330000,-5.765166272e-03
14.335000,-5.338325896e-03
14.340000,-4.848825999e-03
14.345000,-4.303584125e-03
14.350000,-3.708740332e-03
14.355000,-3.072536724e-03
14.360000,-2.409650727e-03
14.365000,-1.744913727e-03
14.370000,-1.113980500e-03
14.375000,-5.594851875e-04
14.380000,-1.231593578e-04
14.385000,1.636529464e-04
14.390000,2.876880458e-04
14.395000,2.568256248e-04
14.400000,9.748991614e-05
14.405000,-1.524839439e-04
14.410000,-4.528900754e-04
14.415000,-7.692076005e-04
14.420000,-1.077651501e-03
14.425000,-1.366571852e-03
14.430000,-1.634719631e-03
14.435000,-1.887472546e-03
14.440000,-2.132173743e-03
14.445000,-2.373603470e-03
14.450000,-2.610514745e-03
14.455000,-2.834074391e-03
14.460000,-3.028730801e-03
14.465000,-3.175352528e-03
14.470000,-3.255644069e-03
14.475000,-3.256309305e-03
14.480000,-3.171601229e-03
14.485000,-3.003760825e-03
14.490000,-2.761912009e-03
14.495000,-2.460558938e-03
14.500000,-2.118546322e-03
14.505000,-1.758434037e-03
14.510000,-1.405438482e-03
14.515000,-1.085105184e-03
14.520000,-8.198068252e-04
14.525000,-6.253630507e-04
14.530000,-5.095692733e-04
14.535000,-4.736128961e-04
14.540000,-5.155822404e-04
14.545000,-6.336871341e-04
14.550000,-8.266359068e-04
14.555000,-1.090251668e-03
14.560000,-1.412023071e-03
14.565000,-1.767220988e-03
14.570000,-2.120056997e-03
14.575000,-2.430920218e-03
14.580000,-2.667279628e-03
14.585000,-2.813402036e-03
14.590000,-2.874136492e-03
14.595000,-2.870712830e-03
14.600000,-2.830331796e-03
14.605000,-2.774192996e-03
14.610000,-2.709045210e-03
14.615000,-2.625317417e-03
14.620000,-2.501689140e-03
14.625000,-2.313317793e-03
14.630000,-2.040008022e-03
14.635000,-1.671437823e-03
14.640000,-1.208337005e-03
14.645000,-6.602428684e-04
14.650000,-4.152129353e-05
14.655000,6.323620227e-04
14.660000,1.346655556e-03
14.665000,2.086379631e-03
14.670000,2.833039569e-03
14.675000,3.560812816e-03
14.680000,4.234947144e-03
14.685000,4.814768893e-03
14.690000,5.261797754e-03
14.695000,5.550650123e-03
14.700000,5.678196965e-03
14.705000,5.666367948e-03
14.710000,5.556551047e-03
14.715000,5.397595261e-03
14.720000,5.232720306e-03
14.725000,5.091132453e-03
14.730000,4.987399461e-03
14.735000,4.927221682e-03
14.740000,4.914817161e-03
14.745000,4.956772809e-03
14.750000,5.059999540e-03
14.755000,5.225455323e-03
14.760000,5.441950593e-03
14.765000,5.684067545e-03
14.770000,5.915495851e-03
14.775000,6.095977936e-03
14.780000,6.188656110e-03
14.785000,6.165546038e-03
14.790000,6.010951504e-03
14.795000,5.723948998e-03
14.800000,5.320505577e-03
14.805000,4.833989417e-03
14.810000,4.311669921e-03
14.815000,3.805852099e-03
14.820000,3.361395460e-03
14.825000,3.004523634e-03
14.830000,2.738523059e-03
14.835000,2.549038265e-03
14.840000,2.416520256e-03
14.845000,2.329078884e-03
14.850000,2.288411628e-03
14.855000,2.305293580e-03
14.860000,2.387185912e-03
14.865000,2.525216583e-03
14.870000,2.688279198e-03
14.875000,2.828048972e-03
14.880000,2.892769763e-03
14.885000,2.843215137e-03
14.890000,2.663618967e-03
14.895000,2.363506606e-03
14.900000,1.971030825e-03
14.905000,1.521923316e-03
14.910000,1.048988717e-03
14.915000,5.755052392e-04
14.920000,1.134696892e-04
14.925000,-3.342047068e-04
14.930000,-7.691540281e-04
14.935000,-1.192342697e-03
14.940000,-1.599750531e-03
14.945000,-1.980521565e-03
14.950000,-2.318665116e-03
14.955000,-2.598133235e-03
14.960000,-2.809339460e-03
14.965000,-2.953965796e-03
14.970000,-3.045286266e-03
14.975000,-3.103384883e-03
14.980000,-3.147481282e-03
14.985000,-3.189343965e-03
14.990000,-3.231224653e-03
14.995000,-3.269093260e-03
15.000000,-3.298818127e-03
15.005000,-3.321323843e-03
15.010000,-3.343693873e-03
15.015000,-3.376000474e-03
15.020000,-3.426430634e-03
15.025000,-3.498186995e-03
15.030000,-3.590144478e-03
15.035000,-3.700449938e-03
15.040000,-3.830121216e-03
15.045000,-3.983679881e-03
15.050000,-4.165911661e-03
15.055000,-4.376559605e-03
15.060000,-4.606296381e-03
15.065000,-4.836705752e-03
15.070000,-5.044679547e-03
15.075000,-5.209116569e-03
15.080000,-5.316628209e-03
15.085000,-5.363702538e-03
15.090000,-5.354827729e-03
15.095000,-5.298105507e-03
15.100000,-5.200771855e-03
15.105000,-5.066505051e-03
15.110000,-4.895029962e-03
15.115000,-4.683270875e-03
15.120000,-4.426833589e-03
15.125000,-4.120966220e-03
15.130000,-3.760907873e-03
15.135000,-3.342122733e-03
15.140000,-2.861017841e-03
15.145000,-2.316397462e-03
15.150000,-1.711384082e-03
15.155000,-1.055121414e-03
15.160000,-3.634424296e-04
15.165000,3.421104804e-04
15.170000,1.037016453e-03
15.175000,1.697664490e-03
15.180000,2.305161844e-03
15.185000,2.847574622e-03
15.190000,3.319542120e-03
15.195000,3.719316763e-03
15.200000,4.044643816e-03
15.205000,4.289768409e-03
15.210000,4.445583376e-03
15.215000,4.503403967e-03
15.220000,4.460741581e-03
15.225000,4.325934364e-03
15.230000,4.118621913e-03
15.235000,3.865023307e-03
15.240000,3.589869689e-03
15.245000,3.309019328e-03
15.250000,3.026827981e-03
15.255000,2.739983765e-03
15.260000,2.445915863e-03
15.265000,2.151096852e-03
15.270000,1.874312977e-03
15.275000,1.642597550e-03
15.280000,1.481618057e-03
15.285000,1.405522283e-03
15.290000,1.411660409e-03
15.295000,1.482915285e-03
15.300000,1.596150480e-03
15.305000,1.732010416e-03
15.310000,1.880868737e-03
15.315000,2.042260358e-03
15.320000,2.218991418e-03
15.325000,2.409932969e-03
15.330000,2.605701970e-03
15.335000,2.789187711e-03
15.340000,2.939867055e-03
15.345000,3.039037005e-03
15.350000,3.073416824e-03
15.355000,3.036409723e-03
15.360000,2.928072152e-03
15.365000,2.755198097e-03
15.370000,2.531808912e-03
15.375000,2.278894594e-03
15.380000,2.021893754e-03
15.385000,1.785644463e-03
15.390000,1.588543849e-03
15.395000,1.438824042e-03
15.400000,1.335071645e-03
15.405000,1.270685454e-03
15.410000,1.239482722e-03
15.415000,1.238914979e-03
15.420000,1.268990969e-03
15.425000,1.327995285e-03
15.430000,1.408390918e-03
15.435000,1.496273490e-03
15.440000,1.575363462e-03
15.445000,1.633384627e-03
15.450000,1.666921928e-03
15.455000,1.681666691e-03
15.460000,1.687773326e-03
15.465000,1.692978314e-03
15.470000,1.697295455e-03
15.475000,1.691905381e-03
15.480000,1.662291220e-03
15.485000,1.593497414e-03
15.490000,1.474861526e-03
15.495000,1.302647461e-03
15.500000,1.080574178e-03
15.505000,8.190729576e-04
15.510000,5.338450431e-04
15.515000,2.435689630e-04
15.520000,-3.359256911e-05
15.525000,-2.843005210e-04
15.530000,-5.036632356e-04
15.535000,-6.962622245e-04
15.540000,-8.736114998e-04
15.545000,-1.048988232e-03
15.550000,-1.232174739e-03
15.555000,-1.426741212e-03
15.560000,-1.630876079e-03
15.565000,-1.840480365e-03
15.570000,-2.051867522e-03
15.575000,-2.261934842e-03
15.580000,-2.465744436e-03
15.585000,-2.653607002e-03
15.590000,-2.810454918e-03
15.595000,-2.918989540e-03
15.600000,-2.965640650e-03
15.605000,-2.946413998e-03
15.610000,-2.869510635e-03
15.615000,-2.753274731e-03
15.620000,-2.620472856e-03
15.625000,-2.491640243e-03
15.630000,-2.380344154e-03
15.635000,-2.291881101e-03
15.640000,-2.225119594e-03
15.645000,-2.175964678e-03
15.650000,-2.140717876e-03
15.655000,-2.118189885e-03
15.660000,-2.110204814e-03
15.665000,-2.120677193e-03
15.670000,-2.153693605e-03
15.675000,-2.211176998e-03
15.680000,-2.290873058e-03
15.685000,-2.385463963e-03
15.690000,-2.483366797e-03
15.695000,-2.571153985e-03
15.700000,-2.636791094e-03
15.705000,-2.672451476e-03
15.710000,-2.675834204e-03
15.715000,-2.649611219e-03
15.720000,-2.599461461e-03
15.725000,-2.531662060e-03
15.730000,-2.451192614e-03
15.735000,-2.360895523e-03
15.740000,-2.261726992e-03
15.745000,-2.153765536e-03
15.750000,-2.037466733e-03
15.755000,-1.914604645e-03
15.760000,-1.788407257e-03
15.765000,-1.662652644e-03
15.770000,-1.539985919e-03
15.775000,-1.420279742e-03
15.780000,-1.300119155e-03
15.785000,-1.174105769e-03
15.790000,-1.037677690e-03
15.795000,-8.900580708e-04
15.800000,-7.355368961e-04
15.805000,-5.820156836e-04
15.810000,-4.373352432e-04
15.815000,-3.054211644e-04
15.820000,-1.846767150e-04
15.825000,-6.991469520e-05
15.830000,4.296934444e-05
15.835000,1.521493246e-04
15.840000,2.477170265e-04
15.845000,3.136898209e-04
15.850000,3.333623613e-04
15.855000,2.954206529e-04
15.860000,1.980042524e-04
15.865000,4.921996845e-05
15.870000,-1.354584211e-04
15.875000,-3.371359651e-04
15.880000,-5.369586596e-04
15.885000,-7.182397425e-04
15.890000,-8.675431270e-04
15.895000,-9.755050414e-04
15.900000,-1.037792818e-03
15.905000,-1.055815543e-03
15.910000,-1.036341205e-03
15.915000,-9.894631602e-04
15.920000,-9.252326501e-04
15.925000,-8.501455655e-04
15.930000,-7.649629076e-04
15.935000,-6.648642357e-04
15.940000,-5.419483621e-04
15.945000,-3.891104052e-04
15.950000,-2.037750886e-04
15.955000,9.963868494e-06
15.960000,2.416312503e-04
15.965000,4.769877638e-04
15.970000,7.019544552e-04
15.975000,9.062472533e-04
15.980000,1.085195078e-03
15.985000,1.239008200e-03
15.990000,1.370000709e-03
15.995000,1.479346229e-03
16.000000,1.565215722e-03
16.005000,1.623350775e-03
16.010000,1.649652225e-03
16.015000,1.643097284e-03
16.020000,1.607082243e-03
16.025000,1.548330001e-03
16.030000,1.474159325e-03
16.035000,1.390070400e-03
16.040000,1.299425024e-03
16.045000,1.205549309e-03
16.050000,1.114824037e-03
16.055000,1.038477386e-03
16.060000,9.914858766e-04
16.065000,9.887937548e-04
16.070000,1.040771850e-03
16.075000,1.150305249e-03
16.080000,1.312833336e-03
16.085000,1.518822702e-03
16.090000,1.756790288e-03
16.095000,2.014983982e-03
16.100000,2.281076416e-03
16.105000,2.540791952e-03
16.110000,2.777179130e-03
16.115000,2.971785362e-03
16.120000,3.107695036e-03
16.125000,3.173182470e-03
16.130000,3.164364768e-03
16.135000,3.085820958e-03
16.140000,2.949158931e-03
16.145000,2.770290572e-03
16.150000,2.566377493e-03
16.155000,2.353169673e-03
16.160000,2.143140869e-03
16.165000,1.944649900e-03
16.170000,1.762249096e-03
16.175000,1.598011888e-03
16.180000,1.453324882e-03
16.185000,1.330248970e-03
16.190000,1.231665975e-03
16.195000,1.160100250e-03
16.200000,1.115991769e-03
16.205000,1.096680982e-03
16.210000,1.097019650e-03
16.215000,1.111488878e-03
16.220000,1.136662442e-03
16.225000,1.172545703e-03
16.230000,1.222001003e-03
16.235000,1.288680322e-03
16.240000,1.374768743e-03
16.245000,1.479774428e-03
16.250000,1.600665107e-03
16.255000,1.732582844e-03
16.260000,1.869004490e-03
16.265000,2.000853743e-03
16.270000,2.115232584e-03
16.275000,2.195212886e-03
16.280000,2.221846323e-03
16.285000,2.178298051e-03
16.290000,2.054585806e-03
16.295000,1.850769073e-03
16.300000,1.577036404e-03
16.305000,1.250632667e-03
16.310000,8.910557746e-04
16.315000,5.155967277e-04
16.320000,1.368358434e-04
16.325000,-2.374531240e-04
16.330000,-6.026705805e-04
16.335000,-9.552464142e-04
16.340000,-1.291033584e-03
16.345000,-1.604720482e-03
16.350000,-1.890181364e-03
16.355000,-2.141386566e-03
16.360000,-2.353471590e-03
16.365000,-2.523682322e-03
16.370000,-2.652039975e-03
16.375000,-2.741644210e-03
16.380000,-2.798553310e-03
16.385000,-2.831164267e-03
16.390000,-2.849003896e-03
16.395000,-2.860912210e-03
16.400000,-2.872829061e-03
16.405000,-2.885761746e-03
16.410000,-2.894816354e-03
16.415000,-2.890111047e-03
16.420000,-2.859765100e-03
16.425000,-2.794139271e-03
16.430000,-2.689637386e-03
16.435000,-2.550297748e-03
16.440000,-2.386357622e-03
16.445000,-2.210543078e-03
16.450000,-2.034088256e-03
16.455000,-1.864569251e-03
16.460000,-1.706404655e-03
16.465000,-1.563087351e-03
16.470000,-1.439078751e-03
16.475000,-1.339637275e-03
16.480000,-1.268472409e-03
16.485000,-1.224879977e-03
16.490000,-1.202627401e-03
16.495000,-1.191807753e-03
16.500000,-1.182856055e-03
16.505000,-1.170352694e-03
16.510000,-1.154278902e-03
16.515000,-1.138055848e-03
16.520000,-1.124836234e-03
16.525000,-1.114621414e-03
16.530000,-1.104086775e-03
16.535000,-1.089045930e-03
16.540000,-1.067691341e-03
16.545000,-1.042369939e-03
16.550000,-1.018860818e-03
16.555000,-1.003924469e-03
16.560000,-1.002919855e-03
16.565000,-1.018845067e-03
16.570000,-1.052735821e-03
16.575000,-1.104189804e-03
16.580000,-1.170849596e-03
16.585000,-1.246899164e-03
16.590000,-1.321945525e-03
16.595000,-1.381879301e-03
16.600000,-1.412106570e-03
16.605000,-1.401766167e-03
16.610000,-1.346587046e-03
16.615000,-1.248747690e-03
16.620000,-1.114065244e-03
16.625000,-9.486532510e-04
16.630000,-7.574769078e-04
16.635000,-5.457363309e-04
16.640000,-3.217942998e-04
16.645000,-9.907154284e-05
16.650000,1.050621660e-04
16.655000,2.732911477e-04
16.660000,3.931003434e-04
16.665000,4.595982832e-04
16.670000,4.751062952e-04
16.675000,4.463977860e-04
16.680000,3.818725959e-04
16.685000,2.905595128e-04
16.690000,1.830216754e-04
16.695000,7.243188945e-05
16.700000,-2.629733988e-05
16.705000,-1.000684207e-04
16.710000,-1.424321328e-04
16.715000,-1.569489378e-04
16.720000,-1.567827079e-04
16.725000,-1.602166106e-04
16.730000,-1.839879615e-04
16.735000,-2.373804621e-04
16.740000,-3.193686299e-04
16.745000,-4.193887620e-04
16.750000,-5.206980389e-04
16.755000,-6.046540167e-04
16.760000,-6.546296318e-04
16.765000,-6.590187830e-04
16.770000,-6.131948416e-04
16.775000,-5.202023542e-04
16.780000,-3.898043406e-04
16.785000,-2.357843511e-04
16.790000,-7.217868061e-05
16.795000,9.012131751e-05
16.800000,2.448895833e-04
16.805000,3.895909843e-04
16.810000,5.226842666e-04
16.815000,6.409670916e-04
16.820000,7.386392316e-04
16.825000,8.086353916e-04
16.830000,8.453750430e-04
16.835000,8.473141238e-04
16.840000,8.179920946e-04
16.845000,7.653140000e-04
16.850000,6.997935669e-04
16.855000,6.327660369e-04
16.860000,5.751190066e-04
16.865000,5.364062582e-04
16.870000,5.239133905e-04
16.875000,5.415371093e-04
16.880000,5.888866544e-04
16.885000,6.612619332e-04
16.890000,7.508218421e-04
16.895000,8.485556240e-04
16.900000,9.461628741e-04
16.905000,1.037051794e-03
16.910000,1.116314404e-03
16.915000,1.180230466e-03
16.920000,1.226056876e-03
16.925000,1.252441971e-03
16.930000,1.260132383e-03
16.935000,1.252279504e-03
16.940000,1.233904289e-03
16.945000,1.210731368e-03
16.950000,1.188104437e-03
16.955000,1.170604761e-03
16.960000,1.162356140e-03
16.965000,1.167323461e-03
16.970000,1.188780262e-03
16.975000,1.227717492e-03
16.980000,1.280902665e-03
16.985000,1.339883031e-03
16.990000,1.391972150e-03
16.995000,1.423257815e-03
17.000000,1.422539965e-03
17.005000,1.384565650e-03
17.010000,1.311292126e-03
17.015000,1.210901912e-03
17.020000,1.095270556e-03
17.025000,9.770020448e-04
17.030000,8.669031289e-04
17.035000,7.722207908e-04
17.040000,6.955950951e-04
17.045000,6.347046511e-04
17.050000,5.828255021e-04
17.055000,5.305930319e-04
17.060000,4.688958508e-04
17.065000,3.921650545e-04
17.070000,3.007966455e-04
17.075000,2.015102754e-04
17.080000,1.052211919e-04
17.085000,2.314685159e-05
17.090000,-3.722509878e-05
17.095000,-7.453404670e-05
17.100000,-9.326508788e-05
17.105000,-1.009976633e-04
17.110000,-1.045400925e-04
17.115000,-1.067846110e-04
17.120000,-1.057120379e-04
17.125000,-9.590982457e-05
17.130000,-7.177617706e-05
17.135000,-3.083977777e-05
17.140000,2.433412779e-05
17.145000,8.641111338e-05
17.150000,1.454047277e-04
17.155000,1.914823552e-04
17.160000,2.171240391e-04
17.165000,2.178373927e-04
17.170000,1.915412286e-04
17.175000,1.374692731e-04
17.180000,5.559080250e-05
17.185000,-5.295363020e-05
17.190000,-1.846988287e-04
17.195000,-3.328538148e-04
17.200000,-4.873147276e-04
17.205000,-6.359959392e-04
17.210000,-7.670582104e-04
17.215000,-8.711807580e-04
17.220000,-9.431126814e-04
17.225000,-9.822081138e-04
17.230000,-9.921261747e-04
17.235000,-9.800495398e-04
17.240000,-9.556188621e-04
17.245000,-9.295444432e-04
17.250000,-9.118359667e-04
17.255000,-9.098634184e-04
17.260000,-9.268098322e-04
17.265000,-9.611587026e-04
17.270000,-1.007501671e-03
17.275000,-1.058320368e-03
17.280000,-1.105901824e-03
17.285000,-1.143549108e-03
17.290000,-1.165774486e-03
17.295000,-1.167863609e-03
17.300000,-1.145593307e-03
17.305000,-1.095702179e-03
17.310000,-1.017091467e-03
17.315000,-9.121193880e-04
17.320000,-7.871737968e-04
17.325000,-6.520732772e-04
17.330000,-5.184813506e-04
17.335000,-3.979852489e-04
17.340000,-3.005115741e-04
17.345000,-2.333900065e-04
17.350000,-2.009538052e-04
17.355000,-2.043910593e-04
17.360000,-2.416970440e-04
17.365000,-3.078248340e-04
17.370000,-3.952190223e-04
17.375000,-4.947466668e-04
17.380000,-5.967640412e-04
17.385000,-6.919453127e-04
17.390000,-7.716912451e-04
17.395000,-8.283081182e-04
17.400000,-8.553934931e-04
17.405000,-8.487450056e-04
17.410000,-8.076552945e-04
17.415000,-7.359815763e-04
17.420000,-6.422498234e-04
17.425000,-5.384166849e-04
17.430000,-4.375681395e-04
17.435000,-3.513686607e-04
17.440000,-2.881496512e-04
17.445000,-2.521128626e-04
17.450000,-2.435168002e-04
17.455000,-2.593108836e-04
17.460000,-2.937094374e-04
17.465000,-3.385677292e-04
17.470000,-3.838218488e-04
17.475000,-4.183815534e-04
17.480000,-4.316374250e-04
17.485000,-4.153322402e-04
17.490000,-3.652350446e-04
17.495000,-2.820412770e-04
17.500000,-1.711983842e-04
17.505000,-4.175189495e-05
17.510000,9.538453440e-05
17.515000,2.292287595e-04
17.520000,3.501896611e-04
17.525000,4.509854634e-04
17.530000,5.270397962e-04
17.535000,5.765290634e-04
17.540000,6.002966681e-04
17.545000,6.017636851e-04
17.550000,5.867867608e-04
17.555000,5.632414276e-04
17.560000,5.400744350e-04
17.565000,5.257531481e-04
17.570000,5.263891504e-04
17.575000,5.441306099e-04
17.580000,5.764730368e-04
17.585000,6.168313578e-04
17.590000,6.561818568e-04
17.595000,6.851302515e-04
17.600000,6.956762435e-04
17.605000,6.822745554e-04
17.610000,6.422965180e-04
17.615000,5.763021554e-04
17.620000,4.884098674e-04
17.625000,3.865975845e-04
17.630000,2.823617706e-04
17.635000,1.891830364e-04
17.640000,1.197926136e-04
17.645000,8.300174043e-05
17.650000,8.133531157e-05
17.655000,1.105326853e-04
17.660000,1.611841406e-04
17.665000,2.218037818e-04
17.670000,2.820538516e-04
17.675000,3.349357920e-04
17.680000,3.774205925e-04
17.685000,4.097602613e-04
17.690000,4.341641588e-04
17.695000,4.534877784e-04
17.700000,4.702542354e-04
17.705000,4.860369346e-04
17.710000,5.011704848e-04
17.715000,5.148588711e-04
17.720000,5.257874225e-04
17.725000,5.331624892e-04
17.730000,5.377782552e-04
17.735000,5.425089493e-04
17.740000,5.517789798e-04
17.745000,5.700601511e-04
17.750000,5.999999782e-04
17.755000,6.410347028e-04
17.760000,6.891084324e-04
17.765000,7.375517760e-04
17.770000,7.786353995e-04
17.775000,8.051286807e-04
17.780000,8.114157923e-04
17.785000,7.941201549e-04
17.790000,7.524420907e-04
17.795000,6.883631927e-04
17.800000,6.066256458e-04
17.805000,5.142286002e-04
17.810000,4.192954749e-04
17.815000,3.295099195e-04
17.820000,2.506355552e-04
17.825000,1.856620865e-04
17.830000,1.348060482e-04
17.835000,9.614924705e-05
17.840000,6.643789879e-05
17.845000,4.166715669e-05
17.850000,1.743650846e-05
17.855000,-1.062405706e-05
17.860000,-4.606087170e-05
17.865000,-9.048422427e-05
17.870000,-1.426139731e-04
17.875000,-1.981265454e-04
17.880000,-2.506690151e-04
17.885000,-2.938144362e-04
17.890000,-3.231887525e-04
17.895000,-3.378511563e-04
17.900000,-3.403568070e-04
17.905000,-3.355656815e-04
17.910000,-3.288157169e-04
17.915000,-3.242648412e-04
17.920000,-3.239843992e-04
17.925000,-3.279504773e-04
17.930000,-3.347002124e-04
17.935000,-3.422646920e-04
17.940000,-3.490475253e-04
17.945000,-3.544598679e-04
17.950000,-3.592285146e-04
17.955000,-3.653377397e-04
17.960000,-3.756036019e-04
17.965000,-3.929663461e-04
17.970000,-4.197057501e-04
17.975000,-4.568516020e-04
17.980000,-5.039985474e-04
17.985000,-5.595465253e-04
17.990000,-6.211778711e-04
17.995000,-6.862849081e-04
18.000000,-7.521471552e-04
18.005000,-8.158738755e-04
18.010000,-8.743320381e-04
18.015000,-9.243298192e-04
18.020000,-9.631754218e-04
18.025000,-9.894624621e-04
18.030000,-1.003708494e-03
18.035000,-1.008438123e-03
18.040000,-1.007501163e-03
18.045000,-1.004766012e-03
18.050000,-1.002659109e-03
18.055000,-1.001161206e-03
18.060000,-9.977323054e-04
18.065000,-9.882623707e-04
18.070000,-9.686962259e-04
18.075000,-9.366696347e-04
18.080000,-8.924785624e-04
18.085000,-8.390062861e-04
18.090000,-7.807121171e-04
18.095000,-7.221998529e-04
18.100000,-6.670188897e-04
18.105000,-6.171422931e-04
18.110000,-5.731462698e-04
18.115000,-5.347405738e-04
18.120000,-5.011940132e-04
18.125000,-4.714118684e-04
18.130000,-4.437888073e-04
18.135000,-4.162102571e-04
18.140000,-3.865119169e-04
18.145000,-3.533537667e-04
18.150000,-3.170601067e-04
18.155000,-2.798222050e-04
18.160000,-2.449116355e-04
18.165000,-2.151005552e-04
18.170000,-1.910063761e-04
18.175000,-1.702350371e-04
18.180000,-1.478575116e-04
18.185000,-1.180865025e-04
18.190000,-7.639766758e-05
18.195000,-2.111489239e-05
18.200000,4.622790712e-05
18.205000,1.218040467e-04
18.210000,2.011360377e-04
18.215000,2.806430079e-04
18.220000,3.584565092e-04
18.225000,4.343395288e-04
18.230000,5.090066888e-04
18.235000,5.833477802e-04
18.240000,6.579393459e-04
18.245000,7.329259973e-04
18.250000,8.080892258e-04
18.255000,8.828594629e-04
18.260000,9.561734187e-04
18.265000,1.026297107e-03
18.270000,1.090850098e-03
18.275000,1.147184726e-03
18.280000,1.193044028e-03
18.285000,1.227200698e-03
18.290000,1.249725742e-03
18.295000,1.261704464e-03
18.300000,1.264518053e-03
18.305000,1.259058043e-03
18.310000,1.245278490e-03
18.315000,1.222286771e-03
18.320000,1.188854182e-03
18.325000,1.143997731e-03
18.330000,1.087296289e-03
18.335000,1.018849008e-03
18.340000,9.390895887e-04
18.345000,8.488107806e-04
18.350000,7.496064991e-04
18.355000,6.445812039e-04
18.360000,5.388495286e-04
18.365000,4.393043026e-04
18.370000,3.534506576e-04
18.375000,2.876263873e-04
18.380000,2.453358389e-04
18.385000,2.264437618e-04
18.390000,2.275659269e-04
18.395000,2.433864644e-04
18.400000,2.681913727e-04
18.405000,2.968960929e-04
18.410000,3.252527927e-04
18.415000,3.494757453e-04
18.420000,3.658642818e-04
18.425000,3.709274397e-04
18.430000,3.620976050e-04
18.435000,3.386551243e-04
18.440000,3.022795995e-04
18.445000,2.568164812e-04
18.450000,2.072680534e-04
18.455000,1.584105326e-04
18.460000,1.135782083e-04
18.465000,7.400503242e-05
18.470000,3.882092617e-05
18.475000,5.563802835e-06
18.480000,-2.900688857e-05
18.485000,-6.796766156e-05
18.490000,-1.132952807e-04
18.495000,-1.651142921e-04
18.500000,-2.213738852e-04
18.505000,-2.781718471e-04
18.510000,-3.307350742e-04
18.515000,-3.747408265e-04
18.520000,-4.074158003e-04
18.525000,-4.278797390e-04
18.530000,-4.365536961e-04
18.535000,-4.339624582e-04
18.540000,-4.196292147e-04
18.545000,-3.917484108e-04
18.550000,-3.479091403e-04
18.555000,-2.865515505e-04
18.560000,-2.084119396e-04
18.565000,-1.171959127e-04
18.570000,-1.911948148e-05
18.575000,7.845861585e-05
18.580000,1.686530873e-04
18.585000,2.461959649e-04
18.590000,3.077095201e-04
18.595000,3.512089817e-04
18.600000,3.753268175e-04
18.605000,3.788305370e-04
18.610000,3.607587843e-04
18.615000,3.210873189e-04
18.620000,2.614954448e-04
18.625000,1.857179262e-04
18.630000,9.917434791e-05
18.635000,7.947435970e-06
18.640000,-8.247320729e-05
18.645000,-1.681395767e-04
18.650000,-2.469024341e-04
18.655000,-3.179504313e-04
18.660000,-3.809655684e-04
18.665000,-4.353989083e-04
18.670000,-4.802587277e-04
18.675000,-5.144788378e-04
18.680000,-5.375869400e-04
18.685000,-5.502219303e-04
18.690000,-5.541481656e-04
18.695000,-5.517154703e-04
18.700000,-5.450311998e-04
18.705000,-5.352604033e-04
18.710000,-5.223807268e-04
18.715000,-5.054678912e-04
18.720000,-4.833394661e-04
18.725000,-4.552753964e-04
18.730000,-4.215868973e-04
18.735000,-3.839345441e-04
18.740000,-3.453871575e-04
18.745000,-3.102171803e-04
18.750000,-2.833961082e-04
18.755000,-2.697804589e-04
18.760000,-2.731093516e-04
18.765000,-2.951059129e-04
18.770000,-3.350491482e-04
18.775000,-3.900545072e-04
18.780000,-4.559932214e-04
18.785000,-5.286550694e-04
18.790000,-6.046219705e-04
18.795000,-6.814779897e-04
18.800000,-7.573588263e-04
18.805000,-8.302180338e-04
18.810000,-8.973293046e-04
18.815000,-9.553692896e-04
18.820000,-1.001049418e-03
18.825000,-1.031928109e-03
18.830000,-1.046943462e-03
18.835000,-1.046402894e-03
18.840000,-1.031508260e-03
18.845000,-1.003758379e-03
18.850000,-9.645976373e-04
18.855000,-9.154730888e-04
18.860000,-8.581725562e-04
18.865000,-7.951297954e-04
18.870000,-7.294049761e-04
18.875000,-6.642473927e-04
18.880000,-6.023904001e-04
18.885000,-5.453764282e-04
18.890000,-4.931967045e-04
18.895000,-4.443862334e-04
18.900000,-3.965283123e-04
18.905000,-3.469811763e-04
18.910000,-2.935863708e-04
18.915000,-2.351517470e-04
18.920000,-1.715932583e-04
18.925000,-1.037353684e-04
18.930000,-3.287806484e-05
18.935000,3.969170047e-05
18.940000,1.130606781e-04
18.945000,1.868042893e-04
18.950000,2.608509058e-04
18.955000,3.351993403e-04
18.960000,4.096454657e-04
18.965000,4.836458740e-04
18.970000,5.563601407e-04
18.975000,6.268210017e-04
18.980000,6.941324782e-04
18.985000,7.576056346e-04
18.990000,8.167893959e-04
18.995000,8.714041998e-04
19.000000,9.212170588e-04
19.005000,9.659095934e-04
19.010000,1.004998066e-03
19.015000,1.037867375e-03
19.020000,1.063962081e-03
19.025000,1.083118961e-03
19.030000,1.095936622e-03
19.035000,1.104005412e-03
19.040000,1.109825678e-03
19.045000,1.116352436e-03
19.050000,1.126280690e-03
19.055000,1.141333034e-03
19.060000,1.161834360e-03
19.065000,1.186728753e-03
19.070000,1.213977500e-03
19.075000,1.241101317e-03
19.080000,1.265600501e-03
19.085000,1.285117610e-03
19.090000,1.297407414e-03
19.095000,1.300312250e-03
19.100000,1.291918143e-03
19.105000,1.270906974e-03
19.110000,1.236936843e-03
19.115000,1.190807890e-03
19.120000,1.134262080e-03
19.125000,1.069467857e-03
19.130000,9.984240937e-04
19.135000,9.225653381e-04
19.140000,8.427348285e-04
19.145000,7.594895172e-04
19.150000,6.735370714e-04
19.155000,5.860677879e-04
19.160000,4.988356767e-04
19.165000,4.139865935e-04
19.170000,3.337353790e-04
19.175000,2.600144516e-04
19.180000,1.941770086e-04
19.185000,1.367971744e-04
19.190000,8.760378196e-05
19.195000,4.559757794e-05
19.200000,9.382437457e-06
19.205000,-2.234286228e-05
19.210000,-5.030548887e-05
19.215000,-7.443630288e-05
19.220000,-9.408975903e-05
19.225000,-1.086931442e-04
19.230000,-1.185661163e-04
19.235000,-1.255042407e-04
19.240000,-1.327826207e-04
19.245000,-1.445010341e-04
19.250000,-1.645250855e-04
19.255000,-1.954894211e-04
19.260000,-2.382916158e-04
19.265000,-2.922368719e-04
19.270000,-3.556511778e-04
19.275000,-4.265646668e-04
19.280000,-5.030969979e-04
19.285000,-5.834176708e-04
19.290000,-6.654430855e-04
19.295000,-7.465854456e-04
19.300000,-8.238006498e-04
19.305000,-8.939555972e-04
19.310000,-9.543116305e-04
19.315000,-1.002849017e-03
19.320000,-1.038275120e-03
19.325000,-1.059774160e-03
19.330000,-1.066717428e-03
19.335000,-1.058554899e-03
19.340000,-1.034963148e-03
19.345000,-9.961409043e-04
19.350000,-9.430494057e-04
19.355000,-8.774437475e-04
19.360000,-8.016838976e-04
19.365000,-7.184415141e-04
19.370000,-6.304478567e-04
19.375000,-5.403580458e-04
19.380000,-4.507097675e-04
19.385000,-3.639104406e-04
19.390000,-2.822183515e-04
19.395000,-2.077411870e-04
19.400000,-1.424870750e-04
19.405000,-8.844171926e-05
19.410000,-4.756056986e-05
19.415000,-2.154799124e-05
19.420000,-1.139905767e-05
19.425000,-1.686136773e-05
19.430000,-3.611052411e-05
19.435000,-6.590342430e-05
19.440000,-1.022568007e-04
19.445000,-1.414050473e-04
19.450000,-1.806024658e-04
19.455000,-2.183834279e-04
19.460000,-2.541690896e-04
19.465000,-2.874559589e-04
19.470000,-3.170364948e-04
19.475000,-3.406637258e-04
19.480000,-3.553162002e-04
19.485000,-3.579084852e-04
19.490000,-3.461037106e-04
19.495000,-3.188997655e-04
19.500000,-2.768277135e-04
19.505000,-2.217902715e-04
19.510000,-1.566726170e-04
19.515000,-8.485955629e-05
19.520000,-9.752831949e-06
19.525000,6.563163977e-05
19.530000,1.388852240e-04
19.535000,2.081437475e-04
19.540000,2.717176099e-04
19.545000,3.275503363e-04
19.550000,3.727886368e-04
19.555000,4.037657485e-04
19.560000,4.165358570e-04
19.565000,4.078185575e-04
19.570000,3.759786398e-04
19.575000,3.216270391e-04
19.580000,2.476165276e-04
19.585000,1.585080154e-04
19.590000,5.981384284e-05
19.595000,-4.265178851e-05
19.600000,-1.431612714e-04
19.605000,-2.362832910e-04
19.610000,-3.171211237e-04
19.615000,-3.817185733e-04
19.620000,-4.275730727e-04
19.625000,-4.540219157e-04
19.630000,-4.622565854e-04
19.635000,-4.548898738e-04
19.640000,-4.352393483e-04
19.645000,-4.066380584e-04
19.650000,-3.720422952e-04
19.655000,-3.340081813e-04
19.660000,-2.948874026e-04
19.665000,-2.569885275e-04
19.670000,-2.225187802e-04
19.675000,-1.933009132e-04
19.680000,-1.704245678e-04
19.685000,-1.540382974e-04
19.690000,-1.434018320e-04
19.695000,-1.371693688e-04
19.700000,-1.337636454e-04
19.705000,-1.316874204e-04
19.710000,-1.296919240e-04
19.715000,-1.268175528e-04
19.720000,-1.223767557e-04
19.725000,-1.159401162e-04
19.730000,-1.073386903e-04
19.735000,-9.665325739e-05
19.740000,-8.415391877e-05
19.745000,-7.017954514e-05
19.750000,-5.498184982e-05
19.755000,-3.857968413e-05
19.760000,-2.066815479e-05
19.765000,-6.123448108e-07
19.770000,2.246247107e-05
19.775000,4.949003441e-05
19.780000,8.121878661e-05
19.785000,1.179559034e-04
19.790000,1.593702885e-04
19.795000,2.044218906e-04
19.800000,2.514507447e-04
19.805000,2.984042817e-04
19.810000,3.431325600e-04
19.815000,3.836663397e-04
19.820000,4.184219054e-04
19.825000,4.463307447e-04
19.830000,4.669343936e-04
19.835000,4.804828277e-04
19.840000,4.880250198e-04
19.845000,4.914145542e-04
19.850000,4.931229465e-04
19.855000,4.957979970e-04
19.860000,5.016219788e-04
19.865000,5.116626612e-04
19.870000,5.254885189e-04
19.875000,5.412727066e-04
19.880000,5.564320090e-04
19.885000,5.686061036e-04
19.890000,5.765980774e-04
19.895000,5.808773220e-04
19.900000,5.834228538e-04
19.905000,5.869847050e-04
19.910000,5.941124367e-04
19.915000,6.063952016e-04
19.920000,6.242198989e-04
19.925000,6.470574531e-04
19.930000,6.740021386e-04
19.935000,7.041820357e-04
19.940000,7.367907466e-04
19.945000,7.707742600e-04
19.950000,8.044585645e-04
19.955000,8.354584099e-04
19.960000,8.610271275e-04
19.965000,8.787077176e-04
19.970000,8.869241939e-04
19.975000,8.851600601e-04
19.980000,8.736110017e-04
19.985000,8.525223794e-04
19.990000,8.216230905e-04
19.995000,7.800163621e-04
20.000000,7.266153185e-04
20.005000,6.608857717e-04
20.010000,5.834788022e-04
20.015000,4.964037018e-04
20.020000,4.026553280e-04
20.025000,3.055030921e-04
20.030000,2.078017762e-04
20.035000,1.116258691e-04
20.040000,1.831842915e-05
20.045000,-7.117890207e-05
20.050000,-1.559612602e-04
20.055000,-2.349691061e-04
20.060000,-3.070391408e-04
20.065000,-3.711242891e-04
20.070000,-4.265390177e-04
20.075000,-4.731061117e-04
20.080000,-5.111575987e-04
20.085000,-5.414236194e-04
20.090000,-5.648900847e-04
20.095000,-5.827061631e-04
20.100000,-5.961835884e-04
20.105000,-6.068696751e-04
20.110000,-6.166191153e-04
20.115000,-6.275639570e-04
20.120000,-6.419088153e-04
20.125000,-6.615592250e-04
20.130000,-6.876912045e-04
20.135000,-7.204316315e-04
20.140000,-7.587935399e-04
20.145000,-8.008971065e-04
20.150000,-8.443650029e-04
20.155000,-8.866987104e-04
20.160000,-9.254798929e-04
20.165000,-9.583810189e-04
20.170000,-9.831208215e-04
20.175000,-9.975546440e-04
20.180000,-9.999986140e-04
20.185000,-9.897018686e-04
20.190000,-9.672269226e-04
20.195000,-9.344882871e-04
20.200000,-8.943553712e-04
20.205000,-8.499566914e-04
20.210000,-8.039827037e-04
20.215000,-7.582715934e-04
20.220000,-7.137869932e-04
20.225000,-6.708755301e-04
20.230000,-6.295670402e-04
20.235000,-5.897213672e-04
20.240000,-5.509868650e-04
20.245000,-5.126931005e-04
20.250000,-4.738430937e-04
20.255000,-4.332790792e-04
20.260000,-3.899503012e-04
20.265000,-3.431275344e-04
20.270000,-2.924505507e-04
20.275000,-2.378270078e-04
20.280000,-1.793195145e-04
20.285000,-1.171671832e-04
20.290000,-5.197587333e-05
20.295000,1.504301872e-05
20.300000,8.198763776e-05
20.305000,1.464808946e-04
20.310000,2.061671293e-04
20.315000,2.593026661e-04
20.320000,3.051877829e-04
20.325000,3.442648929e-04
20.330000,3.778741346e-04
20.335000,4.078091575e-04
20.340000,4.358689760e-04
20.345000,4.635439592e-04
20.350000,4.918626567e-04
20.355000,5.213408781e-04
20.360000,5.519615183e-04
20.365000,5.831610813e-04
20.370000,6.138553371e-04
20.375000,6.425543502e-04
20.380000,6.675854122e-04
20.385000,6.873884081e-04
20.390000,7.008104456e-04
20.395000,7.073250764e-04
20.400000,7.071272919e-04
20.405000,7.010856594e-04
20.410000,6.905537776e-04
20.415000,6.770609347e-04
20.420000,6.619316205e-04
20.425000,6.459271351e-04
20.430000,6.290362237e-04
20.435000,6.105280090e-04
20.440000,5.892983753e-04
20.445000,5.644113588e-04
20.450000,5.356223306e-04
20.455000,5.036412044e-04
20.460000,4.699862880e-04
20.465000,4.364617484e-04
20.470000,4.044764587e-04
20.475000,3.745108746e-04
20.480000,3.459785027e-04
20.485000,3.175448018e-04
20.490000,2.877514475e-04
20.495000,2.556574243e-04
20.500000,2.212171075e-04
20.505000,1.852576861e-04
20.510000,1.491129673e-04
20.515000,1.141149870e-04
20.520000,8.117174641e-05
20.525000,5.057138906e-05
20.530000,2.201501889e-05
20.535000,-5.223750841e-06
20.540000,-3.213183378e-05
20.545000,-5.983929146e-05
20.550000,-8.952294146e-05
20.555000,-1.222592465e-04
20.560000,-1.587856180e-04
20.565000,-1.992118387e-04
20.570000,-2.427980650e-04
20.575000,-2.879263736e-04
20.580000,-3.323235037e-04
20.585000,-3.734793219e-04
20.590000,-4.091135202e-04
20.595000,-4.375251193e-04
20.600000,-4.577241989e-04
20.605000,-4.693534200e-04
20.610000,-4.724966192e-04
20.615000,-4.674969843e-04
20.620000,-4.548634645e-04
20.625000,-4.352667022e-04
20.630000,-4.095654081e-04
20.635000,-3.787945715e-04
20.640000,-3.440870977e-04
20.645000,-3.065587828e-04
20.650000,-2.672227473e-04
20.655000,-2.269893386e-04
20.660000,-1.867560228e-04
20.665000,-1.475289590e-04
20.670000,-1.104817586e-04
20.675000,-7.687267190e-05
20.680000,-4.780777726e-05
20.685000,-2.392518568e-05
20.690000,-5.138546017e-06
20.695000,9.422134878e-06
20.700000,2.120922824e-05
20.705000,3.185354062e-05
20.710000,4.272269582e-05
20.715000,5.463847583e-05
20.720000,6.787783127e-05
20.725000,8.243557405e-05
20.730000,9.838232404e-05
20.735000,1.160939459e-04
20.740000,1.361994880e-04
20.745000,1.592600528e-04
20.750000,1.853567791e-04
20.755000,2.138314068e-04
20.760000,2.433438475e-04
20.765000,2.722319167e-04
20.770000,2.989867753e-04
20.775000,3.225983458e-04
20.780000,3.426124873e-04
20.785000,3.589178748e-04
20.790000,3.714327993e-04
20.795000,3.798975042e-04
20.800000,3.838827090e-04
20.805000,3.829712326e-04
20.810000,3.769621365e-04
20.815000,3.659518846e-04
20.820000,3.502498948e-04
20.825000,3.302061935e-04
20.830000,3.060809908e-04
20.835000,2.780393024e-04
20.840000,2.462507744e-04
20.845000,2.109959188e-04
20.850000,1.726826272e-04
20.855000,1.317550990e-04
20.860000,8.856921269e-05
20.865000,4.334378409e-05
20.870000,-3.750511139e-06
20.875000,-5.239912429e-05
20.880000,-1.019599841e-04
20.885000,-1.514047991e-04
20.890000,-1.994339874e-04
20.895000,-2.447194213e-04
20.900000,-2.861667653e-04
20.905000,-3.230902958e-04
20.910000,-3.552464784e-04
20.915000,-3.827399897e-04
20.920000,-4.058618520e-04
20.925000,-4.249312495e-04
20.930000,-4.401985737e-04
20.935000,-4.518403067e-04
20.940000,-4.600426134e-04
20.945000,-4.651321411e-04
20.950000,-4.676794258e-04
20.955000,-4.684938059e-04
20.960000,-4.684681753e-04
20.965000,-4.683121459e-04
20.970000,-4.682938293e-04
20.975000,-4.681375951e-04
20.980000,-4.671642695e-04
20.985000,-4.646321436e-04
20.990000,-4.601141672e-04
20.995000,-4.537098069e-04
21.000000,-4.459726168e-04
21.005000,-4.375934220e-04
21.010000,-4.290174421e-04
21.015000,-4.202044330e-04
21.020000,-4.106459537e-04
21.025000,-3.995975892e-04
21.030000,-3.863688500e-04
21.035000,-3.705089980e-04
21.040000,-3.518231395e-04
21.045000,-3.302716426e-04
21.050000,-3.058617929e-04
21.055000,-2.786038648e-04
21.060000,-2.485189333e-04
21.065000,-2.156319768e-04
21.070000,-1.799091901e-04
21.075000,-1.411797661e-04
21.080000,-9.914335574e-05
21.085000,-5.353840627e-05
21.090000,-4.435355494e-06
21.095000,4.750117119e-05
21.100000,1.009680943e-04
21.105000,1.542843012e-04
21.110000,2.058629580e-04
21.115000,2.546606782e-04
21.120000,3.003647827e-04
21.125000,3.432266154e-04
21.130000,3.836560519e-04
21.135000,4.218273446e-04
21.140000,4.575241153e-04
21.145000,4.902910172e-04
21.150000,5.197693886e-04
21.155000,5.459950125e-04
21.160000,5.694806386e-04
21.165000,5.910495686e-04
21.170000,6.115267518e-04
21.175000,6.314454709e-04
21.180000,6.508784696e-04
21.185000,6.694096890e-04
21.190000,6.862008787e-04
21.195000,7.001088326e-04
21.200000,7.098462680e-04
21.205000,7.141970064e-04
21.210000,7.122644000e-04
21.215000,7.036756920e-04
21.220000,6.886432096e-04
21.225000,6.678362173e-04
21.230000,6.421248344e-04
21.235000,6.123458526e-04
21.240000,5.792355091e-04
21.245000,5.435628228e-04
21.250000,5.063460125e-04
21.255000,4.689504468e-04
21.260000,4.329203628e-04
21.265000,3.995670965e-04
21.270000,3.695171127e-04
21.275000,3.424896631e-04
21.280000,3.174699357e-04
21.285000,2.932227014e-04
21.290000,2.688870046e-04
21.295000,2.443328010e-04
21.300000,2.200865398e-04
21.305000,1.968716763e-04
21.310000,1.750217027e-04
21.315000,1.540870037e-04
21.320000,1.328433003e-04
21.325000,1.096921451e-04
21.330000,8.324855590e-05
21.335000,5.283837376e-05
21.340000,1.870052396e-05
21.345000,-1.815099907e-05
21.350000,-5.629774277e-05
21.355000,-9.433858919e-05
21.360000,-1.312033639e-04
21.365000,-1.662818805e-04
21.370000,-1.993813598e-04
21.375000,-2.305805386e-04
21.380000,-2.600600429e-04
21.385000,-2.879692226e-04
21.390000,-3.143593547e-04
21.395000,-3.391846344e-04
21.400000,-3.623496273e-04
21.405000,-3.837663257e-04
21.410000,-4.033799267e-04
21.415000,-4.211354170e-04
21.420000,-4.368869243e-04
21.425000,-4.502879713e-04
21.430000,-4.607248079e-04
21.435000,-4.673505862e-04
21.440000,-4.692419814e-04
21.445000,-4.656457807e-04
21.450000,-4.562360659e-04
21.455000,-4.412864993e-04
21.460000,-4.216865682e-04
21.465000,-3.987861743e-04
21.470000,-3.741159737e-04
21.475000,-3.490747601e-04
21.480000,-3.246825631e-04
21.485000,-3.014680887e-04
21.490000,-2.795064238e-04
21.495000,-2.585703245e-04
21.500000,-2.383261341e-04
21.505000,-2.185028123e-04
21.510000,-1.989856538e-04
21.515000,-1.798215408e-04
21.520000,-1.611546179e-04
21.525000,-1.431298376e-04
21.530000,-1.258045765e-04
21.535000,-1.090991671e-04
21.540000,-9.280127192e-05
21.545000,-7.662099512e-05
21.550000,-6.027685837e-05
21.555000,-4.358135399e-05
21.560000,-2.649389283e-05
21.565000,-9.121967561e-06
21.570000,8.324648943e-06
21.575000,2.559784396e-05
21.580000,4.245510575e-05
21.585000,5.865963215e-05
21.590000,7.394540095e-05
21.595000,8.798730258e-05
21.600000,1.004232193e-04
21.605000,1.109466005e-04
21.610000,1.194371834e-04
21.615000,1.260555640e-04
21.620000,1.312261327e-04
21.625000,1.354822793e-04
21.630000,1.392250976e-04
21.635000,1.425073017e-04
21.640000,1.449574549e-04
21.645000,1.458969685e-04
21.650000,1.446046889e-04
21.655000,1.406059027e-04
21.660000,1.338498424e-04
21.665000,1.247005793e-04
21.670000,1.137657017e-04
21.675000,1.016682967e-04
21.680000,8.888558753e-05
21.685000,7.572578973e-05
21.690000,6.242768876e-05
21.695000,4.929760443e-05
21.700000,3.678434745e-05
21.705000,2.543764843e-05
21.710000,1.576841888e-05
21.715000,8.086274004e-06
21.720000,2.400666140e-06
21.725000,-1.564758132e-06
21.730000,-4.255052446e-06
21.735000,-6.124719710e-06
21.740000,-7.513441494e-06
21.745000,-8.612832417e-06
21.750000,-9.535273965e-06
21.755000,-1.044870450e-05
21.760000,-1.171123813e-05
21.765000,-1.393723418e-05
21.770000,-1.795187794e-05
21.775000,-2.463479453e-05
21.780000,-3.469826732e-05
21.785000,-4.847403406e-05
21.790000,-6.578145547e-05
21.795000,-8.591840364e-05
21.800000,-1.077684109e-04
21.805000,-1.299764182e-04
21.810000,-1.511308122e-04
21.815000,-1.699063558e-04
21.820000,-1.851575558e-04
21.825000,-1.959811424e-04
21.830000,-2.017712134e-04
21.835000,-2.022708295e-04
21.840000,-1.975974988e-04
21.845000,-1.882106811e-04
21.850000,-1.748086752e-04
21.855000,-1.581798343e-04
21.860000,-1.390631057e-04
21.865000,-1.180720773e-04
21.870000,-9.570186585e-05
21.875000,-7.239029194e-05
21.880000,-4.857547906e-05
21.885000,-2.470156265e-05
21.890000,-1.166481780e-06
21.895000,2.174835379e-05
21.900000,4.390973061e-05
21.905000,6.529330095e-05
21.910000,8.589030518e-05
21.915000,1.056171071e-04
21.920000,1.242858766e-04
21.925000,1.416561077e-04
21.930000,1.575338810e-04
21.935000,1.718549934e-04
21.940000,1.847001530e-04
21.945000,1.962364657e-04
21.950000,2.066273068e-04
21.955000,2.159698531e-04
21.960000,2.242958731e-04
21.965000,2.316254273e-04
21.970000,2.380281834e-04
21.975000,2.436469345e-04
21.980000,2.486703477e-04
21.985000,2.532813262e-04
21.990000,2.576241278e-04
21.995000,2.618159113e-04
22.000000,2.659909455e-04
22.005000,2.703371772e-04
22.010000,2.750869564e-04
22.015000,2.804549904e-04
22.020000,2.865539625e-04
22.025000,2.933344759e-04
22.030000,3.005799571e-04
22.035000,3.079516886e-04
22.040000,3.150507586e-04
22.045000,3.214624398e-04
22.050000,3.267729907e-04
22.055000,3.305779550e-04
22.060000,3.325104730e-04
22.065000,3.322995062e-04
22.070000,3.298354611e-04
22.075000,3.252007567e-04
22.080000,3.186336820e-04
22.085000,3.104312129e-04
22.090000,3.008357064e-04
22.095000,2.899638814e-04
22.100000,2.778133839e-04
22.105000,2.643365579e-04
22.110000,2.495322026e-04
22.115000,2.334987151e-04
22.120000,2.164195813e-04
22.125000,1.984956790e-04
22.130000,1.798704837e-04
22.135000,1.605959345e-04
22.140000,1.406604536e-04
22.145000,1.200647106e-04
22.150000,9.890615886e-05
22.155000,7.743079370e-05
22.160000,5.602667820e-05
22.165000,3.515719747e-05
22.170000,1.525254951e-05
22.175000,-3.408684035e-06
22.180000,-2.079032056e-05
22.185000,-3.712707698e-05
22.190000,-5.287062300e-05
22.195000,-6.855964676e-05
22.200000,-8.465212315e-05
22.205000,-1.013799404e-04
22.210000,-1.186832826e-04
22.215000,-1.362508337e-04
22.220000,-1.536450779e-04
22.225000,-1.704541962e-04
22.230000,-1.864044474e-04
22.235000,-2.013931336e-04
22.240000,-2.154455929e-04
22.245000,-2.286339311e-04
22.250000,-2.410022634e-04
22.255000,-2.525244235e-04
22.260000,-2.630934831e-04
22.265000,-2.725281741e-04
22.270000,-2.805864813e-04
22.275000,-2.869911404e-04
22.280000,-2.914779327e-04
22.285000,-2.938661146e-04
22.290000,-2.941284653e-04
22.295000,-2.924251370e-04
22.300000,-2.890754979e-04
22.305000,-2.844730519e-04
22.310000,-2.789807740e-04
22.315000,-2.728551454e-04
22.320000,-2.662282798e-04
22.325000,-2.591415364e-04
22.330000,-2.515959212e-04
22.335000,-2.435831565e-04
22.340000,-2.350851618e-04
22.345000,-2.260588105e-04
22.350000,-2.164342857e-04
22.355000,-2.061411168e-04
22.360000,-1.951487647e-04
22.365000,-1.834914228e-04
22.370000,-1.712542081e-04
22.375000,-1.585247866e-04
22.380000,-1.453396722e-04
22.385000,-1.316582362e-04
22.390000,-1.173773743e-04
22.395000,-1.023724203e-04
22.400000,-8.653723646e-05
22.405000,-6.980741886e-05
22.410000,-5.217356473e-05
22.415000,-3.370395396e-05
22.420000,-1.458392876e-05
22.425000,4.849065991e-06
22.430000,2.411485624e-05
22.435000,4.267175736e-05
22.440000,6.005382638e-05
22.445000,7.600224222e-05
22.450000,9.051592506e-05
22.455000,1.037833275e-04
22.460000,1.160257726e-04
22.465000,1.273392556e-04
22.470000,1.376268718e-04
22.475000,1.466612855e-04
22.480000,1.542383855e-04
22.485000,1.603297771e-04
22.490000,1.651467413e-04
22.495000,1.690860160e-04
22.500000,1.725980552e-04
22.505000,1.760556385e-04
22.510000,1.796851828e-04
22.515000,1.835725655e-04
22.520000,1.877088386e-04
22.525000,1.920294340e-04
22.530000,1.964242423e-04
22.535000,2.007296728e-04
22.540000,2.047285041e-04
22.545000,2.081703578e-04
22.550000,2.108018291e-04
22.555000,2.123862677e-04
22.560000,2.127091551e-04
22.565000,2.115904340e-04
22.570000,2.089315353e-04
22.575000,2.047970794e-04
22.580000,1.994850541e-04
22.585000,1.935136085e-04
22.590000,1.874797334e-04
22.595000,1.818209707e-04
22.600000,1.765906490e-04
22.605000,1.713809599e-04
22.610000,1.654665216e-04
22.615000,1.581201226e-04
22.620000,1.489437619e-04
22.625000,1.380343995e-04
22.630000,1.258887278e-04
22.635000,1.130997177e-04
22.640000,1.000211378e-04
22.645000,8.659798387e-05
22.650000,7.246534163e-05
22.655000,5.726198050e-05
22.660000,4.098086629e-05
22.665000,2.415858763e-05
22.670000,7.797268687e-06
22.675000,-6.941696575e-06
22.680000,-1.911745215e-05
22.685000,-2.828363016e-05
22.690000,-3.454627500e-05
22.695000,-3.841053355e-05
22.700000,-4.051593559e-05
22.705000,-4.139117473e-05
22.710000,-4.132390134e-05
22.715000,-4.037064592e-05
22.720000,-3.846748811e-05
22.725000,-3.557036275e-05
22.730000,-3.175887714e-05
22.735000,-2.726634302e-05
22.740000,-2.243410293e-05
22.745000,-1.761716872e-05
22.750000,-1.308375677e-05
22.755000,-8.950636992e-06
22.760000,-5.179728239e-06
22.765000,-1.634347991e-06
22.770000,1.833127383e-06
22.775000,5.303753249e-06
22.780000,8.758588640e-06
22.785000,1.209847440e-05
22.790000,1.519843027e-05
22.795000,1.796363630e-05
22.800000,2.036013379e-05
22.805000,2.241380285e-05
22.810000,2.419068510e-05
22.815000,2.577760000e-05
22.820000,2.727298955e-05
22.825000,2.878410105e-05
22.830000,3.042045478e-05
22.835000,3.227947432e-05
22.840000,3.443122246e-05
22.845000,3.691352668e-05
22.850000,3.974055190e-05
22.855000,4.291330136e-05
22.860000,4.641345161e-05
22.865000,5.017201171e-05
22.870000,5.402731152e-05
22.875000,5.770571261e-05
22.880000,6.085552665e-05
22.885000,6.313625171e-05
22.890000,6.432719547e-05
22.895000,6.439800133e-05
22.900000,6.349683905e-05
22.905000,6.185612923e-05
22.910000,5.966487492e-05
22.915000,5.697939463e-05
22.920000,5.372421433e-05
22.925000,4.978275059e-05
22.930000,4.512464583e-05
22.935000,3.989533819e-05
22.940000,3.441596207e-05
22.945000,2.909308918e-05
22.950000,2.428638127e-05
22.955000,2.019991720e-05
22.960000,1.684251515e-05
22.965000,1.406001834e-05
22.970000,1.160574374e-05
22.975000,9.204773309e-06
22.980000,6.585405739e-06
22.985000,3.481184517e-06
22.990000,-3.717896799e-07
22.995000,-5.217834405e-06
23.000000,-1.123962504e-05
23.005000,-1.850898144e-05
23.010000,-2.695956463e-05
23.015000,-3.640238417e-05
23.020000,-4.658273801e-05
23.025000,-5.725442439e-05
23.030000,-6.823713153e-05
23.035000,-7.943125169e-05
23.040000,-9.078595481e-05
23.045000,-1.022391548e-04
23.050000,-1.136599642e-04
23.055000,-1.248198705e-04
23.060000,-1.354019030e-04
23.065000,-1.450378627e-04
23.070000,-1.533530669e-04
23.075000,-1.600008651e-04
23.080000,-1.646816513e-04
23.085000,-1.671536394e-04
23.090000,-1.672464580e-04
23.095000,-1.648818038e-04
23.100000,-1.600943604e-04
23.105000,-1.530407549e-04
23.110000,-1.439899133e-04
23.115000,-1.333009165e-04
23.120000,-1.214033489e-04
23.125000,-1.087906455e-04
23.130000,-9.601970102e-05
23.135000,-8.369257979e-05
23.140000,-7.239502733e-05
23.145000,-6.258899613e-05
23.150000,-5.449238913e-05
23.155000,-4.800477116e-05
23.160000,-4.273062142e-05
23.165000,-3.810831974e-05
23.170000,-3.359508166e-05
23.175000,-2.882115591e-05
23.180000,-2.363774361e-05
23.185000,-1.804087163e-05
23.190000,-1.202574350e-05
23.195000,-5.468546896e-06
23.200000,1.883010346e-06
23.205000,1.029585011e-05
23.210000,1.987770358e-05
23.215000,3.044796634e-05
23.220000,4.153683183e-05
23.225000,5.252563903e-05
23.230000,6.286382022e-05
23.235000,7.225881773e-05
23.240000,8.075488385e-05
23.245000,8.867879503e-05
23.250000,9.649587514e-05
23.255000,1.046518874e-04
23.260000,1.134634861e-04
23.265000,1.230784596e-04
23.270000,1.334869470e-04
23.275000,1.445486596e-04
23.280000,1.560112435e-04
23.285000,1.675165756e-04
23.290000,1.786071410e-04
23.295000,1.887458514e-04
23.300000,1.973546406e-04
23.305000,2.038699866e-04
23.310000,2.078120467e-04
23.315000,2.088644026e-04
23.320000,2.069561839e-04
23.325000,2.023260948e-04
23.330000,1.955371159e-04
23.335000,1.874143323e-04
23.340000,1.789026494e-04
23.345000,1.708776137e-04
23.350000,1.639709297e-04
23.355000,1.584731943e-04
23.360000,1.543453121e-04
23.365000,1.513219692e-04
23.370000,1.490515449e-04
23.375000,1.472079592e-04
23.380000,1.455341650e-04
23.385000,1.438181464e-04
23.390000,1.418362253e-04
23.395000,1.393083159e-04
23.400000,1.358948909e-04
23.405000,1.312391147e-04
23.410000,1.250362900e-04
23.415000,1.171053850e-04
23.420000,1.074420620e-04
23.425000,9.624136963e-05
23.430000,8.388499485e-05
23.435000,7.089252147e-05
23.440000,5.784212979e-05
23.445000,4.527532064e-05
23.450000,3.360896144e-05
23.455000,2.307942482e-05
23.460000,1.373377425e-05
23.465000,5.465145528e-06
23.470000,-1.926780037e-06
23.475000,-8.674659601e-06
23.480000,-1.499832270e-05
23.485000,-2.107769791e-05
23.490000,-2.703555273e-05
23.495000,-3.292206045e-05
23.500000,-3.870207991e-05
23.505000,-4.425452384e-05
23.510000,-4.939285575e-05
23.515000,-5.390559469e-05
23.520000,-5.760319155e-05
23.525000,-6.035292195e-05
23.530000,-6.209119440e-05
23.535000,-6.281795871e-05
23.540000,-6.258944185e-05
23.545000,-6.152404718e-05
23.550000,-5.982207070e-05
23.555000,-5.778289045e-05
23.560000,-5.579639414e-05
23.565000,-5.429511708e-05
23.570000,-5.367488279e-05
23.575000,-5.421124604e-05
23.580000,-5.600393474e-05
23.585000,-5.896832597e-05
23.590000,-6.286998590e-05
23.595000,-6.737968854e-05
23.600000,-7.212284285e-05
23.605000,-7.670930284e-05
23.610000,-8.074754613e-05
23.615000,-8.385862338e-05
23.620000,-8.570309082e-05
23.625000,-8.602115152e-05
23.630000,-8.467249163e-05
23.635000,-8.165777965e-05
23.640000,-7.711159421e-05
23.645000,-7.127110226e-05
23.650000,-6.443610017e-05
23.655000,-5.693658734e-05
23.660000,-4.911399454e-05
23.665000,-4.130902649e-05
23.670000,-3.384245681e-05
23.675000,-2.698036236e-05
23.680000,-2.088934305e-05
23.685000,-1.560094581e-05
23.690000,-1.100795925e-05
23.695000,-6.904486735e-06
23.700000,-3.061494634e-06
23.705000,6.891625379e-07
23.710000,4.395646998e-06
23.715000,7.975376680e-06
23.720000,1.125462488e-05
23.725000,1.403901248e-05
23.730000,1.618468486e-05
23.735000,1.764427590e-05
23.740000,1.847684452e-05
23.745000,1.882727226e-05
23.750000,1.888957366e-05
23.755000,1.886770144e-05
23.760000,1.894089314e-05
23.765000,1.923525684e-05
23.770000,1.980317421e-05
23.775000,2.061553698e-05
23.780000,2.157323392e-05
23.785000,2.253923109e-05
23.790000,2.338212797e-05
23.795000,2.401293391e-05
23.800000,2.439669435e-05
23.805000,2.453211281e-05
23.810000,2.441006159e-05
23.815000,2.397523177e-05
23.820000,2.311523937e-05
23.825000,2.168736118e-05
23.830000,1.957283701e-05
23.835000,1.673435419e-05
23.840000,1.325197305e-05
23.845000,9.325342340e-06
23.850000,5.246692982e-06
23.855000,1.359453228e-06
23.860000,-1.983367834e-06
23.865000,-4.455261984e-06
23.870000,-5.788956587e-06
23.875000,-5.809145263e-06
23.880000,-4.462847083e-06
23.885000,-1.838098811e-06
23.890000,1.839999400e-06
23.895000,6.241134041e-06
23.900000,1.098507424e-05
23.905000,1.570817371e-05
23.910000,2.012652421e-05
23.915000,2.408338380e-05
23.920000,2.757162638e-05
23.925000,3.072407629e-05
23.930000,3.376764491e-05
23.935000,3.694495856e-05
23.940000,4.042039378e-05
23.945000,4.420052343e-05
23.950000,4.810211496e-05
23.955000,5.178702677e-05
23.960000,5.485545116e-05
23.965000,5.696056181e-05
23.970000,5.789588537e-05
23.975000,5.762091488e-05
23.980000,5.622436251e-05
23.985000,5.385846768e-05
23.990000,5.069085321e-05
23.995000,4.690383848e-05
24.000000,4.273505803e-05
24.005000,3.852094205e-05
24.010000,3.469756278e-05
24.015000,3.173706494e-05
24.020000,3.003801849e-05
24.025000,2.981936251e-05
24.030000,3.107024944e-05
24.035000,3.358006491e-05
24.040000,3.703108587e-05
24.045000,4.110545270e-05
24.050000,4.555560537e-05
24.055000,5.021272680e-05
24.060000,5.494447442e-05
24.065000,5.959959408e-05
24.070000,6.397910411e-05
24.075000,6.785298625e-05
24.080000,7.101187126e-05
24.085000,7.332256660e-05
24.090000,7.475516696e-05
24.095000,7.536679213e-05
24.100000,7.525171429e-05
24.105000,7.448579761e-05
24.110000,7.309534519e-05
24.115000,7.106613937e-05
24.120000,6.838576515e-05
24.125000,6.509351383e-05
24.130000,6.130750972e-05
24.135000,5.721107192e-05
24.140000,5.300338430e-05
24.145000,4.884059309e-05
24.150000,4.480006551e-05
24.155000,4.088790226e-05
24.160000,3.708435466e-05
24.165000,3.339843934e-05
24.170000,2.989653751e-05
24.175000,2.668527530e-05
24.180000,2.385785503e-05
24.185000,2.143730869e-05
24.190000,1.935382445e-05
24.195000,1.747298207e-05
24.200000,1.565972762e-05
24.205000,1.383974236e-05
24.210000,1.202083773e-05
24.215000,1.026182403e-05
24.220000,8.608907142e-06
24.225000,7.038913329e-06
24.230000,5.442508760e-06
24.235000,3.654180198e-06
24.240000,1.507469333e-06
24.245000,-1.117500820e-06
24.250000,-4.275703497e-06
24.255000,-7.965397653e-06
24.260000,-1.214176080e-05
24.265000,-1.671552894e-05
24.270000,-2.153430133e-05
24.275000,-2.636501469e-05
24.280000,-3.090300125e-05
24.285000,-3.481975873e-05
24.290000,-3.783680551e-05
24.295000,-3.979402571e-05
24.300000,-4.068101403e-05
24.305000,-4.061910637e-05
24.310000,-3.980721703e-05
24.315000,-3.846016120e-05
24.320000,-3.676560522e-05
24.325000,-3.486965935e-05
24.330000,-3.288403614e-05
24.335000,-3.090049470e-05
24.340000,-2.900261847e-05
24.345000,-2.727360565e-05
24.350000,-2.580274129e-05
24.355000,-2.468965566e-05
24.360000,-2.403952997e-05
24.365000,-2.394226322e-05
24.370000,-2.443764042e-05
24.375000,-2.548143586e-05
24.380000,-2.693364896e-05
24.385000,-2.858237345e-05
24.390000,-3.019762095e-05
24.395000,-3.159049068e-05
24.400000,-3.264756930e-05
24.405000,-3.332344081e-05
24.410000,-3.359848540e-05
24.415000,-3.342965371e-05
24.420000,-3.272564134e-05
24.425000,-3.136261688e-05
24.430000,-2.923217134e-05
24.435000,-2.629458644e-05
24.440000,-2.260848816e-05
24.445000,-1.832231038e-05
24.450000,-1.363393438e-05
24.455000,-8.739968487e-06
24.460000,-3.798076831e-06
24.465000,1.084213412e-06
24.470000,5.835275549e-06
24.475000,1.039165984e-05
24.480000,1.467198388e-05
24.485000,1.856378088e-05
24.490000,2.192762113e-05
24.495000,2.461608302e-05
24.500000,2.650065796e-05
24.505000,2.749801198e-05
24.510000,2.758821097e-05
24.515000,2.682115069e-05
24.520000,2.531223375e-05
24.525000,2.323201362e-05
24.530000,2.079485925e-05
24.535000,1.824828792e-05
24.540000,1.585979654e-05
24.545000,1.389569448e-05
24.550000,1.258929057e-05
24.555000,1.210292159e-05
24.560000,1.249532390e-05
24.565000,1.370766529e-05
24.570000,1.557606524e-05
24.575000,1.786823517e-05
24.580000,2.033261963e-05
24.585000,2.274498130e-05
24.590000,2.494065909e-05
24.595000,2.682757004e-05
24.600000,2.838102294e-05
24.605000,2.962432347e-05
24.610000,3.060004444e-05
24.615000,3.133817591e-05
24.620000,3.182992136e-05
24.625000,3.201737004e-05
24.630000,3.180616111e-05
24.635000,3.109952844e-05
24.640000,2.984139096e-05
24.645000,2.805005056e-05
24.650000,2.582748795e-05
24.655000,2.334117575e-05
24.660000,2.078868319e-05
24.665000,1.836166905e-05
24.670000,1.622150017e-05
24.675000,1.448779160e-05
24.680000,1.323254467e-05
24.685000,1.247307915e-05
24.690000,1.216572726e-05
24.695000,1.221099013e-05
24.700000,1.248028179e-05
24.705000,1.286211518e-05
24.710000,1.330916080e-05
24.715000,1.385977715e-05
24.720000,1.461681375e-05
24.725000,1.568954171e-05
24.730000,1.712748713e-05
24.735000,1.888201184e-05
24.740000,2.081648790e-05
24.745000,2.275734670e-05
24.750000,2.455435615e-05
24.755000,2.611493103e-05
24.760000,2.739646827e-05
24.765000,2.836970518e-05
24.770000,2.898541184e-05
24.775000,2.917351320e-05
24.780000,2.888047597e-05
24.785000,2.812336194e-05
24.790000,2.702560346e-05
24.795000,2.580870234e-05
24.800000,2.473913652e-05
24.805000,2.405445339e-05
24.810000,2.390205405e-05
24.815000,2.431463556e-05
24.820000,2.522585991e-05
24.825000,2.651192269e-05
24.830000,2.803843023e-05
24.835000,2.969718723e-05
24.840000,3.142690914e-05
24.845000,3.321804478e-05
24.850000,3.510281044e-05
24.855000,3.713090599e-05
24.860000,3.933396935e-05
24.865000,4.168823921e-05
24.870000,4.409042128e-05
24.875000,4.636024062e-05
24.880000,4.827269646e-05
24.885000,4.960856436e-05
24.890000,5.020215847e-05
24.895000,4.996732590e-05
24.900000,4.889522588e-05
24.905000,4.703263799e-05
24.910000,4.445773881e-05
24.915000,4.126699691e-05
24.920000,3.757560877e-05
24.925000,3.352334942e-05
24.930000,2.927505027e-05
24.935000,2.501086360e-05
24.940000,2.091031133e-05
24.945000,1.713855483e-05
24.950000,1.384024896e-05
24.955000,1.113898136e-05
24.960000,9.135256403e-06
24.965000,7.897694246e-06
24.970000,7.449181970e-06
24.975000,7.756061499e-06
24.980000,8.728355920e-06
24.985000,1.023201520e-05
24.990000,1.210561749e-05
24.995000,1.417108108e-05
25.000000,1.623383534e-05
25.005000,1.807866245e-05
25.010000,1.947461918e-05
25.015000,2.019939182e-05
25.020000,2.008062711e-05
25.025000,1.903728534e-05
25.030000,1.709826740e-05
25.035000,1.438387686e-05
25.040000,1.105435170e-05
25.045000,7.247892547e-06
25.050000,3.037296695e-06
25.055000,-1.574642798e-06
25.060000,-6.620148429e-06
25.065000,-1.210977140e-05
25.070000,-1.798025966e-05
25.075000,-2.406836224e-05
25.080000,-3.011852404e-05
25.085000,-3.581862573e-05
25.090000,-4.084997578e-05
25.095000,-4.493690422e-05
25.100000,-4.788477339e-05
25.105000,-4.959965287e-05
25.110000,-5.008706432e-05
25.115000,-4.943186931e-05
25.120000,-4.776701551e-05
25.125000,-4.524360345e-05
25.130000,-4.201493522e-05
25.135000,-3.824047587e-05
25.140000,-3.410395034e-05
25.145000,-2.982952542e-05
25.150000,-2.567839557e-05
25.155000,-2.191786334e-05
25.160000,-1.877157263e-05
25.165000,-1.637297056e-05
25.170000,-1.474524748e-05
25.175000,-1.381801761e-05
25.180000,-1.347106496e-05
25.185000,-1.358076036e-05
25.190000,-1.404459500e-05
25.195000,-1.477393233e-05
25.200000,-1.566536576e-05
25.205000,-1.657424461e-05
25.210000,-1.731197372e-05
25.215000,-1.767338825e-05
25.220000,-1.748197584e-05
25.225000,-1.663053615e-05
25.230000,-1.509853308e-05
25.235000,-1.294125633e-05
25.240000,-1.026035644e-05
25.245000,-7.171674013e-06
25.250000,-3.782415280e-06
25.255000,-1.805782505e-07
25.260000,3.567369321e-06
25.265000,7.414966933e-06
25.270000,1.133054279e-05
25.275000,1.528525617e-05
25.280000,1.923366486e-05
25.285000,2.309302808e-05
25.290000,2.673337983e-05
25.295000,2.998900999e-05
25.300000,3.269212525e-05
25.305000,3.471645327e-05
25.310000,3.601099138e-05
25.315000,3.660776178e-05
25.320000,3.660086997e-05
25.325000,3.610929131e-05
25.330000,3.524323720e-05
25.335000,3.408931473e-05
25.340000,3.271653494e-05
25.345000,3.119242216e-05
25.350000,2.959411293e-05
25.355000,2.800537153e-05
25.360000,2.650185655e-05
25.365000,2.513563154e-05
25.370000,2.393031855e-05
25.375000,2.289095700e-05
25.380000,2.202306153e-05
25.385000,2.134980628e-05
25.390000,2.091749424e-05
25.395000,2.078567274e-05
25.400000,2.100516332e-05
25.405000,2.159153440e-05
25.410000,2.250253148e-05
25.415000,2.362697403e-05
25.420000,2.479065462e-05
25.425000,2.578140428e-05
25.430000,2.638982862e-05
25.435000,2.645508824e-05
25.440000,2.589999581e-05
25.445000,2.474104638e-05
25.450000,2.306849208e-05
25.455000,2.100562099e-05
25.460000,1.866718855e-05
25.465000,1.613721038e-05
25.470000,1.347470860e-05
25.475000,1.073895673e-05
25.480000,8.013972470e-06
25.485000,5.413335613e-06
25.490000,3.060247821e-06
25.495000,1.054944323e-06
25.500000,-5.495810466e-07
25.505000,-1.748209771e-06
25.510000,-2.561620689e-06
25.515000,-3.007965047e-06
25.520000,-3.088650089e-06
25.525000,-2.798071254e-06
25.530000,-2.149642173e-06
25.535000,-1.198406964e-06
25.540000,-4.245439451e-08
25.545000,1.200063298e-06
25.550000,2.424576484e-06
25.555000,3.563321938e-06
25.560000,4.584358733e-06
25.565000,5.469288464e-06
25.570000,6.186917691e-06
25.575000,6.682149209e-06
25.580000,6.888015532e-06
25.585000,6.752186903e-06
25.590000,6.259124841e-06
25.595000,5.432220450e-06
25.600000,4.314357187e-06
25.605000,2.940628326e-06
25.610000,1.323172747e-06
25.615000,-5.386925680e-07
25.620000,-2.625155859e-06
25.625000,-4.855814453e-06
25.630000,-7.064316911e-06
25.635000,-9.003073265e-06
25.640000,-1.038016331e-05
25.645000,-1.091753344e-05
25.650000,-1.041230362e-05
25.655000,-8.783156586e-06
25.660000,-6.089592993e-06
25.665000,-2.520299296e-06
25.670000,1.644574327e-06
25.675000,6.085652871e-06
25.680000,1.049618438e-05
25.685000,1.462011100e-05
25.690000,1.826944057e-05
25.695000,2.132303642e-05
25.700000,2.371613340e-05
25.705000,2.543111689e-05
25.710000,2.649456969e-05
25.715000,2.697703783e-05
25.720000,2.698665298e-05
25.725000,2.665015556e-05
25.730000,2.608406963e-05
25.735000,2.536846430e-05
25.740000,2.453826580e-05
25.745000,2.359910959e-05
25.750000,2.256021384e-05
25.755000,2.146496456e-05
25.760000,2.039927780e-05
25.765000,1.946994950e-05
25.770000,1.876322451e-05
25.775000,1.830647481e-05
25.780000,1.805494431e-05
25.785000,1.791131828e-05
25.790000,1.776720265e-05
25.795000,1.754397962e-05
25.800000,1.721271018e-05
25.805000,1.678658330e-05
25.810000,1.629551466e-05
25.815000,1.576078583e-05
25.820000,1.518380933e-05
25.825000,1.455106861e-05
25.830000,1.384583551e-05
25.835000,1.305398781e-05
25.840000,1.215757478e-05
25.845000,1.112058299e-05
25.850000,9.878878111e-06
25.855000,8.345470218e-06
25.860000,6.433764495e-06
25.865000,4.090838649e-06
25.870000,1.326480868e-06
25.875000,-1.774920212e-06
25.880000,-5.064855217e-06
25.885000,-8.359328736e-06
25.890000,-1.147499254e-05
25.895000,-1.426103332e-05
25.900000,-1.661866836e-05
25.905000,-1.850582267e-05
25.910000,-1.992968910e-05
25.915000,-2.093273390e-05
25.920000,-2.157790302e-05
25.925000,-2.193685757e-05
25.930000,-2.208212053e-05
25.935000,-2.208144161e-05
25.940000,-2.199178504e-05
25.945000,-2.185171469e-05
25.950000,-2.167390232e-05
25.955000,-2.144207603e-05
25.960000,-2.111675388e-05
25.965000,-2.065065354e-05
25.970000,-2.000914176e-05
25.975000,-1.918680385e-05
25.980000,-1.821145346e-05
25.985000,-1.713256469e-05
25.990000,-1.599959770e-05
25.995000,-1.484206346e-05
26.000000,-1.366309063e-05
26.005000,-1.245092872e-05
26.010000,-1.120197592e-05
26.015000,-9.940914939e-06
26.020000,-8.723599868e-06
26.025000,-7.617192954e-06
26.030000,-6.665155586e-06
26.035000,-5.854637377e-06
26.040000,-5.104578785e-06
26.045000,-4.283453831e-06
26.050000,-3.250798947e-06
26.055000,-1.904435819e-06
26.060000,-2.122500971e-07
26.065000,1.784832919e-06
26.070000,3.997693732e-06
26.075000,6.327522829e-06
26.080000,8.698656720e-06
26.085000,1.107152315e-05
26.090000,1.343342782e-05
26.095000,1.577676243e-05
26.100000,1.807949347e-05
26.105000,2.029914661e-05
26.110000,2.238181772e-05
26.115000,2.427822023e-05
26.120000,2.595515324e-05
26.125000,2.739491620e-05
26.130000,2.858411983e-05
26.135000,2.950116963e-05
26.140000,3.011334517e-05
26.145000,3.038872753e-05
26.150000,3.031872547e-05
26.155000,2.993952428e-05
26.160000,2.934007145e-05
26.165000,2.865073632e-05
26.170000,2.801666815e-05
26.175000,2.756734808e-05
26.180000,2.739476981e-05
26.185000,2.754705391e-05
26.190000,2.803590592e-05
26.195000,2.885020462e-05
26.200000,2.996722825e-05
26.205000,3.135702185e-05
26.210000,3.298076917e-05
26.215000,3.478710179e-05
26.220000,3.670963541e-05
26.225000,3.866617826e-05
26.230000,4.055798502e-05
26.235000,4.226813873e-05
26.240000,4.366107944e-05
26.245000,4.458777684e-05
26.250000,4.490033855e-05
26.255000,4.447542571e-05
26.260000,4.324005150e-05
26.265000,4.118996759e-05
26.270000,3.839256823e-05
26.275000,3.497264424e-05
26.280000,3.108695474e-05
26.285000,2.689807799e-05
26.290000,2.255682223e-05
26.295000,1.819653541e-05
26.300000,1.393569279e-05
26.305000,9.881327250e-06
26.310000,6.127175953e-06
26.315000,2.745521853e-06
26.320000,-2.229884608e-07
26.325000,-2.775203857e-06
26.330000,-4.942923189e-06
26.335000,-6.782669001e-06
26.340000,-8.362547986e-06
26.345000,-9.751708792e-06
26.350000,-1.101519901e-05
26.355000,-1.221303133e-05
26.360000,-1.339985301e-05
26.365000,-1.462231071e-05
26.370000,-1.591422434e-05
26.375000,-1.729257391e-05
26.380000,-1.875775855e-05
26.385000,-2.029913513e-05
26.390000,-2.190320024e-05
26.395000,-2.355962698e-05
26.400000,-2.526142321e-05
26.405000,-2.699920918e-05
26.410000,-2.875353568e-05
26.415000,-3.049055589e-05
26.420000,-3.216418795e-05
26.425000,-3.372361204e-05
26.430000,-3.512151379e-05
26.435000,-3.631834710e-05
26.440000,-3.728117051e-05
26.445000,-3.797995883e-05
26.450000,-3.838647700e-05
26.455000,-3.847902105e-05
26.460000,-3.825159294e-05
26.465000,-3.772165016e-05
26.470000,-3.692979097e-05
26.475000,-3.592864155e-05
26.480000,-3.476467166e-05
26.485000,-3.346165149e-05
26.490000,-3.201465429e-05
26.495000,-3.039849945e-05
26.500000,-2.858712893e-05
26.505000,-2.657486511e-05
26.510000,-2.438982695e-05
26.515000,-2.209400782e-05
26.520000,-1.977090321e-05
26.525000,-1.750656044e-05
26.530000,-1.537134732e-05
26.535000,-1.340785621e-05
26.540000,-1.162712306e-05
26.545000,-1.001269901e-05
26.550000,-8.530723623e-06
26.555000,-7.143389068e-06
26.560000,-5.822264265e-06
26.565000,-4.557034448e-06
26.570000,-3.355508649e-06
26.575000,-2.233383493e-06
26.580000,-1.196898981e-06
26.585000,-2.259936107e-07
26.590000,7.330539883e-07
26.595000,1.759854922e-06
26.600000,2.938342953e-06
26.605000,4.329806379e-06
26.610000,5.952101679e-06
26.615000,7.774005359e-06
26.620000,9.726580552e-06
26.625000,1.172575181e-05
26.630000,1.369599377e-05
26.635000,1.558596850e-05
26.640000,1.737190566e-05
26.645000,1.905037847e-05
26.650000,2.062589398e-05
26.655000,2.209917923e-05
26.660000,2.346002049e-05
26.665000,2.468578357e-05
26.670000,2.574469861e-05
26.675000,2.660196836e-05
26.680000,2.722637405e-05
26.685000,2.759500645e-05
26.690000,2.769424335e-05
26.695000,2.751650948e-05
26.700000,2.705454274e-05
26.705000,2.629683343e-05
26.710000,2.522820513e-05
26.715000,2.383743109e-05
26.720000,2.213004261e-05
26.725000,2.014105586e-05
26.730000,1.794130496e-05
26.735000,1.563326007e-05
26.740000,1.333662080e-05
26.745000,1.116833387e-05
26.750000,9.223818881e-06
26.755000,7.565248129e-06
26.760000,6.219489630e-06
26.765000,5.184510752e-06
26.770000,4.440268892e-06
26.775000,3.959192155e-06
26.780000,3.712245106e-06
26.785000,3.668786831e-06
26.790000,3.791294479e-06
26.795000,4.028698726e-06
26.800000,4.313467044e-06
26.805000,4.566636573e-06
26.810000,4.711484179e-06
26.815000,4.691625017e-06
26.820000,4.485578183e-06
26.825000,4.109842660e-06
26.830000,3.607211179e-06
26.835000,3.024544401e-06
26.840000,2.390475915e-06
26.845000,1.704536133e-06
26.850000,9.436851841e-07
26.855000,8.285093670e-08
26.860000,-8.819353866e-07
26.865000,-1.920989672e-06
26.870000,-2.976431057e-06
26.875000,-3.982963672e-06
26.880000,-4.892743528e-06
26.885000,-5.691034080e-06
26.890000,-6.394826922e-06
26.895000,-7.036152882e-06
26.900000,-7.639761573e-06
26.905000,-8.206848025e-06
26.910000,-8.712026666e-06
26.915000,-9.113066958e-06
26.920000,-9.366716011e-06
26.925000,-9.442385369e-06
26.930000,-9.328495980e-06
26.935000,-9.031137840e-06
26.940000,-8.568200912e-06
26.945000,-7.962682390e-06
26.950000,-7.237179156e-06
26.955000,-6.409646359e-06
26.960000,-5.489947766e-06
26.965000,-4.477615320e-06
26.970000,-3.362315205e-06
26.975000,-2.128389258e-06
26.980000,-7.631578409e-07
26.985000,7.335787187e-07
26.990000,2.342655042e-06
26.995000,4.024367016e-06
27.000000,5.723716299e-06
27.005000,7.380064786e-06
27.010000,8.937604399e-06
27.015000,1.035325005e-05
27.020000,1.160013539e-05
27.025000,1.266677249e-05
27.030000,1.355319002e-05
27.035000,1.426569522e-05
27.040000,1.481164996e-05
27.045000,1.519533956e-05
27.050000,1.541590733e-05
27.055000,1.546825470e-05
27.060000,1.534737134e-05
27.065000,1.505552774e-05
27.070000,1.461033462e-05
27.075000,1.405047387e-05
27.080000,1.343569929e-05
27.085000,1.283898568e-05
27.090000,1.233135423e-05
27.095000,1.196308432e-05
27.100000,1.174740461e-05
27.105000,1.165304144e-05
27.110000,1.160959345e-05
27.115000,1.152518701e-05
27.120000,1.131099158e-05
27.125000,1.090416093e-05
27.130000,1.028122058e-05
27.135000,9.457881917e-06
27.140000,8.476990008e-06
27.145000,7.391064950e-06
27.150000,6.247359923e-06
27.155000,5.080920316e-06
27.160000,3.916245031e-06
27.165000,2.773537147e-06
27.170000,1.673624530e-06
27.175000,6.372476973e-07
27.180000,-3.216209727e-07
27.185000,-1.204821505e-06
27.190000,-2.036059321e-06
27.195000,-2.859844526e-06
27.200000,-3.732547981e-06
27.205000,-4.708426497e-06
27.210000,-5.825605307e-06
27.215000,-7.096842455e-06
27.220000,-8.507770111e-06
27.225000,-1.002231492e-05
27.230000,-1.159241121e-05
27.235000,-1.316788375e-05
27.240000,-1.470287462e-05
27.245000,-1.615718210e-05
27.250000,-1.749356077e-05
27.255000,-1.867421798e-05
27.260000,-1.966030183e-05
27.265000,-2.041660785e-05
27.270000,-2.092061458e-05
27.275000,-2.117187761e-05
27.280000,-2.119661712e-05
27.285000,-2.104403238e-05
27.290000,-2.077483770e-05
27.295000,-2.044661877e-05
27.300000,-2.010240110e-05
27.305000,-1.976705749e-05
27.310000,-1.945174511e-05
27.315000,-1.916207678e-05
27.320000,-1.890397457e-05
27.325000,-1.868326522e-05
27.330000,-1.849972690e-05
27.335000,-1.834046949e-05
27.340000,-1.817844810e-05
27.345000,-1.797888218e-05
27.350000,-1.771129007e-05
27.355000,-1.736104666e-05
27.360000,-1.693434999e-05
27.365000,-1.645429179e-05
27.370000,-1.595088915e-05
27.375000,-1.545107663e-05
27.380000,-1.497376941e-05
27.385000,-1.453090408e-05
27.390000,-1.413082471e-05
27.395000,-1.377874131e-05
27.400000,-1.347151193e-05
27.405000,-1.318905202e-05
27.410000,-1.288872800e-05
27.415000,-1.250906463e-05
27.420000,-1.198447646e-05
27.425000,-1.126608424e-05
27.430000,-1.033911494e-05
27.435000,-9.227993983e-06
27.440000,-7.986047774e-06
27.445000,-6.674574401e-06
27.450000,-5.341417942e-06
27.455000,-4.009004482e-06
27.460000,-2.676254681e-06
27.465000,-1.331208450e-06
27.470000,3.400467406e-08
27.475000,1.414224153e-06
27.480000,2.791948658e-06
27.485000,4.144953820e-06
27.490000,5.454248859e-06
27.495000,6.706519065e-06
27.500000,7.889729887e-06
27.505000,8.985718160e-06
27.510000,9.965966472e-06
27.515000,1.079487961e-05
27.520000,1.144006074e-05
27.525000,1.188444885e-05
27.530000,1.213364022e-05
27.535000,1.221417048e-05
27.540000,1.216342009e-05
27.545000,1.201620391e-05
27.550000,1.179457544e-05
27.555000,1.150534271e-05
27.560000,1.114567656e-05
27.565000,1.071335148e-05
27.570000,1.021644373e-05
27.575000,9.678157293e-06
27.580000,9.134951041e-06
27.585000,8.628873272e-06
27.590000,8.196890888e-06
27.595000,7.860682322e-06
27.600000,7.620033783e-06
27.605000,7.451941588e-06
27.610000,7.315975426e-06
27.615000,7.164601800e-06
27.620000,6.955445817e-06
27.625000,6.661568771e-06
27.630000,6.276342398e-06
27.635000,5.811423225e-06
27.640000,5.288930997e-06
27.645000,4.731038613e-06
27.650000,4.150841598e-06
27.655000,3.547429471e-06
27.660000,2.906190836e-06
27.665000,2.203547753e-06
27.670000,1.414227155e-06
27.675000,5.189068914e-07
27.680000,-4.897357038e-07
27.685000,-1.604192258e-06
27.690000,-2.803544507e-06
27.695000,-4.059081018e-06
27.700000,-5.342449570e-06
27.705000,-6.633186104e-06
27.710000,-7.922082799e-06
27.715000,-9.208301218e-06
27.720000,-1.049107639e-05
27.725000,-1.175985901e-05
27.730000,-1.298801397e-05
27.735000,-1.413375240e-05
27.740000,-1.514841898e-05
27.745000,-1.598853021e-05
27.750000,-1.662618844e-05
27.755000,-1.705364470e-05
27.760000,-1.728104237e-05
27.765000,-1.732972282e-05
27.770000,-1.722501225e-05
27.775000,-1.699154912e-05
27.780000,-1.665192030e-05
27.785000,-1.622735258e-05
27.790000,-1.573865047e-05
27.795000,-1.520642276e-05
27.800000,-1.465082337e-05
27.805000,-1.409142571e-05
27.810000,-1.354719829e-05
27.815000,-1.303562546e-05
27.820000,-1.256991803e-05
27.825000,-1.215444274e-05
27.830000,-1.178030756e-05
27.835000,-1.142411694e-05
27.840000,-1.105219710e-05
27.845000,-1.063016859e-05
27.850000,-1.013487261e-05
27.855000,-9.564007036e-06
27.860000,-8.939399346e-06
27.865000,-8.302371215e-06
27.870000,-7.702814590e-06
27.875000,-7.185870191e-06
27.880000,-6.780585970e-06
27.885000,-6.493730385e-06
27.890000,-6.309850387e-06
27.895000,-6.196638217e-06
27.900000,-6.113331262e-06
27.905000,-6.019423895e-06
27.910000,-5.881350617e-06
27.915000,-5.675803175e-06
27.920000,-5.389652490e-06
27.925000,-5.017608165e-06
27.930000,-4.559292134e-06
27.935000,-4.017104545e-06
27.940000,-3.395365494e-06
27.945000,-2.700364847e-06
27.950000,-1.940746549e-06
27.955000,-1.128161424e-06
27.960000,-2.787386100e-07
27.965000,5.841944040e-07
27.970000,1.426899206e-06
27.975000,2.203863832e-06
27.980000,2.861239863e-06
27.985000,3.346553047e-06
27.990000,3.622804421e-06
27.995000,3.681590213e-06
28.000000,3.548628210e-06
28.005000,3.277502492e-06
28.010000,2.932781918e-06
28.015000,2.569159301e-06
28.020000,2.215658679e-06
28.025000,1.871615634e-06
28.030000,1.515173722e-06
28.035000,1.118807997e-06
28.040000,6.634418299e-07
28.045000,1.446211810e-07
28.050000,-4.304482080e-07
28.055000,-1.050829425e-06
28.060000,-1.708418467e-06
28.065000,-2.398883293e-06
28.070000,-3.117300720e-06
28.075000,-3.852713453e-06
28.080000,-4.586512482e-06
28.085000,-5.296748585e-06
28.090000,-5.966228800e-06
28.095000,-6.589450238e-06
28.100000,-7.173889598e-06
28.105000,-7.734545037e-06
28.110000,-8.284720029e-06
28.115000,-8.828288528e-06
28.120000,-9.357770645e-06
28.125000,-9.859127712e-06
28.130000,-1.032035344e-05
28.135000,-1.073891006e-05
28.140000,-1.112388671e-05
28.145000,-1.149182700e-05
28.150000,-1.185867461e-05
28.155000,-1.223229311e-05
28.160000,-1.260952055e-05
28.165000,-1.297909938e-05
28.170000,-1.332856131e-05
28.175000,-1.365101689e-05
28.180000,-1.394793212e-05
28.185000,-1.422628561e-05
28.190000,-1.449173170e-05
28.195000,-1.474176881e-05
28.200000,-1.496308249e-05
28.205000,-1.513503976e-05
28.210000,-1.523792424e-05
28.215000,-1.526179575e-05
28.220000,-1.521136778e-05
28.225000,-1.510430892e-05
28.230000,-1.496374944e-05
28.235000,-1.480861237e-05
28.240000,-1.464617131e-05
28.245000,-1.446971174e-05
28.250000,-1.426143494e-05
28.255000,-1.399845827e-05
28.260000,-1.365908979e-05
28.265000,-1.322746639e-05
28.270000,-1.269613488e-05
28.275000,-1.206707275e-05
28.280000,-1.135155255e-05
28.285000,-1.056865896e-05
28.290000,-9.742082441e-06
28.295000,-8.895508583e-06
28.300000,-8.048057288e-06
28.305000,-7.211768081e-06
28.310000,-6.392321200e-06
28.315000,-5.592284375e-06
28.320000,-4.814423579e-06
28.325000,-4.062391972e-06
28.330000,-3.337855275e-06
28.335000,-2.635841696e-06
28.340000,-1.941960232e-06
28.345000,-1.234637999e-06
28.350000,-4.927051304e-07
28.355000,2.948459486e-07
28.360000,1.122005974e-06
28.365000,1.965791062e-06
28.370000,2.793560566e-06
28.375000,3.573958325e-06
28.380000,4.285813809e-06
28.385000,4.920574095e-06
28.390000,5.477567513e-06
28.395000,5.955396748e-06
28.400000,6.344720883e-06
28.405000,6.626621254e-06
28.410000,6.777475208e-06
28.415000,6.777782544e-06
28.420000,6.620597344e-06
28.425000,6.315829777e-06
28.430000,5.888994889e-06
28.435000,5.375507390e-06
28.440000,4.813066843e-06
28.445000,4.234652135e-06
28.450000,3.663655455e-06
28.455000,3.111598170e-06
28.460000,2.578262009e-06
28.465000,2.053936395e-06
28.470000,1.523431038e-06
28.475000,9.711915610e-07
28.480000,3.863346206e-07
28.485000,-2.338987070e-07
28.490000,-8.834544794e-07
28.495000,-1.549711285e-06
28.500000,-2.217562057e-06
28.505000,-2.873429429e-06
28.510000,-3.507491159e-06
28.515000,-4.113518519e-06
28.520000,-4.687175984e-06
28.525000,-5.224533298e-06
28.530000,-5.722336236e-06
28.535000,-6.180372104e-06
28.540000,-6.604782520e-06
28.545000,-7.010340342e-06
28.550000,-7.420051571e-06
28.555000,-7.861761842e-06
28.560000,-8.362923301e-06
28.565000,-8.945410947e-06
28.570000,-9.621882197e-06
28.575000,-1.039403455e-05
28.580000,-1.125211379e-05
28.585000,-1.217489591e-05
28.590000,-1.313014630e-05
28.595000,-1.407652591e-05
28.600000,-1.496809978e-05
28.605000,-1.576155393e-05
28.610000,-1.642444243e-05
28.615000,-1.694147467e-05
28.620000,-1.731611633e-05
28.625000,-1.756676251e-05
28.630000,-1.771940061e-05
28.635000,-1.780036941e-05
28.640000,-1.783239604e-05
28.645000,-1.783474709e-05
28.650000,-1.782556132e-05
28.655000,-1.782308422e-05
28.660000,-1.784353897e-05
28.665000,-1.789609067e-05
28.670000,-1.797792935e-05
28.675000,-1.807309177e-05
28.680000,-1.815673250e-05
28.685000,-1.820331583e-05
28.690000,-1.819474178e-05
28.695000,-1.812438583e-05
28.700000,-1.799547864e-05
28.705000,-1.781561246e-05
28.710000,-1.759128133e-05
28.715000,-1.732593603e-05
28.720000,-1.702242494e-05
28.725000,-1.668765112e-05
28.730000,-1.633574872e-05
28.735000,-1.598696066e-05
28.740000,-1.566201795e-05
28.745000,-1.537449374e-05
28.750000,-1.512475643e-05
28.755000,-1.489826820e-05
28.760000,-1.466879915e-05
28.765000,-1.440501038e-05
28.770000,-1.407787627e-05
28.775000,-1.366677623e-05
28.780000,-1.316320375e-05
28.785000,-1.257207805e-05
28.790000,-1.191109417e-05
28.795000,-1.120846277e-05
28.800000,-1.049918138e-05
28.805000,-9.820027132e-06
28.810000,-9.203842255e-06
28.815000,-8.674164055e-06
28.820000,-8.241489764e-06
28.825000,-7.902237330e-06
28.830000,-7.640768349e-06
28.835000,-7.433893088e-06
28.840000,-7.256425344e-06
28.845000,-7.085968038e-06
28.850000,-6.905451182e-06
28.855000,-6.703002731e-06
28.860000,-6.470117791e-06
28.865000,-6.200102849e-06
28.870000,-5.888727713e-06
28.875000,-5.537708979e-06
28.880000,-5.159621555e-06
28.885000,-4.781231476e-06
28.890000,-4.442180456e-06
28.895000,-4.187775468e-06
28.900000,-4.057555785e-06
28.905000,-4.073747361e-06
28.910000,-4.234221009e-06
28.915000,-4.512752178e-06
28.920000,-4.866198773e-06
28.925000,-5.245420737e-06
28.930000,-5.605810044e-06
28.935000,-5.914440615e-06
28.940000,-6.153072654e-06
28.945000,-6.318043111e-06
28.950000,-6.418493788e-06
28.955000,-6.473633007e-06
28.960000,-6.508857897e-06
28.965000,-6.550579946e-06
28.970000,-6.620593049e-06
28.975000,-6.731900949e-06
28.980000,-6.887914999e-06
28.985000,-7.085414713e-06
28.990000,-7.319422304e-06
28.995000,-7.586729287e-06
29.000000,-7.885429386e-06
29.005000,-8.210347538e-06
29.010000,-8.547212579e-06
29.015000,-8.869846236e-06
29.020000,-9.143440538e-06
29.025000,-9.333732733e-06
29.030000,-9.418474679e-06
29.035000,-9.396080652e-06
29.040000,-9.287600276e-06
29.045000,-9.131385913e-06
29.050000,-8.973084312e-06
29.055000,-8.855112154e-06
29.060000,-8.809024734e-06
29.065000,-8.852013556e-06
29.070000,-8.986704670e-06
29.075000,-9.202610908e-06
29.080000,-9.478102674e-06
29.085000,-9.782788692e-06
29.090000,-1.008077114e-05
29.095000,-1.033496629e-05
29.100000,-1.051193566e-05
29.105000,-1.058617307e-05
29.110000,-1.054296848e-05
29.115000,-1.037963346e-05
29.120000,-1.010543280e-05
29.125000,-9.740576703e-06
29.130000,-9.314185641e-06
29.135000,-8.860811094e-06
29.140000,-8.415407252e-06
29.145000,-8.007580849e-06
29.150000,-7.656849133e-06
29.155000,-7.370690306e-06
29.160000,-7.146056089e-06
29.165000,-6.973269633e-06
29.170000,-6.839974821e-06
29.175000,-6.732977501e-06
29.180000,-6.637466693e-06
29.185000,-6.535225056e-06
29.190000,-6.404590516e-06
29.195000,-6.224195018e-06
29.200000,-5.980163240e-06
29.205000,-5.673888279e-06
29.210000,-5.326352629e-06
29.215000,-4.976071584e-06
29.220000,-4.670579285e-06
29.225000,-4.454376852e-06
29.230000,-4.357765879e-06
29.235000,-4.390283303e-06
29.240000,-4.540135808e-06
29.245000,-4.778548483e-06
29.250000,-5.066609167e-06
29.255000,-5.362391777e-06
29.260000,-5.627229262e-06
29.265000,-5.830909713e-06
29.270000,-5.955643860e-06
29.275000,-5.998130947e-06
29.280000,-5.968772319e-06
29.285000,-5.887733460e-06
29.290000,-5.779010611e-06
29.295000,-5.664961749e-06
29.300000,-5.563801908e-06
29.305000,-5.490964361e-06
29.310000,-5.462784657e-06
29.315000,-5.499227058e-06
29.320000,-5.622629262e-06
29.325000,-5.851766479e-06
29.330000,-6.193617917e-06
29.335000,-6.637135374e-06
29.340000,-7.152777069e-06
29.345000,-7.698799203e-06
29.350000,-8.231912408e-06
29.355000,-8.717896106e-06
29.360000,-9.138203488e-06
29.365000,-9.491012792e-06
29.370000,-9.787955165e-06
29.375000,-1.004921718e-05
29.380000,-1.029926768e-05
29.385000,-1.056382001e-05
29.390000,-1.086722276e-05
29.395000,-1.122930117e-05
29.400000,-1.166169013e-05
29.405000,-1.216491668e-05
29.410000,-1.272780857e-05
29.415000,-1.332988520e-05
29.420000,-1.394587088e-05
29.425000,-1.455045892e-05
29.430000,-1.512164502e-05
29.435000,-1.564211816e-05
29.440000,-1.609942311e-05
29.445000,-1.648601013e-05
29.450000,-1.679970208e-05
29.455000,-1.704417469e-05
29.460000,-1.722862776e-05
29.465000,-1.736629093e-05
29.470000,-1.747231885e-05
29.475000,-1.756212769e-05
29.480000,-1.765077378e-05
29.485000,-1.775287318e-05
29.490000,-1.788174547e-05
29.495000,-1.804676899e-05
29.500000,-1.824934746e-05
29.505000,-1.847945584e-05
29.510000,-1.871521394e-05
29.515000,-1.892674900e-05
29.520000,-1.908334687e-05
29.525000,-1.916098414e-05
29.530000,-1.914705127e-05
29.535000,-1.904062989e-05
29.540000,-1.884906131e-05
29.545000,-1.858322215e-05
29.550000,-1.825394859e-05
29.555000,-1.787065671e-05
29.560000,-1.744155221e-05
29.565000,-1.697408817e-05
29.570000,-1.647484352e-05
29.575000,-1.594908111e-05
29.580000,-1.540084605e-05
29.585000,-1.483403864e-05
29.590000,-1.425384654e-05
29.595000,-1.366724538e-05
29.600000,-1.308170520e-05
29.605000,-1.250258962e-05
29.610000,-1.193098801e-05
29.615000,-1.136381881e-05
29.620000,-1.079673473e-05
29.625000,-1.022847470e-05
29.630000,-9.664170849e-06
29.635000,-9.115580307e-06
29.640000,-8.597998056e-06
29.645000,-8.125510795e-06
29.650000,-7.707010361e-06
29.655000,-7.344588680e-06
29.660000,-7.034279180e-06
29.665000,-6.767824668e-06
29.670000,-6.534073398e-06
29.675000,-6.319588092e-06
29.680000,-6.109164684e-06
29.685000,-5.887259278e-06
29.690000,-5.640601685e-06
29.695000,-5.361168227e-06
29.700000,-5.048123679e-06
29.705000,-4.707783187e-06
29.710000,-4.351736799e-06
29.715000,-3.994179370e-06
29.720000,-3.649570266e-06
29.725000,-3.331091617e-06
29.730000,-3.049650501e-06
29.735000,-2.813024083e-06
29.740000,-2.625224440e-06
29.745000,-2.486675503e-06
29.750000,-2.395674061e-06
29.755000,-2.350747060e-06
29.760000,-2.352575610e-06
29.765000,-2.404051979e-06
29.770000,-2.508140640e-06
29.775000,-2.664900232e-06
29.780000,-2.870013522e-06
29.785000,-3.116500800e-06
29.790000,-3.399150718e-06
29.795000,-3.718976046e-06
29.800000,-4.084361284e-06
29.805000,-4.507236450e-06
29.810000,-4.995709003e-06
29.815000,-5.547116409e-06
29.820000,-6.145645458e-06
29.825000,-6.766208936e-06
29.830000,-7.382651641e-06
29.835000,-7.975872560e-06
29.840000,-8.537676447e-06
29.845000,-9.068905354e-06
29.850000,-9.573824092e-06
29.855000,-1.005464794e-05
29.860000,-1.050940813e-05
29.865000,-1.093372246e-05
29.870000,-1.132436508e-05
29.875000,-1.168158054e-05
29.880000,-1.200833954e-05
29.885000,-1.230714837e-05
29.890000,-1.257686509e-05
29.895000,-1.281202319e-05
29.900000,-1.300548575e-05
29.905000,-1.315304761e-05
29.910000,-1.325731303e-05
29.915000,-1.332854493e-05
29.920000,-1.338186813e-05
29.925000,-1.343213764e-05
29.930000,-1.348889037e-05
29.935000,-1.355363260e-05
29.940000,-1.362055599e-05
29.945000,-1.368030071e-05
29.950000,-1.372523817e-05
29.955000,-1.375426045e-05
29.960000,-1.377527434e-05
29.965000,-1.380436717e-05
29.970000,-1.386172019e-05
29.975000,-1.396548672e-05
29.980000,-1.412563943e-05
29.985000,-1.433987240e-05
29.990000,-1.459291285e-05
29.995000,-1.485933150e-05
30.000000,-1.510871643e-05
30.005000,-1.531145858e-05
30.010000,-1.544360356e-05
30.015000,-1.548999243e-05
30.020000,-1.544569919e-05
30.025000,-1.531612642e-05
30.030000,-1.511598537e-05
30.035000,-1.486708592e-05
30.040000,-1.459481825e-05
30.045000,-1.432359658e-05
30.050000,-1.407214789e-05
30.055000,-1.384993332e-05
30.060000,-1.365584914e-05
30.065000,-1.347966302e-05
30.070000,-1.330571928e-05
30.075000,-1.311771750e-05
30.080000,-1.290311425e-05
30.085000,-1.265594711e-05
30.090000,-1.237748034e-05
30.095000,-1.207480629e-05
30.100000,-1.175820540e-05
30.105000,-1.143847548e-05
30.110000,-1.112539787e-05
30.115000,-1.082792505e-05
30.120000,-1.055570153e-05
30.125000,-1.032061704e-05
30.130000,-1.013680829e-05
30.135000,-1.001820483e-05
30.140000,-9.974135879e-06
30.145000,-1.000491281e-05
30.150000,-1.009977657e-05
30.155000,-1.023871440e-05
30.160000,-1.039779299e-05
30.165000,-1.055587363e-05
30.170000,-1.069993089e-05
30.175000,-1.082706291e-05
30.180000,-1.094307613e-05
30.185000,-1.105910002e-05
30.190000,-1.118810663e-05
30.195000,-1.134239848e-05
30.200000,-1.153187886e-05
30.205000,-1.176228011e-05
30.210000,-1.203299856e-05
30.215000,-1.233533257e-05
30.220000,-1.265269511e-05
30.225000,-1.296392383e-05
30.230000,-1.324918701e-05
30.235000,-1.349618098e-05
30.240000,-1.370361920e-05
30.245000,-1.388008443e-05
30.250000,-1.403866599e-05
30.255000,-1.419006838e-05
30.260000,-1.433768311e-05
30.265000,-1.447697692e-05
30.270000,-1.459916572e-05
30.275000,-1.469692464e-05
30.280000,-1.476905264e-05
30.285000,-1.482187638e-05
30.290000,-1.486705904e-05
30.295000,-1.491722506e-05
30.300000,-1.498154787e-05
30.305000,-1.506302458e-05
30.310000,-1.515807803e-05
30.315000,-1.525808043e-05
30.320000,-1.535183163e-05
30.325000,-1.542798758e-05
30.330000,-1.547670980e-05
30.335000,-1.549019345e-05
30.340000,-1.546215693e-05
30.345000,-1.538681645e-05
30.350000,-1.525820320e-05
30.355000,-1.507067578e-05
30.360000,-1.482096366e-05
30.365000,-1.451116178e-05
30.370000,-1.415123725e-05
30.375000,-1.375938143e-05
30.380000,-1.335925665e-05
30.385000,-1.297461472e-05
30.390000,-1.262318544e-05
30.395000,-1.231233471e-05
30.400000,-1.203835863e-05
30.405000,-1.178967804e-05
30.410000,-1.155244242e-05
30.415000,-1.131605077e-05
30.420000,-1.107634235e-05
30.425000,-1.083551701e-05
30.430000,-1.059948149e-05
30.435000,-1.037442702e-05
30.440000,-1.016449821e-05
30.445000,-9.971477061e-06
30.450000,-9.796055773e-06
30.455000,-9.639279485e-06
30.460000,-9.502656855e-06
30.465000,-9.386314268e-06
30.470000,-9.285927356e-06
30.475000,-9.190229052e-06
30.480000,-9.081006241e-06
30.485000,-8.936480876e-06
30.490000,-8.737275477e-06
30.495000,-8.472668465e-06
30.500000,-8.144405009e-06
30.505000,-7.766277279e-06
30.510000,-7.359602866e-06
30.515000,-6.946626262e-06
30.520000,-6.544737368e-06
30.525000,-6.163795403e-06
30.530000,-5.807147939e-06
30.535000,-5.475124038e-06
30.540000,-5.168842342e-06
30.545000,-4.892509526e-06
30.550000,-4.653603833e-06
30.555000,-4.461572517e-06
30.560000,-4.326168431e-06
30.565000,-4.256157555e-06
30.570000,-4.258336591e-06
30.575000,-4.336333008e-06
30.580000,-4.488925518e-06
30.585000,-4.708408462e-06
30.590000,-4.980162952e-06
30.595000,-5.284474400e-06
30.600000,-5.600656981e-06
30.605000,-5.912243563e-06
30.610000,-6.211191964e-06
30.615000,-6.499300296e-06
30.620000,-6.786235945e-06
30.625000,-7.085098828e-06
30.630000,-7.407432243e-06
30.635000,-7.759579736e-06
30.640000,-8.141382148e-06
30.645000,-8.547007002e-06
30.650000,-8.966871240e-06
30.655000,-9.389514755e-06
30.660000,-9.802801924e-06
30.665000,-1.019454642e-05
30.670000,-1.055311924e-05
30.675000,-1.086858232e-05
30.680000,-1.113446104e-05
30.685000,-1.134970854e-05
30.690000,-1.152004112e-05
30.695000,-1.165784726e-05
30.700000,-1.178031583e-05
30.705000,-1.190612369e-05
30.710000,-1.205166810e-05
30.715000,-1.222810760e-05
30.720000,-1.244020101e-05
30.725000,-1.268717894e-05
30.730000,-1.296498506e-05
30.735000,-1.326864852e-05
30.740000,-1.359362486e-05
30.745000,-1.393565114e-05
30.750000,-1.428960128e-05
30.755000,-1.464843696e-05
30.760000,-1.500324710e-05
30.765000,-1.534461552e-05
30.770000,-1.566463301e-05
30.775000,-1.595838316e-05
30.780000,-1.622401104e-05
30.785000,-1.646136261e-05
30.790000,-1.667009328e-05
30.795000,-1.684849065e-05
30.800000,-1.699380468e-05
30.805000,-1.710390854e-05
30.810000,-1.717923670e-05
30.815000,-1.722370806e-05
30.820000,-1.724388638e-05
30.825000,-1.724662463e-05
30.830000,-1.723630307e-05
30.835000,-1.721302895e-05
30.840000,-1.717271245e-05
30.845000,-1.710904735e-05
30.850000,-1.701657184e-05
30.855000,-1.689355098e-05
30.860000,-1.674354405e-05
30.865000,-1.657507702e-05
30.870000,-1.639956335e-05
30.875000,-1.622822796e-05
30.880000,-1.606909577e-05
30.885000,-1.592503022e-05
30.890000,-1.579339535e-05
30.895000,-1.566731849e-05
30.900000,-1.553797291e-05
30.905000,-1.539699655e-05
30.910000,-1.523823204e-05
30.915000,-1.505836393e-05
30.920000,-1.485654448e-05
30.925000,-1.463349322e-05
30.930000,-1.439066712e-05
30.935000,-1.412992616e-05
30.940000,-1.385379985e-05
30.945000,-1.356616401e-05
30.950000,-1.327297170e-05
30.955000,-1.298265746e-05
30.960000,-1.270591081e-05
30.965000,-1.245466200e-05
30.970000,-1.224033785e-05
30.975000,-1.207171353e-05
30.980000,-1.195292643e-05
30.985000,-1.188229904e-05
30.990000,-1.185243229e-05
30.995000,-1.185160477e-05
31.000000,-1.186602928e-05
31.005000,-1.188222740e-05
31.010000,-1.188884311e-05
31.015000,-1.187758005e-05
31.020000,-1.184337995e-05
31.025000,-1.178420402e-05
31.030000,-1.170072609e-05
31.035000,-1.159600555e-05
31.040000,-1.147501200e-05
31.045000,-1.134388839e-05
31.050000,-1.120904129e-05
31.055000,-1.107634625e-05
31.060000,-1.095076164e-05
31.065000,-1.083642490e-05
31.070000,-1.073701759e-05
31.075000,-1.065604971e-05
31.080000,-1.059682581e-05
31.085000,-1.056211398e-05
31.090000,-1.055372635e-05
31.095000,-1.057219758e-05
31.100000,-1.061657512e-05
31.105000,-1.068422144e-05
31.110000,-1.077063618e-05
31.115000,-1.086957572e-05
31.120000,-1.097390749e-05
31.125000,-1.107741617e-05
31.130000,-1.117717152e-05
31.135000,-1.127541895e-05
31.140000,-1.137976660e-05
31.145000,-1.150101410e-05
31.150000,-1.164910837e-05
31.155000,-1.182879956e-05
31.160000,-1.203691667e-05
31.165000,-1.226250372e-05
31.170000,-1.248969468e-05
31.175000,-1.270193583e-05
31.180000,-1.288571059e-05
31.185000,-1.303248320e-05
31.190000,-1.313872042e-05
31.195000,-1.320481864e-05
31.200000,-1.323399461e-05
31.205000,-1.323168519e-05
31.210000,-1.320524341e-05
31.215000,-1.316332747e-05
31.220000,-1.311462643e-05
31.225000,-1.306620577e-05
31.230000,-1.302223909e-05
31.235000,-1.298379937e-05
31.240000,-1.294974817e-05
31.245000,-1.291804587e-05
31.250000,-1.288655389e-05
31.255000,-1.285282277e-05
31.260000,-1.281317531e-05
31.265000,-1.276201860e-05
31.270000,-1.269228724e-05
31.275000,-1.259722262e-05
31.280000,-1.247278641e-05
31.285000,-1.231950364e-05
31.290000,-1.214277703e-05
31.295000,-1.195155523e-05
31.300000,-1.175612619e-05
31.305000,-1.156617319e-05
31.310000,-1.138985944e-05
31.315000,-1.123387193e-05
31.320000,-1.110363263e-05
31.325000,-1.100277316e-05
31.330000,-1.093156693e-05
31.335000,-1.088494911e-05
31.340000,-1.085142185e-05
31.345000,-1.081406089e-05
31.350000,-1.075396326e-05
31.355000,-1.065523071e-05
31.360000,-1.050964582e-05
31.365000,-1.031911495e-05
31.370000,-1.009483220e-05
31.375000,-9.853553971e-06
31.380000,-9.612642402e-06
31.385000,-9.385988601e-06
31.390000,-9.182337475e-06
31.395000,-9.006234044e-06
31.400000,-8.860500937e-06
31.405000,-8.748528450e-06
31.410000,-8.675001514e-06
31.415000,-8.644738494e-06
31.420000,-8.660430351e-06
31.425000,-8.720615456e-06
31.430000,-8.818962527e-06
31.435000,-8.945124061e-06
31.440000,-9.086626138e-06
31.445000,-9.230951053e-06
31.450000,-9.367231337e-06
31.455000,-9.487486854e-06
31.460000,-9.587646020e-06
31.465000,-9.668461347e-06
31.470000,-9.736015734e-06
31.475000,-9.801237343e-06
31.480000,-9.878037903e-06
31.485000,-9.980335223e-06
31.490000,-1.011890915e-05
31.495000,-1.029926861e-05
31.500000,-1.052125493e-05
31.505000,-1.078022263e-05
31.510000,-1.106889048e-05
31.515000,-1.137883291e-05
31.520000,-1.170114332e-05
31.525000,-1.202661868e-05
31.530000,-1.234627517e-05
31.535000,-1.265274515e-05
31.540000,-1.294228881e-05
31.545000,-1.321636486e-05
31.550000,-1.348155068e-05
31.555000,-1.374728241e-05
31.560000,-1.402204069e-05
31.565000,-1.430954280e-05
31.570000,-1.460663595e-05
31.575000,-1.490382111e-05
31.580000,-1.518810347e-05
31.585000,-1.544684423e-05
31.590000,-1.567099301e-05
31.595000,-1.585658089e-05
31.600000,-1.600429389e-05
31.605000,-1.611779763e-05
31.610000,-1.620185606e-05
31.615000,-1.626110391e-05
31.620000,-1.629979702e-05
31.625000,-1.632229656e-05
31.630000,-1.633370074e-05
31.635000,-1.634002976e-05
31.640000,-1.634765230e-05
31.645000,-1.636206733e-05
31.650000,-1.638652910e-05
31.655000,-1.642114579e-05
31.660000,-1.646290319e-05
31.665000,-1.650662354e-05
31.670000,-1.654638677e-05
31.675000,-1.657669650e-05
31.680000,-1.659284806e-05
31.685000,-1.659048239e-05
31.690000,-1.656488143e-05
31.695000,-1.651079395e-05
31.700000,-1.642327895e-05
31.705000,-1.629936158e-05
31.710000,-1.613964650e-05
31.715000,-1.594887189e-05
31.720000,-1.573487283e-05
31.725000,-1.550629092e-05
31.730000,-1.527008593e-05
31.735000,-1.503001422e-05
31.740000,-1.478666086e-05
31.745000,-1.453870867e-05
31.750000,-1.428446791e-05
31.755000,-1.402267628e-05
31.760000,-1.375219120e-05
31.765000,-1.347101685e-05
31.770000,-1.317560464e-05
31.775000,-1.286123493e-05
31.780000,-1.252362795e-05
31.785000,-1.216116097e-05
31.790000,-1.177663826e-05
31.795000,-1.137769653e-05
31.800000,-1.097552645e-05
31.805000,-1.058232495e-05
31.810000,-1.020841455e-05
31.815000,-9.860078795e-06
31.820000,-9.538865864e-06
31.825000,-9.242551442e-06
31.830000,-8.967335531e-06
31.835000,-8.710386162e-06
31.840000,-8.471705761e-06
31.845000,-8.254564943e-06
31.850000,-8.064357412e-06
31.855000,-7.906441220e-06
31.860000,-7.784008503e-06
31.865000,-7.696996360e-06
31.870000,-7.642488654e-06
31.875000,-7.616241693e-06
31.880000,-7.614354673e-06
31.885000,-7.634068964e-06
31.890000,-7.673258965e-06
31.895000,-7.729031479e-06
31.900000,-7.796457301e-06
31.905000,-7.868437032e-06
31.910000,-7.937058821e-06
31.915000,-7.995928385e-06
31.920000,-8.042366153e-06
31.925000,-8.078404046e-06
31.930000,-8.110120750e-06
31.935000,-8.145651857e-06
31.940000,-8.192757228e-06
31.945000,-8.256884140e-06
31.950000,-8.340302293e-06
31.955000,-8.442380879e-06
31.960000,-8.560696710e-06
31.965000,-8.692509681e-06
31.970000,-8.836154581e-06
31.975000,-8.991965081e-06
31.980000,-9.162428554e-06
31.985000,-9.351422509e-06
31.990000,-9.562659058e-06
31.995000,-9.797811390e-06
32.000000,-1.005504126e-05
32.005000,-1.032859804e-05
32.010000,-1.060976271e-05
32.015000,-1.088882256e-05
32.020000,-1.115728755e-05
32.025000,-1.140946177e-05
32.030000,-1.164282472e-05
32.035000,-1.185726715e-05
32.040000,-1.205374555e-05
32.045000,-1.223310562e-05
32.050000,-1.239561953e-05
32.055000,-1.254133794e-05
32.060000,-1.267092718e-05
32.065000,-1.278644987e-05
32.070000,-1.289161413e-05
32.075000,-1.299128846e-05
32.080000,-1.309041413e-05
32.085000,-1.319270862e-05
32.090000,-1.329965664e-05
32.095000,-1.341019771e-05
32.100000,-1.352126605e-05
32.105000,-1.362900078e-05
32.110000,-1.373015273e-05
32.115000,-1.382310602e-05
32.120000,-1.390808292e-05
32.125000,-1.398646391e-05
32.130000,-1.405956450e-05
32.135000,-1.412746131e-05
32.140000,-1.418842202e-05
32.145000,-1.423919218e-05
32.150000,-1.427599315e-05
32.155000,-1.429579210e-05
32.160000,-1.429734257e-05
32.165000,-1.428164652e-05
32.170000,-1.425174203e-05
32.175000,-1.421194689e-05
32.180000,-1.416682461e-05
32.185000,-1.412018900e-05
32.190000,-1.407444760e-05
32.195000,-1.403049822e-05
32.200000,-1.398821506e-05
32.205000,-1.394731128e-05
32.210000,-1.390814382e-05
32.215000,-1.387198348e-05
32.220000,-1.384049999e-05
32.225000,-1.381464023e-05
32.230000,-1.379347950e-05
32.235000,-1.377373496e-05
32.240000,-1.375033054e-05
32.245000,-1.371783425e-05
32.250000,-1.367208761e-05
32.255000,-1.361123467e-05
32.260000,-1.353571895e-05
32.265000,-1.344742811e-05
32.270000,-1.334863450e-05
32.275000,-1.324140750e-05
32.280000,-1.312776133e-05
32.285000,-1.301024778e-05
32.290000,-1.289239144e-05
32.295000,-1.277849854e-05
32.300000,-1.267283200e-05
32.305000,-1.257859502e-05
32.310000,-1.249729013e-05
32.315000,-1.242875731e-05
32.320000,-1.237176171e-05
32.325000,-1.232472187e-05
32.330000,-1.228622174e-05
32.335000,-1.225524559e-05
32.340000,-1.223133741e-05
32.345000,-1.221488603e-05
32.350000,-1.220747716e-05
32.355000,-1.221197279e-05
32.360000,-1.223195958e-05
32.365000,-1.227053960e-05
32.370000,-1.232892069e-05
32.375000,-1.240554123e-05
32.380000,-1.249628454e-05
32.385000,-1.259575908e-05
32.390000,-1.269899458e-05
32.395000,-1.280264479e-05
32.400000,-1.290508075e-05
32.405000,-1.300542813e-05
32.410000,-1.310222285e-05
32.415000,-1.319254223e-05
32.420000,-1.327212143e-05
32.425000,-1.333633640e-05
32.430000,-1.338143911e-05
32.435000,-1.340536245e-05
32.440000,-1.340776330e-05
32.445000,-1.338946781e-05
32.450000,-1.335178916e-05
32.455000,-1.329613987e-05
32.460000,-1.322405103e-05
32.465000,-1.313739386e-05
32.470000,-1.303849301e-05
32.475000,-1.292996801e-05
32.480000,-1.281439339e-05
32.485000,-1.269403162e-05
32.490000,-1.257085346e-05
32.495000,-1.244686301e-05
32.500000,-1.232453455e-05
32.505000,-1.220708046e-05
32.510000,-1.209834402e-05
32.515000,-1.200228568e-05
32.520000,-1.192220731e-05
32.525000,-1.185996151e-05
32.530000,-1.181540070e-05
32.535000,-1.178624618e-05
32.540000,-1.176842484e-05
32.545000,-1.175676088e-05
32.550000,-1.174577710e-05
32.555000,-1.173032436e-05
32.560000,-1.170586858e-05
32.565000,-1.166848873e-05
32.570000,-1.161485064e-05
32.575000,-1.154245870e-05
32.580000,-1.145027690e-05
32.585000,-1.133944707e-05
32.590000,-1.121356208e-05
32.595000,-1.107801476e-05
32.600000,-1.093839273e-05
32.605000,-1.079850433e-05
32.610000,-1.065901159e-05
32.615000,-1.051749835e-05
32.620000,-1.037011392e-05
32.625000,-1.021406187e-05
32.630000,-1.004967257e-05
32.635000,-9.880964770e-06
32.640000,-9.714411699e-06
32.645000,-9.556617903e-06
32.650000,-9.412193843e-06
32.655000,-9.282935525e-06
32.660000,-9.168595394e-06
32.665000,-9.068581144e-06
32.670000,-8.983420929e-06
32.675000,-8.915066706e-06
32.680000,-8.865886619e-06
32.685000,-8.837009643e-06
32.690000,-8.827032490e-06
32.695000,-8.831809451e-06
32.700000,-8.845360923e-06
32.705000,-8.861319697e-06
32.710000,-8.874156078e-06
32.715000,-8.879731808e-06
32.720000,-8.875258259e-06
32.725000,-8.859099785e-06
32.730000,-8.830846657e-06
32.735000,-8.791746949e-06
32.740000,-8.745206588e-06
32.745000,-8.696916808e-06
32.750000,-8.654338042e-06
32.755000,-8.625622637e-06
32.760000,-8.618350185e-06
32.765000,-8.638501710e-06
32.770000,-8.689913032e-06
32.775000,-8.774176807e-06
32.780000,-8.890788998e-06
32.785000,-9.037343512e-06
32.790000,-9.209716233e-06
32.795000,-9.402317119e-06
32.800000,-9.608523221e-06
32.805000,-9.821325848e-06
32.810000,-1.003410386e-05
32.815000,-1.024136059e-05
32.820000,-1.043927332e-05
32.825000,-1.062597533e-05
32.830000,-1.080156349e-05
32.835000,-1.096786050e-05
32.840000,-1.112796367e-05
32.845000,-1.128561279e-05
32.850000,-1.144443252e-05
32.855000,-1.160714576e-05
32.860000,-1.177488900e-05
32.865000,-1.194676679e-05
32.870000,-1.211975661e-05
32.875000,-1.228902969e-05
32.880000,-1.244869265e-05
32.885000,-1.259287609e-05
32.890000,-1.271699357e-05
32.895000,-1.281889069e-05
32.900000,-1.289955155e-05
32.905000,-1.296308987e-05
32.910000,-1.301594355e-05
32.915000,-1.306546172e-05
32.920000,-1.311830642e-05
32.925000,-1.317916874e-05
32.930000,-1.325017331e-05
32.935000,-1.333106912e-05
32.940000,-1.342000948e-05
32.945000,-1.351454114e-05
32.950000,-1.361241567e-05
32.955000,-1.371197427e-05
32.960000,-1.381205368e-05
32.965000,-1.391153102e-05
32.970000,-1.400872809e-05
32.975000,-1.410093381e-05
32.980000,-1.418428415e-05
32.985000,-1.425415485e-05
32.990000,-1.430606066e-05
32.995000,-1.433683449e-05
33.000000,-1.434566488e-05
33.005000,-1.433451617e-05
33.010000,-1.430762855e-05
33.015000,-1.427016288e-05
33.020000,-1.422646284e-05
33.025000,-1.417863510e-05
33.030000,-1.412604908e-05
33.035000,-1.406595093e-05
33.040000,-1.399486922e-05
33.045000,-1.391013541e-05
33.050000,-1.381083881e-05
33.055000,-1.369787793e-05
33.060000,-1.357325931e-05
33.065000,-1.343915716e-05
33.070000,-1.329729469e-05
33.075000,-1.314894234e-05
33.080000,-1.299542521e-05
33.085000,-1.283873271e-05
33.090000,-1.268178425e-05
33.095000,-1.252812347e-05
33.100000,-1.238114316e-05
33.105000,-1.224319196e-05
33.110000,-1.211495979e-05
33.115000,-1.199538059e-05
33.120000,-1.188203692e-05
33.125000,-1.177184122e-05
33.130000,-1.166169851e-05
33.135000,-1.154893605e-05
33.140000,-1.143145188e-05
33.145000,-1.130769006e-05
33.150000,-1.117661862e-05
33.155000,-1.103784157e-05
33.160000,-1.089185131e-05
33.165000,-1.074029354e-05
33.170000,-1.058604975e-05
33.175000,-1.043298506e-05
33.180000,-1.028535131e-05
33.185000,-1.014700804e-05
33.190000,-1.002073681e-05
33.195000,-9.907907980e-06
33.200000,-9.808610729e-06
33.205000,-9.722146332e-06
33.210000,-9.647621466e-06
33.215000,-9.584351926e-06
33.220000,-9.531912282e-06
33.225000,-9.489874400e-06
33.230000,-9.457451424e-06
33.235000,-9.433309047e-06
33.240000,-9.415703221e-06
33.245000,-9.402916918e-06
33.250000,-9.393804638e-06
33.255000,-9.388197571e-06
33.260000,-9.386993348e-06
33.265000,-9.391901429e-06
33.270000,-9.404955585e-06
33.275000,-9.427973673e-06
33.280000,-9.462126018e-06
33.285000,-9.507697837e-06
33.290000,-9.564048032e-06
33.295000,-9.629714616e-06
33.300000,-9.702607122e-06
33.305000,-9.780245907e-06
33.310000,-9.860034835e-06
33.315000,-9.939567519e-06
33.320000,-1.001695751e-05
33.325000,-1.009115080e-05
33.330000,-1.016213860e-05
33.335000,-1.023096574e-05
33.340000,-1.029945295e-05
33.345000,-1.036963291e-05
33.350000,-1.044302163e-05
33.355000,-1.051995358e-05
33.360000,-1.059923639e-05
33.365000,-1.067828992e-05
33.370000,-1.075374739e-05
33.375000,-1.082229628e-05
33.380000,-1.088142884e-05
33.385000,-1.092982139e-05
33.390000,-1.096725057e-05
33.395000,-1.099418353e-05
33.400000,-1.101132354e-05
33.405000,-1.101937475e-05
33.410000,-1.101912542e-05
33.415000,-1.101173975e-05
33.420000,-1.099901744e-05
33.425000,-1.098339971e-05
33.430000,-1.096765034e-05
33.435000,-1.095432664e-05
33.440000,-1.094526942e-05
33.445000,-1.094132785e-05
33.450000,-1.094241481e-05
33.455000,-1.094783807e-05
33.460000,-1.095675159e-05
33.465000,-1.096855487e-05
33.470000,-1.098312141e-05
33.475000,-1.100081254e-05
33.480000,-1.102229328e-05
33.485000,-1.104820321e-05
33.490000,-1.107875861e-05
33.495000,-1.111338522e-05
33.500000,-1.115049599e-05
33.505000,-1.118751266e-05
33.510000,-1.122116870e-05
33.515000,-1.124803523e-05
33.520000,-1.126512065e-05
33.525000,-1.127035816e-05
33.530000,-1.126283643e-05
33.535000,-1.124273319e-05
33.540000,-1.121102808e-05
33.545000,-1.116914488e-05
33.550000,-1.111867435e-05
33.555000,-1.106126485e-05
33.560000,-1.099867781e-05
33.565000,-1.093293145e-05
33.570000,-1.086642467e-05
33.575000,-1.080194631e-05
33.580000,-1.074251797e-05
33.585000,-1.069107673e-05
33.590000,-1.065006231e-05
33.595000,-1.062102228e-05
33.600000,-1.060437062e-05
33.605000,-1.059941222e-05
33.610000,-1.060466836e-05
33.615000,-1.061842388e-05
33.620000,-1.063930958e-05
33.625000,-1.066669248e-05
33.630000,-1.070070815e-05
33.635000,-1.074192179e-05
33.640000,-1.079077920e-05
33.645000,-1.084711345e-05
33.650000,-1.090994074e-05
33.655000,-1.097761528e-05
33.660000,-1.104820261e-05
33.665000,-1.111979594e-05
33.670000,-1.119053308e-05
33.675000,-1.125827045e-05
33.680000,-1.132013047e-05
33.685000,-1.137230306e-05
33.690000,-1.141042976e-05
33.695000,-1.143062752e-05
33.700000,-1.143084582e-05
33.705000,-1.141199423e-05
33.710000,-1.137828815e-05
33.715000,-1.133656129e-05
33.720000,-1.129474774e-05
33.725000,-1.126011298e-05
33.730000,-1.123791267e-05
33.735000,-1.123092631e-05
33.740000,-1.123987415e-05
33.745000,-1.126431486e-05
33.750000,-1.130345373e-05
33.755000,-1.135644058e-05
33.760000,-1.142209910e-05
33.765000,-1.149838774e-05
33.770000,-1.158204422e-05
33.775000,-1.166873854e-05
33.780000,-1.175374552e-05
33.785000,-1.183284013e-05
33.790000,-1.190299531e-05
33.795000,-1.196258035e-05
33.800000,-1.201103463e-05
33.805000,-1.204825852e-05
33.810000,-1.207407291e-05
33.815000,-1.208800836e-05
33.820000,-1.208946533e-05
33.825000,-1.207807720e-05
33.830000,-1.205401972e-05
33.835000,-1.201807671e-05
33.840000,-1.197143354e-05
33.845000,-1.191532684e-05
33.850000,-1.185074765e-05
33.855000,-1.177835480e-05
33.860000,-1.169864040e-05
33.865000,-1.161226673e-05
33.870000,-1.152041726e-05
33.875000,-1.142499934e-05
33.880000,-1.132859316e-05
33.885000,-1.123413554e-05
33.890000,-1.114442471e-05
33.895000,-1.106160220e-05
33.900000,-1.098678359e-05
33.905000,-1.091995936e-05
33.910000,-1.086018107e-05
33.915000,-1.080592957e-05
33.920000,-1.075548618e-05
33.925000,-1.070714247e-05
33.930000,-1.065918908e-05
33.935000,-1.060976936e-05
33.940000,-1.055678376e-05
33.945000,-1.049802027e-05
33.950000,-1.043155686e-05
33.955000,-1.035630257e-05
33.960000,-1.027242003e-05
33.965000,-1.018138907e-05
33.970000,-1.008563150e-05
33.975000,-9.987839861e-06
33.980000,-9.890308848e-06
33.985000,-9.794564283e-06
33.990000,-9.701417409e-06
33.995000,-9.611337686e-06
34.000000,-9.524873185e-06
34.005000,-9.442851111e-06
34.010000,-9.366257744e-06
34.015000,-9.295921537e-06
34.020000,-9.232262886e-06
34.025000,-9.175337495e-06
34.030000,-9.125205451e-06
34.035000,-9.082424375e-06
34.040000,-9.048340959e-06
34.045000,-9.024927709e-06
34.050000,-9.014149440e-06
34.055000,-9.017113716e-06
34.060000,-9.033403145e-06
34.065000,-9.060917466e-06
34.070000,-9.096304927e-06
34.075000,-9.135773942e-06
34.080000,-9.175907630e-06
34.085000,-9.214143560e-06
34.090000,-9.248795406e-06
34.095000,-9.278750071e-06
34.100000,-9.303124118e-06
34.105000,-9.321129879e-06
34.110000,-9.332221666e-06
34.115000,-9.336389569e-06
34.120000,-9.334371670e-06
34.125000,-9.327619810e-06
34.130000,-9.318027920e-06
34.135000,-9.307595021e-06
34.140000,-9.298237581e-06
34.145000,-9.291859714e-06
34.150000,-9.290604846e-06
34.155000,-9.297070865e-06
34.160000,-9.314266147e-06
34.165000,-9.345222580e-06
34.170000,-9.392379416e-06
34.175000,-9.456989190e-06
34.180000,-9.538795246e-06
34.185000,-9.636097979e-06
34.190000,-9.746148373e-06
34.195000,-9.865685188e-06
34.200000,-9.991421772e-06
34.205000,-1.012037011e-05
34.210000,-1.024999284e-05
34.215000,-1.037823195e-05
34.220000,-1.050345861e-05
34.225000,-1.062435736e-05
34.230000,-1.073975090e-05
34.235000,-1.084840800e-05
34.240000,-1.094892595e-05
34.245000,-1.103978529e-05
34.250000,-1.111960546e-05
34.255000,-1.118751258e-05
34.260000,-1.124343820e-05
34.265000,-1.128817361e-05
34.270000,-1.132311993e-05
34.275000,-1.134984076e-05
34.280000,-1.136963646e-05
34.285000,-1.138334721e-05
34.290000,-1.139145824e-05
34.295000,-1.139441166e-05
34.300000,-1.139292778e-05
34.305000,-1.138816256e-05
34.310000,-1.138164624e-05
34.315000,-1.137507294e-05
34.320000,-1.137005869e-05
34.325000,-1.136793988e-05
34.330000,-1.136960207e-05
34.335000,-1.137529357e-05
34.340000,-1.138442761e-05
34.345000,-1.139547280e-05
34.350000,-1.140608323e-05
34.355000,-1.141355672e-05
34.360000,-1.141554292e-05
34.365000,-1.141074903e-05
34.370000,-1.139933114e-05
34.375000,-1.138277454e-05
34.380000,-1.136330832e-05
34.385000,-1.134313134e-05
34.390000,-1.132381294e-05
34.395000,-1.130611889e-05
34.400000,-1.129027103e-05
34.405000,-1.127641817e-05
34.410000,-1.126500559e-05
34.415000,-1.125681802e-05
34.420000,-1.125266922e-05
34.425000,-1.125290161e-05
34.430000,-1.125694392e-05
34.435000,-1.126313246e-05
34.440000,-1.126887854e-05
34.445000,-1.127113429e-05
34.450000,-1.126702202e-05
34.455000,-1.125445857e-05
34.460000,-1.123261259e-05
34.465000,-1.120206758e-05
34.470000,-1.116462973e-05
34.475000,-1.112281711e-05
34.480000,-1.107917486e-05
34.485000,-1.103563353e-05
34.490000,-1.099311723e-05
34.495000,-1.095150691e-05
34.500000,-1.090991403e-05
34.505000,-1.086710086e-05
34.510000,-1.082185838e-05
34.515000,-1.077322801e-05
34.520000,-1.072057436e-05
34.525000,-1.066360244e-05
34.530000,-1.060241493e-05
34.535000,-1.053763388e-05
34.540000,-1.047052604e-05
34.545000,-1.040303332e-05
34.550000,-1.033764140e-05
34.555000,-1.027709079e-05
34.560000,-1.022399658e-05
34.565000,-1.018046385e-05
34.570000,-1.014777199e-05
34.575000,-1.012618146e-05
34.580000,-1.011490838e-05
34.585000,-1.011230276e-05
34.590000,-1.011622641e-05
34.595000,-1.012454815e-05
34.600000,-1.013559163e-05
34.605000,-1.014834953e-05
34.610000,-1.016236273e-05
34.615000,-1.017733201e-05
34.620000,-1.019269196e-05
34.625000,-1.020742301e-05
34.630000,-1.022025700e-05
34.635000,-1.023020026e-05
34.640000,-1.023709010e-05
34.645000,-1.024185052e-05
34.650000,-1.024626145e-05
34.655000,-1.025231926e-05
34.660000,-1.026148935e-05
34.665000,-1.027420013e-05
34.670000,-1.028978253e-05
34.675000,-1.030681648e-05
34.680000,-1.032365605e-05
34.685000,-1.033886924e-05
34.690000,-1.035144352e-05
34.695000,-1.036077628e-05
34.700000,-1.036657708e-05
34.705000,-1.036880235e-05
34.710000,-1.036765617e-05
34.715000,-1.036360558e-05
34.720000,-1.035734072e-05
34.725000,-1.034966088e-05
34.730000,-1.034133349e-05
34.735000,-1.033299503e-05
34.740000,-1.032512352e-05
34.745000,-1.031804799e-05
34.750000,-1.031192740e-05
34.755000,-1.030665992e-05
34.760000,-1.030175233e-05
34.765000,-1.029623602e-05
34.770000,-1.028871661e-05
34.775000,-1.027758795e-05
34.780000,-1.026136538e-05
34.785000,-1.023904459e-05
34.790000,-1.021039085e-05
34.795000,-1.017609414e-05
34.800000,-1.013776054e-05
34.805000,-1.009773341e-05
34.810000,-1.005876056e-05
34.815000,-1.002356142e-05
34.820000,-9.994398785e-06
34.825000,-9.972788802e-06
34.830000,-9.959450256e-06
34.835000,-9.954490052e-06
34.840000,-9.957693063e-06
34.845000,-9.968712824e-06
34.850000,-9.987009194e-06
34.855000,-1.001154233e-05
34.860000,-1.004042015e-05
34.865000,-1.007078704e-05
34.870000,-1.009915969e-05
34.875000,-1.012218806e-05
34.880000,-1.013756984e-05
34.885000,-1.014472202e-05
34.890000,-1.014489554e-05
34.895000,-1.014067073e-05
34.900000,-1.013505697e-05
34.905000,-1.013058612e-05
34.910000,-1.012875386e-05
34.915000,-1.012995832e-05
34.920000,-1.013383437e-05
34.925000,-1.013971975e-05
34.930000,-1.014698975e-05
34.935000,-1.015513837e-05
34.940000,-1.016366763e-05
34.945000,-1.017196582e-05
34.950000,-1.017934666e-05
34.955000,-1.018530048e-05
34.960000,-1.018985229e-05
34.965000,-1.019382301e-05
34.970000,-1.019880951e-05
34.975000,-1.020682982e-05
34.980000,-1.021975405e-05
34.985000,-1.023876239e-05
34.990000,-1.026406871e-05
34.995000,-1.029501489e-05
35.000000,-1.033044883e-05
35.005000,-1.036915572e-05
35.010000,-1.041010591e-05
35.015000,-1.045242006e-05
35.020000,-1.049515163e-05
35.025000,-1.053711975e-05
35.030000,-1.057700001e-05
35.035000,-1.061370359e-05
35.040000,-1.064685744e-05
35.045000,-1.067708694e-05
35.050000,-1.070588504e-05
35.055000,-1.073508872e-05
35.060000,-1.076622886e-05
35.065000,-1.080010925e-05
35.070000,-1.083683727e-05
35.075000,-1.087624852e-05
35.080000,-1.091841932e-05
35.085000,-1.096390650e-05
35.090000,-1.101353212e-05
35.095000,-1.106782742e-05
35.100000,-1.112647225e-05
35.105000,-1.118807266e-05
35.110000,-1.125041018e-05
35.115000,-1.131101543e-05
35.120000,-1.136774781e-05
35.125000,-1.141910544e-05
35.130000,-1.146419799e-05
35.135000,-1.150253748e-05
35.140000,-1.153388494e-05
35.145000,-1.155829050e-05
35.150000,-1.157626676e-05
35.155000,-1.158889315e-05
35.160000,-1.159766691e-05
35.165000,-1.160408303e-05
35.170000,-1.160912099e-05
35.175000,-1.161290488e-05
35.180000,-1.161472333e-05
35.185000,-1.161340203e-05
35.190000,-1.160783990e-05
35.195000,-1.159745946e-05
35.200000,-1.158240368e-05
35.205000,-1.156346587e-05
35.210000,-1.154186018e-05
35.215000,-1.151896427e-05
35.220000,-1.149610600e-05
35.225000,-1.147439043e-05
35.230000,-1.145453808e-05
35.235000,-1.143674182e-05
35.240000,-1.142060417e-05
35.245000,-1.140522850e-05
35.250000,-1.138948103e-05
35.255000,-1.137234566e-05
35.260000,-1.135322508e-05
35.265000,-1.133205140e-05
35.270000,-1.130915859e-05
35.275000,-1.128498676e-05
35.280000,-1.125976720e-05
35.285000,-1.123333472e-05
35.290000,-1.120513837e-05
35.295000,-1.117442054e-05
35.300000,-1.114046275e-05
35.305000,-1.110278544e-05
35.310000,-1.106123254e-05
35.315000,-1.101593796e-05
35.320000,-1.096722453e-05
35.325000,-1.091550424e-05
35.330000,-1.086123149e-05
35.335000,-1.080492118e-05
35.340000,-1.074720467e-05
35.345000,-1.068887499e-05
35.350000,-1.063088096e-05
35.355000,-1.057426113e-05
35.360000,-1.052004722e-05
35.365000,-1.046918746e-05
35.370000,-1.042252785e-05
35.375000,-1.038084811e-05
35.380000,-1.034490428e-05
35.385000,-1.031541459e-05
35.390000,-1.029295632e-05
35.395000,-1.027780274e-05
35.400000,-1.026978141e-05
35.405000,-1.026823725e-05
35.410000,-1.027212921e-05
35.415000,-1.028020982e-05
35.420000,-1.029119053e-05
35.425000,-1.030381791e-05
35.430000,-1.031686633e-05
35.435000,-1.032913307e-05
35.440000,-1.033953652e-05
35.445000,-1.034734465e-05
35.450000,-1.035244113e-05
35.455000,-1.035545772e-05
35.460000,-1.035763177e-05
35.465000,-1.036038852e-05
35.470000,-1.036481849e-05
35.475000,-1.037131096e-05
35.480000,-1.037954315e-05
35.485000,-1.038883820e-05
35.490000,-1.039869831e-05
35.495000,-1.040922217e-05
35.500000,-1.042118635e-05
35.505000,-1.043576759e-05
35.510000,-1.045408328e-05
35.515000,-1.047681060e-05
35.520000,-1.050406842e-05
35.525000,-1.053557021e-05
35.530000,-1.057090034e-05
35.535000,-1.060972495e-05
35.540000,-1.065183424e-05
35.545000,-1.069705043e-05
35.550000,-1.074512270e-05
35.555000,-1.079571119e-05
35.560000,-1.084846282e-05
35.565000,-1.090308785e-05
35.570000,-1.095933596e-05
35.575000,-1.101685291e-05
35.580000,-1.107501232e-05
35.585000,-1.113286747e-05
35.590000,-1.118931021e-05
35.595000,-1.124338749e-05
35.600000,-1.129460758e-05
35.605000,-1.134305397e-05
35.610000,-1.138923490e-05
35.615000,-1.143376083e-05
35.620000,-1.147705050e-05
35.625000,-1.151924199e-05
35.630000,-1.156034122e-05
35.635000,-1.160047286e-05
35.640000,-1.164002170e-05
35.645000,-1.167952277e-05
35.650000,-1.171933228e-05
35.655000,-1.175927404e-05
35.660000,-1.179849801e-05
35.665000,-1.183567528e-05
35.670000,-1.186945642e-05
35.675000,-1.189896036e-05
35.680000,-1.192403978e-05
35.685000,-1.194519853e-05
35.690000,-1.196323420e-05
35.695000,-1.197882433e-05
35.700000,-1.199228445e-05
35.705000,-1.200360448e-05
35.710000,-1.201270010e-05
35.715000,-1.201970086e-05
35.720000,-1.202509771e-05
35.725000,-1.202967339e-05
35.730000,-1.203426852e-05
35.735000,-1.203951573e-05
35.740000,-1.204566895e-05
35.745000,-1.205258532e-05
35.750000,-1.205983684e-05
35.755000,-1.206688448e-05
35.760000,-1.207324973e-05
35.765000,-1.207864613e-05
35.770000,-1.208305489e-05
35.775000,-1.208673150e-05
35.780000,-1.209012597e-05
35.785000,-1.209371147e-05
35.790000,-1.209775426e-05
35.795000,-1.210210578e-05
35.800000,-1.210612029e-05
35.805000,-1.210877052e-05
35.810000,-1.210895069e-05
35.815000,-1.210585915e-05
35.820000,-1.209929509e-05
35.825000,-1.208972557e-05
35.830000,-1.207807935e-05
35.835000,-1.206535684e-05
35.840000,-1.205224264e-05
35.845000,-1.203891393e-05
35.850000,-1.202514504e-05
35.855000,-1.201065783e-05
35.860000,-1.199553660e-05
35.865000,-1.198048470e-05
35.870000,-1.196677394e-05
35.875000,-1.195589330e-05
35.880000,-1.194905923e-05
35.885000,-1.194682382e-05
35.890000,-1.194896722e-05
35.895000,-1.195471279e-05
35.900000,-1.196313841e-05
35.905000,-1.197356482e-05
35.910000,-1.198573189e-05
35.915000,-1.199970484e-05
35.920000,-1.201560496e-05
35.925000,-1.203334596e-05
35.930000,-1.205252996e-05
35.935000,-1.207254268e-05
35.940000,-1.209276059e-05
35.945000,-1.211272498e-05
35.950000,-1.213217844e-05
35.955000,-1.215096494e-05
35.960000,-1.216889009e-05
35.965000,-1.218565997e-05
35.970000,-1.220095375e-05
35.975000,-1.221458524e-05
35.980000,-1.222664071e-05
35.985000,-1.223749134e-05
35.990000,-1.224765809e-05
35.995000,-1.225760022e-05
36.000000,-1.226754423e-05
36.005000,-1.227744137e-05
36.010000,-1.228706268e-05
36.015000,-1.229616506e-05
36.020000,-1.230463523e-05
36.025000,-1.231255003e-05
36.030000,-1.232015067e-05
36.035000,-1.232777299e-05
36.040000,-1.233578134e-05
36.045000,-1.234452673e-05
36.050000,-1.235432011e-05
36.055000,-1.236540341e-05
36.060000,-1.237791566e-05
36.065000,-1.239187180e-05
36.070000,-1.240717457e-05
36.075000,-1.242365992e-05
36.080000,-1.244114989e-05
36.085000,-1.245947701e-05
36.090000,-1.247846213e-05
36.095000,-1.249786316e-05
36.100000,-1.251733833e-05
36.105000,-1.253646375e-05
36.110000,-1.255481202e-05
36.115000,-1.257205746e-05
36.120000,-1.258805424e-05
36.125000,-1.260284849e-05
36.130000,-1.261662496e-05
36.135000,-1.262962590e-05
36.140000,-1.264208936e-05
36.145000,-1.265423366e-05
36.150000,-1.266627866e-05
36.155000,-1.267847030e-05
36.160000,-1.269107682e-05
36.165000,-1.270434969e-05
36.170000,-1.271847014e-05
36.175000,-1.273351324e-05
36.180000,-1.274944995e-05
36.185000,-1.276618242e-05
36.190000,-1.278358843e-05
36.195000,-1.280154938e-05
36.200000,-1.281995158e-05
36.205000,-1.283867146e-05
36.210000,-1.285756536e-05
36.215000,-1.287647997e-05
36.220000,-1.289528241e-05
36.225000,-1.291389468e-05
36.230000,-1.293231238e-05
36.235000,-1.295059733e-05
36.240000,-1.296884813e-05
36.245000,-1.298716426e-05
36.250000,-1.300562045e-05
36.255000,-1.302425975e-05
36.260000,-1.304310236e-05
36.265000,-1.306215948e-05
36.270000,-1.308144143e-05
36.275000,-1.310095559e-05
36.280000,-1.312069748e-05
36.285000,-1.314064261e-05
36.290000,-1.316074591e-05
36.295000,-1.318095068e-05
36.300000,-1.320120266e-05
36.305000,-1.322146264e-05
36.310000,-1.324171143e-05
36.315000,-1.326194586e-05
36.320000,-1.328216900e-05
36.325000,-1.330238031e-05
36.330000,-1.332257073e-05
36.335000,-1.334272417e-05
36.340000,-1.336282350e-05
36.345000,-1.338285695e-05
36.350000,-1.340282157e-05
36.355000,-1.342272267e-05
36.360000,-1.344257064e-05
36.365000,-1.346237756e-05
36.370000,-1.348215572e-05
36.375000,-1.350191852e-05
36.380000,-1.352168277e-05
36.385000,-1.354147090e-05
36.390000,-1.356131156e-05
