time_s,acceleration_g
0.000000,-4.515938836e-06
0.005000,-4.494753680e-06
0.010000,-4.473538612e-06
0.015000,-4.452295590e-06
0.020000,-4.431025771e-06
0.025000,-4.409729492e-06
0.030000,-4.388406546e-06
0.035000,-4.367056557e-06
0.040000,-4.345679254e-06
0.045000,-4.324274568e-06
0.050000,-4.302842597e-06
0.055000,-4.281383506e-06
0.060000,-4.259897437e-06
0.065000,-4.238384472e-06
0.070000,-4.216844636e-06
0.075000,-4.195277927e-06
0.080000,-4.173684348e-06
0.085000,-4.152063917e-06
0.090000,-4.130416673e-06
0.095000,-4.108742665e-06
0.100000,-4.087041944e-06
0.105000,-4.065314553e-06
0.110000,-4.043560533e-06
0.115000,-4.021779919e-06
0.120000,-3.999972746e-06
0.125000,-3.978139049e-06
0.130000,-3.956278867e-06
0.135000,-3.934392240e-06
0.140000,-3.912479208e-06
0.145000,-3.890539812e-06
0.150000,-3.868574091e-06
0.155000,-3.846582085e-06
0.160000,-3.824563834e-06
0.165000,-3.802519375e-06
0.170000,-3.780448751e-06
0.175000,-3.758352000e-06
0.180000,-3.736229164e-06
0.185000,-3.714080283e-06
0.190000,-3.691905398e-06
0.195000,-3.669704549e-06
0.200000,-3.647477777e-06
0.205000,-3.625225124e-06
0.210000,-3.602946630e-06
0.215000,-3.580642337e-06
0.220000,-3.558312287e-06
0.225000,-3.535956521e-06
0.230000,-3.513575080e-06
0.235000,-3.491168008e-06
0.240000,-3.468735346e-06
0.245000,-3.446277136e-06
0.250000,-3.423793420e-06
0.255000,-3.401284242e-06
0.260000,-3.378749643e-06
0.265000,-3.356189667e-06
0.270000,-3.333604357e-06
0.275000,-3.310993755e-06
0.280000,-3.288357905e-06
0.285000,-3.265696851e-06
0.290000,-3.243010635e-06
0.295000,-3.220299302e-06
0.300000,-3.197562896e-06
0.305000,-3.174801460e-06
0.310000,-3.152015038e-06
0.315000,-3.129203676e-06
0.320000,-3.106367416e-06
0.325000,-3.083506304e-06
0.330000,-3.060620385e-06
0.335000,-3.037709704e-06
0.340000,-3.014774304e-06
0.345000,-2.991814233e-06
0.350000,-2.968829534e-06
0.355000,-2.945820253e-06
0.360000,-2.922786437e-06
0.365000,-2.899728130e-06
0.370000,-2.876645378e-06
0.375000,-2.853538228e-06
0.380000,-2.830406726e-06
0.385000,-2.807250918e-06
0.390000,-2.784070851e-06
0.395000,-2.760866570e-06
0.400000,-2.737638124e-06
0.405000,-2.714385558e-06
0.410000,-2.691108921e-06
0.415000,-2.667808258e-06
0.420000,-2.644483618e-06
0.425000,-2.621135048e-06
0.430000,-2.597762596e-06
0.435000,-2.574366309e-06
0.440000,-2.550946235e-06
0.445000,-2.527502423e-06
0.450000,-2.504034921e-06
0.455000,-2.480543776e-06
0.460000,-2.457029039e-06
0.465000,-2.433490756e-06
0.470000,-2.409928978e-06
0.475000,-2.386343752e-06
0.480000,-2.362735129e-06
0.485000,-2.339103157e-06
0.490000,-2.315447887e-06
0.495000,-2.291769366e-06
0.500000,-2.268067646e-06
0.505000,-2.244342776e-06
0.510000,-2.220594805e-06
0.515000,-2.196823785e-06
0.520000,-2.173029766e-06
0.525000,-2.149212797e-06
0.530000,-2.125372929e-06
0.535000,-2.101510214e-06
0.540000,-2.077624702e-06
0.545000,-2.053716444e-06
0.550000,-2.029785492e-06
0.555000,-2.005831896e-06
0.560000,-1.981855708e-06
0.565000,-1.957856980e-06
0.570000,-1.933835763e-06
0.575000,-1.909792110e-06
0.580000,-1.885726072e-06
0.585000,-1.861637702e-06
0.590000,-1.837527052e-06
0.595000,-1.813394175e-06
0.600000,-1.789239122e-06
0.605000,-1.765061948e-06
0.610000,-1.740862705e-06
0.615000,-1.716641446e-06
0.620000,-1.692398224e-06
0.625000,-1.668133093e-06
0.630000,-1.643846106e-06
0.635000,-1.619537317e-06
0.640000,-1.595206780e-06
0.645000,-1.570854549e-06
0.650000,-1.546480677e-06
0.655000,-1.522085220e-06
0.660000,-1.497668231e-06
0.665000,-1.473229765e-06
0.670000,-1.448769878e-06
0.675000,-1.424288623e-06
0.680000,-1.399786055e-06
0.685000,-1.375262231e-06
0.690000,-1.350717205e-06
0.695000,-1.326151033e-06
0.700000,-1.301563770e-06
0.705000,-1.276955472e-06
0.710000,-1.252326195e-06
0.715000,-1.227675995e-06
0.720000,-1.203004928e-06
0.725000,-1.178313051e-06
0.730000,-1.153600420e-06
0.735000,-1.128867092e-06
0.740000,-1.104113123e-06
0.745000,-1.079338570e-06
0.750000,-1.054543492e-06
0.755000,-1.029727943e-06
0.760000,-1.004891983e-06
0.765000,-9.800356688e-07
0.770000,-9.551590576e-07
0.775000,-9.302622076e-07
0.780000,-9.053451768e-07
0.785000,-8.804080231e-07
0.790000,-8.554508049e-07
0.795000,-8.304735807e-07
0.800000,-8.054764089e-07
0.805000,-7.804593482e-07
0.810000,-7.554224576e-07
0.815000,-7.303657960e-07
0.820000,-7.052894226e-07
0.825000,-6.801933967e-07
0.830000,-6.550777777e-07
0.835000,-6.299426251e-07
0.840000,-6.047879989e-07
0.845000,-5.796139587e-07
0.850000,-5.544205648e-07
0.855000,-5.292078771e-07
0.860000,-5.039759562e-07
0.865000,-4.787248624e-07
0.870000,-4.534546564e-07
0.875000,-4.281653989e-07
0.880000,-4.028571509e-07
0.885000,-3.775299735e-07
0.890000,-3.521839277e-07
0.895000,-3.268190751e-07
0.900000,-3.014354771e-07
0.905000,-2.760331954e-07
0.910000,-2.506122917e-07
0.915000,-2.251728280e-07
0.920000,-1.997148665e-07
0.925000,-1.742384692e-07
0.930000,-1.487436988e-07
0.935000,-1.232306176e-07
0.940000,-9.769928837e-08
0.945000,-7.214977393e-08
0.950000,-4.658213726e-08
0.955000,-2.099644149e-08
0.960000,4.607250116e-09
0.965000,3.022887414e-08
0.970000,5.586836702e-08
0.975000,8.152566503e-08
0.980000,1.072007043e-07
0.985000,1.328934209e-07
0.990000,1.586037506e-07
0.995000,1.843316291e-07
1.000000,2.100769920e-07
1.005000,2.358397747e-07
1.010000,2.616199125e-07
1.015000,2.874173404e-07
1.020000,3.132319934e-07
1.025000,3.390638064e-07
1.030000,3.649127141e-07
1.035000,3.907786509e-07
1.040000,4.166615512e-07
1.045000,4.425613494e-07
1.050000,4.684779794e-07
1.055000,4.944113752e-07
1.060000,5.203614706e-07
1.065000,5.463281993e-07
1.070000,5.723114948e-07
1.075000,5.983112904e-07
1.080000,6.243275193e-07
1.085000,6.503601147e-07
1.090000,6.764090094e-07
1.095000,7.024741362e-07
1.100000,7.285554278e-07
1.105000,7.546528166e-07
1.110000,7.807662350e-07
1.115000,8.068956151e-07
1.120000,8.330408890e-07
1.125000,8.592019887e-07
1.130000,8.853788458e-07
1.135000,9.115713920e-07
1.140000,9.377795587e-07
1.145000,9.640032773e-07
1.150000,9.902424790e-07
1.155000,1.016497095e-06
1.160000,1.042767055e-06
1.165000,1.069052292e-06
1.170000,1.095352734e-06
1.175000,1.121668314e-06
1.180000,1.147998960e-06
1.185000,1.174344604e-06
1.190000,1.200705175e-06
1.195000,1.227080603e-06
1.200000,1.253470817e-06
1.205000,1.279875748e-06
1.210000,1.306295325e-06
1.215000,1.332729477e-06
1.220000,1.359178134e-06
1.225000,1.385641223e-06
1.230000,1.412118675e-06
1.235000,1.438610418e-06
1.240000,1.465116380e-06
1.245000,1.491636489e-06
1.250000,1.518170675e-06
1.255000,1.544718865e-06
1.260000,1.571280988e-06
1.265000,1.597856970e-06
1.270000,1.624446741e-06
1.275000,1.651050226e-06
1.280000,1.677667355e-06
1.285000,1.704298053e-06
1.290000,1.730942249e-06
1.295000,1.757599868e-06
1.300000,1.784270839e-06
1.305000,1.810955088e-06
1.310000,1.837652540e-06
1.315000,1.864363124e-06
1.320000,1.891086764e-06
1.325000,1.917823387e-06
1.330000,1.944572920e-06
1.335000,1.971335287e-06
1.340000,1.998110415e-06
1.345000,2.024898229e-06
1.350000,2.051698655e-06
1.355000,2.078511617e-06
1.360000,2.105337042e-06
1.365000,2.132174853e-06
1.370000,2.159024976e-06
1.375000,2.185887336e-06
1.380000,2.212761857e-06
1.385000,2.239648463e-06
1.390000,2.266547078e-06
1.395000,2.293457628e-06
1.400000,2.320380036e-06
1.405000,2.347314225e-06
1.410000,2.374260120e-06
1.415000,2.401217643e-06
1.420000,2.428186719e-06
1.425000,2.455167271e-06
1.430000,2.482159222e-06
1.435000,2.509162494e-06
1.440000,2.536177011e-06
1.445000,2.563202695e-06
1.450000,2.590239470e-06
1.455000,2.617287256e-06
1.460000,2.644345978e-06
1.465000,2.671415556e-06
1.470000,2.698495913e-06
1.475000,2.725586971e-06
1.480000,2.752688651e-06
1.485000,2.779800876e-06
1.490000,2.806923566e-06
1.495000,2.834056642e-06
1.500000,2.861200027e-06
1.505000,2.888353641e-06
1.510000,2.915517404e-06
1.515000,2.942691238e-06
1.520000,2.969875064e-06
1.525000,2.997068801e-06
1.530000,3.024272370e-06
1.535000,3.051485692e-06
1.540000,3.078708686e-06
1.545000,3.105941272e-06
1.550000,3.133183370e-06
1.555000,3.160434900e-06
1.560000,3.187695780e-06
1.565000,3.214965932e-06
1.570000,3.242245273e-06
1.575000,3.269533723e-06
1.580000,3.296831200e-06
1.585000,3.324137625e-06
1.590000,3.351452914e-06
1.595000,3.378776987e-06
1.600000,3.406109762e-06
1.605000,3.433451158e-06
1.610000,3.460801092e-06
1.615000,3.488159483e-06
1.620000,3.515526247e-06
1.625000,3.542901304e-06
1.630000,3.570284571e-06
1.635000,3.597675964e-06
1.640000,3.625075402e-06
1.645000,3.652482801e-06
1.650000,3.679898079e-06
1.655000,3.707321152e-06
1.660000,3.734751937e-06
1.665000,3.762190351e-06
1.670000,3.789636310e-06
1.675000,3.817089731e-06
1.680000,3.844550529e-06
1.685000,3.872018621e-06
1.690000,3.899493922e-06
1.695000,3.926976349e-06
1.700000,3.954465818e-06
1.705000,3.981962243e-06
1.710000,4.009465539e-06
1.715000,4.036975624e-06
1.720000,4.064492410e-06
1.725000,4.092015814e-06
1.730000,4.119545750e-06
1.735000,4.147082134e-06
1.740000,4.174624878e-06
1.745000,4.202173899e-06
1.750000,4.229729110e-06
1.755000,4.257290425e-06
1.760000,4.284857758e-06
1.765000,4.312431024e-06
1.770000,4.340010137e-06
1.775000,4.367595009e-06
1.780000,4.395185554e-06
1.785000,4.422781685e-06
1.790000,4.450383317e-06
1.795000,4.477990362e-06
1.800000,4.505602732e-06
1.805000,4.533220342e-06
1.810000,4.560843102e-06
1.815000,4.588470927e-06
1.820000,4.616103729e-06
1.825000,4.643741419e-06
1.830000,4.671383910e-06
1.835000,4.699031114e-06
1.840000,4.726682943e-06
1.845000,4.754339309e-06
1.850000,4.782000123e-06
1.855000,4.809665297e-06
1.860000,4.837334742e-06
1.865000,4.865008369e-06
1.870000,4.892686090e-06
1.875000,4.920367816e-06
1.880000,4.948053458e-06
1.885000,4.975742925e-06
1.890000,5.003436129e-06
1.895000,5.031132981e-06
1.900000,5.058833390e-06
1.905000,5.086537267e-06
1.910000,5.114244522e-06
1.915000,5.141955064e-06
1.920000,5.169668805e-06
1.925000,5.197385652e-06
1.930000,5.225105517e-06
1.935000,5.252828308e-06
1.940000,5.280553934e-06
1.945000,5.308282306e-06
1.950000,5.336013331e-06
1.955000,5.363746919e-06
1.960000,5.391482978e-06
1.965000,5.419221418e-06
1.970000,5.446962147e-06
1.975000,5.474705072e-06
1.980000,5.502450104e-06
1.985000,5.530197148e-06
1.990000,5.557946115e-06
1.995000,5.585696911e-06
2.000000,5.613449444e-06
2.005000,5.641203622e-06
2.010000,5.668959352e-06
2.015000,5.696716543e-06
2.020000,5.724475100e-06
2.025000,5.752234932e-06
2.030000,5.779995945e-06
2.035000,5.807758046e-06
2.040000,5.835521142e-06
2.045000,5.863285140e-06
2.050000,5.891049945e-06
2.055000,5.918815465e-06
2.060000,5.946581606e-06
2.065000,5.974348273e-06
2.070000,6.002115374e-06
2.075000,6.029882813e-06
2.080000,6.057650496e-06
2.085000,6.085418330e-06
2.090000,6.113186219e-06
2.095000,6.140954069e-06
2.100000,6.168721786e-06
2.105000,6.196489274e-06
2.110000,6.224256438e-06
2.115000,6.252023184e-06
2.120000,6.279789416e-06
2.125000,6.307555038e-06
2.130000,6.335319956e-06
2.135000,6.363084074e-06
2.140000,6.390847296e-06
2.145000,6.418609526e-06
2.150000,6.446370668e-06
2.155000,6.474130626e-06
2.160000,6.501889304e-06
2.165000,6.529646605e-06
2.170000,6.557402434e-06
2.175000,6.585156694e-06
2.180000,6.612909287e-06
2.185000,6.640660117e-06
2.190000,6.668409088e-06
2.195000,6.696156102e-06
2.200000,6.723901062e-06
2.205000,6.751643870e-06
2.210000,6.779384430e-06
2.215000,6.807122643e-06
2.220000,6.834858413e-06
2.225000,6.862591641e-06
2.230000,6.890322229e-06
2.235000,6.918050080e-06
2.240000,6.945775096e-06
2.245000,6.973497177e-06
2.250000,7.001216227e-06
2.255000,7.028932146e-06
2.260000,7.056644835e-06
2.265000,7.084354197e-06
2.270000,7.112060131e-06
2.275000,7.139762540e-06
2.280000,7.167461325e-06
2.285000,7.195156385e-06
2.290000,7.222847622e-06
2.295000,7.250534937e-06
2.300000,7.278218230e-06
2.305000,7.305897400e-06
2.310000,7.333572350e-06
2.315000,7.361242978e-06
2.320000,7.388909184e-06
2.325000,7.416570869e-06
2.330000,7.444227933e-06
2.335000,7.471880275e-06
2.340000,7.499527794e-06
2.345000,7.527170390e-06
2.350000,7.554807963e-06
2.355000,7.582440412e-06
2.360000,7.610067635e-06
2.365000,7.637689532e-06
2.370000,7.665306001e-06
2.375000,7.692916942e-06
2.380000,7.720522254e-06
2.385000,7.748121833e-06
2.390000,7.775715580e-06
2.395000,7.803303393e-06
2.400000,7.830885169e-06
2.405000,7.858460806e-06
2.410000,7.886030204e-06
2.415000,7.913593259e-06
2.420000,7.941149869e-06
2.425000,7.968699933e-06
2.430000,7.996243347e-06
2.435000,8.023780009e-06
2.440000,8.051309816e-06
2.445000,8.078832667e-06
2.450000,8.106348456e-06
2.455000,8.133857083e-06
2.460000,8.161358443e-06
2.465000,8.188852434e-06
2.470000,8.216338952e-06
2.475000,8.243817893e-06
2.480000,8.271289155e-06
2.485000,8.298752633e-06
2.490000,8.326208224e-06
2.495000,8.353655824e-06
2.500000,8.381095329e-06
2.505000,8.408526635e-06
2.510000,8.435949637e-06
2.515000,8.463364232e-06
2.520000,8.490770315e-06
2.525000,8.518167782e-06
2.530000,8.545556527e-06
2.535000,8.572936447e-06
2.540000,8.600307436e-06
2.545000,8.627669390e-06
2.550000,8.655022203e-06
2.555000,8.682365771e-06
2.560000,8.709699988e-06
2.565000,8.737024748e-06
2.570000,8.764339948e-06
2.575000,8.791645480e-06
2.580000,8.818941239e-06
2.585000,8.846227120e-06
2.590000,8.873503017e-06
2.595000,8.900768823e-06
2.600000,8.928024433e-06
2.605000,8.955269741e-06
2.610000,8.982504640e-06
2.615000,9.009729024e-06
2.620000,9.036942787e-06
2.625000,9.064145821e-06
2.630000,9.091338021e-06
2.635000,9.118519280e-06
2.640000,9.145689490e-06
2.645000,9.172848545e-06
2.650000,9.199996338e-06
2.655000,9.227132761e-06
2.660000,9.254257708e-06
2.665000,9.281371071e-06
2.670000,9.308472743e-06
2.675000,9.335562615e-06
2.680000,9.362640581e-06
2.685000,9.389706532e-06
2.690000,9.416760362e-06
2.695000,9.443801961e-06
2.700000,9.470831222e-06
2.705000,9.497848038e-06
2.710000,9.524852298e-06
2.715000,9.551843896e-06
2.720000,9.578822723e-06
2.725000,9.605788670e-06
2.730000,9.632741629e-06
2.735000,9.659681490e-06
2.740000,9.686608147e-06
2.745000,9.713521488e-06
2.750000,9.740421406e-06
2.755000,9.767307792e-06
2.760000,9.794180535e-06
2.765000,9.821039528e-06
2.770000,9.847884660e-06
2.775000,9.874715822e-06
2.780000,9.901532905e-06
2.785000,9.928335799e-06
2.790000,9.955124394e-06
2.795000,9.981898581e-06
2.800000,1.000865825e-05
2.805000,1.003540329e-05
2.810000,1.006213359e-05
2.815000,1.008884904e-05
2.820000,1.011554954e-05
2.825000,1.014223496e-05
2.830000,1.016890521e-05
2.835000,1.019556016e-05
2.840000,1.022219972e-05
2.845000,1.024882376e-05
2.850000,1.027543218e-05
2.855000,1.030202487e-05
2.860000,1.032860171e-05
2.865000,1.035516260e-05
2.870000,1.038170742e-05
2.875000,1.040823606e-05
2.880000,1.043474842e-05
2.885000,1.046124437e-05
2.890000,1.048772382e-05
2.895000,1.051418663e-05
2.900000,1.054063272e-05
2.905000,1.056706196e-05
2.910000,1.059347424e-05
2.915000,1.061986945e-05
2.920000,1.064624747e-05
2.925000,1.067260821e-05
2.930000,1.069895153e-05
2.935000,1.072527734e-05
2.940000,1.075158551e-05
2.945000,1.077787594e-05
2.950000,1.080414852e-05
2.955000,1.083040313e-05
2.960000,1.085663965e-05
2.965000,1.088285798e-05
2.970000,1.090905801e-05
2.975000,1.093523961e-05
2.980000,1.096140269e-05
2.985000,1.098754711e-05
2.990000,1.101367278e-05
2.995000,1.103977957e-05
3.000000,1.106586738e-05
3.005000,1.109193609e-05
3.010000,1.111798559e-05
3.015000,1.114401576e-05
3.020000,1.117002650e-05
3.025000,1.119601768e-05
3.030000,1.122198919e-05
3.035000,1.124794092e-05
3.040000,1.127387276e-05
3.045000,1.129978459e-05
3.050000,1.132567630e-05
3.055000,1.135154777e-05
3.060000,1.137739888e-05
3.065000,1.140322954e-05
3.070000,1.142903961e-05
3.075000,1.145482899e-05
3.080000,1.148059756e-05
3.085000,1.150634521e-05
3.090000,1.153207182e-05
3.095000,1.155777728e-05
3.100000,1.158346147e-05
3.105000,1.160912427e-05
3.110000,1.163476558e-05
3.115000,1.166038528e-05
3.120000,1.168598325e-05
3.125000,1.171155938e-05
3.130000,1.173711355e-05
3.135000,1.176264564e-05
3.140000,1.178815555e-05
3.145000,1.181364316e-05
3.150000,1.183910834e-05
3.155000,1.186455099e-05
3.160000,1.188997099e-05
3.165000,1.191536822e-05
3.170000,1.194074257e-05
3.175000,1.196609393e-05
3.180000,1.199142216e-05
3.185000,1.201672717e-05
3.190000,1.204200883e-05
3.195000,1.206726703e-05
3.200000,1.209250166e-05
3.205000,1.211771258e-05
3.210000,1.214289970e-05
3.215000,1.216806289e-05
3.220000,1.219320203e-05
3.225000,1.221831702e-05
3.230000,1.224340773e-05
3.235000,1.226847404e-05
3.240000,1.229351585e-05
3.245000,1.231853302e-05
3.250000,1.234352546e-05
3.255000,1.236849303e-05
3.260000,1.239343563e-05
3.265000,1.241835313e-05
3.270000,1.244324542e-05
3.275000,1.246811238e-05
3.280000,1.249295389e-05
3.285000,1.251776984e-05
3.290000,1.254256011e-05
3.295000,1.256732458e-05
3.300000,1.259206314e-05
3.305000,1.261677566e-05
3.310000,1.264146204e-05
3.315000,1.266612214e-05
3.320000,1.269075586e-05
3.325000,1.271536308e-05
3.330000,1.273994367e-05
3.335000,1.276449752e-05
3.340000,1.278902452e-05
3.345000,1.281352455e-05
3.350000,1.283799748e-05
3.355000,1.286244320e-05
3.360000,1.288686159e-05
3.365000,1.291125253e-05
3.370000,1.293561591e-05
3.375000,1.295995160e-05
3.380000,1.298425949e-05
3.385000,1.300853946e-05
3.390000,1.303279139e-05
3.395000,1.305701517e-05
3.400000,1.308121066e-05
3.405000,1.310537777e-05
3.410000,1.312951636e-05
3.415000,1.315362632e-05
3.420000,1.317770753e-05
3.425000,1.320175986e-05
3.430000,1.322578321e-05
3.435000,1.324977746e-05
3.440000,1.327374247e-05
3.445000,1.329767815e-05
3.450000,1.332158435e-05
3.455000,1.334546098e-05
3.460000,1.336930790e-05
3.465000,1.339312500e-05
3.470000,1.341691216e-05
3.475000,1.344066926e-05
3.480000,1.346439618e-05
3.485000,1.348809280e-05
3.490000,1.351175901e-05
3.495000,1.353539467e-05
3.500000,1.355899968e-05
3.505000,1.358257392e-05
3.510000,1.360611725e-05
3.515000,1.362962957e-05
3.520000,1.365311076e-05
3.525000,1.367656069e-05
3.530000,1.369997924e-05
3.535000,1.372336631e-05
3.540000,1.374672175e-05
3.545000,1.377004546e-05
3.550000,1.379333732e-05
3.555000,1.381659720e-05
3.560000,1.383982499e-05
3.565000,1.386302057e-05
3.570000,1.388618381e-05
3.575000,1.390931460e-05
3.580000,1.393241281e-05
3.585000,1.395547833e-05
3.590000,1.397851103e-05
3.595000,1.400151079e-05
3.600000,1.402447751e-05
3.605000,1.404741104e-05
3.610000,1.407031128e-05
3.615000,1.409317810e-05
3.620000,1.411601139e-05
3.625000,1.413881102e-05
3.630000,1.416157687e-05
3.635000,1.418430882e-05
3.640000,1.420700675e-05
3.645000,1.422967055e-05
3.650000,1.425230008e-05
3.655000,1.427489523e-05
3.660000,1.429745588e-05
3.665000,1.431998191e-05
3.670000,1.434247319e-05
3.675000,1.436492962e-05
3.680000,1.438735105e-05
3.685000,1.440973738e-05
3.690000,1.443208849e-05
3.695000,1.445440424e-05
3.700000,1.447668453e-05
3.705000,1.449892923e-05
3.710000,1.452113822e-05
3.715000,1.454331138e-05
3.720000,1.456544858e-05
3.725000,1.458754972e-05
3.730000,1.460961465e-05
3.735000,1.463164328e-05
3.740000,1.465363546e-05
3.745000,1.467559109e-05
3.750000,1.469751004e-05
3.755000,1.471939219e-05
3.760000,1.474123741e-05
3.765000,1.476304560e-05
3.770000,1.478481662e-05
3.775000,1.480655035e-05
3.780000,1.482824668e-05
3.785000,1.484990548e-05
3.790000,1.487152663e-05
3.795000,1.489311001e-05
3.800000,1.491465550e-05
3.805000,1.493616297e-05
3.810000,1.495763231e-05
3.815000,1.497906340e-05
3.820000,1.500045610e-05
3.825000,1.502181031e-05
3.830000,1.504312589e-05
3.835000,1.506440274e-05
3.840000,1.508564071e-05
3.845000,1.510683971e-05
3.850000,1.512799959e-05
3.855000,1.514912025e-05
3.860000,1.517020156e-05
3.865000,1.519124339e-05
3.870000,1.521224563e-05
3.875000,1.523320816e-05
3.880000,1.525413085e-05
3.885000,1.527501358e-05
3.890000,1.529585623e-05
3.895000,1.531665868e-05
3.900000,1.533742080e-05
3.905000,1.535814248e-05
3.910000,1.537882359e-05
3.915000,1.539946402e-05
3.920000,1.542006363e-05
3.925000,1.544062231e-05
3.930000,1.546113994e-05
3.935000,1.548161639e-05
3.940000,1.550205154e-05
3.945000,1.552244527e-05
3.950000,1.554279746e-05
3.955000,1.556310799e-05
3.960000,1.558337674e-05
3.965000,1.560360358e-05
3.970000,1.562378839e-05
3.975000,1.564393104e-05
3.980000,1.566403143e-05
3.985000,1.568408943e-05
3.990000,1.570410490e-05
3.995000,1.572407774e-05
4.000000,1.574400782e-05
4.005000,1.576389502e-05
4.010000,1.578373922e-05
4.015000,1.580354029e-05
4.020000,1.582329812e-05
4.025000,1.584301257e-05
4.030000,1.586268354e-05
4.035000,1.588231089e-05
4.040000,1.590189451e-05
4.045000,1.592143427e-05
4.050000,1.594093006e-05
4.055000,1.596038175e-05
4.060000,1.597978921e-05
4.065000,1.599915233e-05
4.070000,1.601847099e-05
4.075000,1.603774506e-05
4.080000,1.605697442e-05
4.085000,1.607615895e-05
4.090000,1.609529853e-05
4.095000,1.611439304e-05
4.100000,1.613344235e-05
4.105000,1.615244634e-05
4.110000,1.617140489e-05
4.115000,1.619031789e-05
4.120000,1.620918519e-05
4.125000,1.622800670e-05
4.130000,1.624678228e-05
4.135000,1.626551181e-05
4.140000,1.628419517e-05
4.145000,1.630283224e-05
4.150000,1.632142289e-05
4.155000,1.633996702e-05
4.160000,1.635846448e-05
4.165000,1.637691517e-05
4.170000,1.639531896e-05
4.175000,1.641367572e-05
4.180000,1.643198535e-05
4.185000,1.645024771e-05
4.190000,1.646846268e-05
4.195000,1.648663015e-05
4.200000,1.650474998e-05
4.205000,1.652282207e-05
4.210000,1.654084628e-05
4.215000,1.655882251e-05
4.220000,1.657675061e-05
4.225000,1.659463048e-05
4.230000,1.661246199e-05
4.235000,1.663024503e-05
4.240000,1.664797946e-05
4.245000,1.666566517e-05
4.250000,1.668330203e-05
4.255000,1.670088994e-05
4.260000,1.671842875e-05
4.265000,1.673591836e-05
4.270000,1.675335864e-05
4.275000,1.677074947e-05
4.280000,1.678809073e-05
4.285000,1.680538230e-05
4.290000,1.682262405e-05
4.295000,1.683981587e-05
4.300000,1.685695764e-05
4.305000,1.687404922e-05
4.310000,1.689109051e-05
4.315000,1.690808139e-05
4.320000,1.692502172e-05
4.325000,1.694191139e-05
4.330000,1.695875028e-05
4.335000,1.697553827e-05
4.340000,1.699227523e-05
4.345000,1.700896105e-05
4.350000,1.702559561e-05
4.355000,1.704217878e-05
4.360000,1.705871044e-05
4.365000,1.707519047e-05
4.370000,1.709161876e-05
4.375000,1.710799518e-05
4.380000,1.712431961e-05
4.385000,1.714059193e-05
4.390000,1.715681202e-05
4.395000,1.717297976e-05
4.400000,1.718909503e-05
4.405000,1.720515771e-05
4.410000,1.722116767e-05
4.415000,1.723712480e-05
4.420000,1.725302898e-05
4.425000,1.726888009e-05
4.430000,1.728467800e-05
4.435000,1.730042260e-05
4.440000,1.731611377e-05
4.445000,1.733175138e-05
4.450000,1.734733532e-05
4.455000,1.736286547e-05
4.460000,1.737834170e-05
4.465000,1.739376389e-05
4.470000,1.740913194e-05
4.475000,1.742444571e-05
4.480000,1.743970508e-05
4.485000,1.745490995e-05
4.490000,1.747006018e-05
4.495000,1.748515565e-05
4.500000,1.750019626e-05
4.505000,1.751518187e-05
4.510000,1.753011238e-05
4.515000,1.754498765e-05
4.520000,1.755980757e-05
4.525000,1.757457202e-05
4.530000,1.758928088e-05
4.535000,1.760393403e-05
4.540000,1.761853136e-05
4.545000,1.763307274e-05
4.550000,1.764755805e-05
4.555000,1.766198718e-05
4.560000,1.767636000e-05
4.565000,1.769067640e-05
4.570000,1.770493626e-05
4.575000,1.771913946e-05
4.580000,1.773328588e-05
4.585000,1.774737539e-05
4.590000,1.776140790e-05
4.595000,1.777538326e-05
4.600000,1.778930137e-05
4.605000,1.780316211e-05
4.610000,1.781696536e-05
4.615000,1.783071099e-05
4.620000,1.784439890e-05
4.625000,1.785802896e-05
4.630000,1.787160106e-05
4.635000,1.788511507e-05
4.640000,1.789857088e-05
4.645000,1.791196838e-05
4.650000,1.792530743e-05
4.655000,1.793858793e-05
4.660000,1.795180976e-05
4.665000,1.796497279e-05
4.670000,1.797807692e-05
4.675000,1.799112202e-05
4.680000,1.800410798e-05
4.685000,1.801703467e-05
4.690000,1.802990199e-05
4.695000,1.804270980e-05
4.700000,1.805545801e-05
4.705000,1.806814648e-05
4.710000,1.808077511e-05
4.715000,1.809334377e-05
4.720000,1.810585234e-05
4.725000,1.811830072e-05
4.730000,1.813068878e-05
4.735000,1.814301640e-05
4.740000,1.815528348e-05
4.745000,1.816748989e-05
4.750000,1.817963551e-05
4.755000,1.819172024e-05
4.760000,1.820374395e-05
4.765000,1.821570652e-05
4.770000,1.822760784e-05
4.775000,1.823944780e-05
4.780000,1.825122628e-05
4.785000,1.826294316e-05
4.790000,1.827459832e-05
4.795000,1.828619166e-05
4.800000,1.829772304e-05
4.805000,1.830919237e-05
4.810000,1.832059952e-05
4.815000,1.833194437e-05
4.820000,1.834322681e-05
4.825000,1.835444673e-05
4.830000,1.836560401e-05
4.835000,1.837669854e-05
4.840000,1.838773019e-05
4.845000,1.839869886e-05
4.850000,1.840960443e-05
4.855000,1.842044678e-05
4.860000,1.843122580e-05
4.865000,1.844194137e-05
4.870000,1.845259339e-05
4.875000,1.846318173e-05
4.880000,1.847370628e-05
4.885000,1.848416692e-05
4.890000,1.849456355e-05
4.895000,1.850489604e-05
4.900000,1.851516429e-05
4.905000,1.852536817e-05
4.910000,1.853550758e-05
4.915000,1.854558240e-05
4.920000,1.855559252e-05
4.925000,1.856553782e-05
4.930000,1.857541819e-05
4.935000,1.858523352e-05
4.940000,1.859498368e-05
4.945000,1.860466858e-05
4.950000,1.861428809e-05
4.955000,1.862384211e-05
4.960000,1.863333051e-05
4.965000,1.864275319e-05
4.970000,1.865211004e-05
4.975000,1.866140093e-05
4.980000,1.867062576e-05
4.985000,1.867978442e-05
4.990000,1.868887679e-05
4.995000,1.869790276e-05
5.000000,1.870686222e-05
5.005000,1.871575505e-05
5.010000,1.872458115e-05
5.015000,1.873334039e-05
5.020000,1.874203268e-05
5.025000,1.875065789e-05
5.030000,1.875921592e-05
5.035000,1.876770665e-05
5.040000,1.877612998e-05
5.045000,1.878448579e-05
5.050000,1.879277396e-05
5.055000,1.880099440e-05
5.060000,1.880914699e-05
5.065000,1.881723161e-05
5.070000,1.882524816e-05
5.075000,1.883319653e-05
5.080000,1.884107660e-05
5.085000,1.884888826e-05
5.090000,1.885663141e-05
5.095000,1.886430593e-05
5.100000,1.887191171e-05
5.105000,1.887944864e-05
5.110000,1.888691662e-05
5.115000,1.889431553e-05
5.120000,1.890164526e-05
5.125000,1.890890571e-05
5.130000,1.891609676e-05
5.135000,1.892321831e-05
5.140000,1.893027024e-05
5.145000,1.893725245e-05
5.150000,1.894416482e-05
5.155000,1.895100725e-05
5.160000,1.895777964e-05
5.165000,1.896448186e-05
5.170000,1.897111382e-05
5.175000,1.897767540e-05
5.180000,1.898416650e-05
5.185000,1.899058700e-05
5.190000,1.899693680e-05
5.195000,1.900321579e-05
5.200000,1.900942387e-05
5.205000,1.901556092e-05
5.210000,1.902162683e-05
5.215000,1.902762150e-05
5.220000,1.903354483e-05
5.225000,1.903939669e-05
5.230000,1.904517700e-05
5.235000,1.905088564e-05
5.240000,1.905652250e-05
5.245000,1.906208747e-05
5.250000,1.906758046e-05
5.255000,1.907300136e-05
5.260000,1.907835006e-05
5.265000,1.908362645e-05
5.270000,1.908883043e-05
5.275000,1.909396189e-05
5.280000,1.909902073e-05
5.285000,1.910400684e-05
5.290000,1.910892011e-05
5.295000,1.911376044e-05
5.300000,1.911852772e-05
5.305000,1.912322185e-05
5.310000,1.912784272e-05
5.315000,1.913239022e-05
5.320000,1.913686425e-05
5.325000,1.914126471e-05
5.330000,1.914559148e-05
5.335000,1.914984448e-05
5.340000,1.915402358e-05
5.345000,1.915812869e-05
5.350000,1.916215970e-05
5.355000,1.916611651e-05
5.360000,1.916999903e-05
5.365000,1.917380714e-05
5.370000,1.917754074e-05
5.375000,1.918119974e-05
5.380000,1.918478402e-05
5.385000,1.918829350e-05
5.390000,1.919172805e-05
5.395000,1.919508759e-05
5.400000,1.919837201e-05
5.405000,1.920158120e-05
5.410000,1.920471506e-05
5.415000,1.920777349e-05
5.420000,1.921075638e-05
5.425000,1.921366364e-05
5.430000,1.921649516e-05
5.435000,1.921925084e-05
5.440000,1.922193058e-05
5.445000,1.922453428e-05
5.450000,1.922706183e-05
5.455000,1.922951314e-05
5.460000,1.923188811e-05
5.465000,1.923418664e-05
5.470000,1.923640863e-05
5.475000,1.923855397e-05
5.480000,1.924062258e-05
5.485000,1.924261434e-05
5.490000,1.924452917e-05
5.495000,1.924636695e-05
5.500000,1.924812760e-05
5.505000,1.924981100e-05
5.510000,1.925141707e-05
5.515000,1.925294569e-05
5.520000,1.925439678e-05
5.525000,1.925577023e-05
5.530000,1.925706594e-05
5.535000,1.925828382e-05
5.540000,1.925942377e-05
5.545000,1.926048568e-05
5.550000,1.926146947e-05
5.555000,1.926237503e-05
5.560000,1.926320226e-05
5.565000,1.926395107e-05
5.570000,1.926462136e-05
5.575000,1.926521304e-05
5.580000,1.926572601e-05
5.585000,1.926616016e-05
5.590000,1.926651541e-05
5.595000,1.926679166e-05
5.600000,1.926698880e-05
5.605000,1.926710675e-05
5.610000,1.926714541e-05
5.615000,1.926710468e-05
5.620000,1.926698447e-05
5.625000,1.926678468e-05
5.630000,1.926650522e-05
5.635000,1.926614599e-05
5.640000,1.926570690e-05
5.645000,1.926518786e-05
5.650000,1.926458877e-05
5.655000,1.926390953e-05
5.660000,1.926315006e-05
5.665000,1.926231027e-05
5.670000,1.926139005e-05
5.675000,1.926038931e-05
5.680000,1.925930796e-05
5.685000,1.925814591e-05
5.690000,1.925690307e-05
5.695000,1.925557933e-05
5.700000,1.925417460e-05
5.705000,1.925268880e-05
5.710000,1.925112183e-05
5.715000,1.924947359e-05
5.720000,1.924774400e-05
5.725000,1.924593295e-05
5.730000,1.924404037e-05
5.735000,1.924206615e-05
5.740000,1.924001021e-05
5.745000,1.923787245e-05
5.750000,1.923565279e-05
5.755000,1.923335113e-05
5.760000,1.923096739e-05
5.765000,1.922850147e-05
5.770000,1.922595330e-05
5.775000,1.922332278e-05
5.780000,1.922060983e-05
5.785000,1.921781437e-05
5.790000,1.921493629e-05
5.795000,1.921197552e-05
5.800000,1.920893195e-05
5.805000,1.920580551e-05
5.810000,1.920259610e-05
5.815000,1.919930362e-05
5.820000,1.919592799e-05
5.825000,1.919246911e-05
5.830000,1.918892690e-05
5.835000,1.918530127e-05
5.840000,1.918159213e-05
5.845000,1.917779939e-05
5.850000,1.917392298e-05
5.855000,1.916996281e-05
5.860000,1.916591879e-05
5.865000,1.916179083e-05
5.870000,1.915757885e-05
5.875000,1.915328277e-05
5.880000,1.914890249e-05
5.885000,1.914443792e-05
5.890000,1.913988899e-05
5.895000,1.913525560e-05
5.900000,1.913053766e-05
5.905000,1.912573510e-05
5.910000,1.912084782e-05
5.915000,1.911587573e-05
5.920000,1.911081874e-05
5.925000,1.910567678e-05
5.930000,1.910044974e-05
5.935000,1.909513754e-05
5.940000,1.908974010e-05
5.945000,1.908425733e-05
5.950000,1.907868914e-05
5.955000,1.907303547e-05
5.960000,1.906729623e-05
5.965000,1.906147135e-05
5.970000,1.905556075e-05
5.975000,1.904956436e-05
5.980000,1.904348209e-05
5.985000,1.903731388e-05
5.990000,1.903105963e-05
5.995000,1.902471926e-05
6.000000,1.901829269e-05
6.005000,1.901177984e-05
6.010000,1.900518062e-05
6.015000,1.899849495e-05
6.020000,1.899172276e-05
6.025000,1.898486398e-05
6.030000,1.897791852e-05
6.035000,1.897088632e-05
6.040000,1.896376730e-05
6.045000,1.895656139e-05
6.050000,1.894926852e-05
6.055000,1.894188861e-05
6.060000,1.893442158e-05
6.065000,1.892686734e-05
6.070000,1.891922582e-05
6.075000,1.891149694e-05
6.080000,1.890368062e-05
6.085000,1.889577679e-05
6.090000,1.888778536e-05
6.095000,1.887970626e-05
6.100000,1.887153941e-05
6.105000,1.886328473e-05
6.110000,1.885494213e-05
6.115000,1.884651153e-05
6.120000,1.883799284e-05
6.125000,1.882938599e-05
6.130000,1.882069089e-05
6.135000,1.881190748e-05
6.140000,1.880303569e-05
6.145000,1.879407548e-05
6.150000,1.878502679e-05
6.155000,1.877588956e-05
6.160000,1.876666377e-05
6.165000,1.875734934e-05
6.170000,1.874794623e-05
6.175000,1.873845437e-05
6.180000,1.872887368e-05
6.185000,1.871920408e-05
6.190000,1.870944548e-05
6.195000,1.869959778e-05
6.200000,1.868966087e-05
6.205000,1.867963465e-05
6.210000,1.866951903e-05
6.215000,1.865931391e-05
6.220000,1.864901918e-05
6.225000,1.863863475e-05
6.230000,1.862816054e-05
6.235000,1.861759647e-05
6.240000,1.860694247e-05
6.245000,1.859619848e-05
6.250000,1.858536444e-05
6.255000,1.857444033e-05
6.260000,1.856342611e-05
6.265000,1.855232176e-05
6.270000,1.854112726e-05
6.275000,1.852984259e-05
6.280000,1.851846772e-05
6.285000,1.850700261e-05
6.290000,1.849544721e-05
6.295000,1.848380143e-05
6.300000,1.847206520e-05
6.305000,1.846023840e-05
6.310000,1.844832090e-05
6.315000,1.843631259e-05
6.320000,1.842421333e-05
6.325000,1.841202301e-05
6.330000,1.839974152e-05
6.335000,1.838736878e-05
6.340000,1.837490469e-05
6.345000,1.836234922e-05
6.350000,1.834970231e-05
6.355000,1.833696395e-05
6.360000,1.832413411e-05
6.365000,1.831121279e-05
6.370000,1.829819999e-05
6.375000,1.828509570e-05
6.380000,1.827189994e-05
6.385000,1.825861268e-05
6.390000,1.824523392e-05
6.395000,1.823176364e-05
6.400000,1.821820178e-05
6.405000,1.820454828e-05
6.410000,1.819080307e-05
6.415000,1.817696602e-05
6.420000,1.816303702e-05
6.425000,1.814901593e-05
6.430000,1.813490260e-05
6.435000,1.812069687e-05
6.440000,1.810639862e-05
6.445000,1.809200771e-05
6.450000,1.807752404e-05
6.455000,1.806294753e-05
6.460000,1.804827814e-05
6.465000,1.803351585e-05
6.470000,1.801866065e-05
6.475000,1.800371257e-05
6.480000,1.798867164e-05
6.485000,1.797353789e-05
6.490000,1.795831136e-05
6.495000,1.794299209e-05
6.500000,1.792758008e-05
6.505000,1.791207532e-05
6.510000,1.789647780e-05
6.515000,1.788078743e-05
6.520000,1.786500415e-05
6.525000,1.784912782e-05
6.530000,1.783315832e-05
6.535000,1.781709551e-05
6.540000,1.780093924e-05
6.545000,1.778468936e-05
6.550000,1.776834575e-05
6.555000,1.775190833e-05
6.560000,1.773537701e-05
6.565000,1.771875177e-05
6.570000,1.770203258e-05
6.575000,1.768521945e-05
6.580000,1.766831239e-05
6.585000,1.765131139e-05
6.590000,1.763421645e-05
6.595000,1.761702753e-05
6.600000,1.759974457e-05
6.605000,1.758236749e-05
6.610000,1.756489618e-05
6.615000,1.754733054e-05
6.620000,1.752967043e-05
6.625000,1.751191575e-05
6.630000,1.749406636e-05
6.635000,1.747612216e-05
6.640000,1.745808305e-05
6.645000,1.743994894e-05
6.650000,1.742171976e-05
6.655000,1.740339546e-05
6.660000,1.738497605e-05
6.665000,1.736646155e-05
6.670000,1.734785204e-05
6.675000,1.732914767e-05
6.680000,1.731034859e-05
6.685000,1.729145499e-05
6.690000,1.727246708e-05
6.695000,1.725338501e-05
6.700000,1.723420891e-05
6.705000,1.721493883e-05
6.710000,1.719557471e-05
6.715000,1.717611642e-05
6.720000,1.715656372e-05
6.725000,1.713691630e-05
6.730000,1.711717380e-05
6.735000,1.709733584e-05
6.740000,1.707740204e-05
6.745000,1.705737205e-05
6.750000,1.703724558e-05
6.755000,1.701702240e-05
6.760000,1.699670231e-05
6.765000,1.697628522e-05
6.770000,1.695577106e-05
6.775000,1.693515984e-05
6.780000,1.691445162e-05
6.785000,1.689364653e-05
6.790000,1.687274476e-05
6.795000,1.685174655e-05
6.800000,1.683065221e-05
6.805000,1.680946205e-05
6.810000,1.678817641e-05
6.815000,1.676679556e-05
6.820000,1.674531973e-05
6.825000,1.672374899e-05
6.830000,1.670208333e-05
6.835000,1.668032255e-05
6.840000,1.665846634e-05
6.845000,1.663651433e-05
6.850000,1.661446607e-05
6.855000,1.659232119e-05
6.860000,1.657007938e-05
6.865000,1.654774049e-05
6.870000,1.652530451e-05
6.875000,1.650277159e-05
6.880000,1.648014197e-05
6.885000,1.645741597e-05
6.890000,1.643459388e-05
6.895000,1.641167591e-05
6.900000,1.638866217e-05
6.905000,1.636555257e-05
6.910000,1.634234689e-05
6.915000,1.631904478e-05
6.920000,1.629564577e-05
6.925000,1.627214936e-05
6.930000,1.624855504e-05
6.935000,1.622486239e-05
6.940000,1.620107103e-05
6.945000,1.617718073e-05
6.950000,1.615319137e-05
6.955000,1.612910296e-05
6.960000,1.610491564e-05
6.965000,1.608062969e-05
6.970000,1.605624552e-05
6.975000,1.603176362e-05
6.980000,1.600718462e-05
6.985000,1.598250919e-05
6.990000,1.595773803e-05
6.995000,1.593287181e-05
7.000000,1.590791110e-05
7.005000,1.588285632e-05
7.010000,1.585770768e-05
7.015000,1.583246512e-05
7.020000,1.580712835e-05
7.025000,1.578169681e-05
7.030000,1.575616975e-05
7.035000,1.573054628e-05
7.040000,1.570482549e-05
7.045000,1.567900651e-05
7.050000,1.565308861e-05
7.055000,1.562707128e-05
7.060000,1.560095427e-05
7.065000,1.557473757e-05
7.070000,1.554842148e-05
7.075000,1.552200649e-05
7.080000,1.549549332e-05
7.085000,1.546888277e-05
7.090000,1.544217573e-05
7.095000,1.541537305e-05
7.100000,1.538847550e-05
7.105000,1.536148367e-05
7.110000,1.533439793e-05
7.115000,1.530721835e-05
7.120000,1.527994468e-05
7.125000,1.525257636e-05
7.130000,1.522511248e-05
7.135000,1.519755189e-05
7.140000,1.516989327e-05
7.145000,1.514213521e-05
7.150000,1.511427640e-05
7.155000,1.508631569e-05
7.160000,1.505825228e-05
7.165000,1.503008573e-05
7.170000,1.500181605e-05
7.175000,1.497344366e-05
7.180000,1.494496936e-05
7.185000,1.491639424e-05
7.190000,1.488771956e-05
7.195000,1.485894666e-05
7.200000,1.483007682e-05
7.205000,1.480111120e-05
7.210000,1.477205077e-05
7.215000,1.474289627e-05
7.220000,1.471364816e-05
7.225000,1.468430665e-05
7.230000,1.465487164e-05
7.235000,1.462534273e-05
7.240000,1.459571925e-05
7.245000,1.456600018e-05
7.250000,1.453618427e-05
7.255000,1.450627005e-05
7.260000,1.447625597e-05
7.265000,1.444614054e-05
7.270000,1.441592252e-05
7.275000,1.438560112e-05
7.280000,1.435517612e-05
7.285000,1.432464797e-05
7.290000,1.429401781e-05
7.295000,1.426328733e-05
7.300000,1.423245856e-05
7.305000,1.420153366e-05
7.310000,1.417051461e-05
7.315000,1.413940303e-05
7.320000,1.410819997e-05
7.325000,1.407690588e-05
7.330000,1.404552067e-05
7.335000,1.401404382e-05
7.340000,1.398247453e-05
7.345000,1.395081189e-05
7.350000,1.391905497e-05
7.355000,1.388720288e-05
7.360000,1.385525471e-05
7.365000,1.382320951e-05
7.370000,1.379106616e-05
7.375000,1.375882336e-05
7.380000,1.372647963e-05
7.385000,1.369403343e-05
7.390000,1.366148331e-05
7.395000,1.362882814e-05
7.400000,1.359606735e-05
7.405000,1.356320104e-05
7.410000,1.353023011e-05
7.415000,1.349715616e-05
7.420000,1.346398133e-05
7.425000,1.343070803e-05
7.430000,1.339733856e-05
7.435000,1.336387483e-05
7.440000,1.333031808e-05
7.445000,1.329666876e-05
7.450000,1.326292655e-05
7.455000,1.322909052e-05
7.460000,1.319515934e-05
7.465000,1.316113165e-05
7.470000,1.312700624e-05
7.475000,1.309278230e-05
7.480000,1.305845941e-05
7.485000,1.302403751e-05
7.490000,1.298951676e-05
7.495000,1.295489728e-05
7.500000,1.292017902e-05
7.505000,1.288536161e-05
7.510000,1.285044435e-05
7.515000,1.281542623e-05
7.520000,1.278030608e-05
7.525000,1.274508269e-05
7.530000,1.270975493e-05
7.535000,1.267432180e-05
7.540000,1.263878242e-05
7.545000,1.260313603e-05
7.550000,1.256738184e-05
7.555000,1.253151911e-05
7.560000,1.249554712e-05
7.565000,1.245946541e-05
7.570000,1.242327398e-05
7.575000,1.238697362e-05
7.580000,1.235056617e-05
7.585000,1.231405466e-05
7.590000,1.227744332e-05
7.595000,1.224073727e-05
7.600000,1.220394206e-05
7.605000,1.216706301e-05
7.610000,1.213010448e-05
7.615000,1.209306929e-05
7.620000,1.205595829e-05
7.625000,1.201877028e-05
7.630000,1.198150226e-05
7.635000,1.194414998e-05
7.640000,1.190670880e-05
7.645000,1.186917446e-05
7.650000,1.183154389e-05
7.655000,1.179381570e-05
7.660000,1.175599029e-05
7.665000,1.171806965e-05
7.670000,1.168005683e-05
7.675000,1.164195520e-05
7.680000,1.160376770e-05
7.685000,1.156549623e-05
7.690000,1.152714128e-05
7.695000,1.148870190e-05
7.700000,1.145017590e-05
7.705000,1.141156041e-05
7.710000,1.137285231e-05
7.715000,1.133404880e-05
7.720000,1.129514765e-05
7.725000,1.125614723e-05
7.730000,1.121704634e-05
7.735000,1.117784382e-05
7.740000,1.113853817e-05
7.745000,1.109912731e-05
7.750000,1.105960848e-05
7.755000,1.101997848e-05
7.760000,1.098023417e-05
7.765000,1.094037311e-05
7.770000,1.090039417e-05
7.775000,1.086029807e-05
7.780000,1.082008756e-05
7.785000,1.077976730e-05
7.790000,1.073934336e-05
7.795000,1.069882237e-05
7.800000,1.065821065e-05
7.805000,1.061751329e-05
7.810000,1.057673347e-05
7.815000,1.053587215e-05
7.820000,1.049492813e-05
7.825000,1.045389846e-05
7.830000,1.041277912e-05
7.835000,1.037156576e-05
7.840000,1.033025429e-05
7.845000,1.028884123e-05
7.850000,1.024732382e-05
7.855000,1.020569971e-05
7.860000,1.016396665e-05
7.865000,1.012212213e-05
7.870000,1.008016319e-05
7.875000,1.003808657e-05
7.880000,9.995889192e-06
7.885000,9.953568825e-06
7.890000,9.911124918e-06
7.895000,9.868559251e-06
7.900000,9.825876265e-06
7.905000,9.783082892e-06
7.910000,9.740187837e-06
7.915000,9.697200366e-06
7.920000,9.654128804e-06
7.925000,9.610979011e-06
7.930000,9.567753136e-06
7.935000,9.524448956e-06
7.940000,9.481059949e-06
7.945000,9.437576179e-06
7.950000,9.393985847e-06
7.955000,9.350277274e-06
7.960000,9.306440959e-06
7.965000,9.262471342e-06
7.970000,9.218367974e-06
7.975000,9.174135904e-06
7.980000,9.129785252e-06
7.985000,9.085330104e-06
7.990000,9.040786953e-06
7.995000,8.996172991e-06
8.000000,8.951504513e-06
8.005000,8.906795625e-06
8.010000,8.862057353e-06
8.015000,8.817297127e-06
8.020000,8.772518549e-06
8.025000,8.727721321e-06
8.030000,8.682901235e-06
8.035000,8.638050175e-06
8.040000,8.593156146e-06
8.045000,8.548203430e-06
8.050000,8.503172988e-06
8.055000,8.458043213e-06
8.060000,8.412791123e-06
8.065000,8.367393954e-06
8.070000,8.321831052e-06
8.075000,8.276085838e-06
8.080000,8.230147569e-06
8.085000,8.184012586e-06
8.090000,8.137684803e-06
8.095000,8.091175287e-06
8.100000,8.044500917e-06
8.105000,7.997682313e-06
8.110000,7.950741333e-06
8.115000,7.903698546e-06
8.120000,7.856571103e-06
8.125000,7.809371326e-06
8.130000,7.762106207e-06
8.135000,7.714777831e-06
8.140000,7.667384528e-06
8.145000,7.619922474e-06
8.150000,7.572387380e-06
8.155000,7.524775918e-06
8.160000,7.477086655e-06
8.165000,7.429320354e-06
8.170000,7.381479673e-06
8.175000,7.333568390e-06
8.180000,7.285590374e-06
8.185000,7.237548551e-06
8.190000,7.189444079e-06
8.195000,7.141275866e-06
8.200000,7.093040492e-06
8.205000,7.044732487e-06
8.210000,6.996344860e-06
8.215000,6.947869746e-06
8.220000,6.899299072e-06
8.225000,6.850625150e-06
8.230000,6.801841196e-06
8.235000,6.752941786e-06
8.240000,6.703923290e-06
8.245000,6.654784333e-06
8.250000,6.605526294e-06
8.255000,6.556153837e-06
8.260000,6.506675404e-06
8.265000,6.457103575e-06
8.270000,6.407455152e-06
8.275000,6.357750824e-06
8.280000,6.308014291e-06
8.285000,6.258270768e-06
8.290000,6.208544936e-06
8.295000,6.158858459e-06
8.300000,6.109227367e-06
8.305000,6.059659623e-06
8.310000,6.010153250e-06
8.315000,5.960695344e-06
8.320000,5.911262182e-06
8.325000,5.861820519e-06
8.330000,5.812329974e-06
8.335000,5.762746307e-06
8.340000,5.713025223e-06
8.345000,5.663126309e-06
8.350000,5.613016686e-06
8.355000,5.562673990e-06
8.360000,5.512088375e-06
8.365000,5.461263373e-06
8.370000,5.410215532e-06
8.375000,5.358972912e-06
8.380000,5.307572622e-06
8.385000,5.256057640e-06
8.390000,5.204473199e-06
8.395000,5.152863042e-06
8.400000,5.101265782e-06
8.405000,5.049711603e-06
8.410000,4.998219508e-06
8.415000,4.946795275e-06
8.420000,4.895430305e-06
8.425000,4.844101491e-06
8.430000,4.792772217e-06
8.435000,4.741394518e-06
8.440000,4.689912349e-06
8.445000,4.638265780e-06
8.450000,4.586395844e-06
8.455000,4.534249637e-06
8.460000,4.481785213e-06
8.465000,4.428975773e-06
8.470000,4.375812672e-06
8.475000,4.322306843e-06
8.480000,4.268488408e-06
8.485000,4.214404392e-06
8.490000,4.160114743e-06
8.495000,4.105686997e-06
8.500000,4.051190169e-06
8.505000,3.996688507e-06
8.510000,3.942235796e-06
8.515000,3.887870839e-06
8.520000,3.833614578e-06
8.525000,3.779469150e-06
8.530000,3.725418919e-06
8.535000,3.671433298e-06
8.540000,3.617470988e-06
8.545000,3.563485107e-06
8.550000,3.509428644e-06
8.555000,3.455259695e-06
8.560000,3.400946017e-06
8.565000,3.346468542e-06
8.570000,3.291823637e-06
8.575000,3.237023952e-06
8.580000,3.182097792e-06
8.585000,3.127086974e-06
8.590000,3.072043217e-06
8.595000,3.017023144e-06
8.600000,2.962082142e-06
8.605000,2.907267477e-06
8.610000,2.852611277e-06
8.615000,2.798124186e-06
8.620000,2.743790611e-06
8.625000,2.689566472e-06
8.630000,2.635380181e-06
8.635000,2.581137161e-06
8.640000,2.526727728e-06
8.645000,2.472037555e-06
8.650000,2.416959464e-06
8.655000,2.361404963e-06
8.660000,2.305313944e-06
8.665000,2.248661201e-06
8.670000,2.191458956e-06
8.675000,2.133755224e-06
8.680000,2.075628494e-06
8.685000,2.017179766e-06
8.690000,1.958523270e-06
8.695000,1.899777219e-06
8.700000,1.841055727e-06
8.705000,1.782462529e-06
8.710000,1.724086620e-06
8.715000,1.665999371e-06
8.720000,1.608252369e-06
8.725000,1.550875156e-06
8.730000,1.493872335e-06
8.735000,1.437220032e-06
8.740000,1.380862405e-06
8.745000,1.324709454e-06
8.750000,1.268637687e-06
8.755000,1.212495071e-06
8.760000,1.156111022e-06
8.765000,1.099311219e-06
8.770000,1.041935855e-06
8.775000,9.838588943e-07
8.780000,9.250052973e-07
8.785000,8.653631256e-07
8.790000,8.049880491e-07
8.795000,7.439989376e-07
8.800000,6.825647244e-07
8.805000,6.208842825e-07
8.810000,5.591623413e-07
8.815000,4.975852235e-07
8.820000,4.363002152e-07
8.825000,3.754016836e-07
8.830000,3.149257392e-07
8.835000,2.548535884e-07
8.840000,1.951220893e-07
8.845000,1.356387625e-07
8.850000,7.629790961e-08
8.855000,1.699466097e-08
8.860000,-4.236533470e-08
8.865000,-1.018614880e-07
8.870000,-1.615585097e-07
8.875000,-2.215094425e-07
8.880000,-2.817589304e-07
8.885000,-3.423442631e-07
8.890000,-4.032926010e-07
8.895000,-4.646142069e-07
8.900000,-5.262930996e-07
8.905000,-5.882778368e-07
8.910000,-6.504757427e-07
8.915000,-7.127535817e-07
8.920000,-7.749464900e-07
8.925000,-8.368751809e-07
8.930000,-8.983694699e-07
8.935000,-9.592945078e-07
8.940000,-1.019575143e-06
8.945000,-1.079213783e-06
8.950000,-1.138298013e-06
8.955000,-1.196995895e-06
8.960000,-1.255539003e-06
8.965000,-1.314195460e-06
8.970000,-1.373237075e-06
8.975000,-1.432905815e-06
8.980000,-1.493384911e-06
8.985000,-1.554779003e-06
8.990000,-1.617105896e-06
8.995000,-1.680300286e-06
9.000000,-1.744227646e-06
9.005000,-1.808704906e-06
9.010000,-1.873523826e-06
9.015000,-1.938473311e-06
9.020000,-2.003357936e-06
9.025000,-2.068011443e-06
9.030000,-2.132305374e-06
9.035000,-2.196154039e-06
9.040000,-2.259517305e-06
9.045000,-2.322402386e-06
9.050000,-2.384864959e-06
9.055000,-2.447008942e-06
9.060000,-2.508983485e-06
9.065000,-2.570975492e-06
9.070000,-2.633196458e-06
9.075000,-2.695863481e-06
9.080000,-2.759175765e-06
9.085000,-2.823289347e-06
9.090000,-2.888293744e-06
9.095000,-2.954194475e-06
9.100000,-3.020904810e-06
9.105000,-3.088248789e-06
9.110000,-3.155975716e-06
9.115000,-3.223784478e-06
9.120000,-3.291354322e-06
9.125000,-3.358377748e-06
9.130000,-3.424590860e-06
9.135000,-3.489797144e-06
9.140000,-3.553881970e-06
9.145000,-3.616816814e-06
9.150000,-3.678654048e-06
9.155000,-3.739514541e-06
9.160000,-3.799571132e-06
9.165000,-3.859031084e-06
9.170000,-3.918119937e-06
9.175000,-3.977068089e-06
9.180000,-4.036100235e-06
9.185000,-4.095426782e-06
9.190000,-4.155235937e-06
9.195000,-4.215685308e-06
9.200000,-4.276892570e-06
9.205000,-4.338925817e-06
9.210000,-4.401795213e-06
9.215000,-4.465448197e-06
9.220000,-4.529770418e-06
9.225000,-4.594593764e-06
9.230000,-4.659711495e-06
9.235000,-4.724898886e-06
9.240000,-4.789936444e-06
9.245000,-4.854632061e-06
9.250000,-4.918838545e-06
9.255000,-4.982463833e-06
9.260000,-5.045472634e-06
9.265000,-5.107879862e-06
9.270000,-5.169737780e-06
9.275000,-5.231119911e-06
9.280000,-5.292105294e-06
9.285000,-5.352766438e-06
9.290000,-5.413163346e-06
9.295000,-5.473344400e-06
9.300000,-5.533353007e-06
9.305000,-5.593237354e-06
9.310000,-5.653059678e-06
9.315000,-5.712901732e-06
9.320000,-5.772864393e-06
9.325000,-5.833061391e-06
9.330000,-5.893609166e-06
9.335000,-5.954616189e-06
9.340000,-6.016175267e-06
9.345000,-6.078361199e-06
9.350000,-6.141234220e-06
9.355000,-6.204847519e-06
9.360000,-6.269255552e-06
9.365000,-6.334519411e-06
9.370000,-6.400706182e-06
9.375000,-6.467880931e-06
9.380000,-6.536091984e-06
9.385000,-6.605352168e-06
9.390000,-6.675619991e-06
9.395000,-6.746785288e-06
9.400000,-6.818663367e-06
9.405000,-6.891000436e-06
9.410000,-6.963491037e-06
9.415000,-7.035805942e-06
9.420000,-7.107626621e-06
9.425000,-7.178680794e-06
9.430000,-7.248772968e-06
9.435000,-7.317804671e-06
9.440000,-7.385781201e-06
9.445000,-7.452804578e-06
9.450000,-7.519055295e-06
9.455000,-7.584767477e-06
9.460000,-7.650202663e-06
9.465000,-7.715626445e-06
9.470000,-7.781290137e-06
9.475000,-7.847417312e-06
9.480000,-7.914193196e-06
9.485000,-7.981754304e-06
9.490000,-8.050176326e-06
9.495000,-8.119459960e-06
9.500000,-8.189516444e-06
9.505000,-8.260156415e-06
9.510000,-8.331086731e-06
9.515000,-8.401919786e-06
9.520000,-8.472198398e-06
9.525000,-8.541436716e-06
9.530000,-8.609174121e-06
9.535000,-8.675035448e-06
9.540000,-8.738787973e-06
9.545000,-8.800384377e-06
9.550000,-8.859982026e-06
9.555000,-8.917932578e-06
9.560000,-8.974741486e-06
9.565000,-9.031003294e-06
9.570000,-9.087324088e-06
9.575000,-9.144245662e-06
9.580000,-9.202185926e-06
9.585000,-9.261406801e-06
9.590000,-9.322014830e-06
9.595000,-9.383992522e-06
9.600000,-9.447251519e-06
9.605000,-9.511693750e-06
9.610000,-9.577265040e-06
9.615000,-9.643987651e-06
9.620000,-9.711963678e-06
9.625000,-9.781348798e-06
9.630000,-9.852303683e-06
9.635000,-9.924936370e-06
9.640000,-9.999251308e-06
9.645000,-1.007511907e-05
9.650000,-1.015227526e-05
9.655000,-1.023034947e-05
9.660000,-1.030891773e-05
9.665000,-1.038756591e-05
9.670000,-1.046594949e-05
9.675000,-1.054383612e-05
9.680000,-1.062112201e-05
9.685000,-1.069781949e-05
9.690000,-1.077402004e-05
9.695000,-1.084984327e-05
9.700000,-1.092538583e-05
9.705000,-1.100068486e-05
9.710000,-1.107570729e-05
9.715000,-1.115036954e-05
9.720000,-1.122458427e-05
9.725000,-1.129832213e-05
9.730000,-1.137167138e-05
9.735000,-1.144487715e-05
9.740000,-1.151834605e-05
9.745000,-1.159261054e-05
9.750000,-1.166825742e-05
9.755000,-1.174583433e-05
9.760000,-1.182575416e-05
9.765000,-1.190821777e-05
9.770000,-1.199317144e-05
9.775000,-1.208030708e-05
9.780000,-1.216910383e-05
9.785000,-1.225890034e-05
9.790000,-1.234898101e-05
9.795000,-1.243865733e-05
9.800000,-1.252732717e-05
9.805000,-1.261450153e-05
9.810000,-1.269979619e-05
9.815000,-1.278289543e-05
9.820000,-1.286350255e-05
9.825000,-1.294129642e-05
9.830000,-1.301591272e-05
9.835000,-1.308696270e-05
9.840000,-1.315409294e-05
9.845000,-1.321707743e-05
9.850000,-1.327592312e-05
9.855000,-1.333096321e-05
9.860000,-1.338291207e-05
9.865000,-1.343286116e-05
9.870000,-1.348220674e-05
9.875000,-1.353251421e-05
9.880000,-1.358533763e-05
9.885000,-1.364202328e-05
9.890000,-1.370353053e-05
9.895000,-1.377030087e-05
9.900000,-1.384219725e-05
9.905000,-1.391852301e-05
9.910000,-1.399811531e-05
9.915000,-1.407949544e-05
9.920000,-1.416105020e-05
9.925000,-1.424121598e-05
9.930000,-1.431864031e-05
9.935000,-1.439230303e-05
9.940000,-1.446158880e-05
9.945000,-1.452631184e-05
9.950000,-1.458670049e-05
9.955000,-1.464335267e-05
9.960000,-1.469717330e-05
9.965000,-1.474930208e-05
9.970000,-1.480103631e-05
9.975000,-1.485375007e-05
9.980000,-1.490880910e-05
9.985000,-1.496748139e-05
9.990000,-1.503084548e-05
9.995000,-1.509970272e-05
10.000000,-1.517450310e-05
10.005000,-1.525529682e-05
10.010000,-1.534172334e-05
10.015000,-1.543304598e-05
10.020000,-1.552823363e-05
10.025000,-1.562608228e-05
10.030000,-1.572536043e-05
10.035000,-1.582495614e-05
10.040000,-1.592400055e-05
10.045000,-1.602194608e-05
10.050000,-1.611858514e-05
10.055000,-1.621400712e-05
10.060000,-1.630850382e-05
10.065000,-1.640244433e-05
10.070000,-1.649614588e-05
10.075000,-1.658976690e-05
10.080000,-1.668324239e-05
10.085000,-1.677627147e-05
10.090000,-1.686835576e-05
10.095000,-1.695887756e-05
10.100000,-1.704720041e-05
10.105000,-1.713277283e-05
10.110000,-1.721521818e-05
10.115000,-1.729439780e-05
10.120000,-1.737044154e-05
10.125000,-1.744374525e-05
10.130000,-1.751494070e-05
10.135000,-1.758484632e-05
10.140000,-1.765440872e-05
10.145000,-1.772464293e-05
10.150000,-1.779657658e-05
10.155000,-1.787119850e-05
10.160000,-1.794940858e-05
10.165000,-1.803196409e-05
10.170000,-1.811941818e-05
10.175000,-1.821205019e-05
10.180000,-1.830979280e-05
10.185000,-1.841216665e-05
10.190000,-1.851823725e-05
10.195000,-1.862660959e-05
10.200000,-1.873547328e-05
10.205000,-1.884270390e-05
10.210000,-1.894601724e-05
10.215000,-1.904316289e-05
10.220000,-1.913213540e-05
10.225000,-1.921137535e-05
10.230000,-1.927993299e-05
10.235000,-1.933757073e-05
10.240000,-1.938479084e-05
10.245000,-1.942278589e-05
10.250000,-1.945332247e-05
10.255000,-1.947857894e-05
10.260000,-1.950096358e-05
10.265000,-1.952293937e-05
10.270000,-1.954687504e-05
10.275000,-1.957493189e-05
10.280000,-1.960898392e-05
10.285000,-1.965056058e-05
10.290000,-1.970079789e-05
10.295000,-1.976038745e-05
10.300000,-1.982952129e-05
10.305000,-1.990784098e-05
10.310000,-1.999440786e-05
10.315000,-2.008771421e-05
10.320000,-2.018575229e-05
10.325000,-2.028614893e-05
10.330000,-2.038636135e-05
10.335000,-2.048391765e-05
10.340000,-2.057667429e-05
10.345000,-2.066305647e-05
10.350000,-2.074224543e-05
10.355000,-2.081428018e-05
10.360000,-2.088005107e-05
10.365000,-2.094117692e-05
10.370000,-2.099977609e-05
10.375000,-2.105815987e-05
10.380000,-2.111849239e-05
10.385000,-2.118246902e-05
10.390000,-2.125106459e-05
10.395000,-2.132439208e-05
10.400000,-2.140169366e-05
10.405000,-2.148146304e-05
10.410000,-2.156167507e-05
10.415000,-2.164008029e-05
10.420000,-2.171451260e-05
10.425000,-2.178315936e-05
10.430000,-2.184475468e-05
10.435000,-2.189867626e-05
10.440000,-2.194494747e-05
10.445000,-2.198416588e-05
10.450000,-2.201739011e-05
10.455000,-2.204601883e-05
10.460000,-2.207168726e-05
10.465000,-2.209619323e-05
10.470000,-2.212144960e-05
10.475000,-2.214944830e-05
10.480000,-2.218221531e-05
10.485000,-2.222173688e-05
10.490000,-2.226984486e-05
10.495000,-2.232806018e-05
10.500000,-2.239740735e-05
10.505000,-2.247822561e-05
10.510000,-2.257001174e-05
10.515000,-2.267133293e-05
10.520000,-2.277984320e-05
10.525000,-2.289242320e-05
10.530000,-2.300544214e-05
10.535000,-2.311511633e-05
10.540000,-2.321791565e-05
10.545000,-2.331095507e-05
10.550000,-2.339230589e-05
10.555000,-2.346117434e-05
10.560000,-2.351792044e-05
10.565000,-2.356392269e-05
10.570000,-2.360132519e-05
10.575000,-2.363272605e-05
10.580000,-2.366087233e-05
10.585000,-2.368841692e-05
10.590000,-2.371776936e-05
10.595000,-2.375104324e-05
10.600000,-2.379007561e-05
10.605000,-2.383647622e-05
10.610000,-2.389166046e-05
10.615000,-2.395682893e-05
10.620000,-2.403287654e-05
10.625000,-2.412023915e-05
10.630000,-2.421870982e-05
10.635000,-2.432727519e-05
10.640000,-2.444402941e-05
10.645000,-2.456621685e-05
10.650000,-2.469043380e-05
10.655000,-2.481298819e-05
10.660000,-2.493037905e-05
10.665000,-2.503982467e-05
10.670000,-2.513974616e-05
10.675000,-2.523010940e-05
10.680000,-2.531254461e-05
10.685000,-2.539019704e-05
10.690000,-2.546730852e-05
10.695000,-2.554857999e-05
10.700000,-2.563840971e-05
10.705000,-2.574013201e-05
10.710000,-2.585539057e-05
10.715000,-2.598376370e-05
10.720000,-2.612271816e-05
10.725000,-2.626790926e-05
10.730000,-2.641377926e-05
10.735000,-2.655434854e-05
10.740000,-2.668405834e-05
10.745000,-2.679851859e-05
10.750000,-2.689504079e-05
10.755000,-2.697288580e-05
10.760000,-2.703321775e-05
10.765000,-2.707881043e-05
10.770000,-2.711359150e-05
10.775000,-2.714212381e-05
10.780000,-2.716911395e-05
10.785000,-2.719901145e-05
10.790000,-2.723572695e-05
10.795000,-2.728246430e-05
10.800000,-2.734163712e-05
10.805000,-2.741483011e-05
10.810000,-2.750276927e-05
10.815000,-2.760528184e-05
10.820000,-2.772125054e-05
10.825000,-2.784859028e-05
10.830000,-2.798429195e-05
10.835000,-2.812457949e-05
10.840000,-2.826521096e-05
10.845000,-2.840192170e-05
10.850000,-2.853096596e-05
10.855000,-2.864967359e-05
10.860000,-2.875691291e-05
10.865000,-2.885335202e-05
10.870000,-2.894144057e-05
10.875000,-2.902508894e-05
10.880000,-2.910908834e-05
10.885000,-2.919837513e-05
10.890000,-2.929727991e-05
10.895000,-2.940890582e-05
10.900000,-2.953475011e-05
10.905000,-2.967462779e-05
10.910000,-2.982688997e-05
10.915000,-2.998886915e-05
10.920000,-3.015744105e-05
10.925000,-3.032957627e-05
10.930000,-3.050276531e-05
10.935000,-3.067523477e-05
10.940000,-3.084592378e-05
10.945000,-3.101424776e-05
10.950000,-3.117973082e-05
10.955000,-3.134162501e-05
10.960000,-3.149864395e-05
10.965000,-3.164891413e-05
10.970000,-3.179019164e-05
10.975000,-3.192031696e-05
10.980000,-3.203780520e-05
10.985000,-3.214241533e-05
10.990000,-3.223552710e-05
10.995000,-3.232018635e-05
11.000000,-3.240075168e-05
11.005000,-3.248217216e-05
11.010000,-3.256902177e-05
11.015000,-3.266448749e-05
11.020000,-3.276953616e-05
11.025000,-3.288246177e-05
11.030000,-3.299894338e-05
11.035000,-3.311263839e-05
11.040000,-3.321621979e-05
11.045000,-3.330266437e-05
11.050000,-3.336653645e-05
11.055000,-3.340500616e-05
11.060000,-3.341839484e-05
11.065000,-3.341014386e-05
11.070000,-3.338623116e-05
11.075000,-3.335418013e-05
11.080000,-3.332188842e-05
11.085000,-3.329652780e-05
11.090000,-3.328372800e-05
11.095000,-3.328716943e-05
11.100000,-3.330859916e-05
11.105000,-3.334817998e-05
11.110000,-3.340501192e-05
11.115000,-3.347764235e-05
11.120000,-3.356440882e-05
11.125000,-3.366352638e-05
11.130000,-3.377291985e-05
11.135000,-3.388988864e-05
11.140000,-3.401075426e-05
11.145000,-3.413066226e-05
11.150000,-3.424368324e-05
11.155000,-3.434328614e-05
11.160000,-3.442315722e-05
11.165000,-3.447823492e-05
11.170000,-3.450575192e-05
11.175000,-3.450604330e-05
11.180000,-3.448290595e-05
11.185000,-3.444337463e-05
11.190000,-3.439689724e-05
11.195000,-3.435401890e-05
11.200000,-3.432479161e-05
11.205000,-3.431719019e-05
11.210000,-3.433582191e-05
11.215000,-3.438116558e-05
11.220000,-3.444947756e-05
11.225000,-3.453337802e-05
11.230000,-3.462300552e-05
11.235000,-3.470752668e-05
11.240000,-3.477673119e-05
11.245000,-3.482243892e-05
11.250000,-3.483949744e-05
11.255000,-3.482624073e-05
11.260000,-3.478439348e-05
11.265000,-3.471851451e-05
11.270000,-3.463515212e-05
11.275000,-3.454191764e-05
11.280000,-3.444666332e-05
11.285000,-3.435688732e-05
11.290000,-3.427939980e-05
11.295000,-3.422019870e-05
11.300000,-3.418444626e-05
11.305000,-3.417642411e-05
11.310000,-3.419937784e-05
11.315000,-3.425522765e-05
11.320000,-3.434419660e-05
11.325000,-3.446446575e-05
11.330000,-3.461198784e-05
11.335000,-3.478056977e-05
11.340000,-3.496227691e-05
11.345000,-3.514813473e-05
11.350000,-3.532902838e-05
11.355000,-3.549664591e-05
11.360000,-3.564429159e-05
11.365000,-3.576741474e-05
11.370000,-3.586375483e-05
11.375000,-3.593308328e-05
11.380000,-3.597660958e-05
11.385000,-3.599619558e-05
11.390000,-3.599356660e-05
11.395000,-3.596970957e-05
11.400000,-3.592460254e-05
11.405000,-3.585733534e-05
11.410000,-3.576657837e-05
11.415000,-3.565126299e-05
11.420000,-3.551127821e-05
11.425000,-3.534798322e-05
11.430000,-3.516438713e-05
11.435000,-3.496494327e-05
11.440000,-3.475502044e-05
11.445000,-3.454021503e-05
11.450000,-3.432572596e-05
11.455000,-3.411600923e-05
11.460000,-3.391485785e-05
11.465000,-3.372593086e-05
11.470000,-3.355361375e-05
11.475000,-3.340396979e-05
11.480000,-3.328547559e-05
11.485000,-3.320924601e-05
11.490000,-3.318854813e-05
11.495000,-3.323755937e-05
11.500000,-3.336950508e-05
11.505000,-3.359447069e-05
11.510000,-3.391728395e-05
11.515000,-3.433587983e-05
11.520000,-3.484049138e-05
11.525000,-3.541386933e-05
11.530000,-3.603255136e-05
11.535000,-3.666901528e-05
11.540000,-3.729439348e-05
11.545000,-3.788132936e-05
11.550000,-3.840653952e-05
11.555000,-3.885271234e-05
11.560000,-3.920951302e-05
11.565000,-3.947364765e-05
11.570000,-3.964812255e-05
11.575000,-3.974097739e-05
11.580000,-3.976383613e-05
11.585000,-3.973059643e-05
11.590000,-3.965647664e-05
11.595000,-3.955749275e-05
11.600000,-3.945028783e-05
11.605000,-3.935212318e-05
11.610000,-3.928078941e-05
11.615000,-3.925421564e-05
11.620000,-3.928963725e-05
11.625000,-3.940230848e-05
11.630000,-3.960388861e-05
11.635000,-3.990076022e-05
11.640000,-4.029262428e-05
11.645000,-4.077173403e-05
11.650000,-4.132306095e-05
11.655000,-4.192553429e-05
11.660000,-4.255428478e-05
11.665000,-4.318359890e-05
11.670000,-4.379010680e-05
11.675000,-4.435563698e-05
11.680000,-4.486920230e-05
11.685000,-4.532773517e-05
11.690000,-4.573543142e-05
11.695000,-4.610183736e-05
11.700000,-4.643906001e-05
11.705000,-4.675864177e-05
11.710000,-4.706868701e-05
11.715000,-4.737175325e-05
11.720000,-4.766384830e-05
11.725000,-4.793464684e-05
11.730000,-4.816880764e-05
11.735000,-4.834808293e-05
11.740000,-4.845379816e-05
11.745000,-4.846926069e-05
11.750000,-4.838172367e-05
11.755000,-4.818366383e-05
11.760000,-4.787329517e-05
11.765000,-4.745439571e-05
11.770000,-4.693564005e-05
11.775000,-4.632968502e-05
11.780000,-4.565224471e-05
11.785000,-4.492132600e-05
11.790000,-4.415669762e-05
11.795000,-4.337956302e-05
11.800000,-4.261232397e-05
11.805000,-4.187827541e-05
11.810000,-4.120107040e-05
11.815000,-4.060383596e-05
11.820000,-4.010789755e-05
11.825000,-3.973116840e-05
11.830000,-3.948636193e-05
11.835000,-3.937927028e-05
11.840000,-3.940739910e-05
11.845000,-3.955924360e-05
11.850000,-3.981442761e-05
11.855000,-4.014481726e-05
11.860000,-4.051658275e-05
11.865000,-4.089304382e-05
11.870000,-4.123801830e-05
11.875000,-4.151931487e-05
11.880000,-4.171197471e-05
11.885000,-4.180087341e-05
11.890000,-4.178234445e-05
11.895000,-4.166458139e-05
11.900000,-4.146671678e-05
11.905000,-4.121665120e-05
11.910000,-4.094789017e-05
11.915000,-4.069580194e-05
11.920000,-4.049379725e-05
11.925000,-4.036992678e-05
11.930000,-4.034429496e-05
11.935000,-4.042752575e-05
11.940000,-4.062033011e-05
11.945000,-4.091406120e-05
11.950000,-4.129203259e-05
11.955000,-4.173132787e-05
11.960000,-4.220483997e-05
11.965000,-4.268332776e-05
11.970000,-4.313734505e-05
11.975000,-4.353896623e-05
11.980000,-4.386328961e-05
11.985000,-4.408973482e-05
11.990000,-4.420315837e-05
11.995000,-4.419479282e-05
12.000000,-4.406297448e-05
12.005000,-4.381357661e-05
12.010000,-4.346002632e-05
12.015000,-4.302277094e-05
12.020000,-4.252808816e-05
12.025000,-4.200620787e-05
12.030000,-4.148882727e-05
12.035000,-4.100623397e-05
12.040000,-4.058437345e-05
12.045000,-4.024227022e-05
12.050000,-3.999020521e-05
12.055000,-3.982895237e-05
12.060000,-3.975019991e-05
12.065000,-3.973806883e-05
12.070000,-3.977144776e-05
12.075000,-3.982674120e-05
12.080000,-3.988060261e-05
12.085000,-3.991228845e-05
12.090000,-3.990539126e-05
12.095000,-3.984884597e-05
12.100000,-3.973722167e-05
12.105000,-3.957039630e-05
12.110000,-3.935276715e-05
12.115000,-3.909218467e-05
12.120000,-3.879881186e-05
12.125000,-3.848409883e-05
12.130000,-3.816001153e-05
12.135000,-3.783856316e-05
12.140000,-3.753158413e-05
12.145000,-3.725056793e-05
12.150000,-3.700638508e-05
12.155000,-3.680869454e-05
12.160000,-3.666499976e-05
12.165000,-3.657946359e-05
12.170000,-3.655175699e-05
12.175000,-3.657631166e-05
12.180000,-3.664233485e-05
12.185000,-3.673481469e-05
12.190000,-3.683652309e-05
12.195000,-3.693076703e-05
12.200000,-3.700441795e-05
12.205000,-3.705062512e-05
12.210000,-3.707063241e-05
12.215000,-3.707426886e-05
12.220000,-3.707893766e-05
12.225000,-3.710722420e-05
12.230000,-3.718351142e-05
12.235000,-3.733017103e-05
12.240000,-3.756395842e-05
12.245000,-3.789317549e-05
12.250000,-3.831600524e-05
12.255000,-3.882020771e-05
12.260000,-3.938414849e-05
12.265000,-3.997894851e-05
12.270000,-4.057142451e-05
12.275000,-4.112744094e-05
12.280000,-4.161530747e-05
12.285000,-4.200891246e-05
12.290000,-4.229035530e-05
12.295000,-4.245191141e-05
12.300000,-4.249721750e-05
12.305000,-4.244160214e-05
12.310000,-4.231151267e-05
12.315000,-4.214301681e-05
12.320000,-4.197939554e-05
12.325000,-4.186790237e-05
12.330000,-4.185584275e-05
12.335000,-4.198622255e-05
12.340000,-4.229331223e-05
12.345000,-4.279855376e-05
12.350000,-4.350727692e-05
12.355000,-4.440666807e-05
12.360000,-4.546533679e-05
12.365000,-4.663465816e-05
12.370000,-4.785185478e-05
12.375000,-4.904455933e-05
12.380000,-5.013640649e-05
12.385000,-5.105307681e-05
12.390000,-5.172817497e-05
12.395000,-5.210837397e-05
12.400000,-5.215738397e-05
12.405000,-5.185848558e-05
12.410000,-5.121557059e-05
12.415000,-5.025282037e-05
12.420000,-4.901328540e-05
12.425000,-4.755667958e-05
12.430000,-4.595665904e-05
12.435000,-4.429773357e-05
12.440000,-4.267180405e-05
12.445000,-4.117419239e-05
12.450000,-3.989899133e-05
12.455000,-3.893364768e-05
12.460000,-3.835290044e-05
12.465000,-3.821247999e-05
12.470000,-3.854325659e-05
12.475000,-3.934671410e-05
12.480000,-4.059264305e-05
12.485000,-4.221975547e-05
12.490000,-4.413953833e-05
12.495000,-4.624314943e-05
12.500000,-4.841062612e-05
12.505000,-5.052124590e-05
12.510000,-5.246365078e-05
12.515000,-5.414438511e-05
12.520000,-5.549379538e-05
12.525000,-5.646873378e-05
12.530000,-5.705208535e-05
12.535000,-5.724967100e-05
12.540000,-5.708545386e-05
12.545000,-5.659612348e-05
12.550000,-5.582603903e-05
12.555000,-5.482322511e-05
12.560000,-5.363672098e-05
12.565000,-5.231519269e-05
12.570000,-5.090642575e-05
12.575000,-4.945718283e-05
12.580000,-4.801294939e-05
12.585000,-4.661726294e-05
12.590000,-4.531056143e-05
12.595000,-4.412871627e-05
12.600000,-4.310157293e-05
12.605000,-4.225187129e-05
12.610000,-4.159485306e-05
12.615000,-4.113870314e-05
12.620000,-4.088575356e-05
12.625000,-4.083415294e-05
12.630000,-4.097953164e-05
12.635000,-4.131613174e-05
12.640000,-4.183696394e-05
12.645000,-4.253280327e-05
12.650000,-4.339019169e-05
12.655000,-4.438897963e-05
12.660000,-4.550018946e-05
12.665000,-4.668502417e-05
12.670000,-4.789564192e-05
12.675000,-4.907791975e-05
12.680000,-5.017595401e-05
12.685000,-5.113762933e-05
12.690000,-5.192034255e-05
12.695000,-5.249593983e-05
12.700000,-5.285409279e-05
12.705000,-5.300363643e-05
12.710000,-5.297173863e-05
12.715000,-5.280110390e-05
12.720000,-5.254569000e-05
12.725000,-5.226560470e-05
12.730000,-5.202192690e-05
12.735000,-5.187213905e-05
12.740000,-5.186666134e-05
12.745000,-5.204667092e-05
12.750000,-5.244304192e-05
12.755000,-5.307595187e-05
12.760000,-5.395456551e-05
12.765000,-5.507628295e-05
12.770000,-5.642532014e-05
12.775000,-5.797079781e-05
12.780000,-5.966492931e-05
12.785000,-6.144218756e-05
12.790000,-6.322039679e-05
12.795000,-6.490449264e-05
12.800000,-6.639325008e-05
12.805000,-6.758867398e-05
12.810000,-6.840710564e-05
12.815000,-6.879055744e-05
12.820000,-6.871647260e-05
12.825000,-6.820411018e-05
12.830000,-6.731611243e-05
12.835000,-6.615449021e-05
12.840000,-6.485115943e-05
12.845000,-6.355411655e-05
12.850000,-6.241115912e-05
12.855000,-6.155355750e-05
12.860000,-6.108213469e-05
12.865000,-6.105777785e-05
12.870000,-6.149756290e-05
12.875000,-6.237659993e-05
12.880000,-6.363464644e-05
12.885000,-6.518573251e-05
12.890000,-6.692868149e-05
12.895000,-6.875656350e-05
12.900000,-7.056372079e-05
12.905000,-7.224987593e-05
12.910000,-7.372173023e-05
12.915000,-7.489314211e-05
12.920000,-7.568527680e-05
12.925000,-7.602798444e-05
12.930000,-7.586316009e-05
12.935000,-7.515012164e-05
12.940000,-7.387230717e-05
12.945000,-7.204402330e-05
12.950000,-6.971569299e-05
12.955000,-6.697610258e-05
12.960000,-6.395050823e-05
12.965000,-6.079405622e-05
12.970000,-5.768069736e-05
12.975000,-5.478852292e-05
12.980000,-5.228310861e-05
12.985000,-5.030091927e-05
12.990000,-4.893500839e-05
12.995000,-4.822507903e-05
13.000000,-4.815344441e-05
13.005000,-4.864759507e-05
13.010000,-4.958908192e-05
13.015000,-5.082745193e-05
13.020000,-5.219722875e-05
13.025000,-5.353557342e-05
13.030000,-5.469835204e-05
13.035000,-5.557282667e-05
13.040000,-5.608592058e-05
13.045000,-5.620779025e-05
13.050000,-5.595108304e-05
13.055000,-5.536666001e-05
13.060000,-5.453670690e-05
13.065000,-5.356610621e-05
13.070000,-5.257280835e-05
13.075000,-5.167780842e-05
13.080000,-5.099525621e-05
13.085000,-5.062319449e-05
13.090000,-5.063540217e-05
13.095000,-5.107478432e-05
13.100000,-5.194869540e-05
13.105000,-5.322652063e-05
13.110000,-5.483979184e-05
13.115000,-5.668506977e-05
13.120000,-5.862974714e-05
13.125000,-6.052076187e-05
13.130000,-6.219592660e-05
13.135000,-6.349720235e-05
13.140000,-6.428485680e-05
13.145000,-6.445116819e-05
13.150000,-6.393226468e-05
13.155000,-6.271685658e-05
13.160000,-6.085096865e-05
13.165000,-5.843819585e-05
13.170000,-5.563536801e-05
13.175000,-5.264375437e-05
13.180000,-4.969609363e-05
13.185000,-4.703989514e-05
13.190000,-4.491773361e-05
13.195000,-4.354570633e-05
13.200000,-4.309179068e-05
13.205000,-4.365637646e-05
13.210000,-4.525754142e-05
13.215000,-4.782350307e-05
13.220000,-5.119402383e-05
13.225000,-5.513142694e-05
13.230000,-5.934049184e-05
13.235000,-6.349512443e-05
13.240000,-6.726863503e-05
13.245000,-7.036392443e-05
13.250000,-7.253997187e-05
13.255000,-7.363168574e-05
13.260000,-7.356125644e-05
13.265000,-7.234041204e-05
13.270000,-7.006419650e-05
13.275000,-6.689787889e-05
13.280000,-6.305924019e-05
13.285000,-5.879871198e-05
13.290000,-5.437966281e-05
13.295000,-5.006060381e-05
13.300000,-4.608033903e-05
13.305000,-4.264629365e-05
13.310000,-3.992561843e-05
13.315000,-3.803836526e-05
13.320000,-3.705214132e-05
13.325000,-3.697812538e-05
13.330000,-3.776897672e-05
13.335000,-3.931971219e-05
13.340000,-4.147280480e-05
13.345000,-4.402841966e-05
13.350000,-4.675987506e-05
13.355000,-4.943330334e-05
13.360000,-5.182940332e-05
13.365000,-5.376444947e-05
13.370000,-5.510757873e-05
13.375000,-5.579187492e-05
13.380000,-5.581779241e-05
13.385000,-5.524875037e-05
13.390000,-5.419997912e-05
13.395000,-5.282264217e-05
13.400000,-5.128573365e-05
13.405000,-4.975823937e-05
13.410000,-4.839364853e-05
13.415000,-4.731827151e-05
13.420000,-4.662411480e-05
13.425000,-4.636640022e-05
13.430000,-4.656524732e-05
13.435000,-4.721059290e-05
13.440000,-4.826912655e-05
13.445000,-4.969192239e-05
13.450000,-5.142159007e-05
13.455000,-5.339815195e-05
13.460000,-5.556339844e-05
13.465000,-5.786401578e-05
13.470000,-6.025412631e-05
13.475000,-6.269789116e-05
13.480000,-6.517248430e-05
13.485000,-6.767119085e-05
13.490000,-7.020584141e-05
13.495000,-7.280749815e-05
13.500000,-7.552438999e-05
13.505000,-7.841653451e-05
13.510000,-8.154714463e-05
13.515000,-8.497160352e-05
13.520000,-8.872534079e-05
13.525000,-9.281226890e-05
13.530000,-9.719552259e-05
13.535000,-1.017920974e-04
13.540000,-1.064726118e-04
13.545000,-1.110668183e-04
13.550000,-1.153746932e-04
13.555000,-1.191820379e-04
13.560000,-1.222787120e-04
13.565000,-1.244771161e-04
13.570000,-1.256285357e-04
13.575000,-1.256354862e-04
13.580000,-1.244591432e-04
13.585000,-1.221220042e-04
13.590000,-1.187067658e-04
13.595000,-1.143527460e-04
13.600000,-1.092509311e-04
13.605000,-1.036380166e-04
13.610000,-9.778893664e-05
13.615000,-9.200671345e-05
13.620000,-8.660831894e-05
13.625000,-8.190575953e-05
13.630000,-7.818269975e-05
13.635000,-7.566834671e-05
13.640000,-7.451164057e-05
13.645000,-7.475964767e-05
13.650000,-7.634415932e-05
13.655000,-7.907976771e-05
13.660000,-8.267522645e-05
13.665000,-8.675797024e-05
13.670000,-9.090961661e-05
13.675000,-9.470846037e-05
13.680000,-9.777370103e-05
13.685000,-9.980562512e-05
13.690000,-1.006163044e-04
13.695000,-1.001465588e-04
13.700000,-9.846684095e-05
13.705000,-9.576207637e-05
13.710000,-9.230296020e-05
13.715000,-8.840832633e-05
13.720000,-8.440452431e-05
13.725000,-8.058795553e-05
13.730000,-7.719595601e-05
13.735000,-7.438928124e-05
13.740000,-7.224701393e-05
13.745000,-7.077237595e-05
13.750000,-6.990623256e-05
13.755000,-6.954437759e-05
13.760000,-6.955502814e-05
13.765000,-6.979409523e-05
13.770000,-7.011729904e-05
13.775000,-7.038958936e-05
13.780000,-7.049323160e-05
13.785000,-7.033612656e-05
13.790000,-6.986144897e-05
13.795000,-6.905869017e-05
13.800000,-6.797496043e-05
13.805000,-6.672427998e-05
13.810000,-6.549188318e-05
13.815000,-6.453051787e-05
13.820000,-6.414645660e-05
13.825000,-6.467439665e-05
13.830000,-6.644239126e-05
13.835000,-6.973006624e-05
13.840000,-7.472520503e-05
13.845000,-8.148492289e-05
13.850000,-8.990779471e-05
13.855000,-9.972232273e-05
13.860000,-1.104951095e-04
13.865000,-1.216593241e-04
13.870000,-1.325609712e-04
13.875000,-1.425176387e-04
13.880000,-1.508823568e-04
13.885000,-1.571043496e-04
13.890000,-1.607789849e-04
13.895000,-1.616810136e-04
13.900000,-1.597778644e-04
13.905000,-1.552227634e-04
13.910000,-1.483302274e-04
13.915000,-1.395385460e-04
13.920000,-1.293649718e-04
13.925000,-1.183594434e-04
13.930000,-1.070618970e-04
13.935000,-9.596686691e-05
13.940000,-8.549741580e-05
13.945000,-7.598880098e-05
13.950000,-6.768093672e-05
13.955000,-6.071786673e-05
13.960000,-5.515221396e-05
13.965000,-5.095289416e-05
13.970000,-4.801508603e-05
13.975000,-4.617226324e-05
13.980000,-4.521069855e-05
13.985000,-4.488700365e-05
13.990000,-4.494887285e-05
13.995000,-4.515833846e-05
14.000000,-4.531576385e-05
14.005000,-4.528182250e-05
14.010000,-4.499415285e-05
14.015000,-4.447545489e-05
14.020000,-4.383056846e-05
14.025000,-4.323144859e-05
14.030000,-4.289070477e-05
14.035000,-4.302620649e-05
14.040000,-4.382087716e-05
14.045000,-4.538294674e-05
14.050000,-4.771242583e-05
14.055000,-5.067929109e-05
14.060000,-5.401780321e-05
14.065000,-5.733956732e-05
14.070000,-6.016554353e-05
14.075000,-6.197449303e-05
14.080000,-6.226268570e-05
14.085000,-6.060755333e-05
14.090000,-5.672679133e-05
14.095000,-5.052451237e-05
14.100000,-4.211753961e-05
14.105000,-3.183761877e-05
14.110000,-2.020878981e-05
14.115000,-7.902772979e-06
14.120000,4.321673612e-06
14.125000,1.568743455e-05
14.130000,2.546712882e-05
14.135000,3.304277093e-05
14.140000,3.795109994e-05
14.145000,3.991129429e-05
14.150000,3.883453861e-05
14.155000,3.481729762e-05
14.160000,2.812184878e-05
14.165000,1.914847799e-05
14.170000,8.403743147e-06
14.175000,-3.531552225e-06
14.180000,-1.603240215e-05
14.185000,-2.845710461e-05
14.190000,-4.017336277e-05
14.195000,-5.058525724e-05
14.200000,-5.916345951e-05
14.205000,-6.547980013e-05
14.210000,-6.924481920e-05
14.215000,-7.034385693e-05
14.220000,-6.886463109e-05
14.225000,-6.510819235e-05
14.230000,-5.957637070e-05
14.235000,-5.293233856e-05
14.240000,-4.593596055e-05
14.245000,-3.936089278e-05
14.250000,-3.390457272e-05
14.255000,-3.010431107e-05
14.260000,-2.827228887e-05
14.265000,-2.845961835e-05
14.270000,-3.045537878e-05
14.275000,-3.382145089e-05
14.280000,-3.795875432e-05
14.285000,-4.219577583e-05
14.290000,-4.588667240e-05
14.295000,-4.850436161e-05
14.300000,-4.971440463e-05
14.305000,-4.941838974e-05
14.310000,-4.776067507e-05
14.315000,-4.509888497e-05
14.320000,-4.194513413e-05
14.325000,-3.889008192e-05
14.330000,-3.652438017e-05
14.335000,-3.537129955e-05
14.340000,-3.584056177e-05
14.345000,-3.820768226e-05
14.350000,-4.261692310e-05
14.355000,-4.910081002e-05
14.360000,-5.760627674e-05
14.365000,-6.801743379e-05
14.370000,-8.016755720e-05
14.375000,-9.383734990e-05
14.380000,-1.087416343e-04
14.385000,-1.245110715e-04
14.390000,-1.406781573e-04
14.395000,-1.566769316e-04
14.400000,-1.718634397e-04
14.405000,-1.855594589e-04
14.410000,-1.971163227e-04
14.415000,-2.059901053e-04
14.420000,-2.118153346e-04
14.425000,-2.144628700e-04
14.430000,-2.140692012e-04
14.435000,-2.110290362e-04
14.440000,-2.059497543e-04
14.445000,-1.995736443e-04
14.450000,-1.926801637e-04
14.455000,-1.859843322e-04
14.460000,-1.800479762e-04
14.465000,-1.752178415e-04
14.470000,-1.715992954e-04
14.475000,-1.690676533e-04
14.480000,-1.673125161e-04
14.485000,-1.659051648e-04
14.490000,-1.643759709e-04
14.495000,-1.622883561e-04
14.500000,-1.592979591e-04
14.505000,-1.551897078e-04
14.510000,-1.498904826e-04
14.515000,-1.434598452e-04
14.520000,-1.360649048e-04
14.525000,-1.279471449e-04
14.530000,-1.193887935e-04
14.535000,-1.106844405e-04
14.540000,-1.021207659e-04
14.545000,-9.396425089e-05
14.550000,-8.645429942e-05
14.555000,-7.979778330e-05
14.560000,-7.416087198e-05
14.565000,-6.965512616e-05
14.570000,-6.631702812e-05
14.575000,-6.408299040e-05
14.580000,-6.276480925e-05
14.585000,-6.203272564e-05
14.590000,-6.141393320e-05
14.595000,-6.031298317e-05
14.600000,-5.805703789e-05
14.605000,-5.396391270e-05
14.610000,-4.742546917e-05
14.615000,-3.799457696e-05
14.620000,-2.546174750e-05
14.625000,-9.908278513e-06
14.630000,8.273826022e-06
14.635000,2.839963296e-05
14.640000,4.954535736e-05
14.645000,7.063207578e-05
14.650000,9.052860096e-05
14.655000,1.081610588e-04
14.660000,1.226164894e-04
14.665000,1.332290387e-04
14.670000,1.396396684e-04
14.675000,1.418234720e-04
14.680000,1.400823982e-04
14.685000,1.350051174e-04
14.690000,1.273995326e-04
14.695000,1.182065211e-04
14.700000,1.084054170e-04
14.705000,9.892216893e-05
14.710000,9.054998097e-05
14.715000,8.388982547e-05
14.720000,7.931501136e-05
14.725000,7.696063808e-05
14.730000,7.673584899e-05
14.735000,7.835473198e-05
14.740000,8.138065603e-05
14.745000,8.527867852e-05
14.750000,8.947111926e-05
14.755000,9.339211343e-05
14.760000,9.653762564e-05
14.765000,9.850789750e-05
14.770000,9.903966562e-05
14.775000,9.802592040e-05
14.780000,9.552168068e-05
14.785000,9.173532560e-05
14.790000,8.700635444e-05
14.795000,8.177178844e-05
14.800000,7.652450203e-05
14.805000,7.176739397e-05
14.810000,6.796748531e-05
14.815000,6.551391008e-05
14.820000,6.468351891e-05
14.825000,6.561749558e-05
14.830000,6.831185829e-05
14.835000,7.262373330e-05
14.840000,7.829365764e-05
14.845000,8.498194379e-05
14.850000,9.231470087e-05
14.855000,9.993307293e-05
14.860000,1.075382631e-04
14.865000,1.149253539e-04
14.870000,1.220007831e-04
14.875000,1.287811600e-04
14.880000,1.353742158e-04
14.885000,1.419454174e-04
14.890000,1.486756710e-04
14.895000,1.557164455e-04
14.900000,1.631486467e-04
14.905000,1.709508404e-04
14.910000,1.789811216e-04
14.915000,1.869751496e-04
14.920000,1.945607309e-04
14.925000,2.012870241e-04
14.930000,2.066643278e-04
14.935000,2.102089381e-04
14.940000,2.114870895e-04
14.945000,2.101526840e-04
14.950000,2.059751399e-04
14.955000,1.988557856e-04
14.960000,1.888331600e-04
14.965000,1.760788927e-04
14.970000,1.608863274e-04
14.975000,1.436538698e-04
14.980000,1.248645147e-04
14.985000,1.050624825e-04
14.990000,8.482753980e-05
14.995000,6.474735833e-05
15.000000,4.538806561e-05
15.005000,2.726290120e-05
15.010000,1.079877585e-05
15.015000,-3.699141033e-06
15.020000,-1.608358729e-05
15.025000,-2.639899572e-05
15.030000,-3.490742745e-05
15.035000,-4.209921717e-05
15.040000,-4.868032298e-05
15.045000,-5.552996900e-05
15.050000,-6.362612553e-05
15.055000,-7.394211256e-05
15.060000,-8.732390380e-05
15.065000,-1.043630289e-04
15.070000,-1.252829929e-04
15.075000,-1.498571118e-04
15.080000,-1.773726005e-04
15.085000,-2.066502761e-04
15.090000,-2.361223131e-04
15.095000,-2.639631209e-04
15.100000,-2.882614325e-04
15.105000,-3.072158045e-04
15.110000,-3.193315575e-04
15.115000,-3.235953996e-04
15.120000,-3.196051924e-04
15.125000,-3.076368888e-04
15.130000,-2.886383655e-04
15.135000,-2.641497162e-04
15.140000,-2.361598740e-04
15.145000,-2.069181976e-04
15.150000,-1.787251038e-04
15.155000,-1.537269604e-04
15.160000,-1.337373508e-04
15.165000,-1.201006039e-04
15.170000,-1.136059011e-04
15.175000,-1.144531542e-04
15.180000,-1.222665255e-04
15.185000,-1.361484707e-04
15.190000,-1.547662437e-04
15.195000,-1.764630842e-04
15.200000,-1.993868465e-04
15.205000,-2.216289352e-04
15.210000,-2.413658659e-04
15.215000,-2.569948391e-04
15.220000,-2.672539586e-04
15.225000,-2.713176635e-04
15.230000,-2.688588923e-04
15.235000,-2.600714353e-04
15.240000,-2.456486330e-04
15.245000,-2.267177950e-04
15.250000,-2.047333056e-04
15.255000,-1.813353334e-04
15.260000,-1.581852767e-04
15.265000,-1.367932050e-04
15.270000,-1.183558246e-04
15.275000,-1.036248654e-04
15.280000,-9.282428918e-05
15.285000,-8.562990984e-05
15.290000,-8.121730626e-05
15.295000,-7.837454695e-05
15.300000,-7.566701723e-05
15.305000,-7.163429762e-05
15.310000,-6.499481448e-05
15.315000,-5.483330754e-05
15.320000,-4.074874431e-05
15.325000,-2.294542295e-05
15.330000,-2.256789671e-06
15.335000,1.990084191e-05
15.340000,4.163968028e-05
15.345000,6.076480641e-05
15.350000,7.497369657e-05
15.355000,8.206985276e-05
15.360000,8.016910718e-05
15.365000,6.787966527e-05
15.370000,4.444158413e-05
15.375000,9.816903887e-06
15.380000,-3.527326805e-05
15.385000,-8.936469154e-05
15.390000,-1.503167167e-04
15.395000,-2.154263237e-04
15.400000,-2.815847638e-04
15.405000,-3.454699802e-04
15.410000,-4.037647271e-04
15.415000,-4.533863058e-04
15.420000,-4.917100992e-04
15.425000,-5.167668047e-04
15.430000,-5.273933909e-04
15.435000,-5.233208043e-04
15.440000,-5.051871921e-04
15.445000,-4.744732386e-04
15.450000,-4.333651332e-04
15.455000,-3.845594061e-04
15.460000,-3.310310116e-04
15.465000,-2.757902709e-04
15.470000,-2.216546796e-04
15.475000,-1.710579157e-04
15.480000,-1.259113856e-04
15.485000,-8.752491624e-05
15.490000,-5.658477757e-05
15.495000,-3.318092578e-05
15.500000,-1.687218775e-05
15.505000,-6.777989771e-06
15.510000,-1.687179284e-06
15.515000,-1.771409172e-07
15.520000,-7.385879881e-07
15.525000,-1.902454286e-06
15.530000,-2.365066705e-06
15.535000,-1.106399207e-06
15.540000,2.506029283e-06
15.545000,8.637718846e-06
15.550000,1.694466127e-05
15.555000,2.658098023e-05
15.560000,3.626784016e-05
15.565000,4.442850072e-05
15.570000,4.938408954e-05
15.575000,4.959184133e-05
15.580000,4.389521496e-05
15.585000,3.174709956e-05
15.590000,1.336630845e-05
15.595000,-1.020493626e-05
15.600000,-3.715976844e-05
15.605000,-6.509935340e-05
15.610000,-9.129724891e-05
15.615000,-1.130172679e-04
15.620000,-1.278378324e-04
15.625000,-1.339356405e-04
15.630000,-1.302896279e-04
15.635000,-1.167807166e-04
15.640000,-9.418061928e-05
15.645000,-6.404044905e-05
15.650000,-2.850383965e-05
15.655000,9.922571016e-06
15.660000,4.860697401e-05
15.665000,8.500882699e-05
15.670000,1.168531030e-04
15.675000,1.422524214e-04
15.680000,1.597775872e-04
15.685000,1.684852349e-04
15.690000,1.679159664e-04
15.695000,1.580771464e-04
15.700000,1.394215974e-04
15.705000,1.128277010e-04
15.710000,7.957930679e-05
15.715000,4.133723597e-05
15.720000,8.996922938e-08
15.725000,-4.192911796e-05
15.730000,-8.236620741e-05
15.735000,-1.189128734e-04
15.740000,-1.495020133e-04
15.745000,-1.725117079e-04
15.750000,-1.869469199e-04
15.755000,-1.925664401e-04
15.760000,-1.899268364e-04
15.765000,-1.803262892e-04
15.770000,-1.656473350e-04
15.775000,-1.481155143e-04
15.780000,-1.300068030e-04
15.785000,-1.133468415e-04
15.790000,-9.964698366e-05
15.795000,-8.971569335e-05
15.800000,-8.357048140e-05
15.805000,-8.045858320e-05
15.810000,-7.897757845e-05
15.815000,-7.727330239e-05
15.820000,-7.328365334e-05
15.825000,-6.499390121e-05
15.830000,-5.067141607e-05
15.835000,-2.905426720e-05
15.840000,5.225557247e-07
15.845000,3.806912843e-05
15.850000,8.294683688e-05
15.855000,1.339274680e-04
15.860000,1.892898099e-04
15.865000,2.469384354e-04
15.870000,3.045326321e-04
15.875000,3.596184476e-04
15.880000,4.097615982e-04
15.885000,4.526818347e-04
15.890000,4.863893970e-04
15.895000,5.093214998e-04
15.900000,5.204723029e-04
15.905000,5.195048886e-04
15.910000,5.068298151e-04
15.915000,4.836330686e-04
15.920000,4.518376573e-04
15.925000,4.139882104e-04
15.930000,3.730568134e-04
15.935000,3.321801664e-04
15.940000,2.943513226e-04
15.945000,2.621012273e-04
15.950000,2.372130530e-04
15.955000,2.205132919e-04
15.960000,2.117762232e-04
15.965000,2.097630965e-04
15.970000,2.123964982e-04
15.975000,2.170478743e-04
15.980000,2.208966967e-04
15.985000,2.213074334e-04
15.990000,2.161679252e-04
15.995000,2.041404389e-04
16.000000,1.847927970e-04
16.005000,1.585981509e-04
16.010000,1.268139036e-04
16.015000,9.126887664e-05
16.020000,5.409986331e-05
16.025000,1.748246962e-05
16.030000,-1.660345490e-05
16.035000,-4.654498291e-05
16.040000,-7.119070587e-05
16.045000,-8.987200225e-05
16.050000,-1.023679621e-04
16.055000,-1.088393102e-04
16.060000,-1.097581800e-04
16.065000,-1.058553341e-04
16.070000,-9.809595864e-05
16.075000,-8.768210926e-05
16.080000,-7.606739643e-05
16.085000,-6.496061482e-05
16.090000,-5.629214424e-05
16.095000,-5.212137058e-05
16.100000,-5.447490967e-05
16.105000,-6.512221076e-05
16.110000,-8.531375310e-05
16.115000,-1.155231148e-04
16.120000,-1.552432654e-04
16.125000,-2.028863053e-04
16.130000,-2.558235818e-04
16.135000,-3.105813840e-04
16.140000,-3.631803386e-04
16.145000,-4.095796042e-04
16.150000,-4.461654340e-04
16.155000,-4.702119340e-04
16.160000,-4.802423309e-04
16.165000,-4.762320705e-04
16.170000,-4.596188271e-04
16.175000,-4.331153224e-04
16.180000,-4.003535215e-04
16.185000,-3.654172149e-04
16.190000,-3.323383358e-04
16.195000,-3.046363914e-04
16.200000,-2.849688819e-04
16.205000,-2.749359983e-04
16.210000,-2.750510005e-04
16.215000,-2.848560633e-04
16.220000,-3.031392870e-04
16.225000,-3.281968919e-04
16.230000,-3.580866886e-04
16.235000,-3.908325112e-04
16.240000,-4.245597021e-04
16.245000,-4.575632440e-04
16.250000,-4.883276343e-04
16.255000,-5.155274828e-04
16.260000,-5.380384747e-04
16.265000,-5.549801354e-04
16.270000,-5.657968753e-04
16.275000,-5.703656840e-04
16.280000,-5.691021397e-04
16.285000,-5.630259126e-04
16.290000,-5.537465996e-04
16.295000,-5.433423505e-04
16.300000,-5.341260867e-04
16.305000,-5.283225348e-04
16.310000,-5.277066337e-04
16.315000,-5.332721775e-04
16.320000,-5.450025231e-04
16.325000,-5.618002973e-04
16.330000,-5.816027029e-04
16.335000,-6.016702387e-04
16.340000,-6.189990536e-04
16.345000,-6.307802760e-04
16.350000,-6.348201179e-04
16.355000,-6.298442941e-04
16.360000,-6.156362698e-04
16.365000,-5.929942618e-04
16.370000,-5.635282360e-04
16.375000,-5.293474718e-04
16.380000,-4.927059936e-04
16.385000,-4.556749497e-04
16.390000,-4.198987639e-04
16.395000,-3.864692191e-04
16.400000,-3.559239453e-04
16.405000,-3.283491156e-04
16.410000,-3.035460193e-04
16.415000,-2.812115352e-04
16.420000,-2.610849243e-04
16.425000,-2.430267007e-04
16.430000,-2.270160868e-04
16.435000,-2.130766183e-04
16.440000,-2.011593154e-04
16.445000,-1.910247772e-04
16.450000,-1.821667288e-04
16.455000,-1.738095557e-04
16.460000,-1.649934446e-04
16.465000,-1.547373934e-04
16.470000,-1.422483364e-04
16.475000,-1.271297036e-04
16.480000,-1.095390144e-04
16.485000,-9.025287684e-05
16.490000,-7.061693680e-05
16.495000,-5.238299373e-05
16.500000,-3.745942825e-05
16.505000,-2.761861460e-05
16.510000,-2.421262448e-05
16.515000,-2.794566249e-05
16.520000,-3.874021164e-05
16.525000,-5.571711852e-05
16.530000,-7.729129404e-05
16.535000,-1.013672195e-04
16.540000,-1.256041369e-04
16.545000,-1.477112708e-04
16.550000,-1.657299883e-04
16.555000,-1.782632885e-04
16.560000,-1.846232386e-04
16.565000,-1.848822031e-04
16.570000,-1.798306089e-04
16.575000,-1.708584366e-04
16.580000,-1.597860567e-04
16.585000,-1.486708652e-04
16.590000,-1.396105709e-04
16.595000,-1.345553927e-04
16.600000,-1.351341840e-04
16.605000,-1.424969237e-04
16.610000,-1.571789220e-04
16.615000,-1.789984590e-04
16.620000,-2.070054210e-04
16.625000,-2.394997609e-04
16.630000,-2.741329514e-04
16.635000,-3.080935779e-04
16.640000,-3.383630627e-04
16.645000,-3.620137760e-04
16.650000,-3.765135052e-04
16.655000,-3.799993315e-04
16.660000,-3.714896914e-04
16.665000,-3.510130735e-04
16.670000,-3.196421635e-04
16.675000,-2.794310067e-04
16.680000,-2.332593650e-04
16.685000,-1.845939366e-04
16.690000,-1.371820290e-04
16.695000,-9.470042989e-05
16.700000,-6.038992897e-05
16.705000,-3.671208811e-05
16.710000,-2.506690476e-05
16.715000,-2.560619103e-05
16.720000,-3.716774665e-05
16.725000,-5.734147796e-05
16.730000,-8.266332828e-05
16.735000,-1.089189747e-04
16.740000,-1.315284108e-04
16.745000,-1.459751234e-04
16.750000,-1.482390741e-04
16.755000,-1.351906214e-04
16.760000,-1.049032185e-04
16.765000,-5.684744657e-05
16.770000,8.060746529e-06
16.775000,8.756819692e-05
16.780000,1.783382013e-04
16.785000,2.763160504e-04
16.790000,3.771537371e-04
16.795000,4.766310649e-04
16.800000,5.710125397e-04
16.805000,6.572939985e-04
16.810000,7.333167030e-04
16.815000,7.977538430e-04
16.820000,8.499984777e-04
16.825000,8.899973499e-04
16.830000,9.180786618e-04
16.835000,9.348138298e-04
16.840000,9.409362924e-04
16.845000,9.373194523e-04
16.850000,9.249963078e-04
16.855000,9.051901843e-04
16.860000,8.793224510e-04
16.865000,8.489699763e-04
16.870000,8.157605182e-04
16.875000,7.812142384e-04
16.880000,7.465588859e-04
16.885000,7.125598659e-04
16.890000,6.794107226e-04
16.895000,6.467230443e-04
16.900000,6.136383520e-04
16.905000,5.790610568e-04
16.910000,5.419853428e-04
16.915000,5.018647847e-04
16.920000,4.589566164e-04
16.925000,4.145671906e-04
16.930000,3.711341958e-04
16.935000,3.321050963e-04
16.940000,3.016071698e-04
16.945000,2.839461266e-04
16.950000,2.830086286e-04
16.955000,3.016695225e-04
16.960000,3.413097668e-04
16.965000,4.015329612e-04
16.970000,4.801301131e-04
16.975000,5.732924402e-04
16.980000,6.760226900e-04
16.985000,7.826589165e-04
16.990000,8.874099196e-04
16.995000,9.848118219e-04
17.000000,1.070047004e-03
17.005000,1.139110508e-03
17.010000,1.188852451e-03
17.015000,1.216955652e-03
17.020000,1.221916878e-03
17.025000,1.203085483e-03
17.030000,1.160779309e-03
17.035000,1.096454889e-03
17.040000,1.012870704e-03
17.045000,9.141607490e-04
17.050000,8.057390868e-04
17.055000,6.939853328e-04
17.060000,5.857099472e-04
17.065000,4.874547722e-04
17.070000,4.047339016e-04
17.075000,3.413493332e-04
17.080000,2.989162488e-04
17.085000,2.767023295e-04
17.090000,2.718297329e-04
17.095000,2.798187645e-04
17.100000,2.953838076e-04
17.105000,3.133397328e-04
17.110000,3.294525143e-04
17.115000,3.410770236e-04
17.120000,3.474666409e-04
17.125000,3.497050497e-04
17.130000,3.502865482e-04
17.135000,3.524410606e-04
17.140000,3.593484282e-04
17.145000,3.734028563e-04
17.150000,3.956693475e-04
17.155000,4.256247498e-04
17.160000,4.612091613e-04
17.165000,4.991454140e-04
17.170000,5.354314264e-04
17.175000,5.658840066e-04
17.180000,5.866174314e-04
17.185000,5.943720576e-04
17.190000,5.866572821e-04
17.195000,5.617260722e-04
17.200000,5.184419931e-04
17.205000,4.561241155e-04
17.210000,3.744551235e-04
17.215000,2.735135683e-04
17.220000,1.539481997e-04
17.225000,1.726098945e-05
17.230000,-1.338808296e-04
17.235000,-2.954111584e-04
17.240000,-4.618164742e-04
17.245000,-6.263463697e-04
17.250000,-7.814988509e-04
17.255000,-9.197261267e-04
17.260000,-1.034244301e-03
17.265000,-1.119793892e-03
17.270000,-1.173199091e-03
17.275000,-1.193613260e-03
17.280000,-1.182406580e-03
17.285000,-1.142731415e-03
17.290000,-1.078871475e-03
17.295000,-9.955250982e-04
17.300000,-8.971805398e-04
17.305000,-7.877112657e-04
17.310000,-6.702593480e-04
17.315000,-5.473996397e-04
17.320000,-4.215041570e-04
17.325000,-2.951726758e-04
17.330000,-1.715755761e-04
17.335000,-5.457475377e-05
17.340000,5.145523724e-05
17.345000,1.421035571e-04
17.350000,2.136107584e-04
17.355000,2.636157683e-04
17.360000,2.917806348e-04
17.365000,3.001270220e-04
17.370000,2.929758719e-04
17.375000,2.764667590e-04
17.380000,2.577251954e-04
17.385000,2.438226096e-04
17.390000,2.407179204e-04
17.395000,2.523731811e-04
17.400000,2.801998999e-04
17.405000,3.229267188e-04
17.410000,3.768978650e-04
17.415000,4.367318618e-04
17.420000,4.962071023e-04
17.425000,5.492069800e-04
17.430000,5.905583994e-04
17.435000,6.166322950e-04
17.440000,6.256344188e-04
17.445000,6.175844331e-04
17.450000,5.940443053e-04
17.455000,5.576984670e-04
17.460000,5.118998149e-04
17.465000,4.602775412e-04
17.470000,4.064629913e-04
17.475000,3.539412161e-04
17.480000,3.059924509e-04
17.485000,2.656604980e-04
17.490000,2.356799790e-04
17.495000,2.183120980e-04
17.500000,2.150741490e-04
17.505000,2.263926569e-04
17.510000,2.512522574e-04
17.515000,2.869401053e-04
17.520000,3.289888459e-04
17.525000,3.713953505e-04
17.530000,4.071404845e-04
17.535000,4.289681460e-04
17.540000,4.303163130e-04
17.545000,4.062465660e-04
17.550000,3.542048038e-04
17.555000,2.744694981e-04
17.560000,1.701998523e-04
17.565000,4.707159298e-05
17.570000,-8.743438215e-05
17.575000,-2.249625008e-04
17.580000,-3.572688831e-04
17.585000,-4.770989553e-04
17.590000,-5.788235515e-04
17.595000,-6.587582845e-04
17.600000,-7.151611773e-04
17.605000,-7.479702949e-04
17.610000,-7.583905979e-04
17.615000,-7.484559838e-04
17.620000,-7.206748733e-04
17.625000,-6.778216515e-04
17.630000,-6.228760864e-04
17.635000,-5.590571366e-04
17.640000,-4.898635926e-04
17.645000,-4.190321473e-04
17.650000,-3.503539253e-04
17.655000,-2.873432165e-04
17.660000,-2.328102473e-04
17.665000,-1.884349298e-04
17.670000,-1.544565166e-04
17.675000,-1.295791076e-04
17.680000,-1.111488186e-04
17.685000,-9.559693509e-05
17.690000,-7.908053203e-05
17.695000,-5.820340086e-05
17.700000,-3.067692687e-05
17.705000,4.212485771e-06
17.710000,4.542776422e-05
17.715000,9.033992429e-05
17.720000,1.351986287e-04
17.725000,1.758297711e-04
17.730000,2.084285114e-04
17.735000,2.302948169e-04
17.740000,2.403683505e-04
17.745000,2.394599293e-04
17.750000,2.301399504e-04
17.755000,2.163160087e-04
17.760000,2.025951747e-04
17.765000,1.935655139e-04
17.770000,1.931373620e-04
17.775000,2.040579537e-04
17.780000,2.276626553e-04
17.785000,2.638674280e-04
17.790000,3.113560818e-04
17.795000,3.678841285e-04
17.800000,4.306135220e-04
17.805000,4.964071630e-04
17.810000,5.620415022e-04
17.815000,6.243302944e-04
17.820000,6.801832196e-04
17.825000,7.266424265e-04
17.830000,7.609439187e-04
17.835000,7.806385758e-04
17.840000,7.837827295e-04
17.845000,7.691772531e-04
17.850000,7.366059308e-04
17.855000,6.870074491e-04
17.860000,6.225172144e-04
17.865000,5.463370478e-04
17.870000,4.624283587e-04
17.875000,3.750681560e-04
17.880000,2.883449848e-04
17.885000,2.056923843e-04
17.890000,1.295540759e-04
17.895000,6.124789913e-05
17.900000,1.051338114e-06
17.905000,-5.151824240e-05
17.910000,-9.729824556e-05
17.915000,-1.370455146e-04
17.920000,-1.710692462e-04
17.925000,-1.990112974e-04
17.930000,-2.198170223e-04
17.935000,-2.318952232e-04
17.940000,-2.334224863e-04
17.945000,-2.227144833e-04
17.950000,-1.985721707e-04
17.955000,-1.605180434e-04
17.960000,-1.088656496e-04
17.965000,-4.460803999e-05
17.970000,3.084300135e-05
17.975000,1.159974011e-04
17.980000,2.096180830e-04
17.985000,3.109576812e-04
17.990000,4.198388609e-04
17.995000,5.365522147e-04
18.000000,6.615837513e-04
18.005000,7.952161498e-04
18.010000,9.370700619e-04
18.015000,1.085663408e-03
18.020000,1.238069057e-03
18.025000,1.389745068e-03
18.030000,1.534595705e-03
18.035000,1.665294306e-03
18.040000,1.773861074e-03
18.045000,1.852444503e-03
18.050000,1.894212748e-03
18.055000,1.894231251e-03
18.060000,1.850194046e-03
18.065000,1.762892331e-03
18.070000,1.636342523e-03
18.075000,1.477548924e-03
18.080000,1.295932047e-03
18.085000,1.102501176e-03
18.090000,9.088807747e-04
18.095000,7.263108469e-04
18.100000,5.647324839e-04
18.105000,4.320460385e-04
18.110000,3.335974892e-04
18.115000,2.719152023e-04
18.120000,2.466897230e-04
18.125000,2.549663874e-04
18.130000,2.915054524e-04
18.135000,3.492569382e-04
18.140000,4.198970498e-04
18.145000,4.943794586e-04
18.150000,5.634669598e-04
18.155000,6.182248946e-04
18.160000,6.504734142e-04
18.165000,6.532063658e-04
18.170000,6.209860979e-04
18.175000,5.503140927e-04
18.180000,4.399590185e-04
18.185000,2.912020860e-04
18.190000,1.079421560e-04
18.195000,-1.034025110e-04
18.200000,-3.342472829e-04
18.205000,-5.744698629e-04
18.210000,-8.132893345e-04
18.215000,-1.040316012e-03
18.220000,-1.246642094e-03
18.225000,-1.425809881e-03
18.230000,-1.574490457e-03
18.235000,-1.692738119e-03
18.240000,-1.783752687e-03
18.245000,-1.853171254e-03
18.250000,-1.908003442e-03
18.255000,-1.955397067e-03
18.260000,-2.001455663e-03
18.265000,-2.050316289e-03
18.270000,-2.103638648e-03
18.275000,-2.160568978e-03
18.280000,-2.218145408e-03
18.285000,-2.272027205e-03
18.290000,-2.317375756e-03
18.295000,-2.349699605e-03
18.300000,-2.365500216e-03
18.305000,-2.362612037e-03
18.310000,-2.340207030e-03
18.315000,-2.298513547e-03
18.320000,-2.238365084e-03
18.325000,-2.160731361e-03
18.330000,-2.066383043e-03
18.335000,-1.955801446e-03
18.340000,-1.829374095e-03
18.345000,-1.687833061e-03
18.350000,-1.532817033e-03
18.355000,-1.367390931e-03
18.360000,-1.196352359e-03
18.365000,-1.026195364e-03
18.370000,-8.646790401e-04
18.375000,-7.200424471e-04
18.380000,-5.999943346e-04
18.385000,-5.106650743e-04
18.390000,-4.557252607e-04
18.395000,-4.358474375e-04
18.400000,-4.486211169e-04
18.405000,-4.889411017e-04
18.410000,-5.497937376e-04
18.415000,-6.232847408e-04
18.420000,-7.017032046e-04
18.425000,-7.784116926e-04
18.430000,-8.483958912e-04
18.435000,-9.083919349e-04
18.440000,-9.566163943e-04
18.445000,-9.922257468e-04
18.450000,-1.014700162e-03
18.455000,-1.023359481e-03
18.460000,-1.017171576e-03
18.465000,-9.949175231e-04
18.470000,-9.556623588e-04
18.475000,-8.993789366e-04
18.480000,-8.275159767e-04
18.485000,-7.433061290e-04
18.490000,-6.516744363e-04
18.495000,-5.587137802e-04
18.500000,-4.708127577e-04
18.505000,-3.936212591e-04
18.510000,-3.310933850e-04
18.515000,-2.848413942e-04
18.520000,-2.539682710e-04
18.525000,-2.354355602e-04
18.530000,-2.248944191e-04
18.535000,-2.177936056e-04
18.540000,-2.105075003e-04
18.545000,-2.012183399e-04
18.550000,-1.903418873e-04
18.555000,-1.803908976e-04
18.560000,-1.753002055e-04
18.565000,-1.793606489e-04
18.570000,-1.959987434e-04
18.575000,-2.266759777e-04
18.580000,-2.701583601e-04
18.585000,-3.223282312e-04
18.590000,-3.765923832e-04
18.595000,-4.248081001e-04
18.600000,-4.585315596e-04
18.605000,-4.703197734e-04
18.610000,-4.548080849e-04
18.615000,-4.093451875e-04
18.620000,-3.340828885e-04
18.625000,-2.315579843e-04
18.630000,-1.059296077e-04
18.635000,3.788847579e-05
18.640000,1.949557896e-04
18.645000,3.607131270e-04
18.650000,5.310033115e-04
18.655000,7.017633030e-04
18.660000,8.685480400e-04
18.665000,1.026096837e-03
18.670000,1.168141524e-03
18.675000,1.287588994e-03
18.680000,1.377110056e-03
18.685000,1.430058169e-03
18.690000,1.441551313e-03
18.695000,1.409496705e-03
18.700000,1.335331372e-03
18.705000,1.224292411e-03
18.710000,1.085111864e-03
18.715000,9.291382916e-04
18.720000,7.690006498e-04
18.725000,6.170271301e-04
18.730000,4.836900130e-04
18.735000,3.763510082e-04
18.740000,2.985251276e-04
18.745000,2.497748326e-04
18.750000,2.262142216e-04
18.755000,2.214782204e-04
18.760000,2.279262444e-04
18.765000,2.378250278e-04
18.770000,2.442950117e-04
18.775000,2.418938670e-04
18.780000,2.268209332e-04
18.785000,1.968252242e-04
18.790000,1.509610059e-04
18.795000,8.934593738e-05
18.800000,1.303982987e-05
18.805000,-7.590779518e-05
18.810000,-1.742741082e-04
18.815000,-2.774454242e-04
18.820000,-3.793068740e-04
18.825000,-4.723779172e-04
18.830000,-5.482860589e-04
18.835000,-5.985893891e-04
18.840000,-6.158595792e-04
18.845000,-5.948462422e-04
18.850000,-5.334880958e-04
18.855000,-4.335367022e-04
18.860000,-3.006210714e-04
18.865000,-1.436942374e-04
18.870000,2.606203148e-05
18.875000,1.966770977e-04
18.880000,3.569040350e-04
18.885000,4.975238035e-04
18.890000,6.122155947e-04
18.895000,6.978708693e-04
18.900000,7.543509767e-04
18.905000,7.838011368e-04
18.910000,7.897143205e-04
18.915000,7.759741364e-04
18.920000,7.460927974e-04
18.925000,7.028032410e-04
18.930000,6.480748909e-04
18.935000,5.835177093e-04
18.940000,5.110409995e-04
18.945000,4.335649684e-04
18.950000,3.555629314e-04
18.955000,2.832480280e-04
18.960000,2.243033048e-04
18.965000,1.871666606e-04
18.970000,1.799926410e-04
18.975000,2.094923463e-04
18.980000,2.798812583e-04
18.985000,3.921379794e-04
18.990000,5.437050605e-04
18.995000,7.286671769e-04
19.000000,9.383465134e-04
19.005000,1.162182083e-03
19.010000,1.388722950e-03
19.015000,1.606569397e-03
19.020000,1.805135788e-03
19.025000,1.975171683e-03
19.030000,2.109046421e-03
19.035000,2.200859690e-03
19.040000,2.246472310e-03
19.045000,2.243550654e-03
19.050000,2.191685980e-03
19.055000,2.092596178e-03
19.060000,1.950357854e-03
19.065000,1.771569310e-03
19.070000,1.565325701e-03
19.075000,1.342905249e-03
19.080000,1.117118602e-03
19.085000,9.013498495e-04
19.090000,7.083968490e-04
19.095000,5.492773177e-04
19.100000,4.321875973e-04
19.105000,3.617765117e-04
19.110000,3.388343367e-04
19.115000,3.604148742e-04
19.120000,4.203296519e-04
19.125000,5.098967404e-04
19.130000,6.188031338e-04
19.135000,7.359493780e-04
19.140000,8.501805995e-04
19.145000,9.508578005e-04
19.150000,1.028275061e-03
19.155000,1.073970670e-03
19.160000,1.081003215e-03
19.165000,1.044259983e-03
19.170000,9.608330231e-04
19.175000,8.304443044e-04
19.180000,6.558414287e-04
19.185000,4.430400952e-04
19.190000,2.012783492e-04
19.195000,-5.742023673e-05
19.200000,-3.191071450e-04
19.205000,-5.691363125e-04
19.210000,-7.936172393e-04
19.215000,-9.808963017e-04
19.220000,-1.122852818e-03
19.225000,-1.215821863e-03
19.230000,-1.261014308e-03
19.235000,-1.264382784e-03
19.240000,-1.235965918e-03
19.245000,-1.188818103e-03
19.250000,-1.137685718e-03
19.255000,-1.097612633e-03
19.260000,-1.082643574e-03
19.265000,-1.104747394e-03
19.270000,-1.173017381e-03
19.275000,-1.293142680e-03
19.280000,-1.467103510e-03
19.285000,-1.693034530e-03
19.290000,-1.965223890e-03
19.295000,-2.274256201e-03
19.300000,-2.607345918e-03
19.305000,-2.948925221e-03
19.310000,-3.281537956e-03
19.315000,-3.587049527e-03
19.320000,-3.848121754e-03
19.325000,-4.049835830e-03
19.330000,-4.181290260e-03
19.335000,-4.236966429e-03
19.340000,-4.217651127e-03
19.345000,-4.130737635e-03
19.350000,-3.989794101e-03
19.355000,-3.813382650e-03
19.360000,-3.623220912e-03
19.365000,-3.441880871e-03
19.370000,-3.290298333e-03
19.375000,-3.185404102e-03
19.380000,-3.138177363e-03
19.385000,-3.152364574e-03
19.390000,-3.224014892e-03
19.395000,-3.341873326e-03
19.400000,-3.488565002e-03
19.405000,-3.642415267e-03
19.410000,-3.779691173e-03
19.415000,-3.877022774e-03
19.420000,-3.913762782e-03
19.425000,-3.874061972e-03
19.430000,-3.748467454e-03
19.435000,-3.534888319e-03
19.440000,-3.238820124e-03
19.445000,-2.872781085e-03
19.450000,-2.454991196e-03
19.455000,-2.007416529e-03
19.460000,-1.553391622e-03
19.465000,-1.115104124e-03
19.470000,-7.112583761e-04
19.475000,-3.552163840e-04
19.480000,-5.384518448e-05
19.485000,1.928086322e-04
19.490000,3.910218121e-04
19.495000,5.521967965e-04
19.500000,6.911732491e-04
19.505000,8.243022271e-04
19.510000,9.675326526e-04
19.515000,1.134714969e-03
19.520000,1.336255940e-03
19.525000,1.578180795e-03
19.530000,1.861593391e-03
19.535000,2.182485895e-03
19.540000,2.531842222e-03
19.545000,2.895999939e-03
19.550000,3.257270799e-03
19.555000,3.594853594e-03
19.560000,3.886087547e-03
19.565000,4.108078118e-03
19.570000,4.239675962e-03
19.575000,4.263709245e-03
19.580000,4.169274783e-03
19.585000,3.953806668e-03
19.590000,3.624588326e-03
19.595000,3.199378649e-03
19.600000,2.705899023e-03
19.605000,2.180073521e-03
19.610000,1.663108195e-03
19.615000,1.197699917e-03
19.620000,8.238353196e-04
19.625000,5.747355041e-04
19.630000,4.734975085e-04
19.635000,5.308779895e-04
19.640000,7.444799443e-04
19.645000,1.099378568e-03
19.650000,1.570002748e-03
19.655000,2.122915590e-03
19.660000,2.720040059e-03
19.665000,3.321867597e-03
19.670000,3.890264337e-03
19.675000,4.390631379e-03
19.680000,4.793350002e-03
19.685000,5.074609722e-03
19.690000,5.216837372e-03
19.695000,5.208989107e-03
19.700000,5.046922713e-03
19.705000,4.733946269e-03
19.710000,4.281474415e-03
19.715000,3.709562902e-03
19.720000,3.046985498e-03
19.725000,2.330502825e-03
19.730000,1.603066252e-03
19.735000,9.108898347e-04
19.740000,2.995718409e-04
19.745000,-1.903013808e-04
19.750000,-5.274443084e-04
19.755000,-6.933496530e-04
19.760000,-6.843147699e-04
19.765000,-5.115864773e-04
19.770000,-1.995119017e-04
19.775000,2.180533847e-04
19.780000,7.024988661e-04
19.785000,1.215572729e-03
19.790000,1.723995442e-03
19.795000,2.202831122e-03
19.800000,2.637142759e-03
19.805000,3.021814039e-03
19.810000,3.359784528e-03
19.815000,3.659235819e-03
19.820000,3.930422903e-03
19.825000,4.182839332e-03
19.830000,4.423246554e-03
19.835000,4.654831254e-03
19.840000,4.877447380e-03
19.845000,5.088627342e-03
19.850000,5.284875470e-03
19.855000,5.462726978e-03
19.860000,5.619172543e-03
19.865000,5.751280060e-03
19.870000,5.855128669e-03
19.875000,5.924428545e-03
19.880000,5.949360894e-03
19.885000,5.916188177e-03
19.890000,5.808043584e-03
19.895000,5.607040913e-03
19.900000,5.297513354e-03
19.905000,4.869871923e-03
19.910000,4.324348459e-03
19.915000,3.673810822e-03
19.920000,2.944933049e-03
19.925000,2.177257459e-03
19.930000,1.420052430e-03
19.935000,7.272784068e-04
19.940000,1.513455880e-04
19.945000,-2.633955116e-04
19.950000,-4.863998776e-04
19.955000,-5.049816415e-04
19.960000,-3.260256556e-04
19.965000,2.489098685e-05
19.970000,5.067717101e-04
19.975000,1.068277900e-03
19.980000,1.653757510e-03
19.985000,2.209285489e-03
19.990000,2.687873889e-03
19.995000,3.053252549e-03
20.000000,3.281943046e-03
20.005000,3.363672641e-03
20.010000,3.300433772e-03
20.015000,3.104644839e-03
20.020000,2.796894662e-03
20.025000,2.403668925e-03
20.030000,1.955296352e-03
20.035000,1.484163637e-03
20.040000,1.023084798e-03
20.045000,6.036207199e-04
20.050000,2.541590898e-04
20.055000,-2.314341835e-06
20.060000,-1.506266254e-04
20.065000,-1.856744443e-04
20.070000,-1.140405985e-04
20.075000,4.554394930e-05
20.080000,2.632823385e-04
20.085000,5.010684284e-04
20.090000,7.167120007e-04
20.095000,8.691002903e-04
20.100000,9.235314507e-04
20.105000,8.563775751e-04
20.110000,6.583298713e-04
20.115000,3.357218173e-04
20.120000,-9.024080195e-05
20.125000,-5.861656852e-04
20.130000,-1.110605752e-03
20.135000,-1.618981725e-03
20.140000,-2.068585307e-03
20.145000,-2.423020331e-03
20.150000,-2.655598485e-03
20.155000,-2.751413423e-03
20.160000,-2.708027969e-03
20.165000,-2.534889140e-03
20.170000,-2.251714195e-03
20.175000,-1.886160997e-03
20.180000,-1.471111283e-03
20.185000,-1.041865506e-03
20.190000,-6.334865008e-04
20.195000,-2.784525867e-04
20.200000,-4.706905068e-06
20.205000,1.658646901e-04
20.210000,2.185197047e-04
20.215000,1.462973175e-04
20.220000,-4.982340788e-05
20.225000,-3.612938854e-04
20.230000,-7.729343855e-04
20.235000,-1.264434522e-03
20.240000,-1.812332374e-03
20.245000,-2.392297800e-03
20.250000,-2.981467901e-03
20.255000,-3.560543354e-03
20.260000,-4.115368341e-03
20.265000,-4.637784702e-03
20.270000,-5.125660016e-03
20.275000,-5.582117988e-03
20.280000,-6.014122809e-03
20.285000,-6.430663772e-03
20.290000,-6.840834796e-03
20.295000,-7.252096822e-03
20.300000,-7.668951623e-03
20.305000,-8.092156984e-03
20.310000,-8.518498674e-03
20.315000,-8.941031820e-03
20.320000,-9.349638056e-03
20.325000,-9.731730461e-03
20.330000,-1.007297609e-02
20.335000,-1.035798085e-02
20.340000,-1.057096669e-02
20.345000,-1.069653567e-02
20.350000,-1.072063422e-02
20.355000,-1.063179118e-02
20.360000,-1.042261205e-02
20.365000,-1.009139362e-02
20.370000,-9.643612802e-03
20.375000,-9.092978368e-03
20.380000,-8.461739285e-03
20.385000,-7.780024666e-03
20.390000,-7.084133310e-03
20.395000,-6.413863695e-03
20.400000,-5.809141001e-03
20.405000,-5.306323016e-03
20.410000,-4.934630493e-03
20.415000,-4.713142125e-03
20.420000,-4.648724625e-03
20.425000,-4.735147285e-03
20.430000,-4.953476573e-03
20.435000,-5.273682321e-03
20.440000,-5.657237919e-03
20.445000,-6.060386874e-03
20.450000,-6.437694943e-03
20.455000,-6.745516779e-03
20.460000,-6.945069871e-03
20.465000,-7.004905055e-03
20.470000,-6.902665619e-03
20.475000,-6.626113135e-03
20.480000,-6.173455662e-03
20.485000,-5.553042936e-03
20.490000,-4.782502360e-03
20.495000,-3.887390488e-03
20.500000,-2.899436322e-03
20.505000,-1.854460199e-03
20.510000,-7.900674058e-04
20.515000,2.567609633e-04
20.520000,1.252027726e-03
20.525000,2.166847466e-03
20.530000,2.979140439e-03
20.535000,3.674696367e-03
20.540000,4.247457281e-03
20.545000,4.698957876e-03
20.550000,5.036985368e-03
20.555000,5.273653489e-03
20.560000,5.423193227e-03
20.565000,5.499814690e-03
20.570000,5.515971620e-03
20.575000,5.481264728e-03
20.580000,5.402074658e-03
20.585000,5.281856823e-03
20.590000,5.121899339e-03
20.595000,4.922275228e-03
20.600000,4.682727739e-03
20.605000,4.403308198e-03
20.610000,4.084712855e-03
20.615000,3.728397696e-03
20.620000,3.336643887e-03
20.625000,2.912767993e-03
20.630000,2.461609857e-03
20.635000,1.990304084e-03
20.640000,1.509188381e-03
20.645000,1.032573718e-03
20.650000,5.790409638e-04
20.655000,1.709602829e-04
20.660000,-1.669485362e-04
20.665000,-4.100087417e-04
20.670000,-5.367111354e-04
20.675000,-5.321508327e-04
20.680000,-3.912163029e-04
20.685000,-1.209225417e-04
20.690000,2.586541505e-04
20.695000,7.151996288e-04
20.700000,1.206824728e-03
20.705000,1.686320958e-03
20.710000,2.106452902e-03
20.715000,2.425510602e-03
20.720000,2.612268792e-03
20.725000,2.649588939e-03
20.730000,2.536134962e-03
20.735000,2.286000266e-03
20.740000,1.926390791e-03
20.745000,1.493807693e-03
20.750000,1.029373843e-03
20.755000,5.740256778e-04
20.760000,1.642451142e-04
20.765000,-1.711466115e-04
20.770000,-4.128378617e-04
20.775000,-5.514803621e-04
20.780000,-5.869493123e-04
20.785000,-5.267855544e-04
20.790000,-3.842697489e-04
20.795000,-1.765411324e-04
20.800000,7.695870331e-05
20.805000,3.556215359e-04
20.810000,6.384751858e-04
20.815000,9.048697292e-04
20.820000,1.135304772e-03
20.825000,1.312598402e-03
20.830000,1.423458957e-03
20.835000,1.460333627e-03
20.840000,1.423220422e-03
20.845000,1.320993712e-03
20.850000,1.171755162e-03
20.855000,1.001812407e-03
20.860000,8.431105289e-04
20.865000,7.292633990e-04
20.870000,6.906842329e-04
20.875000,7.496060819e-04
20.880000,9.159243517e-04
20.885000,1.184727783e-03
20.890000,1.536108476e-03
20.895000,1.937412108e-03
20.900000,2.347607882e-03
20.905000,2.723039898e-03
20.910000,3.023563578e-03
20.915000,3.218022396e-03
20.920000,3.288177109e-03
20.925000,3.230511790e-03
20.930000,3.055733613e-03
20.935000,2.786179114e-03
20.940000,2.451673886e-03
20.945000,2.084619296e-03
20.950000,1.715170731e-03
20.955000,1.367315245e-03
20.960000,1.056458430e-03
20.965000,7.888195597e-04
20.970000,5.625644290e-04
20.975000,3.702514389e-04
20.980000,2.019084527e-04
20.985000,4.795964434e-05
20.990000,-9.869065611e-05
20.995000,-2.418580465e-04
21.000000,-3.826520050e-04
21.005000,-5.211534657e-04
21.010000,-6.586445292e-04
21.015000,-7.996998180e-04
21.020000,-9.534776176e-04
21.025000,-1.133731782e-03
21.030000,-1.357358288e-03
21.035000,-1.641630511e-03
21.040000,-2.000595211e-03
21.045000,-2.441331446e-03
21.050000,-2.960865868e-03
21.055000,-3.544463610e-03
21.060000,-4.165780406e-03
21.065000,-4.789010882e-03
21.070000,-5.372771646e-03
21.075000,-5.875102072e-03
21.080000,-6.258730209e-03
21.085000,-6.495689670e-03
21.090000,-6.570500139e-03
21.095000,-6.481412217e-03
21.100000,-6.239604873e-03
21.105000,-5.866627950e-03
21.110000,-5.390715823e-03
21.115000,-4.842787737e-03
21.120000,-4.252950960e-03
21.125000,-3.648132233e-03
21.130000,-3.051125317e-03
21.135000,-2.480942527e-03
21.140000,-1.954002206e-03
21.145000,-1.485470733e-03
21.150000,-1.090068292e-03
21.155000,-7.818452670e-04
21.160000,-5.727835062e-04
21.165000,-4.704730650e-04
21.170000,-4.754480550e-04
21.175000,-5.789443404e-04
21.180000,-7.618228544e-04
21.185000,-9.951944768e-04
21.190000,-1.242939270e-03
21.195000,-1.465912835e-03
21.200000,-1.627258365e-03
21.205000,-1.697966232e-03
21.210000,-1.661696021e-03
21.215000,-1.517927515e-03
21.220000,-1.282739880e-03
21.225000,-9.869042345e-04
21.230000,-6.714540507e-04
21.235000,-3.813825698e-04
21.240000,-1.585054193e-04
21.245000,-3.472855561e-05
21.250000,-2.692077488e-05
21.255000,-1.343052205e-04
21.260000,-3.388126431e-04
21.265000,-6.082822064e-04
21.270000,-9.018725559e-04
21.275000,-1.176663228e-03
21.280000,-1.394254437e-03
21.285000,-1.526234202e-03
21.290000,-1.557651378e-03
21.295000,-1.488050404e-03
21.300000,-1.330103642e-03
21.305000,-1.106326336e-03
21.310000,-8.446891874e-04
21.315000,-5.740884377e-04
21.320000,-3.205644380e-04
21.325000,-1.048966448e-04
21.330000,5.818739267e-05
21.335000,1.593693467e-04
21.340000,1.931830983e-04
21.345000,1.562401021e-04
21.350000,4.591284373e-05
21.355000,-1.400493226e-04
21.360000,-4.028158191e-04
21.365000,-7.408720607e-04
21.370000,-1.147993936e-03
21.375000,-1.611432587e-03
21.380000,-2.110937952e-03
21.385000,-2.619087416e-03
21.390000,-3.103105289e-03
21.395000,-3.528024085e-03
21.400000,-3.860725923e-03
21.405000,-4.074182977e-03
21.410000,-4.151139823e-03
21.415000,-4.086564109e-03
21.420000,-3.888414915e-03
21.425000,-3.576589181e-03
21.430000,-3.180238062e-03
21.435000,-2.733929633e-03
21.440000,-2.273319139e-03
21.445000,-1.831043190e-03
21.450000,-1.433474940e-03
21.455000,-1.098782168e-03
21.460000,-8.364572083e-04
21.465000,-6.481895863e-04
21.470000,-5.296890256e-04
21.475000,-4.728948888e-04
21.480000,-4.679694384e-04
21.485000,-5.045795573e-04
21.490000,-5.722028902e-04
21.495000,-6.594944278e-04
21.500000,-7.530416172e-04
21.505000,-8.360418330e-04
21.510000,-8.874979555e-04
21.515000,-8.824268026e-04
21.520000,-7.933374852e-04
21.525000,-5.929265389e-04
21.530000,-2.576361827e-04
21.535000,2.284941061e-04
21.540000,8.703395531e-04
21.545000,1.659175493e-03
21.550000,2.571594739e-03
21.555000,3.570105979e-03
21.560000,4.605437880e-03
21.565000,5.620361545e-03
21.570000,6.554656547e-03
21.575000,7.350690786e-03
21.580000,7.958977334e-03
21.585000,8.343037954e-03
21.590000,8.482968945e-03
21.595000,8.377278132e-03
21.600000,8.042818410e-03
21.605000,7.512928076e-03
21.610000,6.834132763e-03
21.615000,6.061912988e-03
21.620000,5.256074622e-03
21.625000,4.476196178e-03
21.630000,3.777510879e-03
21.635000,3.207459080e-03
21.640000,2.803045095e-03
21.645000,2.589056087e-03
21.650000,2.577139575e-03
21.655000,2.765682406e-03
21.660000,3.140391644e-03
21.665000,3.675459352e-03
21.670000,4.335208316e-03
21.675000,5.076158179e-03
21.680000,5.849496918e-03
21.685000,6.603958856e-03
21.690000,7.289074432e-03
21.695000,7.858668766e-03
21.700000,8.274370901e-03
21.705000,8.508793429e-03
21.710000,8.547990697e-03
21.715000,8.392824977e-03
21.720000,8.058965122e-03
21.725000,7.575396570e-03
21.730000,6.981512097e-03
21.735000,6.323053873e-03
21.740000,5.647361926e-03
21.745000,4.998521938e-03
21.750000,4.413064234e-03
21.755000,3.916819197e-03
21.760000,3.523371480e-03
21.765000,3.234292891e-03
21.770000,3.041017683e-03
21.775000,2.927922073e-03
21.780000,2.875953867e-03
21.785000,2.866082922e-03
21.790000,2.881929186e-03
21.795000,2.911151874e-03
21.800000,2.945494871e-03
21.805000,2.979703860e-03
21.810000,3.009784655e-03
21.815000,3.031204163e-03
21.820000,3.037621073e-03
21.825000,3.020583097e-03
21.830000,2.970379542e-03
21.835000,2.877947307e-03
21.840000,2.737454358e-03
21.845000,2.548981109e-03
21.850000,2.320628681e-03
21.855000,2.069429176e-03
21.860000,1.820621514e-03
21.865000,1.605166095e-03
21.870000,1.455752452e-03
21.875000,1.401929707e-03
21.880000,1.465269836e-03
21.885000,1.655575861e-03
21.890000,1.969022348e-03
21.895000,2.388768829e-03
21.900000,2.888081927e-03
21.905000,3.435449955e-03
21.910000,4.000703896e-03
21.915000,4.560885701e-03
21.920000,5.104599631e-03
21.925000,5.633856211e-03
21.930000,6.162921133e-03
21.935000,6.714312745e-03
21.940000,7.312719909e-03
21.945000,7.978098326e-03
21.950000,8.719429929e-03
21.955000,9.530527492e-03
21.960000,1.038883863e-02
21.965000,1.125753522e-02
21.970000,1.209042148e-02
21.975000,1.283854497e-02
21.980000,1.345702127e-02
21.985000,1.391058242e-02
21.990000,1.417673094e-02
21.995000,1.424601665e-02
22.000000,1.411968221e-02
22.005000,1.380555344e-02
22.010000,1.331343482e-02
22.015000,1.265132918e-02
22.020000,1.182354005e-02
22.025000,1.083120870e-02
22.030000,9.675203750e-03
22.035000,8.360659057e-03
22.040000,6.901979320e-03
22.045000,5.326914388e-03
22.050000,3.678407385e-03
22.055000,2.013347436e-03
22.060000,3.980270346e-04
22.065000,-1.099130146e-03
22.070000,-2.416327777e-03
22.075000,-3.506983684e-03
22.080000,-4.346447348e-03
22.085000,-4.935503173e-03
22.090000,-5.299974719e-03
22.095000,-5.486551777e-03
22.100000,-5.555723523e-03
22.105000,-5.573245074e-03
22.110000,-5.601779112e-03
22.115000,-5.694207227e-03
22.120000,-5.889646865e-03
22.125000,-6.212554253e-03
22.130000,-6.674593591e-03
22.135000,-7.278364551e-03
22.140000,-8.021730400e-03
22.145000,-8.901447971e-03
22.150000,-9.915067350e-03
22.155000,-1.106057347e-02
22.160000,-1.233386281e-02
22.165000,-1.372474239e-02
22.170000,-1.521257128e-02
22.175000,-1.676283840e-02
22.180000,-1.832584268e-02
22.185000,-1.983823174e-02
22.190000,-2.122754650e-02
22.195000,-2.241923971e-02
22.200000,-2.334504030e-02
22.205000,-2.395116719e-02
22.210000,-2.420485276e-02
22.215000,-2.409794187e-02
22.220000,-2.364692381e-02
22.225000,-2.288949364e-02
22.230000,-2.187844959e-02
22.235000,-2.067424156e-02
22.240000,-1.933767412e-02
22.245000,-1.792409547e-02
22.250000,-1.647992790e-02
22.255000,-1.504174394e-02
22.260000,-1.363744053e-02
22.265000,-1.228858208e-02
22.270000,-1.101279498e-02
22.275000,-9.825240115e-03
22.280000,-8.738609722e-03
22.285000,-7.761656311e-03
22.290000,-6.896792565e-03
22.295000,-6.137649529e-03
22.300000,-5.467556933e-03
22.305000,-4.859710908e-03
22.310000,-4.279393484e-03
22.315000,-3.688120467e-03
22.320000,-3.049137901e-03
22.325000,-2.333354373e-03
22.330000,-1.524642323e-03
22.335000,-6.234879815e-04
22.340000,3.517881170e-04
22.345000,1.366611109e-03
22.350000,2.374393490e-03
22.355000,3.322781356e-03
22.360000,4.160835257e-03
22.365000,4.845873754e-03
22.370000,5.348777578e-03
22.375000,5.656884173e-03
22.380000,5.774114666e-03
22.385000,5.718539192e-03
22.390000,5.518067382e-03
22.395000,5.205247722e-03
22.400000,4.812226954e-03
22.405000,4.366769800e-03
22.410000,3.889923396e-03
22.415000,3.395507201e-03
22.420000,2.891204224e-03
22.425000,2.380706700e-03
22.430000,1.866197497e-03
22.435000,1.350464369e-03
22.440000,8.381384411e-04
22.445000,3.358605394e-04
22.450000,-1.484889438e-04
22.455000,-6.071126599e-04
22.460000,-1.033694659e-03
22.465000,-1.424473025e-03
22.470000,-1.778779232e-03
22.475000,-2.099061298e-03
22.480000,-2.390574844e-03
22.485000,-2.660981351e-03
22.490000,-2.920032377e-03
22.495000,-3.179381978e-03
22.500000,-3.452418504e-03
22.505000,-3.753899067e-03
22.510000,-4.099142833e-03
22.515000,-4.502604707e-03
22.520000,-4.975797568e-03
22.525000,-5.524729929e-03
22.530000,-6.147233488e-03
22.535000,-6.830719147e-03
22.540000,-7.550967254e-03
22.545000,-8.272487450e-03
22.550000,-8.950763867e-03
22.555000,-9.536360738e-03
22.560000,-9.980469136e-03
22.565000,-1.024111948e-02
22.570000,-1.028905785e-02
22.575000,-1.011225198e-02
22.580000,-9.718175467e-03
22.585000,-9.133386778e-03
22.590000,-8.400401647e-03
22.595000,-7.572356240e-03
22.600000,-6.706369721e-03
22.605000,-5.856749250e-03
22.610000,-5.069180722e-03
22.615000,-4.376806421e-03
22.620000,-3.798654262e-03
22.625000,-3.340352721e-03
22.630000,-2.996572723e-03
22.635000,-2.754311170e-03
22.640000,-2.596057004e-03
22.645000,-2.502074062e-03
22.650000,-2.451430957e-03
22.655000,-2.421882423e-03
22.660000,-2.389115352e-03
22.665000,-2.326098665e-03
22.670000,-2.203261477e-03
22.675000,-1.989982274e-03
22.680000,-1.657475434e-03
22.685000,-1.182715995e-03
22.690000,-5.526595639e-04
22.695000,2.322147526e-04
22.700000,1.156021577e-03
22.705000,2.188000152e-03
22.710000,3.285766785e-03
22.715000,4.401012497e-03
22.720000,5.486771061e-03
22.725000,6.504919718e-03
22.730000,7.432384797e-03
22.735000,8.264687003e-03
22.740000,9.015965055e-03
22.745000,9.715352266e-03
22.750000,1.040036915e-02
22.755000,1.110863899e-02
22.760000,1.186957783e-02
22.765000,1.269768494e-02
22.770000,1.358869127e-02
22.775000,1.451921624e-02
22.780000,1.544988089e-02
22.785000,1.633117372e-02
22.790000,1.711087976e-02
22.795000,1.774164214e-02
22.800000,1.818726072e-02
22.805000,1.842663654e-02
22.810000,1.845478956e-02
22.815000,1.828101344e-02
22.820000,1.792485179e-02
22.825000,1.741104235e-02
22.830000,1.676475936e-02
22.835000,1.600833704e-02
22.840000,1.516021146e-02
22.845000,1.423619324e-02
22.850000,1.325255214e-02
22.855000,1.222992567e-02
22.860000,1.119687357e-02
22.865000,1.019201553e-02
22.870000,9.264048140e-03
22.875000,8.469418086e-03
22.880000,7.867901263e-03
22.885000,7.516700882e-03
22.890000,7.463889890e-03
22.895000,7.742089565e-03
22.900000,8.363230913e-03
22.905000,9.315120044e-03
22.910000,1.056033720e-02
22.915000,1.203774178e-02
22.920000,1.366653763e-02
22.925000,1.535250244e-02
22.930000,1.699566308e-02
22.935000,1.849848067e-02
22.940000,1.977355936e-02
22.945000,2.075003219e-02
22.950000,2.137806734e-02
22.955000,2.163129341e-02
22.960000,2.150725991e-02
22.965000,2.102624997e-02
22.970000,2.022881924e-02
22.975000,1.917237867e-02
22.980000,1.792703785e-02
22.985000,1.657085117e-02
22.990000,1.518460653e-02
22.995000,1.384636630e-02
23.000000,1.262607860e-02
23.005000,1.158067228e-02
23.010000,1.075008879e-02
23.015000,1.015466621e-02
23.020000,9.794179614e-03
23.025000,9.648675916e-03
23.030000,9.681050450e-03
23.035000,9.841123588e-03
23.040000,1.007081836e-02
23.045000,1.030993675e-02
23.050000,1.050199872e-02
23.055000,1.059964238e-02
23.060000,1.056916677e-02
23.065000,1.039389562e-02
23.070000,1.007611934e-02
23.075000,9.637418463e-03
23.080000,9.117201045e-03
23.085000,8.569339223e-03
23.090000,8.056910991e-03
23.095000,7.645265568e-03
23.100000,7.393916610e-03
23.105000,7.348068941e-03
23.110000,7.530820405e-03
23.115000,7.937175638e-03
23.120000,8.530917515e-03
23.125000,9.245099779e-03
23.130000,9.986484200e-03
23.135000,1.064370814e-02
23.140000,1.109841193e-02
23.145000,1.123806790e-02
23.150000,1.096892367e-02
23.155000,1.022737639e-02
23.160000,8.988272054e-03
23.165000,7.269058387e-03
23.170000,5.129331068e-03
23.175000,2.665974707e-03
23.180000,4.674443138e-06
23.185000,-2.711042409e-03
23.190000,-5.331922829e-03
23.195000,-7.715002419e-03
23.200000,-9.734443418e-03
23.205000,-1.129036800e-02
23.210000,-1.231511440e-02
23.215000,-1.277659408e-02
23.220000,-1.267867910e-02
23.225000,-1.205880063e-02
23.230000,-1.098317537e-02
23.235000,-9.540256769e-03
23.240000,-7.833095533e-03
23.245000,-5.971272293e-03
23.250000,-4.062956864e-03
23.255000,-2.207507207e-03
23.260000,-4.889116684e-04
23.265000,1.029654972e-03
23.270000,2.309845480e-03
23.275000,3.340329002e-03
23.280000,4.136724107e-03
23.285000,4.738930120e-03
23.290000,5.205757513e-03
23.295000,5.607149080e-03
23.300000,6.014738982e-03
23.305000,6.491895633e-03
23.310000,7.084614707e-03
23.315000,7.814590087e-03
23.320000,8.675484876e-03
23.325000,9.632919120e-03
23.330000,1.062810492e-02
23.335000,1.158452329e-02
23.340000,1.241665035e-02
23.345000,1.303954877e-02
23.350000,1.337813580e-02
23.355000,1.337507982e-02
23.360000,1.299651473e-02
23.365000,1.223505653e-02
23.370000,1.110993557e-02
23.375000,9.664398919e-03
23.380000,7.960860996e-03
23.385000,6.074543203e-03
23.390000,4.086495067e-03
23.395000,2.076893337e-03
23.400000,1.193619711e-04
23.405000,-1.723224063e-03
23.410000,-3.401329087e-03
23.415000,-4.879935776e-03
23.420000,-6.138720875e-03
23.425000,-7.171695511e-03
23.430000,-7.986681065e-03
23.435000,-8.604781690e-03
23.440000,-9.059769262e-03
23.445000,-9.397101097e-03
23.450000,-9.672208671e-03
23.455000,-9.947748950e-03
23.460000,-1.028967624e-02
23.465000,-1.076221980e-02
23.470000,-1.142208410e-02
23.475000,-1.231238367e-02
23.480000,-1.345696430e-02
23.485000,-1.485584067e-02
23.490000,-1.648248602e-02
23.495000,-1.828361811e-02
23.500000,-2.018190642e-02
23.505000,-2.208166771e-02
23.510000,-2.387715178e-02
23.515000,-2.546253446e-02
23.520000,-2.674235260e-02
23.525000,-2.764095430e-02
23.530000,-2.810966182e-02
23.535000,-2.813073592e-02
23.540000,-2.771779080e-02
23.545000,-2.691289328e-02
23.550000,-2.578105048e-02
23.555000,-2.440305910e-02
23.560000,-2.286774048e-02
23.565000,-2.126446245e-02
23.570000,-1.967662535e-02
23.575000,-1.817653631e-02
23.580000,-1.682185815e-02
23.585000,-1.565361562e-02
23.590000,-1.469557849e-02
23.595000,-1.395472368e-02
23.600000,-1.342242360e-02
23.605000,-1.307603199e-02
23.610000,-1.288064636e-02
23.615000,-1.279099256e-02
23.620000,-1.275354903e-02
23.625000,-1.270913479e-02
23.630000,-1.259617089e-02
23.635000,-1.235467270e-02
23.640000,-1.193078093e-02
23.645000,-1.128137602e-02
23.650000,-1.037814431e-02
23.655000,-9.210445976e-03
23.660000,-7.786492532e-03
23.665000,-6.132626953e-03
23.670000,-4.290826652e-03
23.675000,-2.314826761e-03
23.680000,-2.654306763e-04
23.685000,1.794374312e-03
23.690000,3.803919053e-03
23.695000,5.708489157e-03
23.700000,7.461737795e-03
23.705000,9.026672679e-03
23.710000,1.037521594e-02
23.715000,1.148657952e-02
23.720000,1.234495072e-02
23.725000,1.293717346e-02
23.730000,1.325116291e-02
23.735000,1.327565248e-02
23.740000,1.300155065e-02
23.745000,1.242475367e-02
23.750000,1.154983464e-02
23.755000,1.039373143e-02
23.760000,8.988466594e-03
23.765000,7.382073008e-03
23.770000,5.637229423e-03
23.775000,3.827550354e-03
23.780000,2.031933237e-03
23.785000,3.277591736e-04
23.790000,-1.215993714e-03
23.795000,-2.544580941e-03
23.800000,-3.621245565e-03
23.805000,-4.428205727e-03
23.810000,-4.964687848e-03
23.815000,-5.242404578e-03
23.820000,-5.279424838e-03
23.825000,-5.093757977e-03
23.830000,-4.698070110e-03
23.835000,-4.096729662e-03
23.840000,-3.285885042e-03
23.845000,-2.256623781e-03
23.850000,-1.000597059e-03
23.855000,4.830440671e-04
23.860000,2.180864048e-03
23.865000,4.060006057e-03
23.870000,6.065953955e-03
23.875000,8.123957667e-03
23.880000,1.014423019e-02
23.885000,1.203030289e-02
23.890000,1.368927333e-02
23.895000,1.504224008e-02
23.900000,1.603310985e-02
23.905000,1.663422940e-02
23.910000,1.684789069e-02
23.915000,1.670354262e-02
23.920000,1.625132815e-02
23.925000,1.555317835e-02
23.930000,1.467302354e-02
23.935000,1.366770584e-02
23.940000,1.257994521e-02
23.945000,1.143430615e-02
23.950000,1.023661490e-02
23.955000,8.976749590e-03
23.960000,7.634222320e-03
23.965000,6.185550485e-03
23.970000,4.612146284e-03
23.975000,2.907401049e-03
23.980000,1.081831701e-03
23.985000,-8.344458418e-04
23.990000,-2.792144427e-03
23.995000,-4.725874117e-03
24.000000,-6.559232051e-03
24.005000,-8.211120927e-03
24.010000,-9.602503813e-03
24.015000,-1.066291852e-02
24.020000,-1.133623535e-02
24.025000,-1.158529718e-02
24.030000,-1.139521108e-02
24.035000,-1.077516676e-02
24.040000,-9.758744480e-03
24.045000,-8.402742303e-03
24.050000,-6.784594253e-03
24.055000,-4.998473282e-03
24.060000,-3.150194321e-03
24.065000,-1.351084347e-03
24.070000,2.889107242e-04
24.075000,1.668463481e-03
24.080000,2.701870917e-03
24.085000,3.325146282e-03
24.090000,3.500512192e-03
24.095000,3.218738417e-03
24.100000,2.499012824e-03
24.105000,1.386349918e-03
24.110000,-5.313346607e-05
24.115000,-1.738470671e-03
24.120000,-3.580841198e-03
24.125000,-5.490467403e-03
24.130000,-7.382641351e-03
24.135000,-9.182301935e-03
24.140000,-1.082685769e-02
24.145000,-1.226725748e-02
24.150000,-1.346758619e-02
24.155000,-1.440365068e-02
24.160000,-1.506109260e-02
24.165000,-1.543352213e-02
24.170000,-1.552104350e-02
24.175000,-1.532938051e-02
24.180000,-1.486964409e-02
24.185000,-1.415863438e-02
24.190000,-1.321944181e-02
24.195000,-1.208201385e-02
24.200000,-1.078330438e-02
24.205000,-9.366647616e-03
24.210000,-7.880121156e-03
24.215000,-6.373878880e-03
24.220000,-4.896702967e-03
24.225000,-3.492272511e-03
24.230000,-2.195792926e-03
24.235000,-1.031619557e-03
24.240000,-1.233471485e-05
24.245000,8.605513499e-04
24.250000,1.594422376e-03
24.255000,2.202305645e-03
24.260000,2.699095382e-03
24.265000,3.097813716e-03
24.270000,3.406402300e-03
24.275000,3.625432366e-03
24.280000,3.747020567e-03
24.285000,3.755147165e-03
24.290000,3.627463866e-03
24.295000,3.338514059e-03
24.300000,2.864055497e-03
24.305000,2.185909484e-03
24.310000,1.296541597e-03
24.315000,2.025028106e-04
24.320000,-1.074007521e-03
24.325000,-2.495855965e-03
24.330000,-4.013900486e-03
24.335000,-5.571603881e-03
24.340000,-7.110499239e-03
24.345000,-8.575587203e-03
24.350000,-9.919889099e-03
24.355000,-1.110767393e-02
24.360000,-1.211620105e-02
24.365000,-1.293606591e-02
24.370000,-1.357034986e-02
24.375000,-1.403277159e-02
24.380000,-1.434498378e-02
24.385000,-1.453313198e-02
24.390000,-1.462384471e-02
24.395000,-1.463995299e-02
24.400000,-1.459639434e-02
24.405000,-1.449686545e-02
24.410000,-1.433178920e-02
24.415000,-1.407803149e-02
24.420000,-1.370057110e-02
24.425000,-1.315605350e-02
24.430000,-1.239791592e-02
24.435000,-1.138259989e-02
24.440000,-1.007627355e-02
24.445000,-8.461441966e-03
24.450000,-6.542797553e-03
24.455000,-4.351642004e-03
24.460000,-1.948219058e-03
24.465000,5.786222457e-04
24.470000,3.114821240e-03
24.475000,5.527633299e-03
24.480000,7.674980219e-03
24.485000,9.416916947e-03
24.490000,1.062818003e-02
24.495000,1.121057117e-02
24.500000,1.110385060e-02
24.505000,1.029386792e-02
24.510000,8.816840772e-03
24.515000,6.759013819e-03
24.520000,4.251397378e-03
24.525000,1.459873879e-03
24.530000,-1.428405620e-03
24.535000,-4.220855195e-03
24.540000,-6.735691955e-03
24.545000,-8.816709356e-03
24.550000,-1.034499148e-02
24.555000,-1.124649201e-02
24.560000,-1.149503635e-02
24.565000,-1.111092331e-02
24.570000,-1.015580514e-02
24.575000,-8.724858754e-03
24.580000,-6.937409760e-03
24.585000,-4.927135207e-03
24.590000,-2.832763606e-03
24.595000,-7.898499998e-04
24.600000,1.076194843e-03
24.605000,2.655987663e-03
24.610000,3.861314388e-03
24.615000,4.629823615e-03
24.620000,4.929301178e-03
24.625000,4.761189776e-03
24.630000,4.162709252e-03
24.635000,3.206819988e-03
24.640000,1.999413680e-03
24.645000,6.734724390e-04
24.650000,-6.196047746e-04
24.655000,-1.720881924e-03
24.660000,-2.476045195e-03
24.665000,-2.747776520e-03
24.670000,-2.427278455e-03
24.675000,-1.443984409e-03
24.680000,2.273630582e-04
24.685000,2.562904845e-03
24.690000,5.489563088e-03
24.695000,8.888841684e-03
24.700000,1.260445517e-02
24.705000,1.645340926e-02
24.710000,2.023983883e-02
24.715000,2.377060210e-02
24.720000,2.687136924e-02
24.725000,2.940177338e-02
24.730000,3.126815153e-02
24.735000,3.243252252e-02
24.740000,3.291673013e-02
24.745000,3.280110436e-02
24.750000,3.221751997e-02
24.755000,3.133731099e-02
24.760000,3.035507939e-02
24.765000,2.946995726e-02
24.770000,2.886627735e-02
24.775000,2.869580382e-02
24.780000,2.906360392e-02
24.785000,3.001926706e-02
24.790000,3.155451737e-02
24.795000,3.360740402e-02
24.800000,3.607232875e-02
24.805000,3.881434713e-02
24.810000,4.168560716e-02
24.815000,4.454156930e-02
24.820000,4.725481903e-02
24.825000,4.972479814e-02
24.830000,5.188254448e-02
24.835000,5.369039516e-02
24.840000,5.513741211e-02
24.845000,5.623188400e-02
24.850000,5.699254389e-02
24.855000,5.744009374e-02
24.860000,5.759029806e-02
24.865000,5.744941523e-02
24.870000,5.701221104e-02
24.875000,5.626235991e-02
24.880000,5.517474724e-02
24.885000,5.371904911e-02
24.890000,5.186395089e-02
24.895000,4.958143097e-02
24.900000,4.685064769e-02
24.905000,4.366110665e-02
24.910000,4.001494465e-02
24.915000,3.592832876e-02
24.920000,3.143210934e-02
24.925000,2.657195183e-02
24.930000,2.140817565e-02
24.935000,1.601544181e-02
24.940000,1.048227025e-02
24.945000,4.910174202e-03
24.950000,-5.879736981e-04
24.955000,-5.890822617e-03
24.960000,-1.087311942e-02
24.965000,-1.541224337e-02
24.970000,-1.939663321e-02
24.975000,-2.273560301e-02
24.980000,-2.536957513e-02
24.985000,-2.727936278e-02
24.990000,-2.849291789e-02
24.995000,-2.908801328e-02
25.000000,-2.918969188e-02
25.005000,-2.896196846e-02
25.010000,-2.859411867e-02
25.015000,-2.828278801e-02
25.020000,-2.821192733e-02
25.025000,-2.853305203e-02
25.030000,-2.934842232e-02
25.035000,-3.069942312e-02
25.040000,-3.256173818e-02
25.045000,-3.484798639e-02
25.050000,-3.741747765e-02
25.055000,-4.009180950e-02
25.060000,-4.267429649e-02
25.065000,-4.497078784e-02
25.070000,-4.680932895e-02
25.075000,-4.805635735e-02
25.080000,-4.862766105e-02
25.085000,-4.849309570e-02
25.090000,-4.767495549e-02
25.095000,-4.624078729e-02
25.100000,-4.429218073e-02
25.105000,-4.195152053e-02
25.110000,-3.934876035e-02
25.115000,-3.660995274e-02
25.120000,-3.384862784e-02
25.125000,-3.116031691e-02
25.130000,-2.861977821e-02
25.135000,-2.628000340e-02
25.140000,-2.417198745e-02
25.145000,-2.230454156e-02
25.150000,-2.066399363e-02
25.155000,-1.921424433e-02
25.160000,-1.789809577e-02
25.165000,-1.664087493e-02
25.170000,-1.535707585e-02
25.175000,-1.396011516e-02
25.180000,-1.237449736e-02
25.185000,-1.054891940e-02
25.190000,-8.468289370e-03
25.195000,-6.162417174e-03
25.200000,-3.709322207e-03
25.205000,-1.231704273e-03
25.210000,1.113904942e-03
25.215000,3.154560886e-03
25.220000,4.722842116e-03
25.225000,5.680132106e-03
25.230000,5.937434361e-03
25.235000,5.469982270e-03
25.240000,4.322791554e-03
25.245000,2.605892169e-03
25.250000,4.799473439e-04
25.255000,-1.865140521e-03
25.260000,-4.234697220e-03
25.265000,-6.452432598e-03
25.270000,-8.378456718e-03
25.275000,-9.919720550e-03
25.280000,-1.103228622e-02
25.285000,-1.171662889e-02
25.290000,-1.200847411e-02
25.295000,-1.196819599e-02
25.300000,-1.167148995e-02
25.305000,-1.120306319e-02
25.310000,-1.065377816e-02
25.315000,-1.012040965e-02
25.320000,-9.706246541e-03
25.325000,-9.520382678e-03
25.330000,-9.673760163e-03
25.335000,-1.027079831e-02
25.340000,-1.139661464e-02
25.345000,-1.310119825e-02
25.350000,-1.538314851e-02
25.355000,-1.817643197e-02
25.360000,-2.134375397e-02
25.365000,-2.467942169e-02
25.370000,-2.792302772e-02
25.375000,-3.078318170e-02
25.380000,-3.296834050e-02
25.385000,-3.422008936e-02
25.390000,-3.434347574e-02
25.395000,-3.322942242e-02
25.400000,-3.086576123e-02
25.405000,-2.733565895e-02
25.410000,-2.280460398e-02
25.415000,-1.749912141e-02
25.420000,-1.168154999e-02
25.425000,-5.625343572e-03
25.430000,4.054925360e-04
25.435000,6.170767962e-03
25.440000,1.146202347e-02
25.445000,1.610534248e-02
25.450000,1.996139521e-02
25.455000,2.292521851e-02
25.460000,2.492758668e-02
25.465000,2.593860088e-02
25.470000,2.597270900e-02
25.475000,2.509319425e-02
25.480000,2.341359834e-02
25.485000,2.109375819e-02
25.490000,1.832911102e-02
25.495000,1.533343553e-02
25.500000,1.231688039e-02
25.505000,9.462560568e-03
25.510000,6.905793839e-03
25.515000,4.719954780e-03
25.520000,2.911896675e-03
25.525000,1.428119409e-03
25.530000,1.707292213e-04
25.535000,-9.797627814e-04
25.540000,-2.139149611e-03
25.545000,-3.396553325e-03
25.550000,-4.798010660e-03
25.555000,-6.339425024e-03
25.560000,-7.969719264e-03
25.565000,-9.602961759e-03
25.570000,-1.113652143e-02
25.575000,-1.247127700e-02
25.580000,-1.352975040e-02
25.585000,-1.426875810e-02
25.590000,-1.468459475e-02
25.595000,-1.481054529e-02
25.600000,-1.470823972e-02
25.605000,-1.445560779e-02
25.610000,-1.413466482e-02
25.615000,-1.382197502e-02
25.620000,-1.358353374e-02
25.625000,-1.347431098e-02
25.630000,-1.354122627e-02
25.635000,-1.382727211e-02
25.640000,-1.437414243e-02
25.645000,-1.522114146e-02
25.650000,-1.639924467e-02
25.655000,-1.792068966e-02
25.660000,-1.976601994e-02
25.665000,-2.187168747e-02
25.670000,-2.412180463e-02
25.675000,-2.634723422e-02
25.680000,-2.833394604e-02
25.685000,-2.984070145e-02
25.690000,-3.062408311e-02
25.695000,-3.046715501e-02
25.700000,-2.920704252e-02
25.705000,-2.675670511e-02
25.710000,-2.311714164e-02
25.715000,-1.837799957e-02
25.720000,-1.270667966e-02
25.725000,-6.328089857e-03
25.730000,5.012115281e-04
25.735000,7.519951562e-03
25.740000,1.448578201e-02
25.745000,2.119230606e-02
25.750000,2.747788434e-02
25.755000,3.322655011e-02
25.760000,3.836304181e-02
25.765000,4.284495235e-02
25.770000,4.665506314e-02
25.775000,4.979611702e-02
25.780000,5.228888796e-02
25.785000,5.417289470e-02
25.790000,5.550795321e-02
25.795000,5.637430136e-02
25.800000,5.686935391e-02
25.805000,5.710011265e-02
25.810000,5.717155378e-02
25.815000,5.717257410e-02
25.820000,5.716198232e-02
25.825000,5.715737109e-02
25.830000,5.712943895e-02
25.835000,5.700351444e-02
25.840000,5.666882617e-02
25.845000,5.599468311e-02
25.850000,5.485142529e-02
25.855000,5.313301760e-02
25.860000,5.077768258e-02
25.865000,4.778311790e-02
25.870000,4.421362160e-02
25.875000,4.019773547e-02
25.880000,3.591658807e-02
25.885000,3.158467872e-02
25.890000,2.742608881e-02
25.895000,2.364978654e-02
25.900000,2.042767207e-02
25.905000,1.787830911e-02
25.910000,1.605808214e-02
25.915000,1.496009855e-02
25.920000,1.451985980e-02
25.925000,1.462584003e-02
25.930000,1.513278633e-02
25.935000,1.587576730e-02
25.940000,1.668356478e-02
25.945000,1.739066734e-02
25.950000,1.784764122e-02
25.955000,1.792989167e-02
25.960000,1.754479079e-02
25.965000,1.663695787e-02
25.970000,1.519129931e-02
25.975000,1.323337390e-02
25.980000,1.082679003e-02
25.985000,8.067621381e-03
25.990000,5.076159432e-03
25.995000,1.986621190e-03
26.000000,-1.064343285e-03
26.005000,-3.949349659e-03
26.010000,-6.561103407e-03
26.015000,-8.821244723e-03
26.020000,-1.068618052e-02
26.025000,-1.214908312e-02
26.030000,-1.323762519e-02
26.035000,-1.400757408e-02
26.040000,-1.453300895e-02
26.045000,-1.489452314e-02
26.050000,-1.516718851e-02
26.055000,-1.541017174e-02
26.060000,-1.565965742e-02
26.065000,-1.592618308e-02
26.070000,-1.619673694e-02
26.075000,-1.644116302e-02
26.080000,-1.662171764e-02
26.085000,-1.670414637e-02
26.090000,-1.666846220e-02
26.095000,-1.651770102e-02
26.100000,-1.628325648e-02
26.105000,-1.602587741e-02
26.110000,-1.583197302e-02
26.115000,-1.580545566e-02
26.120000,-1.605591827e-02
26.125000,-1.668445979e-02
26.130000,-1.776889743e-02
26.135000,-1.935038302e-02
26.140000,-2.142350103e-02
26.145000,-2.393169503e-02
26.150000,-2.676929992e-02
26.155000,-2.979055840e-02
26.160000,-3.282486572e-02
26.165000,-3.569630471e-02
26.170000,-3.824456221e-02
26.175000,-4.034382591e-02
26.180000,-4.191644299e-02
26.185000,-4.293901638e-02
26.190000,-4.344006647e-02
26.195000,-4.349006809e-02
26.200000,-4.318617422e-02
26.205000,-4.263489071e-02
26.210000,-4.193614952e-02
26.215000,-4.117162979e-02
26.220000,-4.039897806e-02
26.225000,-3.965208972e-02
26.230000,-3.894618239e-02
26.235000,-3.828533098e-02
26.240000,-3.766966683e-02
26.245000,-3.709967497e-02
26.250000,-3.657591870e-02
26.255000,-3.609389193e-02
26.260000,-3.563522904e-02
26.265000,-3.515779199e-02
26.270000,-3.458783831e-02
26.275000,-3.381732694e-02
26.280000,-3.270844757e-02
26.285000,-3.110590474e-02
26.290000,-2.885575079e-02
26.295000,-2.582806655e-02
26.300000,-2.193985523e-02
26.305000,-1.717429037e-02
26.310000,-1.159292083e-02
26.315000,-5.338453292e-03
26.320000,1.372871376e-03
26.325000,8.268712020e-03
26.330000,1.504572754e-02
26.335000,2.139893135e-02
26.340000,2.705115849e-02
26.345000,3.177851680e-02
26.350000,3.542850473e-02
26.355000,3.792893380e-02
26.360000,3.928754132e-02
26.365000,3.958376903e-02
26.370000,3.895521379e-02
26.375000,3.758151849e-02
26.380000,3.566801012e-02
26.385000,3.343047900e-02
26.390000,3.108151282e-02
26.395000,2.881810629e-02
26.400000,2.681006614e-02
26.405000,2.518902749e-02
26.410000,2.403851101e-02
26.415000,2.338609891e-02
26.420000,2.319920762e-02
26.425000,2.338589441e-02
26.430000,2.380161428e-02
26.435000,2.426195533e-02
26.440000,2.456035029e-02
26.445000,2.448884795e-02
26.450000,2.385944347e-02
26.455000,2.252332858e-02
26.460000,2.038573559e-02
26.465000,1.741473314e-02
26.470000,1.364325462e-02
26.475000,9.164652375e-03
26.480000,4.123011072e-03
26.485000,-1.299842668e-03
26.490000,-6.898389015e-03
26.495000,-1.245647012e-02
26.500000,-1.775799503e-02
26.505000,-2.259498078e-02
26.510000,-2.677370869e-02
26.515000,-3.012055086e-02
26.520000,-3.248917528e-02
26.525000,-3.377025534e-02
26.530000,-3.390363009e-02
26.535000,-3.289145202e-02
26.540000,-3.080968175e-02
26.545000,-2.781474579e-02
26.550000,-2.414246546e-02
26.555000,-2.009744461e-02
26.560000,-1.603270968e-02
26.565000,-1.232115692e-02
26.570000,-9.321906263e-03
26.575000,-7.345698688e-03
26.580000,-6.623830265e-03
26.585000,-7.284736924e-03
26.590000,-9.341287831e-03
26.595000,-1.269027908e-02
26.600000,-1.712380975e-02
26.605000,-2.235050502e-02
26.610000,-2.802326783e-02
26.615000,-3.376964863e-02
26.620000,-3.922111539e-02
26.625000,-4.403837019e-02
26.630000,-4.793111134e-02
26.635000,-5.067191219e-02
26.640000,-5.210485119e-02
26.645000,-5.214998590e-02
26.650000,-5.080470038e-02
26.655000,-4.814250823e-02
26.660000,-4.430929247e-02
26.665000,-3.951644972e-02
26.670000,-3.403016943e-02
26.675000,-2.815622705e-02
26.680000,-2.222021280e-02
26.685000,-1.654397245e-02
26.690000,-1.142003447e-02
26.695000,-7.086707895e-03
26.700000,-3.707100017e-03
26.705000,-1.355304480e-03
26.710000,-1.233275036e-05
26.715000,4.269493339e-04
26.720000,1.363494652e-04
26.725000,-6.673855416e-04
26.730000,-1.754811987e-03
26.735000,-2.913966934e-03
26.740000,-3.975950199e-03
26.745000,-4.832280526e-03
26.750000,-5.441961224e-03
26.755000,-5.828080020e-03
26.760000,-6.065577254e-03
26.765000,-6.263173725e-03
26.770000,-6.543097790e-03
26.775000,-7.022105919e-03
26.780000,-7.796451691e-03
26.785000,-8.932180340e-03
26.790000,-1.046075127e-02
26.795000,-1.237886202e-02
26.800000,-1.465072177e-02
26.805000,-1.721101324e-02
26.810000,-1.996733269e-02
26.815000,-2.280180173e-02
26.820000,-2.557250291e-02
26.825000,-2.811609078e-02
26.830000,-3.025313414e-02
26.835000,-3.179736138e-02
26.840000,-3.256909237e-02
26.845000,-3.241198834e-02
26.850000,-3.121116017e-02
26.855000,-2.890995754e-02
26.860000,-2.552261870e-02
26.865000,-2.114043087e-02
26.870000,-1.593001071e-02
26.875000,-1.012353018e-02
26.880000,-4.001922408e-03
26.885000,2.126917385e-03
26.890000,7.952316395e-03
26.895000,1.318460901e-02
26.900000,1.757600118e-02
26.905000,2.093661904e-02
26.910000,2.314470543e-02
26.915000,2.415084519e-02
26.920000,2.397687739e-02
26.925000,2.271062103e-02
26.930000,2.049761826e-02
26.935000,1.753083309e-02
26.940000,1.403879858e-02
26.945000,1.027230634e-02
26.950000,6.489573551e-03
26.955000,2.939992175e-03
26.960000,-1.529854790e-04
26.965000,-2.608698767e-03
26.970000,-4.304244128e-03
26.975000,-5.185673785e-03
26.980000,-5.273626888e-03
26.985000,-4.662019814e-03
26.990000,-3.509147119e-03
26.995000,-2.021473248e-03
27.000000,-4.314035776e-04
27.005000,1.028737575e-03
27.010000,2.153586287e-03
27.015000,2.789209365e-03
27.020000,2.852036142e-03
27.025000,2.339727122e-03
27.030000,1.332431525e-03
27.035000,-1.593186387e-05
27.040000,-1.495533694e-03
27.045000,-2.865729663e-03
27.050000,-3.884660218e-03
27.055000,-4.340080986e-03
27.060000,-4.077923744e-03
27.065000,-3.025196526e-03
27.070000,-1.204295929e-03
27.075000,1.263374501e-03
27.080000,4.165452867e-03
27.085000,7.217965082e-03
27.090000,1.009420089e-02
27.095000,1.246007676e-02
27.100000,1.401196293e-02
27.105000,1.451241226e-02
27.110000,1.381923545e-02
27.115000,1.190397959e-02
27.120000,8.857084840e-03
27.125000,4.878725816e-03
27.130000,2.563853601e-04
27.135000,-4.667764081e-03
27.140000,-9.534975702e-03
27.145000,-1.400800375e-02
27.150000,-1.780377467e-02
27.155000,-2.071647422e-02
27.160000,-2.262880848e-02
27.165000,-2.351143020e-02
27.170000,-2.341253217e-02
27.175000,-2.244097060e-02
27.180000,-2.074677360e-02
27.185000,-1.850253733e-02
27.190000,-1.588822527e-02
27.195000,-1.308057240e-02
27.200000,-1.024695551e-02
27.205000,-7.542472637e-03
27.210000,-5.108259822e-03
27.215000,-3.068893712e-03
27.220000,-1.527153787e-03
27.225000,-5.554251190e-04
27.230000,-1.844395506e-04
27.235000,-3.915442054e-04
27.240000,-1.091802414e-03
27.245000,-2.135541829e-03
27.250000,-3.315219232e-03
27.255000,-4.382733538e-03
27.260000,-5.075984029e-03
27.265000,-5.151163457e-03
27.270000,-4.415645477e-03
27.275000,-2.755834114e-03
27.280000,-1.551180522e-04
27.285000,3.301109921e-03
27.290000,7.434025889e-03
27.295000,1.199181601e-02
27.300000,1.667836968e-02
27.305000,2.118551690e-02
27.310000,2.522391659e-02
27.315000,2.854835539e-02
27.320000,3.097451983e-02
27.325000,3.238600069e-02
27.330000,3.273207872e-02
27.335000,3.201841662e-02
27.340000,3.029385704e-02
27.345000,2.763689207e-02
27.350000,2.414494992e-02
27.355000,1.992853467e-02
27.360000,1.511071600e-02
27.365000,9.830869757e-03
27.370000,4.250305755e-03
27.375000,-1.443212827e-03
27.380000,-7.034916075e-03
27.385000,-1.228844420e-02
27.390000,-1.695788871e-02
27.395000,-2.080558099e-02
27.400000,-2.362337418e-02
27.405000,-2.525422419e-02
27.410000,-2.561056072e-02
27.415000,-2.468631778e-02
27.420000,-2.256050257e-02
27.425000,-1.939163459e-02
27.430000,-1.540398548e-02
27.435000,-1.086794272e-02
27.440000,-6.077673789e-03
27.445000,-1.329371945e-03
27.450000,3.097291493e-03
27.455000,6.953086367e-03
27.460000,1.002846156e-02
27.465000,1.215915830e-02
27.470000,1.322978635e-02
27.475000,1.317679928e-02
27.480000,1.199160981e-02
27.485000,9.723658354e-03
27.490000,6.482438639e-03
27.495000,2.437052836e-03
27.500000,-2.188090689e-03
27.505000,-7.122380001e-03
27.510000,-1.206316031e-02
27.515000,-1.669445407e-02
27.520000,-2.070903592e-02
27.525000,-2.383206957e-02
27.530000,-2.584408303e-02
27.535000,-2.660083873e-02
27.540000,-2.604771419e-02
27.545000,-2.422660757e-02
27.550000,-2.127412465e-02
27.555000,-1.741080488e-02
27.560000,-1.292223756e-02
27.565000,-8.133905208e-03
27.570000,-3.382300535e-03
27.575000,1.014788713e-03
27.580000,4.785936987e-03
27.585000,7.729074309e-03
27.590000,9.727688741e-03
27.595000,1.075872891e-02
27.600000,1.089143562e-02
27.605000,1.027718186e-02
27.610000,9.131325069e-03
27.615000,7.708982736e-03
27.620000,6.277389523e-03
27.625000,5.087932006e-03
27.630000,4.350978486e-03
27.635000,4.216203804e-03
27.640000,4.760323317e-03
27.645000,5.983137197e-03
27.650000,7.811716870e-03
27.655000,1.011160073e-02
27.660000,1.270313304e-02
27.665000,1.538066087e-02
27.670000,1.793223556e-02
27.675000,2.015773571e-02
27.680000,2.188387141e-02
27.685000,2.297522825e-02
27.690000,2.334121050e-02
27.695000,2.293929595e-02
27.700000,2.177531314e-02
27.705000,1.990146954e-02
27.710000,1.741265971e-02
27.715000,1.444129019e-02
27.720000,1.115061434e-02
27.725000,7.726476644e-03
27.730000,4.367454484e-03
27.735000,1.273616344e-03
27.740000,-1.365597925e-03
27.745000,-3.383618611e-03
27.750000,-4.648204991e-03
27.755000,-5.071195026e-03
27.760000,-4.615711073e-03
27.765000,-3.300160849e-03
27.770000,-1.198597468e-03
27.775000,1.562745759e-03
27.780000,4.812666016e-03
27.785000,8.345605805e-03
27.790000,1.193508995e-02
27.795000,1.534920353e-02
27.800000,1.836718393e-02
27.805000,2.079610350e-02
27.810000,2.248654907e-02
27.815000,2.334613515e-02
27.820000,2.334961526e-02
27.825000,2.254431930e-02
27.830000,2.104972873e-02
27.835000,1.905030960e-02
27.840000,1.678132685e-02
27.845000,1.450825032e-02
27.850000,1.250140685e-02
27.855000,1.100851466e-02
27.860000,1.022839997e-02
27.865000,1.028933870e-02
27.870000,1.123500147e-02
27.875000,1.301997546e-02
27.880000,1.551548053e-02
27.885000,1.852445042e-02
27.890000,2.180386919e-02
27.895000,2.509134310e-02
27.900000,2.813247430e-02
27.905000,3.070572125e-02
27.910000,3.264203877e-02
27.915000,3.383756095e-02
27.920000,3.425873158e-02
27.925000,3.394037001e-02
27.930000,3.297796998e-02
27.935000,3.151592662e-02
27.940000,2.973335535e-02
27.945000,2.782881692e-02
27.950000,2.600479013e-02
27.955000,2.445234360e-02
27.960000,2.333628822e-02
27.965000,2.278117813e-02
27.970000,2.285880462e-02
27.975000,2.357817240e-02
27.980000,2.487923338e-02
27.985000,2.663177283e-02
27.990000,2.864072121e-02
27.995000,3.065874658e-02
28.000000,3.240624139e-02
28.005000,3.359777740e-02
28.010000,3.397287928e-02
28.015000,3.332778402e-02
28.020000,3.154401620e-02
28.025000,2.860942333e-02
28.030000,2.462797286e-02
28.035000,1.981609642e-02
28.040000,1.448542006e-02
28.045000,9.013902746e-03
28.050000,3.809228554e-03
28.055000,-7.306330200e-04
28.060000,-4.254648949e-03
28.065000,-6.489413472e-03
28.070000,-7.260345153e-03
28.075000,-6.502045963e-03
28.080000,-4.258034012e-03
28.085000,-6.713111650e-04
28.090000,4.031966736e-03
28.095000,9.563130622e-03
28.100000,1.559350716e-02
28.105000,2.177687287e-02
28.110000,2.777067614e-02
28.115000,3.325561390e-02
28.120000,3.795369700e-02
28.125000,4.164507673e-02
28.130000,4.418355707e-02
28.135000,4.550998141e-02
28.140000,4.566181716e-02
28.145000,4.477662223e-02
28.150000,4.308698817e-02
28.155000,4.090520371e-02
28.160000,3.859724108e-02
28.165000,3.654749997e-02
28.170000,3.511766323e-02
28.175000,3.460458739e-02
28.180000,3.520298325e-02
28.185000,3.697848098e-02
28.190000,3.985545568e-02
28.195000,4.362186568e-02
28.200000,4.795069152e-02
28.205000,5.243488600e-02
28.210000,5.663063435e-02
28.215000,6.010266399e-02
28.220000,6.246557668e-02
28.225000,6.341659847e-02
28.230000,6.275732119e-02
28.235000,6.040430230e-02
28.240000,5.639016080e-02
28.245000,5.085763608e-02
28.250000,4.404889461e-02
28.255000,3.629145768e-02
28.260000,2.798098598e-02
28.265000,1.956031847e-02
28.270000,1.149398278e-02
28.275000,4.237959226e-03
28.280000,-1.794385962e-03
28.285000,-6.267926289e-03
28.290000,-8.959492978e-03
28.295000,-9.785499576e-03
28.300000,-8.819234116e-03
28.305000,-6.294253489e-03
28.310000,-2.591669678e-03
28.315000,1.788983213e-03
28.320000,6.273393611e-03
28.325000,1.026649717e-02
28.330000,1.321090023e-02
28.335000,1.464263193e-02
28.340000,1.423712440e-02
28.345000,1.183946225e-02
28.350000,7.475124513e-03
28.355000,1.340297475e-03
28.360000,-6.226160296e-03
28.365000,-1.478442861e-02
28.370000,-2.384272778e-02
28.375000,-3.290667196e-02
28.380000,-4.152267678e-02
28.385000,-4.931078173e-02
28.390000,-5.598454597e-02
28.395000,-6.135812629e-02
28.400000,-6.534273657e-02
28.405000,-6.793599110e-02
28.410000,-6.920791786e-02
28.415000,-6.928672162e-02
28.420000,-6.834598496e-02
28.425000,-6.659340985e-02
28.430000,-6.425995450e-02
28.435000,-6.158771077e-02
28.440000,-5.881523491e-02
28.445000,-5.616013511e-02
28.450000,-5.380014887e-02
28.455000,-5.185523604e-02
28.460000,-5.037394799e-02
28.465000,-4.932725954e-02
28.470000,-4.861213259e-02
28.475000,-4.806549536e-02
28.480000,-4.748740581e-02
28.485000,-4.667034365e-02
28.490000,-4.543026531e-02
28.495000,-4.363458058e-02
28.500000,-4.122270314e-02
28.505000,-3.821618660e-02
28.510000,-3.471735928e-02
28.515000,-3.089736147e-02
28.520000,-2.697612000e-02
28.525000,-2.319775932e-02
28.530000,-1.980514337e-02
28.535000,-1.701676816e-02
28.540000,-1.500830058e-02
28.545000,-1.389993891e-02
28.550000,-1.374967824e-02
28.555000,-1.455167896e-02
28.560000,-1.623839965e-02
28.565000,-1.868506510e-02
28.570000,-2.171541643e-02
28.575000,-2.510842445e-02
28.580000,-2.860648524e-02
28.585000,-3.192621105e-02
28.590000,-3.477296371e-02
28.595000,-3.685961498e-02
28.600000,-3.792879413e-02
28.605000,-3.777648214e-02
28.610000,-3.627373041e-02
28.615000,-3.338292830e-02
28.620000,-2.916557193e-02
28.625000,-2.377975113e-02
28.630000,-1.746719796e-02
28.635000,-1.053130132e-02
28.640000,-3.308666961e-03
28.645000,3.862533350e-03
28.650000,1.067397117e-02
28.655000,1.687499373e-02
28.660000,2.229388905e-02
28.665000,2.685016347e-02
28.670000,3.055627126e-02
28.675000,3.350843042e-02
28.680000,3.586761707e-02
28.685000,3.783332490e-02
28.690000,3.961386607e-02
28.695000,4.139754112e-02
28.700000,4.332872941e-02
28.705000,4.549189412e-02
28.710000,4.790493694e-02
28.715000,5.052169060e-02
28.720000,5.324199727e-02
28.725000,5.592703288e-02
28.730000,5.841733282e-02
28.735000,6.055121360e-02
28.740000,6.218175107e-02
28.745000,6.319098679e-02
28.750000,6.350050011e-02
28.755000,6.307789626e-02
28.760000,6.193914272e-02
28.765000,6.014702927e-02
28.770000,5.780628777e-02
28.775000,5.505602879e-02
28.780000,5.206012199e-02
28.785000,4.899602223e-02
28.790000,4.604243059e-02
28.795000,4.336618154e-02
28.800000,4.110889724e-02
28.805000,3.937419784e-02
28.810000,3.821648999e-02
28.815000,3.763247069e-02
28.820000,3.755643203e-02
28.825000,3.786026030e-02
28.830000,3.835875533e-02
28.835000,3.882059956e-02
28.840000,3.898497182e-02
28.845000,3.858335988e-02
28.850000,3.736550063e-02
28.855000,3.512754653e-02
28.860000,3.173961110e-02
28.865000,2.716900208e-02
28.870000,2.149501396e-02
28.875000,1.491143411e-02
28.880000,7.714124275e-03
28.885000,2.731643722e-04
28.890000,-7.008196831e-03
28.895000,-1.374270100e-02
28.900000,-1.960904895e-02
28.905000,-2.439444327e-02
28.910000,-2.802221388e-02
28.915000,-3.055943371e-02
28.920000,-3.220300276e-02
28.925000,-3.324661492e-02
28.930000,-3.403442736e-02
28.935000,-3.490940373e-02
28.940000,-3.616482866e-02
28.945000,-3.800641869e-02
28.950000,-4.053013384e-02
28.955000,-4.371775284e-02
28.960000,-4.744909929e-02
28.965000,-5.152704522e-02
28.970000,-5.570954148e-02
28.975000,-5.974226323e-02
28.980000,-6.338613976e-02
28.985000,-6.643590626e-02
28.990000,-6.872842175e-02
28.995000,-7.014217517e-02
29.000000,-7.059144944e-02
29.005000,-7.001951322e-02
29.010000,-6.839479416e-02
29.015000,-6.571247518e-02
29.020000,-6.200185218e-02
29.025000,-5.733769988e-02
29.030000,-5.185232675e-02
29.035000,-4.574427123e-02
29.040000,-3.927979656e-02
29.045000,-3.278440058e-02
29.050000,-2.662327790e-02
29.055000,-2.117177528e-02
29.060000,-1.677901467e-02
29.065000,-1.372961508e-02
29.070000,-1.220942136e-02
29.075000,-1.228104302e-02
29.080000,-1.387372437e-02
29.085000,-1.678977790e-02
29.090000,-2.072694688e-02
29.095000,-2.531321071e-02
29.100000,-3.014832756e-02
29.105000,-3.484531513e-02
29.110000,-3.906535298e-02
29.115000,-4.254119501e-02
29.120000,-4.508675723e-02
29.125000,-4.659351494e-02
29.130000,-4.701702836e-02
29.135000,-4.635870010e-02
29.140000,-4.464835060e-02
29.145000,-4.193229848e-02
29.150000,-3.826961581e-02
29.155000,-3.373663134e-02
29.160000,-2.843724815e-02
29.165000,-2.251485423e-02
29.170000,-1.616096736e-02
29.175000,-9.616408235e-03
29.180000,-3.162554123e-03
29.185000,2.897360051e-03
29.190000,8.264463154e-03
29.195000,1.267366083e-02
29.200000,1.592102784e-02
29.205000,1.788429360e-02
29.210000,1.853294183e-02
29.215000,1.792654639e-02
29.220000,1.620223898e-02
29.225000,1.355414731e-02
29.230000,1.020889250e-02
29.235000,6.401619785e-03
29.240000,2.356559189e-03
29.245000,-1.725098798e-03
29.250000,-5.668956836e-03
29.255000,-9.323687959e-03
29.260000,-1.255252737e-02
29.265000,-1.522389747e-02
29.270000,-1.720538222e-02
29.275000,-1.836445986e-02
29.280000,-1.857761211e-02
29.285000,-1.774708160e-02
29.290000,-1.582227112e-02
29.295000,-1.282118601e-02
29.300000,-8.846823603e-03
29.305000,-4.094096247e-03
29.310000,1.155485412e-03
29.315000,6.551958046e-03
29.320000,1.170619485e-02
29.325000,1.622667969e-02
29.330000,1.975872600e-02
29.335000,2.202051210e-02
29.340000,2.283062693e-02
29.345000,2.212306339e-02
29.350000,1.994760991e-02
29.355000,1.645604639e-02
29.360000,1.187697396e-02
29.365000,6.483990351e-03
29.370000,5.628608885e-04
29.375000,-5.616862237e-03
29.380000,-1.182158448e-02
29.385000,-1.786263084e-02
29.390000,-2.359466210e-02
29.395000,-2.890601881e-02
29.400000,-3.370509646e-02
29.405000,-3.790752726e-02
29.410000,-4.142848740e-02
29.415000,-4.418293934e-02
29.420000,-4.609439572e-02
29.425000,-4.711039770e-02
29.430000,-4.722094493e-02
29.435000,-4.647508869e-02
29.440000,-4.499103795e-02
29.445000,-4.295634532e-02
29.450000,-4.061670025e-02
29.455000,-3.825410094e-02
29.460000,-3.615725862e-02
29.465000,-3.458865997e-02
29.470000,-3.375353600e-02
29.475000,-3.377591323e-02
29.480000,-3.468590423e-02
29.485000,-3.642051318e-02
29.490000,-3.883775995e-02
29.495000,-4.174134108e-02
29.500000,-4.491095059e-02
29.505000,-4.813234363e-02
29.510000,-5.122156696e-02
29.515000,-5.403945026e-02
29.520000,-5.649500168e-02
29.525000,-5.853906997e-02
29.530000,-6.015177987e-02
29.535000,-6.132827448e-02
29.540000,-6.206702588e-02
29.545000,-6.236360150e-02
29.550000,-6.221078418e-02
29.555000,-6.160393066e-02
29.560000,-6.054894288e-02
29.565000,-5.906954485e-02
29.570000,-5.721078792e-02
29.575000,-5.503671712e-02
29.580000,-5.262164564e-02
29.585000,-5.003616989e-02
29.590000,-4.733057867e-02
29.595000,-4.451936508e-02
29.600000,-4.157088953e-02
29.605000,-3.840570703e-02
29.610000,-3.490563995e-02
29.615000,-3.093352877e-02
29.620000,-2.636112768e-02
29.625000,-2.110039858e-02
29.630000,-1.513209503e-02
29.635000,-8.525459892e-03
29.640000,-1.444207078e-03
29.645000,5.863543334e-03
29.650000,1.309063683e-02
29.655000,1.990789266e-02
29.660000,2.600692148e-02
29.665000,3.114193200e-02
29.670000,3.516396678e-02
29.675000,3.804235819e-02
29.680000,3.987031486e-02
29.685000,4.085405453e-02
29.690000,4.128739538e-02
29.695000,4.151582907e-02
29.700000,4.189548906e-02
29.705000,4.275285795e-02
29.710000,4.435045626e-02
29.715000,4.686227092e-02
29.720000,5.036067917e-02
29.725000,5.481459225e-02
29.730000,6.009695721e-02
29.735000,6.599892472e-02
29.740000,7.224797351e-02
29.745000,7.852788757e-02
29.750000,8.449935682e-02
29.755000,8.982073630e-02
29.760000,9.416887407e-02
29.765000,9.725980897e-02
29.770000,9.886864414e-02
29.775000,9.884726413e-02
29.780000,9.713807488e-02
29.785000,9.378184935e-02
29.790000,8.891816711e-02
29.795000,8.277778828e-02
29.800000,7.566740143e-02
29.805000,6.794825643e-02
29.810000,6.001097409e-02
29.815000,5.224914711e-02
29.820000,4.503417743e-02
29.825000,3.869323535e-02
29.830000,3.349146671e-02
29.835000,2.961884035e-02
29.840000,2.718150816e-02
29.845000,2.619735586e-02
29.850000,2.659555065e-02
29.855000,2.822023033e-02
29.860000,3.083882559e-02
29.865000,3.415563432e-02
29.870000,3.783099583e-02
29.875000,4.150568740e-02
29.880000,4.482909654e-02
29.885000,4.748857184e-02
29.890000,4.923646465e-02
29.895000,4.991105824e-02
29.900000,4.944802886e-02
29.905000,4.788029368e-02
29.910000,4.532588564e-02
29.915000,4.196552447e-02
29.920000,3.801342978e-02
29.925000,3.368626112e-02
29.930000,2.917556307e-02
29.935000,2.462856741e-02
29.940000,2.014066531e-02
29.945000,1.576052792e-02
29.950000,1.150614853e-02
29.955000,7.387579072e-03
29.960000,3.430448961e-03
29.965000,-3.060270605e-04
29.970000,-3.721712658e-03
29.975000,-6.681563975e-03
29.980000,-9.034381132e-03
29.985000,-1.064038055e-02
29.990000,-1.140120865e-02
29.995000,-1.128506846e-02
30.000000,-1.034049370e-02
30.005000,-8.694811896e-03
30.010000,-6.536891405e-03
30.015000,-4.087499650e-03
30.020000,-1.563603799e-03
30.025000,8.555021471e-04
30.030000,3.052624025e-03
30.035000,4.982056039e-03
30.040000,6.661689685e-03
30.045000,8.149554577e-03
30.050000,9.510205728e-03
30.055000,1.077899835e-02
30.060000,1.193319466e-02
30.065000,1.287770422e-02
30.070000,1.345017842e-02
30.075000,1.344574500e-02
30.080000,1.265686631e-02
30.085000,1.091982718e-02
30.090000,8.157290768e-03
30.095000,4.406855631e-03
30.100000,-1.714152492e-04
30.105000,-5.310679023e-03
30.110000,-1.067301054e-02
30.115000,-1.589740399e-02
30.120000,-2.064988945e-02
30.125000,-2.466566807e-02
30.130000,-2.777565162e-02
30.135000,-2.991385552e-02
30.140000,-3.110660182e-02
30.145000,-3.144831498e-02
30.150000,-3.107101966e-02
30.155000,-3.011511028e-02
30.160000,-2.870765297e-02
30.165000,-2.695185659e-02
30.170000,-2.492808610e-02
30.175000,-2.270364280e-02
30.180000,-2.034621433e-02
30.185000,-1.793495517e-02
30.190000,-1.556387431e-02
30.195000,-1.333447974e-02
30.200000,-1.133794523e-02
30.205000,-9.630560997e-03
30.210000,-8.208902094e-03
30.215000,-6.992140105e-03
30.220000,-5.817817958e-03
30.225000,-4.454403294e-03
30.230000,-2.629820314e-03
30.235000,-7.108220499e-05
30.240000,3.452744137e-03
30.245000,8.092918467e-03
30.250000,1.389614878e-02
30.255000,2.079678592e-02
30.260000,2.862644145e-02
30.265000,3.713753393e-02
30.270000,4.603451035e-02
30.275000,5.500543924e-02
30.280000,6.374749714e-02
30.285000,7.198227298e-02
30.290000,7.946011859e-02
30.295000,8.595608791e-02
30.300000,9.126244780e-02
30.305000,9.518365279e-02
30.310000,9.753880880e-02
30.315000,9.817423826e-02
30.320000,9.698545403e-02
30.325000,9.394454178e-02
30.330000,8.912652405e-02
30.335000,8.272738577e-02
30.340000,7.506735392e-02
30.345000,6.657558821e-02
30.350000,5.775612485e-02
30.355000,4.913892558e-02
30.360000,4.122331266e-02
30.365000,3.442308617e-02
30.370000,2.902266463e-02
30.375000,2.515154742e-02
30.380000,2.278068384e-02
30.385000,2.173983465e-02
30.390000,2.175086813e-02
30.395000,2.246920815e-02
30.400000,2.352500724e-02
30.405000,2.455710653e-02
30.410000,2.523590961e-02
30.415000,2.527497202e-02
30.420000,2.443432592e-02
30.425000,2.252046471e-02
30.430000,1.938806982e-02
30.435000,1.494702028e-02
30.440000,9.175466864e-03
30.445000,2.136553550e-03
30.450000,-6.006369984e-03
30.455000,-1.498265071e-02
30.460000,-2.442155354e-02
30.465000,-3.387763021e-02
30.470000,-4.287412470e-02
30.475000,-5.095970188e-02
30.480000,-5.776971316e-02
30.485000,-6.308083300e-02
30.490000,-6.684799933e-02
30.495000,-6.921532463e-02
30.500000,-7.049746484e-02
30.505000,-7.113373508e-02
30.510000,-7.162267641e-02
30.515000,-7.244854738e-02
30.520000,-7.401249686e-02
30.525000,-7.657974647e-02
30.530000,-8.025038575e-02
30.535000,-8.495629593e-02
30.540000,-9.048147832e-02
30.545000,-9.649886938e-02
30.550000,-1.026144715e-01
30.555000,-1.084097106e-01
30.560000,-1.134751581e-01
30.565000,-1.174324144e-01
30.570000,-1.199450161e-01
30.575000,-1.207226040e-01
30.580000,-1.195244005e-01
30.585000,-1.161678297e-01
30.590000,-1.105459319e-01
30.595000,-1.026536306e-01
30.600000,-9.261884379e-02
30.605000,-8.073098031e-02
30.610000,-6.745753473e-02
30.615000,-5.343996249e-02
30.620000,-3.946290768e-02
30.625000,-2.639570792e-02
30.630000,-1.511090695e-02
30.635000,-6.389947762e-03
30.640000,-8.299798016e-04
30.645000,1.233188914e-03
30.650000,-2.270827605e-04
30.655000,-4.918063654e-03
30.660000,-1.225702215e-02
30.665000,-2.143531768e-02
30.670000,-3.150663563e-02
30.675000,-4.148536860e-02
30.680000,-5.044066524e-02
30.685000,-5.757405254e-02
30.690000,-6.227303438e-02
30.695000,-6.413845679e-02
30.700000,-6.298835886e-02
30.705000,-5.884438921e-02
30.710000,-5.190808175e-02
30.715000,-4.253341039e-02
30.720000,-3.119969290e-02
30.725000,-1.848601446e-02
30.730000,-5.045823721e-03
30.735000,8.421091354e-03
30.740000,2.120210366e-02
30.745000,3.261233087e-02
30.750000,4.204172054e-02
30.755000,4.900546720e-02
30.760000,5.319222884e-02
30.765000,5.450306761e-02
30.770000,5.307380765e-02
30.775000,4.927485190e-02
30.780000,4.368537681e-02
30.785000,3.704279209e-02
30.790000,3.017263073e-02
30.795000,2.390766220e-02
30.800000,1.900711520e-02
30.805000,1.608691372e-02
30.810000,1.556974550e-02
30.815000,1.766010021e-02
30.820000,2.234501413e-02
30.825000,2.941714036e-02
30.830000,3.851377312e-02
30.835000,4.916409272e-02
30.840000,6.083723930e-02
30.845000,7.298555187e-02
30.850000,8.507983514e-02
30.855000,9.663611740e-02
30.860000,1.072353583e-01
30.865000,1.165384641e-01
30.870000,1.242986055e-01
30.875000,1.303714413e-01
30.880000,1.347220120e-01
30.885000,1.374255630e-01
30.890000,1.386591108e-01
30.895000,1.386815580e-01
30.900000,1.378024689e-01
30.905000,1.363425977e-01
30.910000,1.345919626e-01
30.915000,1.327727371e-01
30.920000,1.310139033e-01
30.925000,1.293424250e-01
30.930000,1.276922124e-01
30.935000,1.259282683e-01
30.940000,1.238801752e-01
30.945000,1.213773368e-01
30.950000,1.182785415e-01
30.955000,1.144904109e-01
30.960000,1.099725643e-01
30.965000,1.047310344e-01
30.970000,9.880458841e-02
30.975000,9.225031389e-02
30.980000,8.513459153e-02
30.985000,7.753341408e-02
30.990000,6.954248883e-02
30.995000,6.129367231e-02
31.000000,5.297120199e-02
31.005000,4.481990988e-02
31.010000,3.713864727e-02
31.015000,3.025539144e-02
31.020000,2.448518008e-02
31.025000,2.007694199e-02
31.030000,1.715917079e-02
31.035000,1.569617076e-02
31.040000,1.546573940e-02
31.045000,1.606571992e-02
31.050000,1.695153930e-02
31.055000,1.750076020e-02
31.060000,1.709511642e-02
31.065000,1.520666610e-02
31.070000,1.147341482e-02
31.075000,5.751327319e-03
31.080000,-1.866232325e-03
31.085000,-1.106473295e-02
31.090000,-2.135704056e-02
31.095000,-3.215521571e-02
31.100000,-4.285249296e-02
31.105000,-5.290101506e-02
31.110000,-6.187235783e-02
31.115000,-6.949187745e-02
31.120000,-7.564359448e-02
31.125000,-8.034846396e-02
31.130000,-8.372409433e-02
31.135000,-8.593708185e-02
31.140000,-8.715943234e-02
31.145000,-8.753806675e-02
31.150000,-8.718190481e-02
31.155000,-8.616577754e-02
31.160000,-8.454589140e-02
31.165000,-8.237895284e-02
31.170000,-7.973695819e-02
31.175000,-7.671191059e-02
31.180000,-7.340852838e-02
31.185000,-6.992716404e-02
31.190000,-6.634245312e-02
31.195000,-6.268477895e-02
31.200000,-5.893112825e-02
31.205000,-5.500956218e-02
31.210000,-5.081803396e-02
31.215000,-4.625458668e-02
31.220000,-4.125298738e-02
31.225000,-3.581628318e-02
31.230000,-3.004091338e-02
31.235000,-2.412577705e-02
31.240000,-1.836358830e-02
31.245000,-1.311527967e-02
31.250000,-8.771407950e-03
31.255000,-5.706834285e-03
31.260000,-4.235958966e-03
31.265000,-4.575337670e-03
31.270000,-6.818745177e-03
31.275000,-1.092712106e-02
31.280000,-1.673296398e-02
31.285000,-2.395632604e-02
31.290000,-3.222816056e-02
31.295000,-4.111666244e-02
31.300000,-5.015328853e-02
31.305000,-5.885687133e-02
31.310000,-6.675596497e-02
31.315000,-7.341065458e-02
31.320000,-7.843516025e-02
31.325000,-8.152170291e-02
31.330000,-8.246464720e-02
31.335000,-8.118244235e-02
31.340000,-7.773385788e-02
31.345000,-7.232477056e-02
31.350000,-6.530237993e-02
31.355000,-5.713510353e-02
31.360000,-4.837832384e-02
31.365000,-3.962837805e-02
31.370000,-3.146939794e-02
31.375000,-2.441943443e-02
31.380000,-1.888328160e-02
31.385000,-1.511911182e-02
31.390000,-1.322421740e-02
31.395000,-1.314196826e-02
31.400000,-1.468813531e-02
31.405000,-1.759093036e-02
31.410000,-2.153648804e-02
31.415000,-2.621081618e-02
31.420000,-3.133069477e-02
31.425000,-3.665921474e-02
31.430000,-4.200572578e-02
31.435000,-4.721379450e-02
31.440000,-5.214336849e-02
31.445000,-5.665409842e-02
31.450000,-6.059562272e-02
31.455000,-6.380801106e-02
31.460000,-6.613229050e-02
31.465000,-6.742796194e-02
31.470000,-6.759244565e-02
31.475000,-6.657694358e-02
31.480000,-6.439430928e-02
31.485000,-6.111679402e-02
31.490000,-5.686431019e-02
31.495000,-5.178634515e-02
31.500000,-4.604221224e-02
31.505000,-3.978457007e-02
31.510000,-3.315007335e-02
31.515000,-2.625897374e-02
31.520000,-1.922303173e-02
31.525000,-1.215886586e-02
31.530000,-5.202402513e-03
31.535000,1.480261916e-03
31.540000,7.689456961e-03
31.545000,1.319809968e-02
31.550000,1.776726988e-02
31.555000,2.116884479e-02
31.560000,2.321121314e-02
31.565000,2.376339368e-02
31.570000,2.277322696e-02
31.575000,2.027655023e-02
31.580000,1.639606895e-02
31.585000,1.133057903e-02
31.590000,5.336854463e-03
31.595000,-1.292434385e-03
31.600000,-8.251154194e-03
31.605000,-1.523944196e-02
31.610000,-2.197890214e-02
31.615000,-2.822295965e-02
31.620000,-3.376345298e-02
31.625000,-3.843536841e-02
31.630000,-4.212157640e-02
31.635000,-4.475853211e-02
31.640000,-4.634245700e-02
31.645000,-4.693406375e-02
31.650000,-4.665899365e-02
31.655000,-4.570119844e-02
31.660000,-4.428759095e-02
31.665000,-4.266414917e-02
31.670000,-4.106579307e-02
31.675000,-3.968421124e-02
31.680000,-3.863893227e-02
31.685000,-3.795703062e-02
31.690000,-3.756584702e-02
31.695000,-3.730110119e-02
31.700000,-3.693007815e-02
31.705000,-3.618665734e-02
31.710000,-3.481244001e-02
31.715000,-3.259674930e-02
31.720000,-2.940830396e-02
31.725000,-2.521302552e-02
31.730000,-2.007539971e-02
31.735000,-1.414434450e-02
31.740000,-7.627712943e-03
31.745000,-7.615590253e-04
31.750000,6.219339839e-03
31.755000,1.310444512e-02
31.760000,1.972101288e-02
31.765000,2.593812378e-02
31.770000,3.166349797e-02
31.775000,3.683691262e-02
31.780000,4.142432845e-02
31.785000,4.541591617e-02
31.790000,4.882935040e-02
31.795000,5.171751291e-02
31.800000,5.417772563e-02
31.805000,5.635838570e-02
31.810000,5.845878142e-02
31.815000,6.071900996e-02
31.820000,6.339904066e-02
31.825000,6.674855614e-02
31.830000,7.097163100e-02
31.835000,7.619201547e-02
31.840000,8.242540842e-02
31.845000,8.956449997e-02
31.850000,9.738082155e-02
31.855000,1.055448136e-01
31.860000,1.136623992e-01
31.865000,1.213232460e-01
31.870000,1.281534077e-01
31.875000,1.338637473e-01
31.880000,1.382858831e-01
31.885000,1.413894488e-01
31.890000,1.432778709e-01
31.895000,1.441638938e-01
31.900000,1.443297915e-01
31.905000,1.440797390e-01
31.910000,1.436926923e-01
31.915000,1.433833000e-01
31.920000,1.432762433e-01
31.925000,1.433965939e-01
31.930000,1.436759165e-01
31.935000,1.439714091e-01
31.940000,1.440936521e-01
31.945000,1.438376455e-01
31.950000,1.430117979e-01
31.955000,1.414603735e-01
31.960000,1.390765081e-01
31.965000,1.358050399e-01
31.970000,1.316366542e-01
31.975000,1.265966727e-01
31.980000,1.207327283e-01
31.985000,1.141052343e-01
31.990000,1.067830618e-01
31.995000,9.884462555e-02
32.000000,9.038239638e-02
32.005000,8.150744520e-02
32.010000,7.235048833e-02
32.015000,6.305707108e-02
32.020000,5.377656445e-02
32.025000,4.464681951e-02
32.030000,3.577788009e-02
32.035000,2.723862409e-02
32.040000,1.904953513e-02
32.045000,1.118333351e-02
32.050000,3.573450525e-03
32.055000,-3.871189423e-03
32.060000,-1.124760913e-02
32.065000,-1.863937471e-02
32.070000,-2.609918518e-02
32.075000,-3.363583086e-02
32.080000,-4.120717537e-02
32.085000,-4.871991454e-02
32.090000,-5.603588838e-02
32.095000,-6.298382334e-02
32.100000,-6.937474529e-02
32.105000,-7.501905918e-02
32.110000,-7.974344201e-02
32.115000,-8.340610749e-02
32.120000,-8.590947180e-02
32.125000,-8.720962067e-02
32.130000,-8.732220928e-02
32.135000,-8.632458613e-02
32.140000,-8.435410922e-02
32.145000,-8.160283382e-02
32.150000,-7.830890590e-02
32.155000,-7.474498128e-02
32.160000,-7.120378935e-02
32.165000,-6.798074044e-02
32.170000,-6.535354269e-02
32.175000,-6.355942124e-02
32.180000,-6.277174183e-02
32.185000,-6.307928937e-02
32.190000,-6.447249930e-02
32.195000,-6.684091700e-02
32.200000,-6.998469780e-02
32.205000,-7.364022282e-02
32.210000,-7.751659764e-02
32.215000,-8.133692353e-02
32.220000,-8.487670783e-02
32.225000,-8.799210983e-02
32.230000,-9.063281074e-02
32.235000,-9.283754213e-02
32.240000,-9.471382708e-02
32.245000,-9.640643857e-02
32.250000,-9.806088260e-02
32.255000,-9.978865647e-02
32.260000,-1.016402231e-01
32.265000,-1.035898990e-01
32.270000,-1.055345815e-01
32.275000,-1.073058520e-01
32.280000,-1.086928606e-01
32.285000,-1.094718333e-01
32.290000,-1.094372756e-01
32.295000,-1.084300613e-01
32.300000,-1.063585263e-01
32.305000,-1.032101924e-01
32.310000,-9.905347294e-02
32.315000,-9.403029317e-02
32.320000,-8.834169405e-02
32.325000,-8.222905292e-02
32.330000,-7.595357314e-02
32.335000,-6.977631040e-02
32.340000,-6.394039681e-02
32.345000,-5.865644897e-02
32.350000,-5.409151821e-02
32.355000,-5.036145152e-02
32.360000,-4.752627313e-02
32.365000,-4.558824478e-02
32.370000,-4.449262188e-02
32.375000,-4.413166367e-02
32.380000,-4.435289956e-02
32.385000,-4.497265937e-02
32.390000,-4.579519081e-02
32.395000,-4.663632168e-02
32.400000,-4.734891632e-02
32.405000,-4.784591560e-02
32.410000,-4.811615653e-02
32.415000,-4.822882580e-02
32.420000,-4.832427907e-02
32.425000,-4.859159858e-02
32.430000,-4.923595641e-02
32.435000,-5.044089557e-02
32.440000,-5.233157377e-02
32.445000,-5.494471932e-02
32.450000,-5.820972526e-02
32.455000,-6.194334599e-02
32.460000,-6.585829903e-02
32.465000,-6.958410361e-02
32.470000,-7.269700366e-02
32.475000,-7.475500971e-02
32.480000,-7.533400992e-02
32.485000,-7.406146352e-02
32.490000,-7.064518865e-02
32.495000,-6.489589776e-02
32.500000,-5.674312626e-02
32.505000,-4.624483808e-02
32.510000,-3.359120023e-02
32.515000,-1.910284649e-02
32.520000,-3.223530708e-03
32.525000,1.349342073e-02
32.530000,3.040580354e-02
32.535000,4.681131809e-02
32.540000,6.198480273e-02
32.545000,7.522302128e-02
32.550000,8.589428013e-02
32.555000,9.348815858e-02
32.560000,9.765912751e-02
32.565000,9.825749402e-02
32.570000,9.534237680e-02
32.575000,8.917422278e-02
32.580000,8.018808224e-02
32.585000,6.895243988e-02
32.590000,5.612079771e-02
32.595000,4.238373161e-02
32.600000,2.842772777e-02
32.605000,1.490429554e-02
32.610000,2.409588072e-03
32.615000,-8.527983153e-03
32.620000,-1.745617362e-02
32.625000,-2.400743346e-02
32.630000,-2.791030136e-02
32.635000,-2.900427000e-02
32.640000,-2.725631606e-02
32.645000,-2.277522868e-02
32.650000,-1.581867719e-02
32.655000,-6.787988734e-03
32.660000,3.793001074e-03
32.665000,1.531603143e-02
32.670000,2.714100081e-02
32.675000,3.865706307e-02
32.680000,4.934342539e-02
32.685000,5.881977716e-02
32.690000,6.687713964e-02
32.695000,7.348300392e-02
32.700000,7.875943439e-02
32.705000,8.293832869e-02
32.710000,8.630289798e-02
32.715000,8.912735292e-02
32.720000,9.162688432e-02
32.725000,9.392719757e-02
32.730000,9.605782260e-02
32.735000,9.796755450e-02
32.740000,9.955529509e-02
32.745000,1.007065958e-01
32.750000,1.013259956e-01
32.755000,1.013576106e-01
32.760000,1.007904723e-01
32.765000,9.964956746e-02
32.770000,9.797724411e-02
32.775000,9.581177831e-02
32.780000,9.317016366e-02
32.785000,9.004071622e-02
32.790000,8.638834223e-02
32.795000,8.217191301e-02
32.800000,7.736982880e-02
32.805000,7.200724710e-02
32.810000,6.617725002e-02
32.815000,6.004887598e-02
32.820000,5.385751097e-02
32.825000,4.787718970e-02
32.830000,4.237897095e-02
32.835000,3.758351274e-02
32.840000,3.361812964e-02
32.845000,3.048825773e-02
32.850000,2.807037193e-02
32.855000,2.612871312e-02
32.860000,2.435291050e-02
32.865000,2.240907917e-02
32.870000,1.999430855e-02
32.875000,1.688416028e-02
32.880000,1.296476093e-02
32.885000,8.244677634e-03
32.890000,2.846079869e-03
32.895000,-3.021260549e-03
32.900000,-9.096620283e-03
32.905000,-1.510778423e-02
32.910000,-2.080594232e-02
32.915000,-2.599071062e-02
32.920000,-3.052304849e-02
32.925000,-3.432714221e-02
32.930000,-3.738496512e-02
32.935000,-3.972849693e-02
32.940000,-4.143416257e-02
32.945000,-4.262209834e-02
32.950000,-4.345999206e-02
32.955000,-4.416836986e-02
32.960000,-4.502221765e-02
32.965000,-4.634338332e-02
32.970000,-4.847954117e-02
32.975000,-5.176838876e-02
32.980000,-5.648956968e-02
32.985000,-6.281070011e-02
32.990000,-7.073687010e-02
32.995000,-8.007425079e-02
33.000000,-9.041743407e-02
33.005000,-1.011668068e-01
33.010000,-1.115771309e-01
33.015000,-1.208325908e-01
33.020000,-1.281382058e-01
33.025000,-1.328139610e-01
33.030000,-1.343771502e-01
33.035000,-1.326004335e-01
33.040000,-1.275375038e-01
33.045000,-1.195139623e-01
33.050000,-1.090867979e-01
33.055000,-9.698057191e-02
33.060000,-8.401124026e-02
33.065000,-7.100913482e-02
33.070000,-5.875108405e-02
33.075000,-4.790847770e-02
33.080000,-3.901407900e-02
33.085000,-3.244651333e-02
33.090000,-2.842852280e-02
33.095000,-2.703387892e-02
33.100000,-2.819840934e-02
33.105000,-3.173248026e-02
33.110000,-3.733463613e-02
33.115000,-4.460798319e-02
33.120000,-5.308161786e-02
33.125000,-6.223874399e-02
33.130000,-7.155140952e-02
33.135000,-8.051966749e-02
33.140000,-8.871111628e-02
33.145000,-9.579570149e-02
33.150000,-1.015705935e-01
33.155000,-1.059708927e-01
33.160000,-1.090637354e-01
33.165000,-1.110258668e-01
33.170000,-1.121075973e-01
33.175000,-1.125887707e-01
33.180000,-1.127343098e-01
33.185000,-1.127574323e-01
33.190000,-1.127973513e-01
33.195000,-1.129152934e-01
33.200000,-1.131086033e-01
33.205000,-1.133385799e-01
33.210000,-1.135645916e-01
33.215000,-1.137757292e-01
33.220000,-1.140120419e-01
33.225000,-1.143699628e-01
33.230000,-1.149901760e-01
33.235000,-1.160300450e-01
33.240000,-1.176260277e-01
33.245000,-1.198536487e-01
33.250000,-1.226932490e-01
33.255000,-1.260087928e-01
33.260000,-1.295446533e-01
33.265000,-1.329419332e-01
33.270000,-1.357721453e-01
33.275000,-1.375827407e-01
33.280000,-1.379467717e-01
33.285000,-1.365084380e-01
33.290000,-1.330175239e-01
33.295000,-1.273484779e-01
33.300000,-1.195033969e-01
33.305000,-1.096015124e-01
33.310000,-9.786005938e-02
33.315000,-8.457210269e-02
33.320000,-7.008594736e-02
33.325000,-5.478867099e-02
33.330000,-3.909389428e-02
33.335000,-2.343200075e-02
33.340000,-8.240186773e-03
33.345000,6.049945638e-03
33.350000,1.902839898e-02
33.355000,3.032616849e-02
33.360000,3.963669721e-02
33.365000,4.673752304e-02
33.370000,5.151012547e-02
33.375000,5.395605812e-02
33.380000,5.420751348e-02
33.385000,5.253048119e-02
33.390000,4.931879288e-02
33.395000,4.507781889e-02
33.400000,4.039750729e-02
33.405000,3.591574422e-02
33.410000,3.227439774e-02
33.415000,3.007156791e-02
33.420000,2.981426758e-02
33.425000,3.187591817e-02
33.430000,3.646270513e-02
33.435000,4.359210358e-02
33.440000,5.308585943e-02
33.445000,6.457849017e-02
33.450000,7.754105892e-02
33.455000,9.131869965e-02
33.460000,1.051792526e-01
33.465000,1.183694745e-01
33.470000,1.301746158e-01
33.475000,1.399766638e-01
33.480000,1.473062499e-01
33.485000,1.518832064e-01
33.490000,1.536412556e-01
33.495000,1.527334880e-01
33.500000,1.495171732e-01
33.505000,1.445188150e-01
33.510000,1.383827822e-01
33.515000,1.318088336e-01
33.520000,1.254850565e-01
33.525000,1.200230610e-01
33.530000,1.159018257e-01
33.535000,1.134256011e-01
33.540000,1.126998995e-01
33.545000,1.136279064e-01
33.550000,1.159276447e-01
33.555000,1.191680143e-01
33.560000,1.228196376e-01
33.565000,1.263146539e-01
33.570000,1.291085761e-01
33.575000,1.307372647e-01
33.580000,1.308629786e-01
33.585000,1.293050789e-01
33.590000,1.260530032e-01
33.595000,1.212612654e-01
33.600000,1.152282743e-01
33.605000,1.083625015e-01
33.610000,1.011407887e-01
33.615000,9.406414472e-02
33.620000,8.761607042e-02
33.625000,8.222726091e-02
33.630000,7.824870179e-02
33.635000,7.593319821e-02
33.640000,7.542383905e-02
33.645000,7.674729646e-02
33.650000,7.981036580e-02
33.655000,8.439952828e-02
33.660000,9.018498661e-02
33.665000,9.673185290e-02
33.670000,1.035213458e-01
33.675000,1.099837137e-01
33.680000,1.155423296e-01
33.685000,1.196655948e-01
33.690000,1.219207410e-01
33.695000,1.220220902e-01
33.700000,1.198662811e-01
33.705000,1.155484509e-01
33.710000,1.093560278e-01
33.715000,1.017400574e-01
33.720000,9.326721928e-02
33.725000,8.455836906e-02
33.730000,7.622122827e-02
33.735000,6.878557148e-02
33.740000,6.264886370e-02
33.745000,5.803880354e-02
33.750000,5.499676433e-02
33.755000,5.338300374e-02
33.760000,5.290124458e-02
33.765000,5.313746297e-02
33.770000,5.360607759e-02
33.775000,5.379659976e-02
33.780000,5.321516692e-02
33.785000,5.141780112e-02
33.790000,4.803496420e-02
33.795000,4.278920497e-02
33.800000,3.550877812e-02
33.805000,2.613979613e-02
33.810000,1.475792703e-02
33.815000,1.578413188e-03
33.820000,-1.303898850e-02
33.825000,-2.859490263e-02
33.830000,-4.446980532e-02
33.835000,-5.996119291e-02
33.840000,-7.433856372e-02
33.845000,-8.691249666e-02
33.850000,-9.711029825e-02
33.855000,-1.045478037e-01
33.860000,-1.090857335e-01
33.865000,-1.108599817e-01
33.870000,-1.102783811e-01
33.875000,-1.079814244e-01
33.880000,-1.047703018e-01
33.885000,-1.015113458e-01
33.890000,-9.903040685e-02
33.895000,-9.801284488e-02
33.900000,-9.892415158e-02
33.905000,-1.019627539e-01
33.910000,-1.070509461e-01
33.915000,-1.138633045e-01
33.920000,-1.218857225e-01
33.925000,-1.304936139e-01
33.930000,-1.390356829e-01
33.935000,-1.469101916e-01
33.940000,-1.536235110e-01
33.945000,-1.588251213e-01
33.950000,-1.623181176e-01
33.955000,-1.640486643e-01
33.960000,-1.640809151e-01
33.965000,-1.625652066e-01
33.970000,-1.597067749e-01
33.975000,-1.557401773e-01
33.980000,-1.509117023e-01
33.985000,-1.454691320e-01
33.990000,-1.396560472e-01
33.995000,-1.337069271e-01
34.000000,-1.278396958e-01
34.005000,-1.222438419e-01
34.010000,-1.170642710e-01
34.015000,-1.123830545e-01
34.020000,-1.082027288e-01
34.025000,-1.044354560e-01
34.030000,-1.009020612e-01
34.035000,-9.734372897e-02
34.040000,-9.344716186e-02
34.045000,-8.888156379e-02
34.050000,-8.334335246e-02
34.055000,-7.660254568e-02
34.060000,-6.854379135e-02
34.065000,-5.919534047e-02
34.070000,-4.874091464e-02
34.075000,-3.751207823e-02
34.080000,-2.596182153e-02
34.085000,-1.462294117e-02
34.090000,-4.056917521e-03
34.095000,5.199975436e-03
34.100000,1.268667564e-02
34.105000,1.805783238e-02
34.110000,2.111086675e-02
34.115000,2.179769172e-02
34.120000,2.022126455e-02
34.125000,1.661898833e-02
34.130000,1.133635296e-02
34.135000,4.794923510e-03
34.140000,-2.541234484e-03
34.145000,-1.019729137e-02
34.150000,-1.771529097e-02
34.155000,-2.467670401e-02
34.160000,-3.072000149e-02
34.165000,-3.555403140e-02
34.170000,-3.896818317e-02
34.175000,-4.084012081e-02
34.180000,-4.114141347e-02
34.185000,-3.994084299e-02
34.190000,-3.740462621e-02
34.195000,-3.379231934e-02
34.200000,-2.944684582e-02
34.205000,-2.477703866e-02
34.210000,-2.023149576e-02
34.215000,-1.626357295e-02
34.220000,-1.328900677e-02
34.225000,-1.163975092e-02
34.230000,-1.151965603e-02
34.235000,-1.296899696e-02
34.240000,-1.584496395e-02
34.245000,-1.982374492e-02
34.250000,-2.442680103e-02
34.255000,-2.906987664e-02
34.260000,-3.312901787e-02
34.265000,-3.601435272e-02
34.270000,-3.724044505e-02
34.275000,-3.648218651e-02
34.280000,-3.360750148e-02
34.285000,-2.868221040e-02
34.290000,-2.194743581e-02
34.295000,-1.377492141e-02
34.300000,-4.609523428e-03
34.305000,5.089910435e-03
34.310000,1.490046549e-02
34.315000,2.446775483e-02
34.320000,3.351738360e-02
34.325000,4.184647350e-02
34.330000,4.930094363e-02
34.335000,5.574724666e-02
34.340000,6.104810828e-02
34.345000,6.505037184e-02
34.350000,6.758968457e-02
34.355000,6.851227132e-02
34.360000,6.770945115e-02
34.365000,6.515690196e-02
34.370000,6.094881103e-02
34.375000,5.531743593e-02
34.380000,4.863122791e-02
34.385000,4.136901608e-02
34.390000,3.407286531e-02
34.395000,2.728692554e-02
34.400000,2.149275520e-02
34.405000,1.705245356e-02
34.410000,1.416927987e-02
34.415000,1.287172799e-02
34.420000,1.302223997e-02
34.425000,1.434708224e-02
34.430000,1.648044596e-02
34.435000,1.901421062e-02
34.440000,2.154512023e-02
34.445000,2.371297118e-02
34.450000,2.522613319e-02
34.455000,2.587362106e-02
34.460000,2.552544242e-02
34.465000,2.412470144e-02
34.470000,2.167573891e-02
34.475000,1.823236166e-02
34.480000,1.388901606e-02
34.485000,8.775839969e-03
34.490000,3.056370503e-03
34.495000,-3.075030195e-03
34.500000,-9.399564249e-03
34.505000,-1.568680453e-02
34.510000,-2.171418161e-02
34.515000,-2.729037458e-02
34.520000,-3.227719871e-02
34.525000,-3.660347302e-02
34.530000,-4.026542386e-02
34.535000,-4.331133907e-02
34.540000,-4.581256626e-02
34.545000,-4.782720098e-02
34.550000,-4.936558232e-02
34.555000,-5.036710107e-02
34.560000,-5.069564254e-02
34.565000,-5.015677545e-02
34.570000,-4.853461444e-02
34.575000,-4.564137631e-02
34.580000,-4.136916250e-02
34.585000,-3.573224428e-02
34.590000,-2.888946218e-02
34.595000,-2.114011467e-02
34.600000,-1.289222545e-02
34.605000,-4.608212987e-03
34.610000,3.261648078e-03
34.615000,1.034433959e-02
34.620000,1.639397188e-02
34.625000,2.131570472e-02
34.630000,2.515875757e-02
34.635000,2.808057286e-02
34.640000,3.029075357e-02
34.645000,3.198787336e-02
34.650000,3.330361386e-02
34.655000,3.426670468e-02
34.660000,3.479443125e-02
34.665000,3.471322971e-02
34.670000,3.380354426e-02
34.675000,3.185902242e-02
34.680000,2.874725596e-02
34.685000,2.445913255e-02
34.690000,1.913639773e-02
34.695000,1.307167462e-02
34.700000,6.680960860e-03
34.705000,4.542691965e-04
34.710000,-5.105662854e-03
34.715000,-9.544784170e-03
34.720000,-1.250837374e-02
34.725000,-1.377347914e-02
34.730000,-1.326073096e-02
34.735000,-1.102829665e-02
34.740000,-7.254620194e-03
34.745000,-2.218082517e-03
34.750000,3.719581438e-03
34.755000,1.012292065e-02
34.760000,1.648709906e-02
34.765000,2.224298786e-02
34.770000,2.677158439e-02
34.775000,2.943584421e-02
34.780000,2.963434163e-02
34.785000,2.687503908e-02
34.790000,2.086037619e-02
34.795000,1.156883399e-02
34.800000,-6.850614094e-04
34.805000,-1.522942996e-02
34.810000,-3.106432404e-02
34.815000,-4.694480211e-02
34.820000,-6.151057763e-02
34.825000,-7.344520636e-02
34.830000,-8.164076492e-02
34.835000,-8.534144375e-02
34.840000,-8.424213819e-02
34.845000,-7.852555598e-02
34.850000,-6.883209945e-02
34.855000,-5.616861365e-02
34.860000,-4.177254409e-02
34.865000,-2.695494860e-02
34.870000,-1.294780454e-02
34.875000,-7.779526824e-04
34.880000,8.817171621e-03
34.885000,1.542621974e-02
34.890000,1.895641973e-02
34.895000,1.959225402e-02
34.900000,1.773420069e-02
34.905000,1.393120507e-02
34.910000,8.817395974e-03
34.915000,3.058854728e-03
34.920000,-2.688475550e-03
34.925000,-7.812141353e-03
34.930000,-1.177176079e-02
34.935000,-1.412638822e-02
34.940000,-1.456225464e-02
34.945000,-1.291974395e-02
34.950000,-9.215840430e-03
34.955000,-3.656580588e-03
34.960000,3.366145934e-03
34.965000,1.129754377e-02
34.970000,1.946360706e-02
34.975000,2.713257666e-02
34.980000,3.358727104e-02
34.985000,3.819862918e-02
34.990000,4.048996641e-02
34.995000,4.018284541e-02
35.000000,3.721877956e-02
35.005000,3.175535784e-02
35.010000,2.413969576e-02
35.015000,1.486536024e-02
35.020000,4.520475019e-03
35.025000,-6.265497851e-03
35.030000,-1.687039983e-02
35.035000,-2.671986937e-02
35.040000,-3.531850235e-02
35.045000,-4.227240916e-02
35.050000,-4.730502507e-02
35.055000,-5.026825261e-02
35.060000,-5.115037384e-02
35.065000,-5.008085281e-02
35.070000,-4.733050008e-02
35.075000,-4.330399473e-02
35.080000,-3.852104290e-02
35.085000,-3.358300656e-02
35.090000,-2.912388233e-02
35.095000,-2.574781502e-02
35.100000,-2.395917750e-02
35.105000,-2.409459690e-02
35.110000,-2.626809440e-02
35.115000,-3.033999206e-02
35.120000,-3.591726298e-02
35.125000,-4.238805657e-02
35.130000,-4.898724795e-02
35.135000,-5.488433173e-02
35.140000,-5.928102471e-02
35.145000,-6.150440821e-02
35.150000,-6.108260765e-02
35.155000,-5.779353087e-02
35.160000,-5.168219221e-02
35.165000,-4.304745533e-02
35.170000,-3.240345155e-02
35.175000,-2.042360219e-02
35.180000,-7.875764224e-03
35.185000,4.444191961e-03
35.190000,1.577531417e-02
35.195000,2.544827751e-02
35.200000,3.293471463e-02
35.205000,3.788841318e-02
35.210000,4.017695001e-02
35.215000,3.990111268e-02
35.220000,3.739845336e-02
35.225000,3.322723523e-02
35.230000,2.812828805e-02
35.235000,2.296489065e-02
35.240000,1.864431590e-02
35.245000,1.602835099e-02
35.250000,1.584303705e-02
35.255000,1.859923818e-02
35.260000,2.453494503e-02
35.265000,3.358742145e-02
35.270000,4.539891964e-02
35.275000,5.935464178e-02
35.280000,7.464699510e-02
35.285000,9.035690366e-02
35.290000,1.055415223e-01
35.295000,1.193181456e-01
35.300000,1.309359846e-01
35.305000,1.398301342e-01
35.310000,1.456548622e-01
35.315000,1.482958659e-01
35.320000,1.478631766e-01
35.325000,1.446678661e-01
35.330000,1.391865999e-01
35.335000,1.320183486e-01
35.340000,1.238371915e-01
35.345000,1.153442329e-01
35.350000,1.072205077e-01
35.355000,1.000818159e-01
35.360000,9.443615202e-02
35.365000,9.064500011e-02
35.370000,8.889108567e-02
35.375000,8.915665867e-02
35.380000,9.121724001e-02
35.385000,9.465530363e-02
35.390000,9.889627689e-02
35.395000,1.032657779e-01
35.400000,1.070629504e-01
35.405000,1.096411617e-01
35.410000,1.104851859e-01
35.415000,1.092738931e-01
35.420000,1.059194524e-01
35.425000,1.005776486e-01
35.430000,9.362831546e-02
35.435000,8.562924430e-02
35.440000,7.725051430e-02
35.445000,6.919854877e-02
35.450000,6.214009711e-02
35.455000,5.663574728e-02
35.460000,5.309061722e-02
35.465000,5.172685714e-02
35.470000,5.257900724e-02
35.475000,5.550974749e-02
35.480000,6.024084023e-02
35.485000,6.639265010e-02
35.490000,7.352574276e-02
35.495000,8.117949706e-02
35.500000,8.890483361e-02
35.505000,9.629032550e-02
35.510000,1.029824752e-01
35.515000,1.087014922e-01
35.520000,1.132535395e-01
35.525000,1.165394897e-01
35.530000,1.185592079e-01
35.535000,1.194096966e-01
35.540000,1.192753433e-01
35.545000,1.184091015e-01
35.550000,1.171046207e-01
35.555000,1.156609330e-01
35.560000,1.143430169e-01
35.565000,1.133430307e-01
35.570000,1.127478699e-01
35.575000,1.125186372e-01
35.580000,1.124864718e-01
35.585000,1.123670590e-01
35.590000,1.117933619e-01
35.595000,1.103631982e-01
35.600000,1.076957699e-01
35.605000,1.034896064e-01
35.610000,9.757388243e-02
35.615000,8.994577630e-02
35.620000,8.078830049e-02
35.625000,7.046557436e-02
35.630000,5.949542416e-02
35.635000,4.850208047e-02
35.640000,3.815421685e-02
35.645000,2.909534714e-02
35.650000,2.187450177e-02
35.655000,1.688507891e-02
35.660000,1.431885241e-02
35.665000,1.414041346e-02
35.670000,1.608498879e-02
35.675000,1.967984679e-02
35.680000,2.428670392e-02
35.685000,2.916008256e-02
35.690000,3.351485829e-02
35.695000,3.659556914e-02
35.700000,3.774051828e-02
35.705000,3.643509752e-02
35.710000,3.235069213e-02
35.715000,2.536752479e-02
35.720000,1.558146723e-02
35.725000,3.295991402e-03
35.730000,-1.099894691e-02
35.735000,-2.665905232e-02
35.740000,-4.292675868e-02
35.745000,-5.897908169e-02
35.750000,-7.398001260e-02
35.755000,-8.713500927e-02
35.760000,-9.774484364e-02
35.765000,-1.052557030e-01
35.770000,-1.093020880e-01
35.775000,-1.097388270e-01
35.780000,-1.066585954e-01
35.785000,-1.003918741e-01
35.790000,-9.148741934e-02
35.795000,-8.067307965e-02
35.800000,-6.879903931e-02
35.805000,-5.676799551e-02
35.810000,-4.545892861e-02
35.815000,-3.565249976e-02
35.820000,-2.796628052e-02
35.825000,-2.280680643e-02
35.830000,-2.034303286e-02
35.835000,-2.050270220e-02
35.840000,-2.299015889e-02
35.845000,-2.732196832e-02
35.850000,-3.287566867e-02
35.855000,-3.894699987e-02
35.860000,-4.481150290e-02
35.865000,-4.978683489e-02
35.870000,-5.329208573e-02
35.875000,-5.489983212e-02
35.880000,-5.437607585e-02
35.885000,-5.170321699e-02
35.890000,-4.708228251e-02
35.895000,-4.091282306e-02
35.900000,-3.375180171e-02
35.905000,-2.625574861e-02
35.910000,-1.911277772e-02
35.915000,-1.297233615e-02
35.920000,-8.380694113e-03
35.925000,-5.729328182e-03
35.930000,-5.221735025e-03
35.935000,-6.862028763e-03
35.940000,-1.046607839e-02
35.945000,-1.569312062e-02
35.950000,-2.209304734e-02
35.955000,-2.916235204e-02
35.960000,-3.640049770e-02
35.965000,-4.335859178e-02
35.970000,-4.967381355e-02
35.975000,-5.508580089e-02
35.980000,-5.943464396e-02
35.985000,-6.264355368e-02
35.990000,-6.469195526e-02
35.995000,-6.558612354e-02
36.000000,-6.533422106e-02
36.005000,-6.393078184e-02
36.010000,-6.135274313e-02
36.015000,-5.756581417e-02
36.020000,-5.253716826e-02
36.025000,-4.624893447e-02
36.030000,-3.870719001e-02
36.035000,-2.994306285e-02
36.040000,-2.000559340e-02
36.045000,-8.949260909e-03
36.050000,3.178459579e-03
36.055000,1.634330482e-02
36.060000,3.051916290e-02
36.065000,4.566972268e-02
36.070000,6.171894346e-02
36.075000,7.851661023e-02
36.080000,9.580821415e-02
36.085000,1.132192067e-01
36.090000,1.302618451e-01
36.095000,1.463685838e-01
36.100000,1.609501653e-01
36.105000,1.734705768e-01
36.110000,1.835263678e-01
36.115000,1.909156780e-01
36.120000,1.956833220e-01
36.125000,1.981322577e-01
36.130000,1.987978510e-01
36.135000,1.983881552e-01
36.140000,1.976994626e-01
36.145000,1.975203926e-01
36.150000,1.985390498e-01
36.155000,2.012662754e-01
36.160000,2.059843155e-01
36.165000,2.127253256e-01
36.170000,2.212791370e-01
36.175000,2.312255804e-01
36.180000,2.419840072e-01
36.185000,2.528716890e-01
36.190000,2.631633953e-01
36.195000,2.721462746e-01
36.200000,2.791666873e-01
36.205000,2.836682532e-01
36.210000,2.852224592e-01
36.215000,2.835541822e-01
36.220000,2.785640774e-01
36.225000,2.703480385e-01
36.230000,2.592113416e-01
36.235000,2.456725794e-01
36.240000,2.304511215e-01
36.245000,2.144324744e-01
36.250000,1.986088516e-01
36.255000,1.839970528e-01
36.260000,1.715412513e-01
36.265000,1.620129970e-01
36.270000,1.559232475e-01
36.275000,1.534606798e-01
36.280000,1.544668665e-01
36.285000,1.584529153e-01
36.290000,1.646552509e-01
36.295000,1.721219306e-01
36.300000,1.798165294e-01
36.305000,1.867249658e-01
36.310000,1.919516922e-01
36.315000,1.947949057e-01
36.320000,1.947948962e-01
36.325000,1.917543107e-01
36.330000,1.857330822e-01
36.335000,1.770234229e-01
36.340000,1.661113443e-01
36.345000,1.536306971e-01
36.350000,1.403141094e-01
36.355000,1.269430742e-01
36.360000,1.142976020e-01
36.365000,1.031050215e-01
36.370000,9.398812370e-02
36.375000,8.741477553e-02
36.380000,8.365370190e-02
36.385000,8.274323366e-02
36.390000,8.448031917e-02
36.395000,8.843530428e-02
36.400000,9.399398537e-02
36.405000,1.004231502e-01
36.410000,1.069507154e-01
36.415000,1.128481710e-01
36.420000,1.175023997e-01
36.425000,1.204662697e-01
36.430000,1.214820604e-01
36.435000,1.204774981e-01
36.440000,1.175394864e-01
36.445000,1.128742622e-01
36.450000,1.067639739e-01
36.455000,9.952848773e-02
36.460000,9.149810281e-02
36.465000,8.299870447e-02
36.470000,7.434682057e-02
36.475000,6.584905713e-02
36.480000,5.779921818e-02
36.485000,5.046734498e-02
36.490000,4.407774984e-02
36.495000,3.877721360e-02
36.500000,3.459886709e-02
36.505000,3.143073043e-02
36.510000,2.899937375e-02
36.515000,2.687797233e-02
36.520000,2.452403382e-02
36.525000,2.134588219e-02
36.530000,1.678989617e-02
36.535000,1.043427312e-02
36.540000,2.071482069e-03
36.545000,-8.238162975e-03
36.550000,-2.015491591e-02
36.555000,-3.309522959e-02
36.560000,-4.631028193e-02
36.565000,-5.899406909e-02
36.570000,-7.040141801e-02
36.575000,-7.995412618e-02
36.580000,-8.731595136e-02
36.585000,-9.242375077e-02
36.590000,-9.547119802e-02
36.595000,-9.685113371e-02
36.600000,-9.707060013e-02
36.605000,-9.665723076e-02
36.610000,-9.607595713e-02
36.615000,-9.567102081e-02
36.620000,-9.564111146e-02
36.625000,-9.604692977e-02
36.630000,-9.684272906e-02
36.635000,-9.791831592e-02
36.640000,-9.913676257e-02
36.645000,-1.003558921e-01
36.650000,-1.014276275e-01
36.655000,-1.021769508e-01
36.660000,-1.023695026e-01
36.665000,-1.016818071e-01
36.670000,-9.968928686e-02
36.675000,-9.588403264e-02
36.680000,-8.972725546e-02
36.685000,-8.073205695e-02
36.690000,-6.856301911e-02
36.695000,-5.313268126e-02
36.700000,-3.467322159e-02
36.705000,-1.376532339e-02
36.710000,8.685527541e-03
36.715000,3.152433764e-02
36.720000,5.346212047e-02
36.725000,7.321277008e-02
36.730000,8.962942894e-02
36.735000,1.018201980e-01
36.740000,1.092284588e-01
36.745000,1.116704734e-01
36.750000,1.093304448e-01
36.755000,1.027193791e-01
36.760000,9.260802561e-02
36.765000,7.994564008e-02
36.770000,6.577554275e-02
36.775000,5.115600872e-02
36.780000,3.709170899e-02
36.785000,2.447760788e-02
36.790000,1.405474078e-02
36.795000,6.376212888e-03
36.800000,1.782185173e-03
36.805000,3.841323132e-04
36.810000,2.060430498e-03
36.815000,6.466399166e-03
36.820000,1.306156145e-02
36.825000,2.115492360e-02
36.830000,2.996594955e-02
36.835000,3.869553665e-02
36.840000,4.659872447e-02
36.845000,5.304989708e-02
36.850000,5.759217640e-02
36.855000,5.996530920e-02
36.860000,6.010995935e-02
36.865000,5.815009698e-02
36.870000,5.435835745e-02
36.875000,4.911128313e-02
36.880000,4.284199497e-02
36.885000,3.599706297e-02
36.890000,2.900237454e-02
36.895000,2.224005422e-02
36.900000,1.603556481e-02
36.905000,1.065172597e-02
36.910000,6.285204222e-03
36.915000,3.061494934e-03
36.920000,1.026517911e-03
36.925000,1.361028247e-04
36.930000,2.477954317e-04
36.935000,1.121340472e-03
36.940000,2.433918499e-03
36.945000,3.813414930e-03
36.950000,4.888224756e-03
36.955000,5.346654327e-03
36.960000,4.994562019e-03
36.965000,3.798012110e-03
36.970000,1.899264807e-03
36.975000,-4.007082847e-04
36.980000,-2.692864170e-03
36.985000,-4.535889835e-03
36.990000,-5.542862092e-03
36.995000,-5.461124273e-03
37.000000,-4.228269788e-03
37.005000,-1.991518151e-03
37.010000,9.148682274e-04
37.015000,4.030723268e-03
37.020000,6.858025071e-03
37.025000,8.958290285e-03
37.030000,1.003950950e-02
37.035000,1.001481366e-02
37.040000,9.020945578e-03
37.045000,7.393160165e-03
37.050000,5.602529885e-03
37.055000,4.169671866e-03
37.060000,3.573747365e-03
37.065000,4.176004502e-03
37.070000,6.172968023e-03
37.075000,9.586606657e-03
37.080000,1.428939284e-02
37.085000,2.005358889e-02
37.090000,2.660867275e-02
37.095000,3.369004166e-02
37.100000,4.106617356e-02
37.105000,4.853904014e-02
37.110000,5.592145078e-02
37.115000,6.300250600e-02
37.120000,6.951625812e-02
37.125000,7.512794599e-02
37.130000,7.944711379e-02
37.135000,8.206908977e-02
37.140000,8.263792576e-02
37.145000,8.091723582e-02
37.150000,7.685209885e-02
37.155000,7.060604673e-02
37.160000,6.256188669e-02
37.165000,5.328258979e-02
37.170000,4.343705390e-02
37.175000,3.370335141e-02
37.180000,2.466739183e-02
37.185000,1.673655286e-02
37.190000,1.008530480e-02
37.195000,4.643620468e-03
37.200000,1.303245607e-04
37.205000,-3.875616430e-03
37.210000,-7.840486726e-03
37.215000,-1.217691711e-02
37.220000,-1.715994923e-02
37.225000,-2.287348480e-02
37.230000,-2.919560599e-02
37.235000,-3.582292155e-02
37.240000,-4.232628606e-02
37.245000,-4.822465700e-02
37.250000,-5.306159583e-02
37.255000,-5.647024642e-02
37.260000,-5.821694440e-02
37.265000,-5.821964853e-02
37.270000,-5.654352243e-02
37.275000,-5.338068480e-02
37.280000,-4.902331109e-02
37.285000,-4.383855469e-02
37.290000,-3.825060558e-02
37.295000,-3.273070343e-02
37.300000,-2.779148868e-02
37.305000,-2.397906798e-02
37.310000,-2.185552765e-02
37.315000,-2.196662337e-02
37.320000,-2.479353589e-02
37.325000,-3.069281082e-02
37.330000,-3.983344106e-02
37.335000,-5.214308047e-02
37.340000,-6.727560750e-02
37.345000,-8.460943329e-02
37.350000,-1.032806601e-01
37.355000,-1.222487267e-01
37.360000,-1.403861381e-01
37.365000,-1.565797379e-01
37.370000,-1.698296269e-01
37.375000,-1.793333690e-01
37.380000,-1.845468778e-01
37.385000,-1.852181819e-01
37.390000,-1.813948552e-01
37.395000,-1.734092266e-01
37.400000,-1.618470235e-01
37.405000,-1.475048548e-01
37.410000,-1.313404074e-01
37.415000,-1.144171920e-01
37.420000,-9.784401793e-02
37.425000,-8.270879567e-02
37.430000,-7.000713610e-02
37.435000,-6.056839376e-02
37.440000,-5.498469026e-02
37.445000,-5.355109529e-02
37.450000,-5.622651681e-02
37.455000,-6.262418414e-02
37.460000,-7.203763869e-02
37.465000,-8.350324742e-02
37.470000,-9.589435258e-02
37.475000,-1.080365154e-01
37.480000,-1.188291558e-01
37.485000,-1.273571910e-01
37.490000,-1.329774834e-01
37.495000,-1.353688766e-01
37.500000,-1.345406070e-01
37.505000,-1.308007911e-01
37.510000,-1.246931240e-01
37.515000,-1.169145767e-01
37.520000,-1.082287781e-01
37.525000,-9.938853172e-02
37.530000,-9.107689894e-02
37.535000,-8.387054086e-02
37.540000,-7.822304661e-02
37.545000,-7.446141007e-02
37.550000,-7.278689275e-02
37.555000,-7.327276631e-02
37.560000,-7.585547268e-02
37.565000,-8.032131775e-02
37.570000,-8.629611493e-02
37.575000,-9.324835308e-02
37.580000,-1.005161274e-01
37.585000,-1.073638619e-01
37.590000,-1.130675651e-01
37.595000,-1.170188266e-01
37.600000,-1.188303683e-01
37.605000,-1.184219742e-01
37.610000,-1.160665024e-01
37.615000,-1.123816294e-01
37.620000,-1.082628514e-01
37.625000,-1.047648721e-01
37.630000,-1.029491905e-01
37.635000,-1.037230381e-01
37.640000,-1.076971715e-01
37.645000,-1.150869302e-01
37.650000,-1.256731023e-01
37.655000,-1.388281907e-01
37.660000,-1.536018703e-01
37.665000,-1.688491506e-01
37.670000,-1.833780076e-01
37.675000,-1.960912760e-01
37.680000,-2.061006571e-01
37.685000,-2.127979477e-01
37.690000,-2.158783222e-01
37.695000,-2.153204212e-01
37.700000,-2.113358932e-01
37.705000,-2.043051878e-01
37.710000,-1.947161049e-01
37.715000,-1.831172644e-01
37.720000,-1.700916920e-01
37.725000,-1.562481245e-01
37.730000,-1.422215097e-01
37.735000,-1.286710992e-01
37.740000,-1.162652632e-01
37.745000,-1.056463885e-01
37.750000,-9.737578749e-02
37.755000,-9.186564495e-02
37.760000,-8.931077341e-02
37.765000,-8.963576544e-02
37.770000,-9.247218078e-02
37.775000,-9.717575411e-02
37.780000,-1.028862125e-01
37.785000,-1.086237703e-01
37.790000,-1.134086286e-01
37.795000,-1.163845897e-01
37.800000,-1.169264088e-01
37.805000,-1.147130908e-01
37.810000,-1.097554841e-01
37.815000,-1.023748963e-01
37.820000,-9.313828774e-02
37.825000,-8.276304925e-02
37.830000,-7.200895965e-02
37.835000,-6.157583243e-02
37.840000,-5.202263659e-02
37.845000,-4.371832412e-02
37.850000,-3.682761330e-02
37.855000,-3.132817803e-02
37.860000,-2.705053400e-02
37.865000,-2.372934603e-02
37.870000,-2.105515795e-02
37.875000,-1.871819228e-02
37.880000,-1.643985522e-02
37.885000,-1.399164879e-02
37.890000,-1.120421068e-02
37.895000,-7.970502548e-03
37.900000,-4.246699840e-03
37.905000,-5.263063985e-05
37.910000,4.528454959e-03
37.915000,9.352540484e-03
37.920000,1.422210326e-02
37.925000,1.889937535e-02
37.930000,2.312539514e-02
37.935000,2.664288500e-02
37.940000,2.921977046e-02
37.945000,3.066990393e-02
37.950000,3.086831047e-02
37.955000,2.975970471e-02
37.960000,2.736059112e-02
37.965000,2.375641018e-02
37.970000,1.909558721e-02
37.975000,1.358193206e-02
37.980000,7.465877110e-03
37.985000,1.033964157e-03
37.990000,-5.404732812e-03
37.995000,-1.153658503e-02
38.000000,-1.706632975e-02
38.005000,-2.174402036e-02
38.010000,-2.539334620e-02
38.015000,-2.793712375e-02
38.020000,-2.941490757e-02
38.025000,-2.998783743e-02
38.030000,-2.992713892e-02
38.035000,-2.958499504e-02
38.040000,-2.934945781e-02
38.045000,-2.958817497e-02
38.050000,-3.058839598e-02
38.055000,-3.250242468e-02
38.060000,-3.530792456e-02
38.065000,-3.879097727e-02
38.070000,-4.255657795e-02
38.075000,-4.606675558e-02
38.080000,-4.870155790e-02
38.085000,-4.983381465e-02
38.090000,-4.890594837e-02
38.095000,-4.549684917e-02
38.100000,-3.936907776e-02
38.105000,-3.049083429e-02
38.110000,-1.903213749e-02
38.115000,-5.339224767e-03
38.120000,1.010573473e-02
38.125000,2.673145110e-02
38.130000,4.392352814e-02
38.135000,6.106453110e-02
38.140000,7.756563966e-02
38.145000,9.288984939e-02
38.150000,1.065683428e-01
38.155000,1.182123194e-01
38.160000,1.275223038e-01
38.165000,1.342959848e-01
38.170000,1.384343430e-01
38.175000,1.399446209e-01
38.180000,1.389380024e-01
38.185000,1.356200155e-01
38.190000,1.302727550e-01
38.195000,1.232298377e-01
38.200000,1.148470651e-01
38.205000,1.054733856e-01
38.210000,9.542731099e-02
38.215000,8.498308486e-02
38.220000,7.436872355e-02
38.225000,6.377508659e-02
38.230000,5.337221677e-02
38.235000,4.332718594e-02
38.240000,3.381721637e-02
38.245000,2.503310537e-02
38.250000,1.717065869e-02
38.255000,1.041122900e-02
38.260000,4.895654159e-03
38.265000,6.980346869e-04
38.270000,-2.193708874e-03
38.275000,-3.884875706e-03
38.280000,-4.565846226e-03
38.285000,-4.489683368e-03
38.290000,-3.940006846e-03
38.295000,-3.196267853e-03
38.300000,-2.504398168e-03
38.305000,-2.059593041e-03
38.310000,-2.004920292e-03
38.315000,-2.445241161e-03
38.320000,-3.471643585e-03
38.325000,-5.188375651e-03
38.330000,-7.733056901e-03
38.335000,-1.128218429e-02
38.340000,-1.603745243e-02
38.345000,-2.219337923e-02
38.350000,-2.989195227e-02
38.355000,-3.917415642e-02
38.360000,-4.994020160e-02
38.365000,-6.192943757e-02
38.370000,-7.472738212e-02
38.375000,-8.780172264e-02
38.380000,-1.005628121e-01
38.385000,-1.124385333e-01
38.390000,-1.229498114e-01
38.395000,-1.317724381e-01
38.400000,-1.387734815e-01
38.405000,-1.440158587e-01
38.410000,-1.477314401e-01
38.415000,-1.502697310e-01
38.420000,-1.520341211e-01
38.425000,-1.534197162e-01
38.430000,-1.547653975e-01
38.435000,-1.563283586e-01
38.440000,-1.582830938e-01
38.445000,-1.607402340e-01
38.450000,-1.637754386e-01
38.455000,-1.674560775e-01
38.460000,-1.718543591e-01
38.465000,-1.770397130e-01
38.470000,-1.830496200e-01
38.475000,-1.898450962e-01
38.480000,-1.972628380e-01
38.485000,-2.049790056e-01
38.490000,-2.124988172e-01
38.495000,-2.191815360e-01
38.500000,-2.243030071e-01
38.505000,-2.271493372e-01
38.510000,-2.271275853e-01
38.515000,-2.238742448e-01
38.520000,-2.173410234e-01
38.525000,-2.078403020e-01
38.530000,-1.960391485e-01
38.535000,-1.828996164e-01
38.540000,-1.695725828e-01
38.545000,-1.572607361e-01
38.550000,-1.470718896e-01
38.555000,-1.398854614e-01
38.560000,-1.362523686e-01
38.565000,-1.363422645e-01
38.570000,-1.399433312e-01
38.575000,-1.465105843e-01
38.580000,-1.552508033e-01
38.585000,-1.652273319e-01
38.590000,-1.754668937e-01
38.595000,-1.850531256e-01
38.600000,-1.931967746e-01
38.605000,-1.992789608e-01
38.610000,-2.028699541e-01
38.615000,-2.037301778e-01
38.620000,-2.018018196e-01
38.625000,-1.971983582e-01
38.630000,-1.901960662e-01
38.635000,-1.812272172e-01
38.640000,-1.708706898e-01
38.645000,-1.598332151e-01
38.650000,-1.489145236e-01
38.655000,-1.389522734e-01
38.660000,-1.307472965e-01
38.665000,-1.249751878e-01
38.670000,-1.220951336e-01
38.675000,-1.222698674e-01
38.680000,-1.253109612e-01
38.685000,-1.306612032e-01
38.690000,-1.374210455e-01
38.695000,-1.444199252e-01
38.700000,-1.503267180e-01
38.705000,-1.537877025e-01
38.710000,-1.535760744e-01
38.715000,-1.487349072e-01
38.720000,-1.386958591e-01
38.725000,-1.233588786e-01
38.730000,-1.031232279e-01
38.735000,-7.886651872e-02
38.740000,-5.187506952e-02
38.745000,-2.373464292e-02
38.750000,3.805355253e-03
38.755000,2.897929407e-02
38.760000,5.014973200e-02
38.765000,6.593619962e-02
38.770000,7.531872119e-02
38.775000,7.770974736e-02
38.780000,7.299123336e-02
38.785000,6.151613920e-02
38.790000,4.407564770e-02
38.795000,2.183508757e-02
38.800000,-3.756827916e-03
38.805000,-3.107910860e-02
38.810000,-5.846181113e-02
38.815000,-8.431187211e-02
38.820000,-1.072308307e-01
38.825000,-1.261140079e-01
38.830000,-1.402222285e-01
38.835000,-1.492199194e-01
38.840000,-1.531769600e-01
38.845000,-1.525353886e-01
38.850000,-1.480454067e-01
38.855000,-1.406777199e-01
38.860000,-1.315210266e-01
38.865000,-1.216744945e-01
38.870000,-1.121454417e-01
38.875000,-1.037621209e-01
38.880000,-9.711028498e-02
38.885000,-9.249990196e-02
38.890000,-8.996496018e-02
38.895000,-8.929508152e-02
38.900000,-9.009331213e-02
38.905000,-9.185083078e-02
38.910000,-9.402718351e-02
38.915000,-9.612447425e-02
38.920000,-9.774570993e-02
38.925000,-9.863077398e-02
38.930000,-9.866755614e-02
38.935000,-9.787979701e-02
38.940000,-9.639652772e-02
38.945000,-9.441015324e-02
38.950000,-9.213106377e-02
38.955000,-8.974622031e-02
38.960000,-8.738767009e-02
38.965000,-8.511472568e-02
38.970000,-8.291095660e-02
38.975000,-8.069458628e-02
38.980000,-7.833874408e-02
38.985000,-7.569664118e-02
38.990000,-7.262636214e-02
38.995000,-6.901066161e-02
39.000000,-6.476876762e-02
39.005000,-5.985933350e-02
39.010000,-5.427582188e-02
39.015000,-4.803721924e-02
39.020000,-4.117770008e-02
39.025000,-3.373858417e-02
39.030000,-2.576482873e-02
39.035000,-1.730673524e-02
39.040000,-8.425951420e-03
39.045000,7.964220492e-04
39.050000,1.025250900e-02
39.055000,1.980402668e-02
39.060000,2.928459626e-02
39.065000,3.850902830e-02
39.070000,4.728906385e-02
39.075000,5.545348947e-02
39.080000,6.286934798e-02
39.085000,6.946045655e-02
39.090000,7.521977080e-02
39.095000,8.021320637e-02
39.100000,8.457403895e-02
39.105000,8.848853773e-02
39.110000,9.217468941e-02
39.115000,9.585655163e-02
39.120000,9.973694513e-02
39.125000,1.039709957e-01
39.130000,1.086426486e-01
39.135000,1.137458395e-01
39.140000,1.191716043e-01
39.145000,1.247020978e-01
39.150000,1.300123089e-01
39.155000,1.346802070e-01
39.160000,1.382060532e-01
39.165000,1.400414795e-01
39.170000,1.396284283e-01
39.175000,1.364469689e-01
39.180000,1.300693571e-01
39.185000,1.202157537e-01
39.190000,1.068052689e-01
39.195000,8.999502266e-02
39.200000,7.020018303e-02
39.205000,4.808960115e-02
39.210000,2.455453013e-02
39.215000,6.514943690e-04
39.220000,-2.247597430e-02
39.225000,-4.368893448e-02
39.230000,-6.194816158e-02
39.235000,-7.640236800e-02
39.240000,-8.645990182e-02
39.245000,-9.183641969e-02
39.250000,-9.257407873e-02
39.255000,-8.903128700e-02
39.260000,-8.184544359e-02
39.265000,-7.187388564e-02
39.270000,-6.012007631e-02
39.275000,-4.765275574e-02
39.280000,-3.552540245e-02
39.285000,-2.470218040e-02
39.290000,-1.599496912e-02
39.295000,-1.001451027e-02
39.300000,-7.137479765e-03
39.305000,-7.490537643e-03
39.310000,-1.095200241e-02
39.315000,-1.717142144e-02
39.320000,-2.560658045e-02
39.325000,-3.557615913e-02
39.330000,-4.632433727e-02
39.335000,-5.709156771e-02
39.340000,-6.718407238e-02
39.345000,-7.603400000e-02
39.350000,-8.324297366e-02
39.355000,-8.860392170e-02
39.360000,-9.209921066e-02
39.365000,-9.387654882e-02
39.370000,-9.420725924e-02
39.375000,-9.343384460e-02
39.380000,-9.191500210e-02
39.385000,-8.997628197e-02
39.390000,-8.787341472e-02
39.395000,-8.577305798e-02
39.400000,-8.375258505e-02
39.405000,-8.181702178e-02
39.410000,-7.992800938e-02
39.415000,-7.803747599e-02
39.420000,-7.611813943e-02
39.425000,-7.418425464e-02
39.430000,-7.229887507e-02
39.435000,-7.056757076e-02
39.440000,-6.912204097e-02
39.445000,-6.809942663e-02
39.450000,-6.762374159e-02
39.455000,-6.779457071e-02
39.460000,-6.868542108e-02
39.465000,-7.035066975e-02
39.470000,-7.283694095e-02
39.475000,-7.619291788e-02
39.480000,-8.047166730e-02
39.485000,-8.572161259e-02
39.490000,-9.196581705e-02
39.495000,-9.917322719e-02
39.500000,-1.072287680e-01
39.505000,-1.159106453e-01
39.510000,-1.248823809e-01
39.515000,-1.337041620e-01
39.520000,-1.418638354e-01
39.525000,-1.488234803e-01
39.530000,-1.540740696e-01
39.535000,-1.571890683e-01
39.540000,-1.578681566e-01
39.545000,-1.559643704e-01
39.550000,-1.514912384e-01
39.555000,-1.446102286e-01
39.560000,-1.356022858e-01
39.565000,-1.248298069e-01
39.570000,-1.126965969e-01
39.575000,-9.961290292e-02
39.580000,-8.597060020e-02
39.585000,-7.213042087e-02
39.590000,-5.841957337e-02
39.595000,-4.513519387e-02
39.600000,-3.254771097e-02
39.605000,-2.089889640e-02
39.610000,-1.039197994e-02
39.615000,-1.174935712e-03
39.620000,6.678326848e-03
39.625000,1.318187030e-02
39.630000,1.843970943e-02
39.635000,2.263122939e-02
39.640000,2.597964258e-02
39.645000,2.870800788e-02
39.650000,3.099155208e-02
39.655000,3.291730715e-02
39.660000,3.446167254e-02
39.665000,3.549336996e-02
39.670000,3.580401350e-02
39.675000,3.516232913e-02
39.680000,3.338234262e-02
39.685000,3.039195426e-02
39.690000,2.628719623e-02
39.695000,2.135948322e-02
39.700000,1.608799338e-02
39.705000,1.109600084e-02
39.710000,7.077147473e-03
39.715000,4.703779803e-03
39.720000,4.533265017e-03
39.725000,6.928791425e-03
39.730000,1.200837958e-02
39.735000,1.963024251e-02
39.740000,2.941544113e-02
39.745000,4.080158063e-02
39.750000,5.311571040e-02
39.755000,6.565187500e-02
39.760000,7.773946546e-02
39.765000,8.879232151e-02
39.770000,9.833433523e-02
39.775000,1.060035172e-01
39.780000,1.115414762e-01
39.785000,1.147778065e-01
39.790000,1.156184763e-01
39.795000,1.140442747e-01
39.800000,1.101207295e-01
39.805000,1.040160128e-01
39.810000,9.601958110e-02
39.815000,8.655264592e-02
39.820000,7.616243149e-02
39.825000,6.549532666e-02
39.830000,5.524867712e-02
39.835000,4.610599681e-02
39.840000,3.866463540e-02
39.845000,3.336745571e-02
39.850000,3.045026564e-02
39.855000,2.991452051e-02
39.860000,3.153057405e-02
39.865000,3.487135614e-02
39.870000,3.937091731e-02
39.875000,4.439798378e-02
39.880000,4.933247268e-02
39.885000,5.363330975e-02
39.890000,5.688871282e-02
39.895000,5.884455482e-02
39.900000,5.941126385e-02
39.905000,5.865364101e-02
39.910000,5.676999443e-02
39.915000,5.406675566e-02
39.920000,5.093264543e-02
39.925000,4.781345705e-02
39.930000,4.518582908e-02
39.935000,4.352702469e-02
39.940000,4.327827164e-02
39.945000,4.480154346e-02
39.950000,4.833307187e-02
39.955000,5.394026872e-02
39.960000,6.149091735e-02
39.965000,7.064354589e-02
39.970000,8.086543874e-02
39.975000,9.148009977e-02
39.980000,1.017401364e-01
39.985000,1.109159012e-01
39.990000,1.183862648e-01
39.995000,1.237166778e-01
40.000000,1.267115981e-01
40.005000,1.274329905e-01
40.010000,1.261828730e-01
40.015000,1.234543496e-01
40.020000,1.198608499e-01
40.025000,1.160563423e-01
40.030000,1.126596158e-01
40.035000,1.101934560e-01
40.040000,1.090453157e-01
40.045000,1.094509557e-01
40.050000,1.114977319e-01
40.055000,1.151408625e-01
40.060000,1.202249191e-01
40.065000,1.265040972e-01
40.070000,1.336580640e-01
40.075000,1.413042305e-01
40.080000,1.490108170e-01
40.085000,1.563168203e-01
40.090000,1.627642240e-01
40.095000,1.679445470e-01
40.100000,1.715568751e-01
40.105000,1.734692163e-01
40.110000,1.737709314e-01
40.115000,1.728024783e-01
40.120000,1.711505730e-01
40.125000,1.696020975e-01
40.130000,1.690577746e-01
40.135000,1.704151779e-01
40.140000,1.744380967e-01
40.145000,1.816338061e-01
40.150000,1.921601874e-01
40.155000,2.057805855e-01
40.160000,2.218764468e-01
40.165000,2.395176441e-01
40.170000,2.575799235e-01
40.175000,2.748901562e-01
40.180000,2.903748109e-01
40.185000,3.031864264e-01
40.190000,3.127871692e-01
40.195000,3.189771162e-01
40.200000,3.218660501e-01
40.205000,3.217989266e-01
40.210000,3.192541645e-01
40.215000,3.147383854e-01
40.220000,3.087000899e-01
40.225000,3.014783712e-01
40.230000,2.932928726e-01
40.235000,2.842704332e-01
40.240000,2.744950123e-01
40.245000,2.640626780e-01
40.250000,2.531236108e-01
40.255000,2.418978405e-01
40.260000,2.306592688e-01
40.265000,2.196913416e-01
40.270000,2.092253443e-01
40.275000,1.993770296e-01
40.280000,1.900982146e-01
40.285000,1.811570819e-01
40.290000,1.721549421e-01
40.295000,1.625795069e-01
40.300000,1.518869002e-01
40.305000,1.395982991e-01
40.310000,1.253935283e-01
40.315000,1.091838766e-01
40.320000,9.114993715e-02
40.325000,7.173672191e-02
40.330000,5.160637329e-02
40.335000,3.155676285e-02
40.340000,1.242039470e-02
40.345000,-5.039025417e-03
40.350000,-2.021578301e-02
40.355000,-3.272464976e-02
40.360000,-4.243041034e-02
40.365000,-4.944472992e-02
40.370000,-5.409603824e-02
40.375000,-5.688121000e-02
40.380000,-5.840839547e-02
40.385000,-5.933885934e-02
40.390000,-6.033302865e-02
40.395000,-6.200313676e-02
40.400000,-6.487269027e-02
40.405000,-6.934194423e-02
40.410000,-7.565873686e-02
40.415000,-8.389516742e-02
40.420000,-9.393220352e-02
40.425000,-1.054557233e-01
40.430000,-1.179680694e-01
40.435000,-1.308184211e-01
40.440000,-1.432530346e-01
40.445000,-1.544829879e-01
40.450000,-1.637632226e-01
40.455000,-1.704733886e-01
40.460000,-1.741891819e-01
40.465000,-1.747331346e-01
40.470000,-1.721962834e-01
40.475000,-1.669263971e-01
40.480000,-1.594836840e-01
40.485000,-1.505700729e-01
40.490000,-1.409422524e-01
40.495000,-1.313208626e-01
40.500000,-1.223081934e-01
40.505000,-1.143245918e-01
40.510000,-1.075701355e-01
40.515000,-1.020139034e-01
40.520000,-9.740931907e-02
40.525000,-9.333122641e-02
40.530000,-8.922885722e-02
40.535000,-8.448847734e-02
40.540000,-7.849981904e-02
40.545000,-7.072095592e-02
40.550000,-6.073675712e-02
40.555000,-4.830643446e-02
40.560000,-3.339613228e-02
40.565000,-1.619324402e-02
40.570000,2.899647937e-03
40.575000,2.329158175e-02
40.580000,4.424901923e-02
40.585000,6.495661934e-02
40.590000,8.458690712e-02
40.595000,1.023713150e-01
40.600000,1.176645666e-01
40.605000,1.299950084e-01
40.610000,1.390952464e-01
40.615000,1.449100677e-01
40.620000,1.475816818e-01
40.625000,1.474153212e-01
40.630000,1.448307359e-01
40.635000,1.403067913e-01
40.640000,1.343269962e-01
40.645000,1.273332498e-01
40.650000,1.196933970e-01
40.655000,1.116854907e-01
40.660000,1.034984133e-01
40.665000,9.524537765e-02
40.670000,8.698460096e-02
40.675000,7.874078294e-02
40.680000,7.052213145e-02
40.685000,6.233023092e-02
40.690000,5.416318422e-02
40.695000,4.601513647e-02
40.700000,3.787665308e-02
40.705000,2.974010925e-02
40.710000,2.161245920e-02
40.715000,1.353511266e-02
40.720000,5.607915836e-03
40.725000,-1.987936803e-03
40.730000,-8.974417728e-03
40.735000,-1.497493685e-02
40.740000,-1.953135222e-02
40.745000,-2.214205522e-02
40.750000,-2.231970570e-02
40.755000,-1.966283518e-02
40.760000,-1.393144906e-02
40.765000,-5.114026814e-03
40.770000,6.527074442e-03
40.775000,2.044237176e-02
40.780000,3.581973638e-02
40.785000,5.164569453e-02
40.790000,6.679620614e-02
40.795000,8.014471689e-02
40.800000,9.067301837e-02
40.805000,9.757102860e-02
40.810000,1.003144854e-01
40.815000,9.871369901e-02
40.820000,9.293082867e-02
40.825000,8.346678806e-02
40.830000,7.112143992e-02
40.835000,5.693221622e-02
40.840000,4.209694161e-02
40.845000,2.788675116e-02
40.850000,1.555482967e-02
40.855000,6.246419137e-03
40.860000,9.152457362e-04
40.865000,2.512663842e-04
40.870000,4.624435659e-03
40.875000,1.404896282e-02
40.880000,2.817207044e-02
40.885000,4.629031111e-02
40.890000,6.739480351e-02
40.895000,9.024423037e-02
40.900000,1.134612732e-01
40.905000,1.356448000e-01
40.910000,1.554872233e-01
40.915000,1.718846972e-01
40.920000,1.840277594e-01
40.925000,1.914618690e-01
40.930000,1.941108675e-01
40.935000,1.922611427e-01
40.940000,1.865093812e-01
40.945000,1.776813537e-01
40.950000,1.667324370e-01
40.955000,1.546420961e-01
40.960000,1.423142970e-01
40.965000,1.304941137e-01
40.970000,1.197081484e-01
40.975000,1.102333311e-01
40.980000,1.020955665e-01
40.985000,9.509676264e-02
40.990000,8.886607364e-02
40.995000,8.292882006e-02
41.000000,7.678472602e-02
41.005000,6.998611159e-02
41.010000,6.220678489e-02
41.015000,5.329367676e-02
41.020000,4.329557976e-02
41.025000,3.246627845e-02
41.030000,2.124237840e-02
41.035000,1.019882778e-02
41.040000,-1.275247350e-05
41.045000,-8.736289582e-03
41.050000,-1.538640734e-02
41.055000,-1.951842520e-02
41.060000,-2.088531997e-02
41.065000,-1.947478462e-02
41.070000,-1.552151652e-02
41.075000,-9.492779634e-03
41.080000,-2.048760303e-03
41.085000,6.017323294e-03
41.090000,1.385169593e-02
41.095000,2.061605070e-02
41.100000,2.555835412e-02
41.105000,2.807146181e-02
41.110000,2.773543734e-02
41.115000,2.434263981e-02
41.120000,1.790731372e-02
41.125000,8.662919802e-03
41.130000,-2.949513712e-03
41.135000,-1.630000091e-02
41.140000,-3.059511971e-02
41.145000,-4.491222591e-02
41.150000,-5.824500415e-02
41.155000,-6.956237233e-02
41.160000,-7.788059501e-02
41.165000,-8.234523051e-02
41.170000,-8.231604700e-02
41.175000,-7.744521222e-02
41.180000,-6.773765589e-02
41.185000,-5.358298136e-02
41.190000,-3.575075193e-02
41.195000,-1.534515248e-02
41.200000,6.279600443e-03
41.205000,2.763591468e-02
41.210000,4.723904083e-02
41.215000,6.374653500e-02
41.220000,7.608324126e-02
41.225000,8.353562465e-02
41.230000,8.580377052e-02
41.235000,8.300605268e-02
41.240000,7.563902595e-02
41.245000,6.450188864e-02
41.250000,5.059940517e-02
41.255000,3.503856835e-02
41.260000,1.893245021e-02
41.265000,3.320415552e-03
41.270000,-1.089147456e-02
41.275000,-2.297092663e-02
41.280000,-3.238497947e-02
41.285000,-3.881575669e-02
41.290000,-4.217016718e-02
41.295000,-4.258459047e-02
41.300000,-4.042259435e-02
41.305000,-3.626157359e-02
41.310000,-3.086362187e-02
41.315000,-2.512718870e-02
41.320000,-2.001886131e-02
41.325000,-1.648832745e-02
41.330000,-1.537344453e-02
41.335000,-1.730559405e-02
41.340000,-2.262746823e-02
41.345000,-3.133559509e-02
41.350000,-4.305794808e-02
41.355000,-5.707291440e-02
41.360000,-7.237016161e-02
41.365000,-8.774747664e-02
41.370000,-1.019317486e-01
41.375000,-1.137082667e-01
41.380000,-1.220413847e-01
41.385000,-1.261716282e-01
41.390000,-1.256789335e-01
41.395000,-1.205077040e-01
41.400000,-1.109553056e-01
41.405000,-9.763028264e-02
41.410000,-8.138924539e-02
41.415000,-6.326198790e-02
41.420000,-4.437330232e-02
41.425000,-2.586780079e-02
41.430000,-8.841502084e-03
41.435000,5.718394468e-03
41.440000,1.698573617e-02
41.445000,2.434036883e-02
41.450000,2.740589223e-02
41.455000,2.607870531e-02
41.460000,2.054487492e-02
41.465000,1.127987208e-02
41.470000,-9.740052721e-04
41.475000,-1.525617342e-02
41.480000,-3.046265830e-02
41.485000,-4.544331184e-02
41.490000,-5.911267453e-02
41.495000,-7.056200546e-02
41.500000,-7.915793004e-02
41.505000,-8.461336831e-02
41.510000,-8.701903077e-02
41.515000,-8.682851869e-02
41.520000,-8.479629682e-02
41.525000,-8.187460888e-02
41.530000,-7.908172590e-02
41.535000,-7.735871551e-02
41.540000,-7.743435288e-02
41.545000,-7.971736102e-02
41.550000,-8.423181539e-02
41.555000,-9.060567755e-02
41.560000,-9.811484526e-02
41.565000,-1.057769388e-01
41.570000,-1.124815686e-01
41.575000,-1.171383126e-01
41.580000,-1.188210914e-01
41.585000,-1.168886013e-01
41.590000,-1.110648079e-01
41.595000,-1.014703807e-01
41.600000,-8.860397066e-02
41.605000,-7.327980842e-02
41.610000,-5.653382225e-02
41.615000,-3.951345853e-02
41.620000,-2.336642896e-02
41.625000,-9.141130614e-03
41.630000,2.292645069e-03
41.635000,1.029881879e-02
41.640000,1.450632920e-02
41.645000,1.482004527e-02
41.650000,1.141599367e-02
41.655000,4.725168955e-03
41.660000,-4.591548628e-03
41.665000,-1.567708033e-02
41.670000,-2.752193342e-02
41.675000,-3.902009913e-02
41.680000,-4.903797372e-02
41.685000,-5.649465987e-02
41.690000,-6.044868363e-02
41.695000,-6.018301186e-02
41.700000,-5.527818465e-02
41.705000,-4.566302712e-02
41.710000,-3.163401869e-02
41.715000,-1.383782512e-02
41.720000,6.783747362e-03
41.725000,2.908177466e-02
41.730000,5.181157894e-02
41.735000,7.375400430e-02
41.740000,9.383140365e-02
41.745000,1.112038298e-01
41.750000,1.253340148e-01
41.755000,1.360146157e-01
41.760000,1.433569088e-01
41.765000,1.477455190e-01
41.770000,1.497679240e-01
41.775000,1.501298163e-01
41.780000,1.495678098e-01
41.785000,1.487696905e-01
41.790000,1.483099056e-01
41.795000,1.486048204e-01
41.800000,1.498890272e-01
41.805000,1.522111624e-01
41.810000,1.554457012e-01
41.815000,1.593162801e-01
41.820000,1.634262427e-01
41.825000,1.672930577e-01
41.830000,1.703845602e-01
41.835000,1.721561141e-01
41.840000,1.720884010e-01
41.845000,1.697254609e-01
41.850000,1.647119744e-01
41.855000,1.568278969e-01
41.860000,1.460177874e-01
41.865000,1.324117852e-01
41.870000,1.163352756e-01
41.875000,9.830482254e-02
41.880000,7.900882403e-02
41.885000,5.927248715e-02
41.890000,4.000807203e-02
41.895000,2.215288061e-02
41.900000,6.599063861e-03
41.905000,-5.879217440e-03
41.910000,-1.469471083e-02
41.915000,-1.950517923e-02
41.920000,-2.025434301e-02
41.925000,-1.719063102e-02
41.930000,-1.086057653e-02
41.935000,-2.075760301e-03
41.940000,8.145760636e-03
41.945000,1.866062776e-02
41.950000,2.829900394e-02
41.955000,3.597382964e-02
41.960000,4.079090159e-02
41.965000,4.214806812e-02
41.970000,3.981079684e-02
41.975000,3.395220357e-02
41.980000,2.514885039e-02
41.985000,1.432912417e-02
41.990000,2.677981749e-03
41.995000,-8.491068920e-03
42.000000,-1.788021945e-02
42.005000,-2.434833845e-02
42.010000,-2.702955716e-02
42.015000,-2.541403247e-02
42.020000,-1.938172081e-02
42.025000,-9.187647623e-03
42.030000,4.595212607e-03
42.035000,2.116309650e-02
42.040000,3.958258414e-02
42.045000,5.888908390e-02
42.050000,7.816869294e-02
42.055000,9.661463684e-02
42.060000,1.135559708e-01
42.065000,1.284624569e-01
42.070000,1.409340634e-01
42.075000,1.506853881e-01
42.080000,1.575342479e-01
42.085000,1.614002102e-01
42.090000,1.623140425e-01
42.095000,1.604342239e-01
42.100000,1.560629842e-01
42.105000,1.496526763e-01
42.110000,1.417940185e-01
42.115000,1.331808017e-01
42.120000,1.245505107e-01
42.125000,1.166060875e-01
42.130000,1.099295648e-01
42.135000,1.049022500e-01
42.140000,1.016473446e-01
42.145000,1.000086372e-01
42.150000,9.957321778e-02
42.155000,9.973792178e-02
42.160000,9.981010808e-02
42.165000,9.912551530e-02
42.170000,9.716133839e-02
42.175000,9.362266223e-02
42.180000,8.848525232e-02
42.185000,8.198649454e-02
42.190000,7.456705444e-02
42.195000,6.677612367e-02
42.200000,5.916055934e-02
42.205000,5.216110541e-02
42.210000,4.603660257e-02
42.215000,4.083024483e-02
42.220000,3.638217447e-02
42.225000,3.238230721e-02
42.230000,2.844863840e-02
42.235000,2.421134787e-02
42.240000,1.938287026e-02
42.245000,1.379868260e-02
42.250000,7.421718942e-03
42.255000,3.130267024e-04
42.260000,-7.419893122e-03
42.265000,-1.567990162e-02
42.270000,-2.442389843e-02
42.275000,-3.367881921e-02
42.280000,-4.352309781e-02
42.285000,-5.403635878e-02
42.290000,-6.522918272e-02
42.295000,-7.697101277e-02
42.300000,-8.893611598e-02
42.305000,-1.005845750e-01
42.310000,-1.111883088e-01
42.315000,-1.199027263e-01
42.320000,-1.258748481e-01
42.325000,-1.283706188e-01
42.330000,-1.268992776e-01
42.335000,-1.213120236e-01
42.340000,-1.118559860e-01
42.345000,-9.917203256e-02
42.350000,-8.423485181e-02
42.355000,-6.824411229e-02
42.360000,-5.248424049e-02
42.365000,-3.817567943e-02
42.370000,-2.634130172e-02
42.375000,-1.770788364e-02
42.380000,-1.265514738e-02
42.385000,-1.121555707e-02
42.390000,-1.311884091e-02
42.395000,-1.786796414e-02
42.400000,-2.482929541e-02
42.405000,-3.331951991e-02
42.410000,-4.267518532e-02
42.415000,-5.229666608e-02
42.420000,-6.166537651e-02
42.425000,-7.033964442e-02
42.430000,-7.793930402e-02
42.435000,-8.413076100e-02
42.440000,-8.862270528e-02
42.445000,-9.117827200e-02
42.450000,-9.164344708e-02
42.455000,-8.998545492e-02
42.460000,-8.633034617e-02
42.465000,-8.098724147e-02
42.470000,-7.444823326e-02
42.475000,-6.735755349e-02
42.480000,-6.045027591e-02
42.485000,-5.446799276e-02
42.490000,-5.006484798e-02
42.495000,-4.772051206e-02
42.500000,-4.767626353e-02
42.505000,-4.990631046e-02
42.510000,-5.412976430e-02
42.515000,-5.986086015e-02
42.520000,-6.648790221e-02
42.525000,-7.336651837e-02
42.530000,-7.991099997e-02
42.535000,-8.566887448e-02
42.540000,-9.036784714e-02
42.545000,-9.392987838e-02
42.550000,-9.645330607e-02
42.555000,-9.816946640e-02
42.560000,-9.938424605e-02
42.565000,-1.004167004e-01
42.570000,-1.015459972e-01
42.575000,-1.029747451e-01
42.580000,-1.048120794e-01
42.585000,-1.070749671e-01
42.590000,-1.097023638e-01
42.595000,-1.125750514e-01
42.600000,-1.155344325e-01
42.605000,-1.183957852e-01
42.610000,-1.209545156e-01
42.615000,-1.229867818e-01
42.620000,-1.242477686e-01
42.625000,-1.244716196e-01
42.630000,-1.233767017e-01
42.635000,-1.206787680e-01
42.640000,-1.161129804e-01
42.645000,-1.094638353e-01
42.650000,-1.005999805e-01
42.655000,-8.950901306e-02
42.660000,-7.632600514e-02
42.665000,-6.134919886e-02
42.670000,-4.503738455e-02
42.675000,-2.798596589e-02
42.680000,-1.088227220e-02
42.685000,5.555399028e-03
42.690000,2.064711757e-02
42.695000,3.381907652e-02
42.700000,4.465964649e-02
42.705000,5.295546088e-02
42.710000,5.870277325e-02
42.715000,6.209370639e-02
42.720000,6.348125771e-02
42.725000,6.333008259e-02
42.730000,6.216150609e-02
42.735000,6.050076236e-02
42.740000,5.883248238e-02
42.745000,5.756766349e-02
42.750000,5.702259451e-02
42.755000,5.740818060e-02
42.760000,5.882719868e-02
42.765000,6.127721876e-02
42.770000,6.465791716e-02
42.775000,6.878274164e-02
42.780000,7.339578805e-02
42.785000,7.819486935e-02
42.790000,8.286093749e-02
42.795000,8.709243512e-02
42.800000,9.064128769e-02
42.805000,9.334571921e-02
42.810000,9.515443829e-02
42.815000,9.613727656e-02
42.820000,9.647900713e-02
42.825000,9.645547380e-02
42.830000,9.639384789e-02
42.835000,9.662135894e-02
42.840000,9.740889927e-02
42.845000,9.891725308e-02
42.850000,1.011541443e-01
42.855000,1.039496221e-01
42.860000,1.069553597e-01
42.865000,1.096702874e-01
42.870000,1.114909893e-01
42.875000,1.117811630e-01
42.880000,1.099510175e-01
42.885000,1.055355189e-01
42.890000,9.826031092e-02
42.895000,8.808593109e-02
42.900000,7.522424760e-02
42.905000,6.012523672e-02
42.910000,4.343662030e-02
42.915000,2.594278055e-02
42.920000,8.492123551e-03
42.925000,-8.076847342e-03
42.930000,-2.300132093e-02
42.935000,-3.564501471e-02
42.940000,-4.553100627e-02
42.945000,-5.235742409e-02
42.950000,-5.599984732e-02
42.955000,-5.650553079e-02
42.960000,-5.408391998e-02
42.965000,-4.909581761e-02
42.970000,-4.204093169e-02
42.975000,-3.354138975e-02
42.980000,-2.431787649e-02
42.985000,-1.515558135e-02
42.990000,-6.858888694e-03
42.995000,-1.961710591e-04
43.000000,4.161445964e-03
43.005000,5.701393285e-03
43.010000,4.123783124e-03
43.015000,-6.191992674e-04
43.020000,-8.305310834e-03
43.025000,-1.845027209e-02
43.030000,-3.034326514e-02
43.035000,-4.310759377e-02
43.040000,-5.578039479e-02
43.045000,-6.740225502e-02
43.050000,-7.710601117e-02
43.055000,-8.419427810e-02
43.060000,-8.819730800e-02
43.065000,-8.890612313e-02
43.070000,-8.637969259e-02
43.075000,-8.092840145e-02
43.080000,-7.307854977e-02
43.085000,-6.352382711e-02
43.090000,-5.306969996e-02
43.095000,-4.257574474e-02
43.100000,-3.289958948e-02
43.105000,-2.484471010e-02
43.110000,-1.911320723e-02
43.115000,-1.626410481e-02
43.120000,-1.667777602e-02
43.125000,-2.052775681e-02
43.130000,-2.776217974e-02
43.135000,-3.809788395e-02
43.140000,-5.103038700e-02
43.145000,-6.586193491e-02
43.150000,-8.174772227e-02
43.155000,-9.775749315e-02
43.160000,-1.129468545e-01
43.165000,-1.264306042e-01
43.170000,-1.374498012e-01
43.175000,-1.454253167e-01
43.180000,-1.499928365e-01
43.185000,-1.510170781e-01
43.190000,-1.485856587e-01
43.195000,-1.429851676e-01
43.200000,-1.346634129e-01
43.205000,-1.241826077e-01
43.210000,-1.121685625e-01
43.215000,-9.926081487e-02
43.220000,-8.606804952e-02
43.225000,-7.313212240e-02
43.230000,-6.090261592e-02
43.235000,-4.972235132e-02
43.240000,-3.982297639e-02
43.245000,-3.132888373e-02
43.250000,-2.426738524e-02
43.255000,-1.858317522e-02
43.260000,-1.415543365e-02
43.265000,-1.081621634e-02
43.270000,-8.368903076e-03
43.275000,-6.605422700e-03
43.280000,-5.320874405e-03
43.285000,-4.324213457e-03
43.290000,-3.444048101e-03
43.295000,-2.529371907e-03
43.300000,-1.446130836e-03
43.305000,-7.161721702e-05
43.310000,1.710590093e-03
43.315000,4.012404864e-03
43.320000,6.937839774e-03
43.325000,1.057408955e-02
43.330000,1.497853911e-02
43.335000,2.016462549e-02
43.340000,2.609016363e-02
43.345000,3.265143075e-02
43.350000,3.968513500e-02
43.355000,4.697876172e-02
43.360000,5.428814251e-02
43.365000,6.135975786e-02
43.370000,6.795441315e-02
43.375000,7.386853865e-02
43.380000,7.894946158e-02
43.385000,8.310163979e-02
43.390000,8.628211554e-02
43.395000,8.848533353e-02
43.400000,8.971974616e-02
43.405000,8.998083286e-02
43.410000,8.922668274e-02
43.415000,8.736258463e-02
43.420000,8.423986317e-02
43.425000,7.967160675e-02
43.430000,7.346444440e-02
43.435000,6.546187893e-02
43.440000,5.559167595e-02
43.445000,4.390813494e-02
43.450000,3.062017914e-02
43.455000,1.609820667e-02
43.460000,8.562715546e-04
43.465000,-1.448924456e-02
43.470000,-2.927868991e-02
43.475000,-4.287653647e-02
43.480000,-5.473597880e-02
43.485000,-6.445019151e-02
43.490000,-7.178249046e-02
43.495000,-7.667197506e-02
43.500000,-7.921608073e-02
43.505000,-7.963574628e-02
43.510000,-7.823171375e-02
43.515000,-7.534132859e-02
43.520000,-7.130403301e-02
43.525000,-6.644087683e-02
43.530000,-6.104943405e-02
43.535000,-5.541133505e-02
43.540000,-4.980612235e-02
43.545000,-4.452317932e-02
43.550000,-3.986369473e-02
43.555000,-3.612717521e-02
43.560000,-3.358145792e-02
43.565000,-3.242044743e-02
43.570000,-3.271846926e-02
43.575000,-3.439278713e-02
43.580000,-3.718555207e-02
43.585000,-4.067313738e-02
43.590000,-4.430523805e-02
43.595000,-4.746968065e-02
43.600000,-4.957318606e-02
43.605000,-5.012464751e-02
43.610000,-4.880652655e-02
43.615000,-4.552176276e-02
43.620000,-4.040765190e-02
43.625000,-3.381370372e-02
43.630000,-2.624666553e-02
43.635000,-1.829178151e-02
43.640000,-1.052399935e-02
43.645000,-3.425282163e-03
43.650000,2.676359261e-03
43.655000,7.634381226e-03
43.660000,1.147286130e-02
43.665000,1.434087793e-02
43.670000,1.644388499e-02
43.675000,1.796953679e-02
43.680000,1.902688864e-02
43.685000,1.961450597e-02
43.690000,1.962548270e-02
43.695000,1.888762919e-02
43.700000,1.722772669e-02
43.705000,1.454223644e-02
43.710000,1.085486453e-02
43.715000,6.344363639e-03
43.720000,1.333077310e-03
43.725000,-3.763778832e-03
43.730000,-8.518499581e-03
43.735000,-1.258379386e-02
43.740000,-1.577725402e-02
43.745000,-1.813721600e-02
43.750000,-1.993513608e-02
43.755000,-2.163843092e-02
43.760000,-2.382830362e-02
43.765000,-2.708718056e-02
43.770000,-3.187775498e-02
43.775000,-3.843848105e-02
43.780000,-4.671782453e-02
43.785000,-5.636199350e-02
43.790000,-6.675979514e-02
43.795000,-7.713613165e-02
43.800000,-8.667522305e-02
43.805000,-9.464834542e-02
43.810000,-1.005201749e-01
43.815000,-1.040129064e-01
43.820000,-1.051170030e-01
43.825000,-1.040494907e-01
43.830000,-1.011723726e-01
43.835000,-9.689230384e-02
43.840000,-9.156618880e-02
43.845000,-8.543502945e-02
43.850000,-7.860076110e-02
43.855000,-7.104978731e-02
43.860000,-6.271513952e-02
43.865000,-5.355948770e-02
43.870000,-4.365594948e-02
43.875000,-3.324402284e-02
43.880000,-2.274385073e-02
43.885000,-1.272194238e-02
43.890000,-3.813037870e-03
43.895000,3.386693215e-03
43.900000,8.432852595e-03
43.905000,1.112803829e-02
43.910000,1.157798766e-02
43.915000,1.019543710e-02
43.920000,7.649326296e-03
43.925000,4.768401263e-03
43.930000,2.417812575e-03
43.935000,1.372829214e-03
43.940000,2.213990986e-03
43.945000,5.262777037e-03
43.950000,1.056734344e-02
43.955000,1.793634064e-02
43.960000,2.700809828e-02
43.965000,3.733524157e-02
43.970000,4.846286732e-02
43.975000,5.998213539e-02
43.980000,7.154938019e-02
43.985000,8.287128832e-02
43.990000,9.366649268e-02
43.995000,1.036205551e-01
44.000000,1.123531523e-01
44.005000,1.194130253e-01
44.010000,1.243088342e-01
44.015000,1.265743322e-01
44.020000,1.258565383e-01
44.025000,1.220080906e-01
44.030000,1.151615014e-01
44.035000,1.057645947e-01
44.040000,9.456297766e-02
44.045000,8.252586548e-02
44.050000,7.072382240e-02
44.055000,6.017826937e-02
44.060000,5.171015174e-02
44.065000,4.581689322e-02
44.070000,4.260194963e-02
44.075000,4.177084175e-02
44.080000,4.269389990e-02
44.085000,4.452235588e-02
44.090000,4.633408866e-02
44.095000,4.728056701e-02
44.100000,4.670814845e-02
44.105000,4.423411398e-02
44.110000,3.976860758e-02
44.115000,3.348533634e-02
44.120000,2.575384732e-02
44.125000,1.705242971e-02
44.130000,7.882177427e-03
44.135000,-1.300432675e-03
44.140000,-1.012185969e-02
44.145000,-1.829868647e-02
44.150000,-2.561988478e-02
44.155000,-3.191632177e-02
44.160000,-3.703198612e-02
44.165000,-4.080964444e-02
44.170000,-4.309837537e-02
44.175000,-4.378313200e-02
44.180000,-4.282911863e-02
44.185000,-4.032829636e-02
44.190000,-3.653320939e-02
44.195000,-3.186513739e-02
44.200000,-2.688890933e-02
44.205000,-2.225425969e-02
44.210000,-1.861153026e-02
44.215000,-1.651591640e-02
44.220000,-1.633782735e-02
44.225000,-1.819653371e-02
44.230000,-2.193026207e-02
44.235000,-2.710921543e-02
44.240000,-3.309011864e-02
44.245000,-3.910343604e-02
44.250000,-4.435881554e-02
44.255000,-4.815156092e-02
44.260000,-4.995341695e-02
44.265000,-4.947444763e-02
44.270000,-4.668851849e-02
44.275000,-4.182166215e-02
44.280000,-3.530901189e-02
44.285000,-2.773071495e-02
44.290000,-1.973936602e-02
44.295000,-1.199075865e-02
44.300000,-5.086603953e-03
44.305000,4.666126533e-04
44.310000,4.282913134e-03
44.315000,6.109718901e-03
44.320000,5.833049382e-03
44.325000,3.478942733e-03
44.330000,-7.871772382e-04
44.335000,-6.664095923e-03
44.340000,-1.372433459e-02
44.345000,-2.143332333e-02
44.350000,-2.918106226e-02
44.355000,-3.632681635e-02
44.360000,-4.225427026e-02
44.365000,-4.643147152e-02
44.370000,-4.846768020e-02
44.375000,-4.815858923e-02
44.380000,-4.551256497e-02
44.385000,-4.075338611e-02
44.390000,-3.429879409e-02
44.395000,-2.671810596e-02
44.400000,-1.867527652e-02
44.405000,-1.086548693e-02
44.410000,-3.953367818e-03
44.415000,1.480433961e-03
44.420000,4.979922170e-03
44.425000,6.239753227e-03
44.430000,5.116879953e-03
44.435000,1.629681789e-03
44.440000,-4.052813234e-03
44.445000,-1.162894411e-02
44.450000,-2.068742246e-02
44.455000,-3.073372488e-02
44.460000,-4.121886182e-02
44.465000,-5.156983141e-02
44.470000,-6.122099339e-02
44.475000,-6.964517082e-02
44.480000,-7.638269822e-02
44.485000,-8.106618335e-02
44.490000,-8.343872559e-02
44.495000,-8.336389498e-02
44.500000,-8.082686539e-02
44.505000,-7.592743632e-02
44.510000,-6.886686658e-02
44.515000,-5.993109240e-02
44.520000,-4.947279117e-02
44.525000,-3.789390985e-02
44.530000,-2.562899064e-02
44.535000,-1.312835135e-02
44.540000,-8.393969338e-04
44.545000,1.081559015e-02
44.550000,2.146580078e-02
44.555000,3.082121059e-02
44.560000,3.870157082e-02
44.565000,4.506002439e-02
44.570000,4.999546889e-02
44.575000,5.374834049e-02
44.580000,5.667652285e-02
44.585000,5.921130785e-02
44.590000,6.179714188e-02
44.595000,6.482248735e-02
44.600000,6.855172729e-02
44.605000,7.306903825e-02
44.610000,7.824425592e-02
44.615000,8.372802009e-02
44.620000,8.897930692e-02
44.625000,9.332349921e-02
44.630000,9.603423330e-02
44.635000,9.642824815e-02
44.640000,9.396009285e-02
44.645000,8.830330691e-02
44.650000,7.940668143e-02
44.655000,6.751810970e-02
44.660000,5.317361062e-02
44.665000,3.715435820e-02
44.670000,2.041892891e-02
44.675000,4.020642638e-03
44.680000,-1.097959200e-02
44.685000,-2.359598262e-02
44.690000,-3.298997626e-02
44.695000,-3.852884318e-02
44.700000,-3.983027224e-02
44.705000,-3.679364253e-02
44.710000,-2.961817421e-02
44.715000,-1.880657995e-02
44.720000,-5.151073151e-03
44.725000,1.030226838e-02
44.730000,2.631390624e-02
44.735000,4.153628558e-02
44.740000,5.462024846e-02
44.745000,6.433356256e-02
44.750000,6.967877679e-02
44.755000,6.999564633e-02
44.760000,6.503399013e-02
44.765000,5.498605671e-02
44.770000,4.047272115e-02
44.775000,2.248418869e-02
44.780000,2.282259767e-03
44.785000,-1.872343023e-02
44.790000,-3.910932479e-02
44.795000,-5.756518490e-02
44.800000,-7.299957849e-02
44.805000,-8.461273700e-02
44.810000,-9.193173714e-02
44.815000,-9.480927111e-02
44.820000,-9.339270791e-02
44.825000,-8.807359232e-02
44.830000,-7.942857573e-02
44.835000,-6.816112254e-02
44.840000,-5.504993894e-02
44.845000,-4.090607874e-02
44.850000,-2.653727812e-02
44.855000,-1.271612827e-02
44.860000,-1.485586021e-04
44.865000,1.055943893e-02
44.870000,1.893649486e-02
44.875000,2.467905067e-02
44.880000,2.767822260e-02
44.885000,2.803475999e-02
44.890000,2.605713966e-02
44.895000,2.223971808e-02
44.900000,1.722062868e-02
44.905000,1.172224322e-02
44.910000,6.479944985e-03
44.915000,2.167161499e-03
44.920000,-6.743408382e-04
44.925000,-1.690230697e-03
44.930000,-7.485170269e-04
44.935000,2.050473602e-03
44.940000,6.389588570e-03
44.945000,1.177286581e-02
44.950000,1.758036399e-02
44.955000,2.313255281e-02
44.960000,2.775687267e-02
44.965000,3.085013710e-02
44.970000,3.193220845e-02
44.975000,3.068819607e-02
44.980000,2.699777790e-02
44.985000,2.095088045e-02
44.990000,1.284896585e-02
44.995000,3.190955995e-03
45.000000,-7.357115522e-03
45.005000,-1.800885877e-02
45.010000,-2.791916465e-02
45.015000,-3.625684090e-02
45.020000,-4.228183833e-02
45.025000,-4.541869553e-02
45.030000,-4.531712728e-02
45.035000,-4.189166333e-02
45.040000,-3.533488072e-02
45.045000,-2.610255816e-02
45.050000,-1.487316902e-02
45.055000,-2.487598630e-03
45.060000,1.012289238e-02
45.065000,2.201194386e-02
45.070000,3.228910918e-02
45.075000,4.018114413e-02
45.080000,4.508054429e-02
45.085000,4.658052424e-02
45.090000,4.449718336e-02
45.095000,3.888024310e-02
45.100000,3.001346033e-02
45.105000,1.840485276e-02
45.110000,4.765667740e-03
45.115000,-1.002382217e-02
45.120000,-2.496352647e-02
45.125000,-3.899819717e-02
45.130000,-5.109536922e-02
45.135000,-6.033105596e-02
45.140000,-6.597447546e-02
45.145000,-6.756103114e-02
45.150000,-6.494266228e-02
45.155000,-5.830685987e-02
45.160000,-4.815988275e-02
45.165000,-3.527524316e-02
45.170000,-2.061422939e-02
45.175000,-5.229852404e-03
45.180000,9.831932914e-03
45.185000,2.362019798e-02
45.190000,3.534574195e-02
45.195000,4.442114952e-02
45.200000,5.047461144e-02
45.205000,5.334285154e-02
45.210000,5.305131372e-02
45.215000,4.978983862e-02
45.220000,4.388967242e-02
45.225000,3.580382815e-02
45.230000,2.608895028e-02
45.235000,1.538418023e-02
45.240000,4.381839285e-03
45.245000,-6.213854313e-03
45.250000,-1.574077094e-02
45.255000,-2.364236178e-02
45.260000,-2.953351802e-02
45.265000,-3.325857470e-02
45.270000,-3.492981629e-02
45.275000,-3.493572333e-02
45.280000,-3.391168590e-02
45.285000,-3.267174899e-02
45.290000,-3.210720895e-02
45.295000,-3.306501903e-02
45.300000,-3.622421199e-02
45.305000,-4.199042420e-02
45.310000,-5.042640168e-02
45.315000,-6.123042080e-02
45.320000,-7.376615522e-02
45.325000,-8.713852856e-02
45.330000,-1.003024128e-01
45.335000,-1.121861438e-01
45.340000,-1.218104997e-01
45.345000,-1.283860264e-01
45.350000,-1.313767620e-01
45.355000,-1.305253739e-01
45.360000,-1.258421127e-01
45.365000,-1.175663343e-01
45.370000,-1.061133709e-01
45.375000,-9.202037270e-02
45.380000,-7.590220767e-02
45.385000,-5.842325490e-02
45.390000,-4.028437564e-02
45.395000,-2.221840294e-02
45.400000,-4.983976696e-03
45.405000,1.065236591e-02
45.410000,2.395219122e-02
45.415000,3.425932658e-02
45.420000,4.106539085e-02
45.425000,4.407466254e-02
45.430000,4.325422559e-02
45.435000,3.885711405e-02
45.440000,3.141117825e-02
45.445000,2.167316416e-02
45.450000,1.055426502e-02
45.455000,-9.713716104e-04
45.460000,-1.196098736e-02
45.465000,-2.158633719e-02
45.470000,-2.919426361e-02
45.475000,-3.433813323e-02
45.480000,-3.677938962e-02
45.485000,-3.646428024e-02
45.490000,-3.348532936e-02
45.495000,-2.803923264e-02
45.500000,-2.039190984e-02
45.505000,-1.085764033e-02
45.510000,2.064192790e-04
45.515000,1.239478025e-02
45.520000,2.524575151e-02
45.525000,3.824082990e-02
45.530000,5.081896225e-02
45.535000,6.240873904e-02
45.540000,7.247598729e-02
45.545000,8.057922986e-02
45.550000,8.642238339e-02
45.555000,8.989355423e-02
45.560000,9.108084982e-02
45.565000,9.026018366e-02
45.570000,8.785521060e-02
45.575000,8.437474604e-02
45.580000,8.033729690e-02
45.585000,7.619484032e-02
45.590000,7.226822698e-02
45.595000,6.870449111e-02
45.600000,6.546234062e-02
45.605000,6.232702071e-02
45.610000,5.895068080e-02
45.615000,5.491039375e-02
45.620000,4.977385553e-02
45.625000,4.316282991e-02
45.630000,3.480634815e-02
45.635000,2.457882386e-02
45.640000,1.252164576e-02
45.645000,-1.150456676e-03
45.650000,-1.605554009e-02
45.655000,-3.166033689e-02
45.660000,-4.730427679e-02
45.665000,-6.223149139e-02
45.670000,-7.563169928e-02
45.675000,-8.669084035e-02
45.680000,-9.465097880e-02
45.685000,-9.887655685e-02
45.690000,-9.892119585e-02
45.695000,-9.458677758e-02
45.700000,-8.596535972e-02
45.705000,-7.345521048e-02
45.710000,-5.774508781e-02
45.715000,-3.976550361e-02
45.720000,-2.061124287e-02
45.725000,-1.444623412e-03
45.730000,1.660740993e-02
45.735000,3.254824454e-02
45.740000,4.558640177e-02
45.745000,5.518231875e-02
45.750000,6.106488493e-02
45.755000,6.322095374e-02
45.760000,6.186497742e-02
45.765000,5.739755108e-02
45.770000,5.036095261e-02
45.775000,4.139731697e-02
45.780000,3.121182952e-02
45.785000,2.054024250e-02
45.790000,1.011788544e-02
45.795000,6.466164355e-04
45.800000,-7.243026189e-03
45.805000,-1.303504809e-02
45.810000,-1.637414861e-02
45.815000,-1.710920929e-02
45.820000,-1.532619858e-02
45.825000,-1.136188978e-02
45.830000,-5.791293450e-03
45.835000,6.146315196e-04
45.840000,6.959259315e-03
45.845000,1.231132503e-02
45.850000,1.580490541e-02
45.855000,1.673410247e-02
45.860000,1.462843090e-02
45.865000,9.297849299e-03
45.870000,8.414056259e-04
45.875000,-1.038041359e-02
45.880000,-2.380350717e-02
45.885000,-3.873722364e-02
45.890000,-5.444706532e-02
45.895000,-7.022943903e-02
45.900000,-8.546756085e-02
45.905000,-9.966244508e-02
45.910000,-1.124387464e-01
45.915000,-1.235306666e-01
45.920000,-1.327568307e-01
45.925000,-1.399940989e-01
45.930000,-1.451586110e-01
45.935000,-1.481986525e-01
45.940000,-1.490994665e-01
45.945000,-1.478962819e-01
45.950000,-1.446896044e-01
45.955000,-1.396565533e-01
45.960000,-1.330534329e-01
45.965000,-1.252070543e-01
45.970000,-1.164948382e-01
45.975000,-1.073158849e-01
45.980000,-9.805679031e-02
45.985000,-8.905697111e-02
45.990000,-8.057861506e-02
45.995000,-7.278595451e-02
46.000000,-6.573724340e-02
46.005000,-5.939062924e-02
46.010000,-5.362243441e-02
46.015000,-4.825389730e-02
46.020000,-4.308096568e-02
46.025000,-3.790180430e-02
46.030000,-3.253824443e-02
46.035000,-2.684983544e-02
46.040000,-2.074148153e-02
46.045000,-1.416696247e-02
46.050000,-7.130526688e-03
46.055000,3.125640112e-04
46.060000,8.057420197e-03
46.065000,1.595502851e-02
46.070000,2.382424021e-02
46.075000,3.147149553e-02
46.080000,3.871748059e-02
46.085000,4.542761886e-02
46.090000,5.154151574e-02
46.095000,5.709575031e-02
46.100000,6.223495196e-02
46.105000,6.720777621e-02
46.110000,7.234681965e-02
46.115000,7.803418393e-02
46.120000,8.465680150e-02
46.125000,9.255734179e-02
46.130000,1.019872318e-01
46.135000,1.130679389e-01
46.140000,1.257652664e-01
46.145000,1.398793019e-01
46.150000,1.550502872e-01
46.155000,1.707785612e-01
46.160000,1.864553021e-01
46.165000,2.014002927e-01
46.170000,2.149032890e-01
46.175000,2.262664532e-01
46.180000,2.348462391e-01
46.185000,2.400936513e-01
46.190000,2.415917349e-01
46.195000,2.390885801e-01
46.200000,2.325234067e-01
46.205000,2.220428568e-01
46.210000,2.080048086e-01
46.215000,1.909678937e-01
46.220000,1.716662850e-01
46.225000,1.509708767e-01
46.230000,1.298393622e-01
46.235000,1.092587143e-01
46.240000,9.018412404e-02
46.245000,7.347860694e-02
46.250000,5.985734895e-02
46.255000,4.984049495e-02
46.260000,4.371753728e-02
46.265000,4.152575358e-02
46.270000,4.304430495e-02
46.275000,4.780467377e-02
46.280000,5.511714016e-02
46.285000,6.411201511e-02
46.290000,7.379343188e-02
46.295000,8.310273095e-02
46.300000,9.098794764e-02
46.305000,9.647566688e-02
46.310000,9.874148059e-02
46.315000,9.717528633e-02
46.320000,9.143747682e-02
46.325000,8.150157558e-02
46.330000,6.767822885e-02
46.335000,5.061513754e-02
46.340000,3.126816974e-02
46.345000,1.084109718e-02
46.350000,-9.304719678e-03
46.355000,-2.776433437e-02
46.360000,-4.321548257e-02
46.365000,-5.454205316e-02
46.370000,-6.093872637e-02
46.375000,-6.198301547e-02
46.380000,-5.766611526e-02
46.385000,-4.838080802e-02
46.390000,-3.487150846e-02
46.395000,-1.815670788e-02
46.400000,5.634583629e-04
46.405000,2.000225510e-02
46.410000,3.887449542e-02
46.415000,5.597218428e-02
46.420000,7.022584092e-02
46.425000,8.075241907e-02
46.430000,8.689199267e-02
46.435000,8.823521997e-02
46.440000,8.464246163e-02
46.445000,7.625385601e-02
46.450000,6.348816264e-02
46.455000,4.702720612e-02
46.460000,2.778265081e-02
46.465000,6.842891351e-03
46.470000,-1.459983153e-02
46.475000,-3.533858400e-02
46.480000,-5.424979078e-02
46.485000,-7.038944782e-02
46.490000,-8.307496409e-02
46.495000,-9.194069726e-02
46.500000,-9.695845592e-02
46.505000,-9.841953102e-02
46.510000,-9.688104927e-02
46.515000,-9.308520324e-02
46.520000,-8.786396155e-02
46.525000,-8.204343817e-02
46.530000,-7.636105066e-02
46.535000,-7.140531854e-02
46.540000,-6.758341582e-02
46.545000,-6.511636747e-02
46.550000,-6.405708747e-02
46.555000,-6.432321578e-02
46.560000,-6.573556725e-02
46.565000,-6.805413189e-02
46.570000,-7.100654094e-02
46.575000,-7.430776284e-02
46.580000,-7.767325591e-02
46.585000,-8.082976585e-02
46.590000,-8.352786382e-02
46.595000,-8.555840013e-02
46.600000,-8.677219124e-02
46.605000,-8.709962961e-02
46.610000,-8.656546304e-02
46.615000,-8.529412750e-02
46.620000,-8.350251304e-02
46.625000,-8.147927764e-02
46.630000,-7.955213839e-02
46.635000,-7.804653261e-02
46.640000,-7.724051291e-02
46.645000,-7.732172472e-02
46.650000,-7.835274941e-02
46.655000,-8.025074761e-02
46.660000,-8.278589525e-02
46.665000,-8.560043813e-02
46.670000,-8.824659285e-02
46.675000,-9.023777786e-02
46.680000,-9.110483559e-02
46.685000,-9.044795106e-02
46.690000,-8.797628317e-02
46.695000,-8.353053798e-02
46.700000,-7.708780574e-02
46.705000,-6.875166004e-02
46.710000,-5.873271547e-02
46.715000,-4.732510806e-02
46.720000,-3.488297645e-02
46.725000,-2.179878837e-02
46.730000,-8.483250283e-03
46.735000,4.654687511e-03
46.740000,1.722925192e-02
46.745000,2.890121085e-02
46.750000,3.940212417e-02
46.755000,4.855686113e-02
46.760000,5.630070582e-02
46.765000,6.268714854e-02
46.770000,6.788319714e-02
46.775000,7.215066696e-02
46.780000,7.581416677e-02
46.785000,7.921896857e-02
46.790000,8.268409731e-02
46.795000,8.645726545e-02
46.800000,9.067831247e-02
46.805000,9.535648964e-02
46.810000,1.003645113e-01
46.815000,1.054493468e-01
46.820000,1.102569724e-01
46.825000,1.143663960e-01
46.830000,1.173275829e-01
46.835000,1.186984717e-01
46.840000,1.180777392e-01
46.845000,1.151318315e-01
46.850000,1.096164567e-01
46.855000,1.013938211e-01
46.860000,9.044714673e-02
46.865000,7.689345089e-02
46.870000,6.099436237e-02
46.875000,4.316322574e-02
46.880000,2.396531367e-02
46.885000,4.107100115e-03
46.890000,-1.558931502e-02
46.895000,-3.422910799e-02
46.900000,-5.090471996e-02
46.905000,-6.476908938e-02
46.910000,-7.511457888e-02
46.915000,-8.144723592e-02
46.920000,-8.354503297e-02
46.925000,-8.149009453e-02
46.930000,-7.566856107e-02
46.935000,-6.673695109e-02
46.940000,-5.555949150e-02
46.945000,-4.312559689e-02
46.950000,-3.045944487e-02
46.955000,-1.853389225e-02
46.960000,-8.198917645e-03
46.965000,-1.310249300e-04
46.970000,5.194401633e-03
46.975000,7.509879538e-03
46.980000,6.746700096e-03
46.985000,3.016020641e-03
46.990000,-3.414220572e-03
46.995000,-1.214280604e-02
47.000000,-2.265787958e-02
47.005000,-3.435979797e-02
47.010000,-4.658679428e-02
47.015000,-5.864631381e-02
47.020000,-6.985377045e-02
47.025000,-7.957824069e-02
47.030000,-8.729183201e-02
47.035000,-9.261689022e-02
47.040000,-9.536362071e-02
47.045000,-9.555068605e-02
47.050000,-9.340314531e-02
47.055000,-8.932549596e-02
47.060000,-8.385190358e-02
47.065000,-7.758000001e-02
47.070000,-7.109789188e-02
47.075000,-6.491546773e-02
47.080000,-5.941036510e-02
47.085000,-5.479620868e-02
47.090000,-5.111655432e-02
47.095000,-4.826326074e-02
47.100000,-4.601374785e-02
47.105000,-4.407866440e-02
47.110000,-4.215048026e-02
47.115000,-3.994462106e-02
47.120000,-3.722766684e-02
47.125000,-3.383106666e-02
47.130000,-2.965270320e-02
47.135000,-2.465138882e-02
47.140000,-1.884023435e-02
47.145000,-1.228364192e-02
47.150000,-5.099932883e-03
47.155000,2.531692454e-03
47.160000,1.036394927e-02
47.165000,1.807950002e-02
47.170000,2.529935951e-02
47.175000,3.160488519e-02
47.180000,3.657360582e-02
47.185000,3.982584437e-02
47.190000,4.107612548e-02
47.195000,4.018129239e-02
47.200000,3.717653802e-02
47.205000,3.229147203e-02
47.210000,2.594095937e-02
47.215000,1.868948081e-02
47.220000,1.119249035e-02
47.225000,4.122675677e-03
47.230000,-1.907891041e-03
47.235000,-6.417775660e-03
47.240000,-9.107868360e-03
47.245000,-9.887644697e-03
47.250000,-8.873460233e-03
47.255000,-6.360949677e-03
47.260000,-2.777337388e-03
47.265000,1.378266752e-03
47.270000,5.597882759e-03
47.275000,9.423096157e-03
47.280000,1.249284610e-02
47.285000,1.457681062e-02
47.290000,1.559293644e-02
47.295000,1.560956298e-02
47.300000,1.483386270e-02
47.305000,1.358892028e-02
47.310000,1.228183822e-02
47.315000,1.136504922e-02
47.320000,1.129284148e-02
47.325000,1.247521199e-02
47.330000,1.523166593e-02
47.335000,1.974840147e-02
47.340000,2.604320341e-02
47.345000,3.394293264e-02
47.350000,4.307833451e-02
47.355000,5.289970025e-02
47.360000,6.271463626e-02
47.365000,7.174608366e-02
47.370000,7.920534666e-02
47.375000,8.437198666e-02
47.380000,8.667074804e-02
47.385000,8.573568023e-02
47.390000,8.145336566e-02
47.395000,7.398026658e-02
47.400000,6.373294422e-02
47.405000,5.135346366e-02
47.410000,3.765499469e-02
47.415000,2.355409546e-02
47.420000,9.996428162e-03
47.425000,-2.117980646e-03
47.430000,-1.200489571e-02
47.435000,-1.905746817e-02
47.440000,-2.289605388e-02
47.445000,-2.340342812e-02
47.450000,-2.074273485e-02
47.455000,-1.535573353e-02
47.460000,-7.939501248e-03
47.465000,5.990711078e-04
47.470000,9.209841853e-03
47.475000,1.678361428e-02
47.480000,2.224809849e-02
47.485000,2.466756204e-02
47.490000,2.333649796e-02
47.495000,1.785699627e-02
47.500000,8.190068254e-03
47.505000,-5.326894167e-03
47.510000,-2.200101764e-02
47.515000,-4.084317668e-02
47.520000,-6.066030023e-02
47.525000,-8.017039672e-02
47.530000,-9.812599948e-02
47.535000,-1.134299891e-01
47.540000,-1.252288766e-01
47.545000,-1.329726540e-01
47.550000,-1.364364705e-01
47.555000,-1.357062618e-01
47.560000,-1.311363617e-01
47.565000,-1.232906298e-01
47.570000,-1.128790258e-01
47.575000,-1.006990525e-01
47.580000,-8.758713339e-02
47.585000,-7.438025784e-02
47.590000,-6.188455788e-02
47.595000,-5.084581495e-02
47.600000,-4.191747947e-02
47.605000,-3.562420724e-02
47.610000,-3.232232631e-02
47.615000,-3.216204818e-02
47.620000,-3.505871210e-02
47.625000,-4.068122675e-02
47.630000,-4.846478283e-02
47.635000,-5.765185866e-02
47.640000,-6.736093209e-02
47.645000,-7.667695385e-02
47.650000,-8.475263821e-02
47.655000,-9.090618514e-02
47.660000,-9.470014178e-02
47.665000,-9.598820873e-02
47.670000,-9.492167205e-02
47.675000,-9.191389773e-02
47.680000,-8.756859781e-02
47.685000,-8.258386962e-02
47.690000,-7.764803954e-02
47.695000,-7.334431741e-02
47.700000,-7.007903483e-02
47.705000,-6.804330628e-02
47.710000,-6.721137193e-02
47.715000,-6.737204581e-02
47.720000,-6.818402773e-02
47.725000,-6.924247970e-02
47.730000,-7.014378873e-02
47.735000,-7.053771018e-02
47.740000,-7.016033636e-02
47.745000,-6.884638636e-02
47.750000,-6.652391894e-02
47.755000,-6.319774197e-02
47.760000,-5.892900285e-02
47.765000,-5.381768360e-02
47.770000,-4.799241446e-02
47.775000,-4.160886063e-02
47.780000,-3.485473842e-02
47.785000,-2.795703972e-02
47.790000,-2.118586591e-02
47.795000,-1.484967809e-02
47.800000,-9.278678207e-03
47.805000,-4.796003276e-03
47.810000,-1.679725970e-03
47.815000,-1.214948468e-04
47.820000,-1.893052919e-04
47.825000,-1.801940273e-03
47.830000,-4.721012746e-03
47.835000,-8.563616640e-03
47.840000,-1.283498312e-02
47.845000,-1.697702001e-02
47.850000,-2.042592704e-02
47.855000,-2.267076250e-02
47.860000,-2.330508456e-02
47.865000,-2.206541869e-02
47.870000,-1.885280863e-02
47.875000,-1.373643762e-02
47.880000,-6.940664635e-03
47.885000,1.181558244e-03
47.890000,1.018509995e-02
47.895000,1.957491768e-02
47.900000,2.885037352e-02
47.905000,3.754812121e-02
47.910000,4.528046233e-02
47.915000,5.176650132e-02
47.920000,5.685393706e-02
47.925000,6.052990777e-02
47.930000,6.291992463e-02
47.935000,6.427457414e-02
47.940000,6.494439101e-02
47.945000,6.534419705e-02
47.950000,6.590932867e-02
47.955000,6.704746194e-02
47.960000,6.909093642e-02
47.965000,7.225519541e-02
47.970000,7.660883094e-02
47.975000,8.205955581e-02
47.980000,8.835831826e-02
47.985000,9.512111662e-02
47.990000,1.018654358e-01
47.995000,1.080562095e-01
48.000000,1.131552472e-01
48.005000,1.166683102e-01
48.010000,1.181853048e-01
48.015000,1.174109448e-01
48.020000,1.141851232e-01
48.025000,1.084935900e-01
48.030000,1.004700444e-01
48.035000,9.039044004e-02
48.040000,7.865954654e-02
48.045000,6.578914189e-02
48.050000,5.236716270e-02
48.055000,3.901796143e-02
48.060000,2.635542831e-02
48.065000,1.493271465e-02
48.070000,5.194058621e-03
48.075000,-2.564799483e-03
48.080000,-8.221311123e-03
48.085000,-1.183111434e-02
48.090000,-1.361118244e-02
48.095000,-1.390241120e-02
48.100000,-1.311651744e-02
48.105000,-1.167512343e-02
48.110000,-9.950591498e-03
48.115000,-8.218048830e-03
48.120000,-6.626005955e-03
48.125000,-5.189425524e-03
48.130000,-3.804851228e-03
48.135000,-2.283250709e-03
48.140000,-3.934235945e-04
48.145000,2.092326472e-03
48.150000,5.358014728e-03
48.155000,9.515148020e-03
48.160000,1.458837791e-02
48.165000,2.051580672e-02
48.170000,2.716146227e-02
48.175000,3.433554634e-02
48.180000,4.181722729e-02
48.185000,4.937514497e-02
48.190000,5.678233178e-02
48.195000,6.382453574e-02
48.200000,7.030332754e-02
48.205000,7.603717936e-02
48.210000,8.086437011e-02
48.215000,8.465089910e-02
48.220000,8.730478661e-02
48.225000,8.879573778e-02
48.230000,8.917681502e-02
48.235000,8.860310958e-02
48.240000,8.734183503e-02
48.245000,8.576894819e-02
48.250000,8.434926953e-02
48.255000,8.359985319e-02
48.260000,8.403959273e-02
48.265000,8.613113442e-02
48.270000,9.022341879e-02
48.275000,9.650395765e-02
48.280000,1.049689049e-01
48.285000,1.154161454e-01
48.290000,1.274625536e-01
48.295000,1.405822070e-01
48.300000,1.541587792e-01
48.305000,1.675434849e-01
48.310000,1.801101974e-01
48.315000,1.913014599e-01
48.320000,2.006622215e-01
48.325000,2.078611598e-01
48.330000,2.127014401e-01
48.335000,2.151232589e-01
48.340000,2.151997095e-01
48.345000,2.131261144e-01
48.350000,2.092018710e-01
48.355000,2.038037418e-01
48.360000,1.973505668e-01
48.365000,1.902612532e-01
48.370000,1.829099432e-01
48.375000,1.755837956e-01
48.380000,1.684493873e-01
48.385000,1.615332082e-01
48.390000,1.547202090e-01
48.395000,1.477720966e-01
48.400000,1.403643116e-01
48.405000,1.321376750e-01
48.410000,1.227579675e-01
48.415000,1.119747515e-01
48.420000,9.967016602e-02
48.425000,8.588962538e-02
48.430000,7.084933780e-02
48.435000,5.491978757e-02
48.440000,3.858880741e-02
48.445000,2.241147438e-02
48.450000,6.955889088e-03
48.455000,-7.246431798e-03
48.460000,-1.973905421e-02
48.465000,-3.016491392e-02
48.470000,-3.827686480e-02
48.475000,-4.393781512e-02
48.480000,-4.711529746e-02
48.485000,-4.787526945e-02
48.490000,-4.637847305e-02
48.495000,-4.288023831e-02
48.500000,-3.773185891e-02
48.505000,-3.137933857e-02
48.510000,-2.435410975e-02
48.515000,-1.725075766e-02
48.520000,-1.068898283e-02
48.525000,-5.260685977e-03
48.530000,-1.467380783e-03
48.535000,3.429666552e-04
48.540000,2.826615385e-05
48.545000,-2.317445132e-03
48.550000,-6.364142648e-03
48.555000,-1.157940761e-02
48.560000,-1.729210320e-02
48.565000,-2.277670838e-02
48.570000,-2.734473081e-02
48.575000,-3.042840288e-02
48.580000,-3.164381296e-02
48.585000,-3.082511407e-02
48.590000,-2.802724476e-02
48.595000,-2.350024824e-02
48.600000,-1.764257591e-02
48.605000,-1.094302153e-02
48.610000,-3.921057705e-03
48.615000,2.926287379e-03
48.620000,9.165635654e-03
48.625000,1.445436035e-02
48.630000,1.855436712e-02
48.635000,2.133554320e-02
48.640000,2.277289136e-02
48.645000,2.294103059e-02
48.650000,2.200817781e-02
48.655000,2.022941838e-02
48.660000,1.793682334e-02
48.665000,1.552264877e-02
48.670000,1.341211505e-02
48.675000,1.202427654e-02
48.680000,1.172282439e-02
48.685000,1.276238841e-02
48.690000,1.523888160e-02
48.695000,1.905367709e-02
48.700000,2.390039168e-02
48.705000,2.927984535e-02
48.710000,3.454400923e-02
48.715000,3.896446543e-02
48.720000,4.181622047e-02
48.725000,4.246463817e-02
48.730000,4.044243631e-02
48.735000,3.550529788e-02
48.740000,2.765835540e-02
48.745000,1.715086283e-02
48.750000,4.441755701e-03
48.755000,-9.856550279e-03
48.760000,-2.504574925e-02
48.765000,-4.040938154e-02
48.770000,-5.527082350e-02
48.775000,-6.903480564e-02
48.780000,-8.120995077e-02
48.785000,-9.141411684e-02
48.790000,-9.936772881e-02
48.795000,-1.048820347e-01
48.800000,-1.078489623e-01
48.805000,-1.082371229e-01
48.810000,-1.060951314e-01
48.815000,-1.015597687e-01
48.820000,-9.486368262e-02
48.825000,-8.633617226e-02
48.830000,-7.639156391e-02
48.835000,-6.550255111e-02
48.840000,-5.415991641e-02
48.845000,-4.282416471e-02
48.850000,-3.187764189e-02
48.855000,-2.158680836e-02
48.860000,-1.208310415e-02
48.865000,-3.367481865e-03
48.870000,4.661081049e-03
48.875000,1.215788567e-02
48.880000,1.927472166e-02
48.885000,2.610357893e-02
48.890000,3.263357259e-02
48.895000,3.873044088e-02
48.900000,4.414360926e-02
48.905000,4.854032182e-02
48.910000,5.156086272e-02
48.915000,5.288456871e-02
48.920000,5.229407485e-02
48.925000,4.972551514e-02
48.930000,4.529516001e-02
48.935000,3.929763066e-02
48.940000,3.217639350e-02
48.945000,2.447251679e-02
48.950000,1.676153329e-02
48.955000,9.589886999e-03
48.960000,3.421550708e-03
48.965000,-1.397721435e-03
48.970000,-4.655574347e-03
48.975000,-6.269530354e-03
48.980000,-6.270509690e-03
48.985000,-4.781177033e-03
48.990000,-1.996666802e-03
48.995000,1.827099691e-03
49.000000,6.376031509e-03
49.005000,1.127401629e-02
49.010000,1.607844512e-02
49.015000,2.028245557e-02
49.020000,2.333051217e-02
49.025000,2.465113129e-02
49.030000,2.370634208e-02
49.035000,2.005290722e-02
49.040000,1.340653360e-02
49.045000,3.698192498e-03
49.050000,-8.888276873e-03
49.055000,-2.390589691e-02
49.060000,-4.066630276e-02
49.065000,-5.829327562e-02
49.070000,-7.580273738e-02
49.075000,-9.219950289e-02
49.080000,-1.065781614e-01
49.085000,-1.182145651e-01
49.090000,-1.266357985e-01
49.095000,-1.316600233e-01
49.100000,-1.334025857e-01
49.105000,-1.322502051e-01
49.110000,-1.288097462e-01
49.115000,-1.238410161e-01
49.120000,-1.181837349e-01
49.125000,-1.126874494e-01
49.130000,-1.081503938e-01
49.135000,-1.052701457e-01
49.140000,-1.046062722e-01
49.145000,-1.065535943e-01
49.150000,-1.113243061e-01
49.155000,-1.189377150e-01
49.160000,-1.292173292e-01
49.165000,-1.417959534e-01
49.170000,-1.561300032e-01
49.175000,-1.715242648e-01
49.180000,-1.871677713e-01
49.185000,-2.021804546e-01
49.190000,-2.156688884e-01
49.195000,-2.267879720e-01
49.200000,-2.348040273e-01
49.205000,-2.391537270e-01
49.210000,-2.394927882e-01
49.215000,-2.357286466e-01
49.220000,-2.280324821e-01
49.225000,-2.168279779e-01
49.230000,-2.027568484e-01
49.235000,-1.866240787e-01
49.240000,-1.693284840e-01
49.245000,-1.517861148e-01
49.250000,-1.348548354e-01
49.255000,-1.192679711e-01
49.260000,-1.055833883e-01
49.265000,-9.415211482e-02
49.270000,-8.510806556e-02
49.275000,-7.837802635e-02
49.280000,-7.370907327e-02
49.285000,-7.070920828e-02
49.290000,-6.889622531e-02
49.295000,-6.774964188e-02
49.300000,-6.676085309e-02
49.305000,-6.547736291e-02
49.310000,-6.353787419e-02
49.315000,-6.069603395e-02
49.320000,-5.683164017e-02
49.325000,-5.194909474e-02
49.330000,-4.616386489e-02
49.335000,-3.967872459e-02
49.340000,-3.275256357e-02
49.345000,-2.566545339e-02
49.350000,-1.868425083e-02
49.355000,-1.203309093e-02
49.360000,-5.872540234e-03
49.365000,-2.899437946e-04
49.370000,4.698240198e-03
49.375000,9.133286774e-03
49.380000,1.309322596e-02
49.385000,1.666835219e-02
49.390000,1.993803269e-02
49.395000,2.295313935e-02
49.400000,2.572700356e-02
49.405000,2.823572628e-02
49.410000,3.042646387e-02
49.415000,3.223053070e-02
49.420000,3.357728535e-02
49.425000,3.440501387e-02
49.430000,3.466627816e-02
49.435000,3.432706623e-02
49.440000,3.336103580e-02
49.445000,3.174167736e-02
49.450000,2.943598108e-02
49.455000,2.640300558e-02
49.460000,2.259963525e-02
49.465000,1.799396045e-02
49.470000,1.258446854e-02
49.475000,6.421090477e-03
49.480000,-3.773032928e-04
49.485000,-7.614583563e-03
49.490000,-1.502253717e-02
49.495000,-2.228113932e-02
49.500000,-2.905199477e-02
49.505000,-3.501959387e-02
49.510000,-3.993268890e-02
49.515000,-4.363754514e-02
49.520000,-4.609625562e-02
49.525000,-4.738636639e-02
49.530000,-4.768196554e-02
49.535000,-4.722021444e-02
49.540000,-4.626021592e-02
49.545000,-4.504256587e-02
49.550000,-4.375768372e-02
49.555000,-4.252912215e-02
49.560000,-4.141482723e-02
49.565000,-4.042529629e-02
49.570000,-3.955351024e-02
49.575000,-3.880829531e-02
49.580000,-3.824127521e-02
49.585000,-3.795843259e-02
49.590000,-3.811061325e-02
49.595000,-3.886250471e-02
49.600000,-4.034549896e-02
49.605000,-4.260485079e-02
49.610000,-4.555421618e-02
49.615000,-4.895011386e-02
49.620000,-5.239508874e-02
49.625000,-5.537225866e-02
49.630000,-5.730702014e-02
49.635000,-5.764567005e-02
49.640000,-5.593696228e-02
49.645000,-5.190191517e-02
49.650000,-4.547951781e-02
49.655000,-3.684070143e-02
49.660000,-2.636896965e-02
49.665000,-1.461217399e-02
49.670000,-2.214896359e-03
49.675000,1.015617907e-02
49.680000,2.188118740e-02
49.685000,3.243984716e-02
49.690000,4.144192916e-02
49.695000,4.863461350e-02
49.700000,5.389094979e-02
49.705000,5.718715543e-02
49.710000,5.857769240e-02
49.715000,5.817579628e-02
49.720000,5.614390424e-02
49.725000,5.269424494e-02
49.730000,4.809589791e-02
49.735000,4.268194755e-02
49.740000,3.684960825e-02
49.745000,3.104754330e-02
49.750000,2.574770892e-02
49.755000,2.140318936e-02
49.760000,1.839766425e-02
49.765000,1.699532380e-02
49.770000,1.730135432e-02
49.775000,1.924208254e-02
49.780000,2.257057271e-02
49.785000,2.689858081e-02
49.790000,3.175039831e-02
49.795000,3.662955078e-02
49.800000,4.108666424e-02
49.805000,4.477670289e-02
49.810000,4.749619560e-02
49.815000,4.919535055e-02
49.820000,4.996502483e-02
49.825000,5.000316007e-02
49.830000,4.956851866e-02
49.835000,4.893081409e-02
49.840000,4.832563230e-02
49.845000,4.792037837e-02
49.850000,4.779460644e-02
49.855000,4.793526080e-02
49.860000,4.824511075e-02
49.865000,4.856123404e-02
49.870000,4.867975350e-02
49.875000,4.838298506e-02
49.880000,4.746554297e-02
49.885000,4.575666334e-02
49.890000,4.313698799e-02
49.895000,3.954918901e-02
49.900000,3.500290580e-02
49.905000,2.957523199e-02
49.910000,2.340818784e-02
49.915000,1.670417874e-02
49.920000,9.719557040e-03
49.925000,2.755473029e-03
49.930000,-3.855318230e-03
49.935000,-9.766808224e-03
49.940000,-1.464336034e-02
49.945000,-1.818722513e-02
49.950000,-2.016705697e-02
49.955000,-2.044356819e-02
49.960000,-1.898838244e-02
49.965000,-1.589305532e-02
49.970000,-1.136687249e-02
49.975000,-5.723933580e-03
49.980000,6.383691391e-04
49.985000,7.266495161e-03
49.990000,1.368055190e-02
49.995000,1.940449249e-02
50.000000,2.399546762e-02
50.005000,2.707185931e-02
50.010000,2.833970080e-02
50.015000,2.761669062e-02
50.020000,2.485209275e-02
50.025000,2.013994738e-02
50.030000,1.372267522e-02
50.035000,5.982627628e-03
50.040000,-2.579591666e-03
50.045000,-1.137940340e-02
50.050000,-1.979257573e-02
50.055000,-2.720539863e-02
50.060000,-3.306544640e-02
50.065000,-3.692732993e-02
50.070000,-3.848829787e-02
50.075000,-3.760977231e-02
50.080000,-3.432278294e-02
50.085000,-2.881753870e-02
50.090000,-2.141964403e-02
50.095000,-1.255722860e-02
50.100000,-2.724066672e-03
50.105000,7.556610074e-03
50.110000,1.776432712e-02
50.115000,2.740833060e-02
50.120000,3.604991345e-02
50.125000,4.332185123e-02
50.130000,4.894669025e-02
50.135000,5.275451917e-02
50.140000,5.469906439e-02
50.145000,5.486914723e-02
50.150000,5.349141246e-02
50.155000,5.092026737e-02
50.160000,4.761231544e-02
50.165000,4.408502886e-02
50.170000,4.086249285e-02
50.175000,3.841411696e-02
50.180000,3.709455735e-02
50.185000,3.709414025e-02
50.190000,3.840844088e-02
50.195000,4.083328123e-02
50.200000,4.398755376e-02
50.205000,4.736160278e-02
50.210000,5.038431819e-02
50.215000,5.249861026e-02
50.220000,5.323337255e-02
50.225000,5.226083062e-02
50.230000,4.943119545e-02
50.235000,4.478111916e-02
50.240000,3.851752611e-02
50.245000,3.098279104e-02
50.250000,2.260998060e-02
50.255000,1.387742529e-02
50.260000,5.270265408e-03
50.265000,-2.746639112e-03
50.270000,-9.744008333e-03
50.275000,-1.533483763e-02
50.280000,-1.917799258e-02
50.285000,-2.098462676e-02
50.290000,-2.053176223e-02
50.295000,-1.768421509e-02
50.300000,-1.242219440e-02
50.305000,-4.868453316e-03
50.310000,4.693131718e-03
50.315000,1.581555012e-02
50.320000,2.790882023e-02
50.325000,4.028375449e-02
50.330000,5.221575145e-02
50.335000,6.302040977e-02
50.340000,7.212962908e-02
50.345000,7.915600291e-02
50.350000,8.393495269e-02
50.355000,8.653784308e-02
50.360000,8.725441710e-02
50.365000,8.654817525e-02
50.370000,8.499268038e-02
50.375000,8.319934464e-02
50.380000,8.174764853e-02
50.385000,8.112706436e-02
50.390000,8.169676038e-02
50.395000,8.366526433e-02
50.400000,8.708854081e-02
50.405000,9.188212927e-02
50.410000,9.784158514e-02
50.415000,1.046656302e-01
50.420000,1.119779762e-01
50.425000,1.193462526e-01
50.430000,1.262991154e-01
50.435000,1.323446152e-01
50.440000,1.369935456e-01
50.445000,1.397904193e-01
50.450000,1.403521004e-01
50.455000,1.384106865e-01
50.460000,1.338540929e-01
50.465000,1.267560575e-01
50.470000,1.173877273e-01
50.475000,1.062056743e-01
50.480000,9.381550998e-02
50.485000,8.091506692e-02
50.490000,6.822514455e-02
50.495000,5.641807149e-02
50.500000,4.605439031e-02
50.505000,3.753598497e-02
50.510000,3.108059120e-02
50.515000,2.671871694e-02
50.520000,2.431038729e-02
50.525000,2.357644982e-02
50.530000,2.413779024e-02
50.535000,2.555580295e-02
50.540000,2.736868247e-02
50.545000,2.912019789e-02
50.550000,3.038007615e-02
50.555000,3.075736688e-02
50.560000,2.990964458e-02
50.565000,2.755125973e-02
50.570000,2.346301788e-02
50.575000,1.750393925e-02
50.580000,9.623711348e-03
50.585000,-1.272125238e-04
50.590000,-1.159360984e-02
50.595000,-2.452076828e-02
50.600000,-3.857054650e-02
50.605000,-5.334734606e-02
50.610000,-6.843072469e-02
50.615000,-8.340959270e-02
50.620000,-9.791222350e-02
50.625000,-1.116268727e-01
50.630000,-1.243095520e-01
50.635000,-1.357781121e-01
50.640000,-1.458947418e-01
50.645000,-1.545416770e-01
50.650000,-1.615966991e-01
50.655000,-1.669153989e-01
50.660000,-1.703259300e-01
50.665000,-1.716392195e-01
50.670000,-1.706739051e-01
50.675000,-1.672914896e-01
50.680000,-1.614343296e-01
50.685000,-1.531579020e-01
50.690000,-1.426496717e-01
50.695000,-1.302296378e-01
50.700000,-1.163315530e-01
50.705000,-1.014679090e-01
50.710000,-8.618502781e-02
50.715000,-7.101626122e-02
50.720000,-5.644104584e-02
50.725000,-4.285559951e-02
50.730000,-3.055796386e-02
50.735000,-1.974674190e-02
50.740000,-1.053008521e-02
50.745000,-2.939890233e-03
50.750000,3.053942779e-03
50.755000,7.533046358e-03
50.760000,1.062552091e-02
50.765000,1.250528978e-02
50.770000,1.339268912e-02
50.775000,1.355189349e-02
50.780000,1.328096212e-02
50.785000,1.289195805e-02
50.790000,1.268144706e-02
50.795000,1.289504670e-02
50.800000,1.369262335e-02
50.805000,1.512224895e-02
50.810000,1.711043532e-02
50.815000,1.947333509e-02
50.820000,2.194911157e-02
50.825000,2.424669234e-02
50.830000,2.610202207e-02
50.835000,2.733087742e-02
50.840000,2.786783939e-02
50.845000,2.778391131e-02
50.850000,2.727966759e-02
50.855000,2.665557574e-02
50.860000,2.626519521e-02
50.865000,2.645961327e-02
50.870000,2.753244205e-02
50.875000,2.967402953e-02
50.880000,3.294150933e-02
50.885000,3.724834614e-02
50.890000,4.237364504e-02
50.895000,4.798828802e-02
50.900000,5.369254872e-02
50.905000,5.905868840e-02
50.910000,6.367232318e-02
50.915000,6.716785785e-02
50.920000,6.925544963e-02
50.925000,6.973909880e-02
50.930000,6.852696359e-02
50.935000,6.563556822e-02
50.940000,6.118927745e-02
50.945000,5.541559299e-02
50.950000,4.863593800e-02
50.955000,4.125103302e-02
50.960000,3.371995625e-02
50.965000,2.653255723e-02
50.970000,2.017592861e-02
50.975000,1.509690173e-02
50.980000,1.166373898e-02
50.985000,1.013107179e-02
50.990000,1.061245323e-02
50.995000,1.306452275e-02
51.000000,1.728570483e-02
51.005000,2.293069292e-02
51.010000,2.953993078e-02
51.015000,3.658120035e-02
51.020000,4.349861296e-02
51.025000,4.976312642e-02
51.030000,5.491845667e-02
51.035000,5.861704850e-02
51.040000,6.064252434e-02
51.045000,6.091740073e-02
51.050000,5.949731291e-02
51.055000,5.655492782e-02
51.060000,5.235769695e-02
51.065000,4.724343660e-02
51.070000,4.159660378e-02
51.075000,3.582652603e-02
51.080000,3.034731261e-02
51.085000,2.555821485e-02
51.090000,2.182307008e-02
51.095000,1.944813978e-02
51.100000,1.865888338e-02
51.105000,1.957760989e-02
51.110000,2.220511297e-02
51.115000,2.640998096e-02
51.120000,3.192906503e-02
51.125000,3.838152856e-02
51.130000,4.529710291e-02
51.135000,5.215691384e-02
51.140000,5.844292277e-02
51.145000,6.369010828e-02
51.150000,6.753443000e-02
51.155000,6.974967768e-02
51.160000,7.026761810e-02
51.165000,6.917825846e-02
51.170000,6.671014107e-02
51.175000,6.319376937e-02
51.180000,5.901387944e-02
51.185000,5.455776254e-02
51.190000,5.016693837e-02
51.195000,4.609826883e-02
51.200000,4.249851538e-02
51.205000,3.939398432e-02
51.210000,3.669483142e-02
51.215000,3.421213216e-02
51.220000,3.168498510e-02
51.225000,2.881449934e-02
51.230000,2.530127568e-02
51.235000,2.088280300e-02
51.240000,1.536712854e-02
51.245000,8.659415471e-03
51.250000,7.787325087e-04
51.255000,-8.136390143e-03
51.260000,-1.783369309e-02
51.265000,-2.796299285e-02
51.270000,-3.810003876e-02
51.275000,-4.777618635e-02
51.280000,-5.651190003e-02
51.285000,-6.385248727e-02
51.290000,-6.940463504e-02
51.295000,-7.287203184e-02
51.300000,-7.408762064e-02
51.305000,-7.303910545e-02
51.310000,-6.988366814e-02
51.315000,-6.494791223e-02
51.320000,-5.871015662e-02
51.325000,-5.176438105e-02
51.330000,-4.476805256e-02
51.335000,-3.837911392e-02
51.340000,-3.318983711e-02
51.345000,-2.966638122e-02
51.350000,-2.810239421e-02
51.355000,-2.859292848e-02
51.360000,-3.103175050e-02
51.365000,-3.513149538e-02
51.370000,-4.046276109e-02
51.375000,-4.650573030e-02
51.380000,-5.270660995e-02
51.385000,-5.853121459e-02
51.390000,-6.350931086e-02
51.395000,-6.726561588e-02
51.400000,-6.953615595e-02
51.405000,-7.017146007e-02
51.410000,-6.913016454e-02
51.415000,-6.646754954e-02
51.420000,-6.232311785e-02
51.425000,-5.690975495e-02
51.430000,-5.050481909e-02
51.435000,-4.344142106e-02
51.440000,-3.609682877e-02
51.445000,-2.887478491e-02
51.450000,-2.217962322e-02
51.455000,-1.638216099e-02
51.460000,-1.177995452e-02
51.465000,-8.557041942e-03
51.470000,-6.750150546e-03
51.475000,-6.228962790e-03
51.480000,-6.697031829e-03
51.485000,-7.717217692e-03
51.490000,-8.761384382e-03
51.495000,-9.279288831e-03
51.500000,-8.777155268e-03
51.505000,-6.893484914e-03
51.510000,-3.459076312e-03
51.515000,1.469624167e-03
51.520000,7.610175902e-03
51.525000,1.448712146e-02
51.530000,2.149245082e-02
51.535000,2.796280139e-02
51.540000,3.326006597e-02
51.545000,3.684236847e-02
51.550000,3.831534129e-02
51.555000,3.745846583e-02
51.560000,3.422664960e-02
51.565000,2.873186363e-02
51.570000,2.121249845e-02
51.575000,1.199864534e-02
51.580000,1.479968721e-03
51.585000,-9.920052144e-03
51.590000,-2.176297285e-02
51.595000,-3.360944685e-02
51.600000,-4.503208962e-02
51.605000,-5.563078197e-02
51.610000,-6.505281209e-02
51.615000,-7.301809492e-02
51.620000,-7.934712610e-02
51.625000,-8.398691395e-02
51.630000,-8.702851858e-02
51.635000,-8.870960206e-02
51.640000,-8.939695280e-02
51.645000,-8.954729261e-02
51.650000,-8.964927818e-02
51.655000,-9.015443513e-02
51.660000,-9.140849563e-02
51.665000,-9.359604746e-02
51.670000,-9.670986245e-02
51.675000,-1.005518847e-01
51.680000,-1.047665784e-01
51.685000,-1.089006888e-01
51.690000,-1.124781094e-01
51.695000,-1.150757565e-01
51.700000,-1.163867062e-01
51.705000,-1.162600826e-01
51.710000,-1.147123670e-01
51.715000,-1.119106189e-01
51.720000,-1.081332859e-01
51.725000,-1.037178700e-01
51.730000,-9.900621026e-02
51.735000,-9.429749497e-02
51.740000,-8.981664481e-02
51.745000,-8.570194686e-02
51.750000,-8.201148166e-02
51.755000,-7.874376993e-02
51.760000,-7.586501591e-02
51.765000,-7.333407442e-02
51.770000,-7.111724946e-02
51.775000,-6.918816363e-02
51.780000,-6.751253805e-02
51.785000,-6.602260585e-02
51.790000,-6.458966670e-02
51.795000,-6.300481456e-02
51.800000,-6.097658845e-02
51.805000,-5.815045996e-02
51.810000,-5.414967658e-02
51.815000,-4.863145293e-02
51.820000,-4.134828126e-02
51.825000,-3.220227099e-02
51.830000,-2.128134028e-02
51.835000,-8.869490101e-03
51.840000,4.571568769e-03
51.845000,1.844668590e-02
51.850000,3.209000283e-02
51.855000,4.483579346e-02
51.860000,5.608641386e-02
51.865000,6.536791286e-02
51.870000,7.236700946e-02
51.875000,7.694698761e-02
51.880000,7.914363983e-02
51.885000,7.914499177e-02
51.890000,7.725984666e-02
51.895000,7.388030334e-02
51.900000,6.944270471e-02
51.905000,6.439042416e-02
51.910000,5.914085595e-02
51.915000,5.405811879e-02
51.920000,4.943233343e-02
51.925000,4.546584118e-02
51.930000,4.226635164e-02
51.935000,3.984674034e-02
51.940000,3.813107272e-02
51.945000,3.696638107e-02
51.950000,3.613967326e-02
51.955000,3.539947148e-02
51.960000,3.448076179e-02
51.965000,3.313158708e-02
51.970000,3.113879560e-02
51.975000,2.834994417e-02
51.980000,2.468835008e-02
51.985000,2.015897968e-02
51.990000,1.484422341e-02
51.995000,8.890355049e-03
52.000000,2.487146899e-03
52.005000,-4.155775190e-03
52.010000,-1.083203028e-02
52.015000,-1.735793431e-02
52.020000,-2.358656447e-02
52.025000,-2.941621492e-02
52.030000,-3.479418533e-02
52.035000,-3.971730138e-02
52.040000,-4.423026682e-02
52.045000,-4.842213614e-02
52.050000,-5.242030089e-02
52.055000,-5.638083364e-02
52.060000,-6.047410679e-02
52.065000,-6.486533884e-02
52.070000,-6.969093569e-02
52.075000,-7.503286600e-02
52.080000,-8.089448410e-02
52.085000,-8.718188457e-02
52.090000,-9.369483467e-02
52.095000,-1.001304964e-01
52.100000,-1.061015624e-01
52.105000,-1.111682752e-01
52.110000,-1.148814002e-01
52.115000,-1.168310189e-01
52.120000,-1.166944741e-01
52.125000,-1.142763297e-01
52.130000,-1.095340397e-01
52.135000,-1.025850884e-01
52.140000,-9.369435431e-02
52.145000,-8.324379110e-02
52.150000,-7.168954755e-02
52.155000,-5.951371421e-02
52.160000,-4.717853395e-02
52.165000,-3.508997810e-02
52.170000,-2.357525695e-02
52.175000,-1.287562428e-02
52.180000,-3.152499819e-03
52.185000,5.497720467e-03
52.190000,1.302611398e-02
52.195000,1.941655455e-02
52.200000,2.467766795e-02
52.205000,2.884236227e-02
52.210000,3.197293236e-02
52.215000,3.416753815e-02
52.220000,3.556304592e-02
52.225000,3.633002871e-02
52.230000,3.665789613e-02
52.235000,3.673102547e-02
52.240000,3.669957163e-02
52.245000,3.665058498e-02
52.250000,3.658568454e-02
52.255000,3.641071890e-02
52.260000,3.594085647e-02
52.265000,3.492186607e-02
52.270000,3.306552786e-02
52.275000,3.009462746e-02
52.280000,2.579117313e-02
52.285000,2.004054739e-02
52.290000,1.286439342e-02
52.295000,4.436213687e-03
52.300000,-4.924096511e-03
52.305000,-1.477743521e-02
52.310000,-2.461148162e-02
52.315000,-3.389919890e-02
52.320000,-4.216115145e-02
52.325000,-4.902210603e-02
52.330000,-5.425341047e-02
52.335000,-5.779531025e-02
52.340000,-5.975700679e-02
52.345000,-6.039598729e-02
52.350000,-6.008113066e-02
52.355000,-5.924581502e-02
52.360000,-5.833765322e-02
52.365000,-5.777086527e-02
52.370000,-5.788612080e-02
52.375000,-5.892133975e-02
52.380000,-6.099560861e-02
52.385000,-6.410703060e-02
52.390000,-6.814388481e-02
52.395000,-7.290690736e-02
52.400000,-7.813899973e-02
52.405000,-8.355755428e-02
52.410000,-8.888424111e-02
52.415000,-9.386776808e-02
52.420000,-9.829677417e-02
52.425000,-1.020023091e-01
52.430000,-1.048517290e-01
52.435000,-1.067376841e-01
52.440000,-1.075667215e-01
52.445000,-1.072516743e-01
52.450000,-1.057106034e-01
52.455000,-1.028730097e-01
52.460000,-9.869188663e-02
52.465000,-9.315848094e-02
52.470000,-8.631573121e-02
52.475000,-7.826643336e-02
52.480000,-6.917316014e-02
52.485000,-5.924861327e-02
52.490000,-4.873707897e-02
52.495000,-3.788961653e-02
52.500000,-2.693716557e-02
52.505000,-1.606657452e-02
52.510000,-5.404387991e-03
52.515000,4.987998439e-03
52.520000,1.510635431e-02
52.525000,2.498400837e-02
52.530000,3.466442867e-02
52.535000,4.417168657e-02
52.540000,5.348516787e-02
52.545000,6.252411363e-02
52.550000,7.114549585e-02
52.555000,7.915584087e-02
52.560000,8.633458641e-02
52.565000,9.246409403e-02
52.570000,9.736007913e-02
52.575000,1.008962449e-01
52.580000,1.030182830e-01
52.585000,1.037448189e-01
52.590000,1.031557939e-01
52.595000,1.013715563e-01
52.600000,9.852793809e-02
52.605000,9.475337953e-02
52.610000,9.015351740e-02
52.615000,8.480674196e-02
52.620000,7.877148441e-02
52.625000,7.210307646e-02
52.630000,6.487559879e-02
52.635000,5.720275481e-02
52.640000,4.925177312e-02
52.645000,4.124566981e-02
52.650000,3.345162647e-02
52.655000,2.615628468e-02
52.660000,1.963181228e-02
52.665000,1.409901934e-02
52.670000,9.695034414e-03
52.675000,6.452741414e-03
52.680000,4.297280829e-03
52.685000,3.061743871e-03
52.690000,2.520357139e-03
52.695000,2.433770867e-03
52.700000,2.598322530e-03
52.705000,2.889951556e-03
52.710000,3.294064500e-03
52.715000,3.914993229e-03
52.720000,4.962314610e-03
52.725000,6.715532432e-03
52.730000,9.472672316e-03
52.735000,1.349144498e-02
52.740000,1.893318959e-02
52.745000,2.581949480e-02
52.750000,3.400925166e-02
52.755000,4.320033376e-02
52.760000,5.295584061e-02
52.765000,6.275072453e-02
52.770000,7.203142995e-02
52.775000,8.027943607e-02
52.780000,8.706949334e-02
52.785000,9.211472844e-02
52.790000,9.529326440e-02
52.795000,9.665405018e-02
52.800000,9.640270202e-02
52.805000,9.487087392e-02
52.810000,9.247463610e-02
52.815000,8.966830275e-02
52.820000,8.690001231e-02
52.825000,8.457420553e-02
52.830000,8.302424988e-02
52.835000,8.249626464e-02
52.840000,8.314321368e-02
52.845000,8.502698177e-02
52.850000,8.812565956e-02
52.855000,9.234359488e-02
52.860000,9.752264626e-02
52.865000,1.034540975e-01
52.870000,1.098914676e-01
52.875000,1.165647335e-01
52.880000,1.231962187e-01
52.885000,1.295177515e-01
52.890000,1.352879116e-01
52.895000,1.403075850e-01
52.900000,1.444318334e-01
52.905000,1.475763692e-01
52.910000,1.497176360e-01
52.915000,1.508864577e-01
52.920000,1.511562137e-01
52.925000,1.506273088e-01
52.930000,1.494102167e-01
52.935000,1.476095403e-01
52.940000,1.453113593e-01
52.945000,1.425756790e-01
52.950000,1.394350553e-01
52.955000,1.358994977e-01
52.960000,1.319666167e-01
52.965000,1.276348700e-01
52.970000,1.229169392e-01
52.975000,1.178500500e-01
52.980000,1.125006085e-01
52.985000,1.069618633e-01
52.990000,1.013451121e-01
52.995000,9.576674986e-02
53.000000,9.033467208e-02
53.005000,8.513778276e-02
53.010000,8.024152151e-02
53.015000,7.569063074e-02
53.020000,7.151831646e-02
53.025000,6.775908616e-02
53.030000,6.446137995e-02
53.035000,6.169595079e-02
53.040000,5.955683857e-02
53.045000,5.815351052e-02
53.050000,5.759489327e-02
53.055000,5.796808592e-02
53.060000,5.931601211e-02
53.065000,6.161877504e-02
53.070000,6.478288854e-02
53.075000,6.864101365e-02
53.080000,7.296271895e-02
53.085000,7.747461843e-02
53.090000,8.188652018e-02
53.095000,8.591929191e-02
53.100000,8.933014332e-02
53.105000,9.193184983e-02
53.110000,9.360383653e-02
53.115000,9.429465760e-02
53.120000,9.401688183e-02
53.125000,9.283642613e-02
53.130000,9.085878526e-02
53.135000,8.821437956e-02
53.140000,8.504455999e-02
53.145000,8.148898677e-02
53.150000,7.767447431e-02
53.155000,7.370519808e-02
53.160000,6.965440309e-02
53.165000,6.555823462e-02
53.170000,6.141270984e-02
53.175000,5.717489213e-02
53.180000,5.276892456e-02
53.185000,4.809684430e-02
53.190000,4.305328147e-02
53.195000,3.754247324e-02
53.200000,3.149560593e-02
53.205000,2.488630832e-02
53.210000,1.774209490e-02
53.215000,1.014970302e-02
53.220000,2.252705817e-03
53.225000,-5.759319604e-03
53.230000,-1.366937767e-02
53.235000,-2.125696881e-02
53.240000,-2.832331278e-02
53.245000,-3.471298836e-02
53.250000,-4.032740998e-02
53.255000,-4.512717007e-02
53.260000,-4.912284165e-02
53.265000,-5.235666685e-02
53.270000,-5.487985045e-02
53.275000,-5.673128722e-02
53.280000,-5.792319328e-02
53.285000,-5.843740220e-02
53.290000,-5.823347262e-02
53.295000,-5.726685332e-02
53.300000,-5.551280619e-02
53.305000,-5.299014948e-02
53.310000,-4.977853957e-02
53.315000,-4.602411799e-02
53.320000,-4.193078503e-02
53.325000,-3.773767489e-02
53.330000,-3.368687443e-02
53.335000,-2.998817062e-02
53.340000,-2.678883821e-02
53.345000,-2.415572770e-02
53.350000,-2.207424532e-02
53.355000,-2.046484700e-02
53.360000,-1.921340992e-02
53.365000,-1.820841616e-02
53.370000,-1.737616834e-02
53.375000,-1.670566215e-02
53.380000,-1.625710597e-02
53.385000,-1.615177515e-02
53.390000,-1.654503796e-02
53.395000,-1.758809465e-02
53.400000,-1.938650223e-02
53.405000,-2.196444821e-02
53.410000,-2.524281122e-02
53.415000,-2.903642921e-02
53.420000,-3.307211668e-02
53.425000,-3.702455697e-02
53.430000,-4.056318443e-02
53.435000,-4.340054313e-02
53.440000,-4.533210993e-02
53.445000,-4.625945769e-02
53.450000,-4.619252431e-02
53.455000,-4.523168018e-02
53.460000,-4.353496721e-02
53.465000,-4.127910017e-02
53.470000,-3.862378759e-02
53.475000,-3.568749149e-02
53.480000,-3.253938074e-02
53.485000,-2.920787386e-02
53.490000,-2.570191931e-02
53.495000,-2.203804179e-02
53.500000,-1.826490332e-02
53.505000,-1.447796534e-02
53.510000,-1.081958062e-02
53.515000,-7.463815988e-03
53.520000,-4.589497759e-03
53.525000,-2.348268528e-03
53.530000,-8.359289108e-04
53.535000,-7.457562202e-05
53.540000,-1.023785967e-05
53.545000,-5.266505740e-04
53.550000,-1.471625353e-03
53.555000,-2.689317048e-03
53.560000,-4.050323568e-03
53.565000,-5.472249991e-03
53.570000,-6.925831691e-03
53.575000,-8.425271036e-03
53.580000,-1.000524906e-02
53.585000,-1.169029722e-02
53.590000,-1.346418220e-02
53.595000,-1.524724115e-02
53.600000,-1.688809109e-02
53.605000,-1.817306528e-02
53.610000,-1.885271062e-02
53.615000,-1.868060276e-02
53.620000,-1.745659276e-02
53.625000,-1.506521772e-02
53.630000,-1.150080328e-02
53.635000,-6.873603782e-03
53.640000,-1.395471772e-03
53.645000,4.652017109e-03
53.650000,1.096041488e-02
53.655000,1.723962642e-02
53.660000,2.325684944e-02
53.665000,2.886234627e-02
53.670000,3.399823719e-02
53.675000,3.869011251e-02
53.680000,4.302461685e-02
53.685000,4.711860508e-02
53.690000,5.108657900e-02
53.695000,5.501274279e-02
53.700000,5.893232501e-02
53.705000,6.282424922e-02
53.710000,6.661444824e-02
53.715000,7.018683059e-02
53.720000,7.339771550e-02
53.725000,7.608972923e-02
53.730000,7.810253922e-02
53.735000,7.927983413e-02
53.740000,7.947386465e-02
53.745000,7.854994490e-02
53.750000,7.639321602e-02
53.755000,7.291879613e-02
53.760000,6.808468745e-02
53.765000,6.190515977e-02
53.770000,5.446136115e-02
53.775000,4.590590737e-02
53.780000,3.645911151e-02
53.785000,2.639603234e-02
53.790000,1.602525291e-02
53.795000,5.661907532e-03
53.800000,-4.401297429e-03
53.805000,-1.392065914e-02
53.810000,-2.272129315e-02
53.815000,-3.070670606e-02
53.820000,-3.785632788e-02
53.825000,-4.421147199e-02
53.830000,-4.985257892e-02
53.835000,-5.487250558e-02
53.840000,-5.935147923e-02
53.845000,-6.333883759e-02
53.850000,-6.684490857e-02
53.855000,-6.984382211e-02
53.860000,-7.228540956e-02
53.865000,-7.411235797e-02
53.870000,-7.527794950e-02
53.875000,-7.576017512e-02
53.880000,-7.556953453e-02
53.885000,-7.474990938e-02
53.890000,-7.337390092e-02
53.895000,-7.153539313e-02
53.900000,-6.934248896e-02
53.905000,-6.691331200e-02
53.910000,-6.437571135e-02
53.915000,-6.187011778e-02
53.920000,-5.955323642e-02
53.925000,-5.759942087e-02
53.930000,-5.619675186e-02
53.935000,-5.553604823e-02
53.940000,-5.579298381e-02
53.945000,-5.710565970e-02
53.950000,-5.955178272e-02
53.955000,-6.313048442e-02
53.960000,-6.775345058e-02
53.965000,-7.324840643e-02
53.970000,-7.937545127e-02
53.975000,-8.585387297e-02
53.980000,-9.239463616e-02
53.985000,-9.873238499e-02
53.990000,-1.046509095e-01
53.995000,-1.099975724e-01
54.000000,-1.146847685e-01
54.005000,-1.186794202e-01
54.010000,-1.219840695e-01
54.015000,-1.246147273e-01
54.020000,-1.265810006e-01
54.025000,-1.278731536e-01
54.030000,-1.284589656e-01
54.035000,-1.282909714e-01
54.040000,-1.273223812e-01
54.045000,-1.255281231e-01
54.050000,-1.229263575e-01
54.055000,-1.195956551e-01
54.060000,-1.156838517e-01
54.065000,-1.114062156e-01
54.070000,-1.070326910e-01
54.075000,-1.028661767e-01
54.080000,-9.921559876e-02
54.085000,-9.636854699e-02
54.090000,-9.456821254e-02
54.095000,-9.399828491e-02
54.100000,-9.477756699e-02
54.105000,-9.696379478e-02
54.110000,-1.005640594e-01
54.115000,-1.055478498e-01
54.120000,-1.118584163e-01
54.125000,-1.194189678e-01
54.130000,-1.281319205e-01
54.135000,-1.378715441e-01
54.140000,-1.484723455e-01
54.145000,-1.597168972e-01
54.150000,-1.713272904e-01
54.155000,-1.829639049e-01
54.160000,-1.942339172e-01
54.165000,-2.047101856e-01
54.170000,-2.139591866e-01
54.175000,-2.215748627e-01
54.180000,-2.272138800e-01
54.185000,-2.306271662e-01
54.190000,-2.316828759e-01
54.195000,-2.303771563e-01
54.200000,-2.268310626e-01
54.205000,-2.212743135e-01
54.210000,-2.140187519e-01
54.215000,-2.054258837e-01
54.220000,-1.958734048e-01
54.225000,-1.857251497e-01
54.230000,-1.753076729e-01
54.235000,-1.648950998e-01
54.240000,-1.547023803e-01
54.245000,-1.448859083e-01
54.250000,-1.355497286e-01
54.255000,-1.267551705e-01
54.260000,-1.185316333e-01
54.265000,-1.108863482e-01
54.270000,-1.038112861e-01
54.275000,-9.728604342e-02
54.280000,-9.127652642e-02
54.285000,-8.573044657e-02
54.290000,-8.057175282e-02
54.295000,-7.569680856e-02
54.300000,-7.097506763e-02
54.305000,-6.625610745e-02
54.310000,-6.138330001e-02
54.315000,-5.621254376e-02
54.320000,-5.063286691e-02
54.325000,-4.458481700e-02
54.330000,-3.807264431e-02
54.335000,-3.116735863e-02
54.340000,-2.399951448e-02
54.345000,-1.674261971e-02
54.350000,-9.589887657e-03
54.355000,-2.728278199e-03
54.360000,3.685823522e-03
54.365000,9.545386263e-03
54.370000,1.480321090e-02
54.375000,1.947292844e-02
54.380000,2.362102615e-02
54.385000,2.735188674e-02
54.390000,3.078883416e-02
54.395000,3.405456343e-02
54.400000,3.725405758e-02
54.405000,4.046225089e-02
54.410000,4.371748291e-02
54.415000,4.702047957e-02
54.420000,5.033750502e-02
54.425000,5.360572903e-02
54.430000,5.673891926e-02
54.435000,5.963228663e-02
54.440000,6.216646562e-02
54.445000,6.421180043e-02
54.450000,6.563486633e-02
54.455000,6.630910897e-02
54.460000,6.613050576e-02
54.465000,6.503744728e-02
54.470000,6.303209564e-02
54.475000,6.019893232e-02
54.480000,5.671561704e-02
54.485000,5.285192941e-02
54.490000,4.895438808e-02
54.495000,4.541673589e-02
54.500000,4.263924856e-02
54.505000,4.098214972e-02
54.510000,4.071981025e-02
54.515000,4.200261646e-02
54.520000,4.483239820e-02
54.525000,4.905532363e-02
54.530000,5.437356138e-02
54.535000,6.037423669e-02
54.540000,6.657173524e-02
54.545000,7.245763841e-02
54.550000,7.755178294e-02
54.555000,8.144822048e-02
54.560000,8.385110598e-02
54.565000,8.459748333e-02
54.570000,8.366614710e-02
54.575000,8.117378105e-02
54.580000,7.736100263e-02
54.585000,7.257153016e-02
54.590000,6.722741286e-02
54.595000,6.180234643e-02
54.600000,5.679394252e-02
54.605000,5.269489794e-02
54.610000,4.996269343e-02
54.615000,4.898789622e-02
54.620000,5.006222215e-02
54.625000,5.334887340e-02
54.630000,5.885883466e-02
54.635000,6.643734339e-02
54.640000,7.576436660e-02
54.645000,8.637155669e-02
54.650000,9.767598682e-02
54.655000,1.090283350e-01
54.660000,1.197705798e-01
54.665000,1.292962269e-01
54.670000,1.371051124e-01
54.675000,1.428452642e-01
54.680000,1.463362149e-01
54.685000,1.475712623e-01
54.690000,1.466998198e-01
54.695000,1.439943720e-01
54.700000,1.398088285e-01
54.705000,1.345357283e-01
54.710000,1.285687006e-01
54.715000,1.222742330e-01
54.720000,1.159738728e-01
54.725000,1.099353503e-01
54.730000,1.043694556e-01
54.735000,9.942917569e-02
54.740000,9.520851812e-02
54.745000,9.174016920e-02
54.750000,8.899298509e-02
54.755000,8.687165734e-02
54.760000,8.522127109e-02
54.765000,8.383877147e-02
54.770000,8.249179703e-02
54.775000,8.094341335e-02
54.780000,7.897956289e-02
54.785000,7.643503211e-02
54.790000,7.321369074e-02
54.795000,6.929967862e-02
54.800000,6.475785361e-02
54.805000,5.972377893e-02
54.810000,5.438538719e-02
54.815000,4.895983023e-02
54.820000,4.366964168e-02
54.825000,3.872208288e-02
54.830000,3.429446746e-02
54.835000,3.052660549e-02
54.840000,2.751967082e-02
54.845000,2.533925563e-02
54.850000,2.401957379e-02
54.855000,2.356596385e-02
54.860000,2.395399019e-02
54.865000,2.512520721e-02
54.870000,2.698147413e-02
54.875000,2.938097888e-02
54.880000,3.213938355e-02
54.885000,3.503858034e-02
54.890000,3.784364425e-02
54.895000,4.032620004e-02
54.900000,4.229026643e-02
54.905000,4.359535746e-02
54.910000,4.417164935e-02
54.915000,4.402345207e-02
54.920000,4.321975602e-02
54.925000,4.187363479e-02
54.930000,4.011499341e-02
54.935000,3.806283956e-02
54.940000,3.580345627e-02
54.945000,3.337948962e-02
54.950000,3.079234617e-02
54.955000,2.801704389e-02
54.960000,2.502554184e-02
54.965000,2.181232184e-02
54.970000,1.841516053e-02
54.975000,1.492486516e-02
54.980000,1.148015368e-02
54.985000,8.247377480e-03
54.990000,5.388653551e-03
54.995000,3.025264992e-03
55.000000,1.205021435e-03
55.005000,-1.179520755e-04
55.010000,-1.084914231e-03
55.015000,-1.913686714e-03
55.020000,-2.862109252e-03
55.025000,-4.180891397e-03
55.030000,-6.065715619e-03
55.035000,-8.618883291e-03
55.040000,-1.182882717e-02
55.045000,-1.557193858e-02
55.050000,-1.963631968e-02
55.055000,-2.376240242e-02
55.060000,-2.769191561e-02
55.065000,-3.121515279e-02
55.070000,-3.420716713e-02
55.075000,-3.664618651e-02
55.080000,-3.861156854e-02
55.085000,-4.026308495e-02
55.090000,-4.180722843e-02
55.095000,-4.345869272e-02
55.100000,-4.540564463e-02
55.105000,-4.778581557e-02
55.110000,-5.067722684e-02
55.115000,-5.410336966e-02
55.120000,-5.804892685e-02
55.125000,-6.247960868e-02
55.130000,-6.735901584e-02
55.135000,-7.265676992e-02
55.140000,-7.834507064e-02
55.145000,-8.438452767e-02
55.150000,-9.070355599e-02
55.155000,-9.717787623e-02
55.160000,-1.036171154e-01
55.165000,-1.097640398e-01
55.170000,-1.153089671e-01
55.175000,-1.199181899e-01
55.180000,-1.232717579e-01
55.185000,-1.251035888e-01
55.190000,-1.252361508e-01
55.195000,-1.236030212e-01
55.200000,-1.202551403e-01
55.205000,-1.153499359e-01
55.210000,-1.091258996e-01
55.215000,-1.018679409e-01
55.220000,-9.387037064e-02
55.225000,-8.540441954e-02
55.230000,-7.669580979e-02
55.235000,-6.791538819e-02
55.240000,-5.918274301e-02
55.245000,-5.057974284e-02
55.250000,-4.216874231e-02
55.255000,-3.400934037e-02
55.260000,-2.616830490e-02
55.265000,-1.871945293e-02
55.270000,-1.173336259e-02
55.275000,-5.259973641e-03
55.280000,6.904769792e-04
55.285000,6.161833143e-03
55.290000,1.125622593e-02
55.295000,1.612504784e-02
55.300000,2.094696247e-02
55.305000,2.589655572e-02
55.310000,3.110971427e-02
55.315000,3.665283917e-02
55.320000,4.250237967e-02
55.325000,4.853913617e-02
55.330000,5.455887229e-02
55.335000,6.029767419e-02
55.340000,6.546784197e-02
55.345000,6.979837768e-02
55.350000,7.307360328e-02
55.355000,7.516411587e-02
55.360000,7.604595844e-02
55.365000,7.580616048e-02
55.370000,7.463517550e-02
55.375000,7.280869222e-02
55.380000,7.066242023e-02
55.385000,6.856358760e-02
55.390000,6.688218159e-02
55.395000,6.596382356e-02
55.400000,6.610512450e-02
55.405000,6.753185307e-02
55.410000,7.038042149e-02
55.415000,7.468386302e-02
55.420000,8.036417578e-02
55.425000,8.723312369e-02
55.430000,9.500298226e-02
55.435000,1.033073141e-01
55.440000,1.117300287e-01
55.445000,1.198393055e-01
55.450000,1.272219883e-01
55.455000,1.335140926e-01
55.460000,1.384240730e-01
55.465000,1.417471289e-01
55.470000,1.433706025e-01
55.475000,1.432719821e-01
55.480000,1.415118528e-01
55.485000,1.382242444e-01
55.490000,1.336062834e-01
55.495000,1.279080656e-01
55.500000,1.214225182e-01
55.505000,1.144740297e-01
55.510000,1.074040997e-01
55.515000,1.005524447e-01
55.520000,9.423297415e-02
55.525000,8.870570391e-02
55.530000,8.414763047e-02
55.535000,8.062732286e-02
55.540000,7.808890255e-02
55.545000,7.635072579e-02
55.550000,7.512227688e-02
55.555000,7.403972090e-02
55.560000,7.271680965e-02
55.565000,7.080419613e-02
55.570000,6.804757392e-02
55.575000,6.433415803e-02
55.580000,5.971825895e-02
55.585000,5.442000461e-02
55.590000,4.879607274e-02
55.595000,4.328665512e-02
55.600000,3.834763686e-02
55.605000,3.438006224e-02
55.610000,3.166962895e-02
55.615000,3.034698532e-02
55.620000,3.037537262e-02
55.625000,3.156655743e-02
55.630000,3.362026188e-02
55.635000,3.617770190e-02
55.640000,3.887741853e-02
55.645000,4.140187898e-02
55.650000,4.350624426e-02
55.655000,4.502553667e-02
55.660000,4.586200871e-02
55.665000,4.595944123e-02
55.670000,4.527415653e-02
55.675000,4.375295665e-02
55.680000,4.132588899e-02
55.685000,3.791729720e-02
55.690000,3.347318332e-02
55.695000,2.799788892e-02
55.700000,2.158980021e-02
55.705000,1.446506436e-02
55.710000,6.960400775e-03
55.715000,-4.894645230e-04
55.720000,-7.398455598e-03
55.725000,-1.329288859e-02
55.730000,-1.778095360e-02
55.735000,-2.061465143e-02
55.740000,-2.173182834e-02
55.745000,-2.126956343e-02
55.750000,-1.954567610e-02
55.755000,-1.701133822e-02
55.760000,-1.418336294e-02
55.765000,-1.156851876e-02
55.770000,-9.593418453e-03
55.775000,-8.551960180e-03
55.780000,-8.578358962e-03
55.785000,-9.648406701e-03
55.790000,-1.160593676e-02
55.795000,-1.420676465e-02
55.800000,-1.716959994e-02
55.805000,-2.022308580e-02
55.810000,-2.314016896e-02
55.815000,-2.575484630e-02
55.820000,-2.796100610e-02
55.825000,-2.969746119e-02
55.830000,-3.092634966e-02
55.835000,-3.161318662e-02
55.840000,-3.171579444e-02
55.845000,-3.118644337e-02
55.850000,-2.998754673e-02
55.855000,-2.811717613e-02
55.860000,-2.563750824e-02
55.865000,-2.269787483e-02
55.870000,-1.954474005e-02
55.875000,-1.651353950e-02
55.880000,-1.400127296e-02
55.885000,-1.242310657e-02
55.890000,-1.215997386e-02
55.895000,-1.350639604e-02
55.900000,-1.662797426e-02
55.905000,-2.153622690e-02
55.910000,-2.808510984e-02
55.915000,-3.598945046e-02
55.920000,-4.486155371e-02
55.925000,-5.425921116e-02
55.930000,-6.373680284e-02
55.935000,-7.289131255e-02
55.940000,-8.139671298e-02
55.945000,-8.902287238e-02
55.950000,-9.563828339e-02
55.955000,-1.011988777e-01
55.960000,-1.057274101e-01
55.965000,-1.092889928e-01
55.970000,-1.119681920e-01
55.975000,-1.138517981e-01
55.980000,-1.150193180e-01
55.985000,-1.155409538e-01
55.990000,-1.154809116e-01
55.995000,-1.149027869e-01
56.000000,-1.138737308e-01
56.005000,-1.124650339e-01
56.010000,-1.107483208e-01
56.015000,-1.087882365e-01
56.020000,-1.066338117e-01
56.025000,-1.043112883e-01
56.030000,-1.018209426e-01
56.035000,-9.913949663e-02
56.040000,-9.622834528e-02
56.045000,-9.304642418e-02
56.050000,-8.956542330e-02
56.055000,-8.578446456e-02
56.060000,-8.174139491e-02
56.065000,-7.751846018e-02
56.070000,-7.324115209e-02
56.075000,-6.907021975e-02
56.080000,-6.518795099e-02
56.085000,-6.178064848e-02
56.090000,-5.901963845e-02
56.095000,-5.704315483e-02
56.100000,-5.594112715e-02
56.105000,-5.574439396e-02
56.110000,-5.641928081e-02
56.115000,-5.786789474e-02
56.120000,-5.993392922e-02
56.125000,-6.241325970e-02
56.130000,-6.506817197e-02
56.135000,-6.764375257e-02
56.140000,-6.988484083e-02
56.145000,-7.155203090e-02
56.150000,-7.243550611e-02
56.155000,-7.236592367e-02
56.160000,-7.122204521e-02
56.165000,-6.893522513e-02
56.170000,-6.549114569e-02
56.175000,-6.092928837e-02
56.180000,-5.534056377e-02
56.185000,-4.886333587e-02
56.190000,-4.167784292e-02
56.195000,-3.399882272e-02
56.200000,-2.606607137e-02
56.205000,-1.813275412e-02
56.210000,-1.045155680e-02
56.215000,-3.259183152e-03
56.220000,3.239806610e-03
56.225000,8.888358186e-03
56.230000,1.358970187e-02
56.235000,1.731567355e-02
56.240000,2.010892700e-02
56.245000,2.207795464e-02
56.250000,2.338471688e-02
56.255000,2.422577304e-02
56.260000,2.480893388e-02
56.265000,2.532839579e-02
56.270000,2.594185550e-02
56.275000,2.675308325e-02
56.280000,2.780279613e-02
56.285000,2.906948039e-02
56.290000,3.048022888e-02
56.295000,3.192993468e-02
56.300000,3.330561644e-02
56.305000,3.451155802e-02
56.310000,3.549060621e-02
56.315000,3.623755729e-02
56.320000,3.680206385e-02
56.325000,3.728065641e-02
56.330000,3.779982452e-02
56.335000,3.849404803e-02
56.340000,3.948367631e-02
56.345000,4.085733380e-02
56.350000,4.266215384e-02
56.355000,4.490302142e-02
56.360000,4.754975298e-02
56.365000,5.054935850e-02
56.370000,5.383962283e-02
56.375000,5.736032364e-02
56.380000,6.105932747e-02
56.385000,6.489227009e-02
56.390000,6.881618897e-02
56.395000,7.277902170e-02
56.400000,7.670804898e-02
56.405000,8.050092257e-02
56.410000,8.402270902e-02
56.415000,8.711134109e-02
56.420000,8.959211937e-02
56.425000,9.129977450e-02
56.430000,9.210458192e-02
56.435000,9.193764460e-02
56.440000,9.081012560e-02
56.445000,8.882205102e-02
56.450000,8.615813775e-02
56.455000,8.307050668e-02
56.460000,7.985058642e-02
56.465000,7.679450279e-02
56.470000,7.416742458e-02
56.475000,7.217251564e-02
56.480000,7.092930869e-02
56.485000,7.046460256e-02
56.490000,7.071666409e-02
56.495000,7.155099949e-02
56.500000,7.278375578e-02
56.505000,7.420744106e-02
56.510000,7.561350464e-02
56.515000,7.680751221e-02
56.520000,7.761494610e-02
56.525000,7.787847843e-02
56.530000,7.745013925e-02
56.535000,7.618340064e-02
56.540000,7.393034906e-02
56.545000,7.054775318e-02
56.550000,6.591330311e-02
56.555000,5.995025798e-02
56.560000,5.265597028e-02
56.565000,4.412795055e-02
56.570000,3.458074439e-02
56.575000,2.434803364e-02
56.580000,1.386682875e-02
56.585000,3.643895744e-03
56.590000,-5.792004863e-03
56.595000,-1.394560270e-02
56.600000,-2.041011888e-02
56.605000,-2.491335359e-02
56.610000,-2.734778486e-02
56.615000,-2.778027056e-02
56.620000,-2.644038744e-02
56.625000,-2.368997055e-02
56.630000,-1.997935247e-02
56.635000,-1.579760960e-02
56.640000,-1.162451582e-02
56.645000,-7.890879857e-03
56.650000,-4.951766049e-03
56.655000,-3.074236411e-03
56.660000,-2.438288449e-03
56.665000,-3.147197658e-03
56.670000,-5.242011448e-03
56.675000,-8.714791776e-03
56.680000,-1.351639617e-02
56.685000,-1.955683768e-02
56.690000,-2.669901672e-02
56.695000,-3.474916073e-02
56.700000,-4.344895432e-02
56.705000,-5.247461687e-02
56.710000,-6.144696292e-02
56.715000,-6.995403164e-02
56.720000,-7.758479267e-02
56.725000,-8.396948687e-02
56.730000,-8.882007502e-02
56.735000,-9.196356258e-02
56.740000,-9.336183730e-02
56.745000,-9.311393210e-02
56.750000,-9.143983197e-02
56.755000,-8.864840409e-02
56.760000,-8.509500787e-02
56.765000,-8.113619391e-02
56.770000,-7.708921707e-02
56.775000,-7.320278799e-02
56.780000,-6.964285649e-02
56.785000,-6.649386135e-02
56.790000,-6.377257976e-02
56.795000,-6.144924645e-02
56.800000,-5.946956060e-02
56.805000,-5.777177437e-02
56.810000,-5.629506473e-02
56.815000,-5.497827920e-02
56.820000,-5.375115416e-02
56.825000,-5.252246373e-02
56.830000,-5.117067384e-02
56.835000,-4.954227544e-02
56.840000,-4.746114384e-02
56.845000,-4.474944880e-02
56.850000,-4.125748794e-02
56.855000,-3.689708205e-02
56.860000,-3.167152430e-02
56.865000,-2.569495531e-02
56.870000,-1.919555052e-02
56.875000,-1.249980334e-02
56.880000,-5.998891832e-03
56.885000,-1.018497075e-04
56.890000,4.816799314e-03
56.895000,8.465826633e-03
56.900000,1.067379327e-02
56.905000,1.140679445e-02
56.910000,1.076464127e-02
56.915000,8.956916199e-03
56.920000,6.264235383e-03
56.925000,2.992705277e-03
56.930000,-5.696120918e-04
56.935000,-4.186541294e-03
56.940000,-7.692987611e-03
56.945000,-1.099811635e-02
56.950000,-1.407469510e-02
56.955000,-1.693945189e-02
56.960000,-1.963056534e-02
56.965000,-2.218809873e-02
56.970000,-2.464154639e-02
56.975000,-2.700619120e-02
56.980000,-2.928733548e-02
56.985000,-3.148931013e-02
56.990000,-3.362498923e-02
56.995000,-3.572158797e-02
57.000000,-3.781974719e-02
57.005000,-3.996496222e-02
57.010000,-4.219274331e-02
57.015000,-4.451088289e-02
57.020000,-4.688333525e-02
57.025000,-4.922021376e-02
57.030000,-5.137730407e-02
57.035000,-5.316657734e-02
57.040000,-5.437692733e-02
57.045000,-5.480224745e-02
57.050000,-5.427243004e-02
57.055000,-5.268218291e-02
57.060000,-5.001281968e-02
57.065000,-4.634331842e-02
57.070000,-4.184873048e-02
57.075000,-3.678610745e-02
57.080000,-3.147008730e-02
57.085000,-2.624175534e-02
57.090000,-2.143511264e-02
57.095000,-1.734537977e-02
57.100000,-1.420257853e-02
57.105000,-1.215265655e-02
57.110000,-1.124717148e-02
57.115000,-1.144149071e-02
57.120000,-1.260071530e-02
57.125000,-1.451210423e-02
57.130000,-1.690257768e-02
57.135000,-1.945982042e-02
57.140000,-2.185551445e-02
57.145000,-2.376926308e-02
57.150000,-2.491180959e-02
57.155000,-2.504619547e-02
57.160000,-2.400555038e-02
57.165000,-2.170627696e-02
57.170000,-1.815552734e-02
57.175000,-1.345211258e-02
57.180000,-7.780378725e-03
57.185000,-1.397133635e-03
57.190000,5.387619136e-03
57.195000,1.223466316e-02
57.200000,1.880213786e-02
57.205000,2.477210145e-02
57.210000,2.987435751e-02
57.215000,3.390508662e-02
57.220000,3.673852173e-02
57.225000,3.833092991e-02
57.230000,3.871730637e-02
57.235000,3.800217679e-02
57.240000,3.634649118e-02
57.245000,3.395264822e-02
57.250000,3.104926059e-02
57.255000,2.787657197e-02
57.260000,2.467275849e-02
57.265000,2.166094669e-02
57.270000,1.903677567e-02
57.275000,1.695667382e-02
57.280000,1.552752751e-02
57.285000,1.479886137e-02
57.290000,1.475883820e-02
57.295000,1.533522593e-02
57.300000,1.640198093e-02
57.305000,1.779135660e-02
57.310000,1.931060832e-02
57.315000,2.076159411e-02
57.320000,2.196102009e-02
57.325000,2.275886740e-02
57.330000,2.305272430e-02
57.335000,2.279631203e-02
57.340000,2.200134180e-02
57.345000,2.073282115e-02
57.350000,1.909886763e-02
57.355000,1.723683022e-02
57.360000,1.529794441e-02
57.365000,1.343279325e-02
57.370000,1.177950861e-02
57.375000,1.045598590e-02
57.380000,9.556527793e-03
57.385000,9.152451978e-03
57.390000,9.295487200e-03
57.395000,1.002239070e-02
57.400000,1.135921859e-02
57.405000,1.332402833e-02
57.410000,1.592736392e-02
57.415000,1.917050542e-02
57.420000,2.304201125e-02
57.425000,2.751345444e-02
57.430000,3.253542421e-02
57.435000,3.803483868e-02
57.440000,4.391441687e-02
57.445000,5.005481523e-02
57.450000,5.631948572e-02
57.455000,6.256182315e-02
57.460000,6.863372650e-02
57.465000,7.439439675e-02
57.470000,7.971810528e-02
57.475000,8.449982114e-02
57.480000,8.865796465e-02
57.485000,9.213409597e-02
57.490000,9.488996038e-02
57.495000,9.690288042e-02
57.500000,9.816088010e-02
57.505000,9.865902440e-02
57.510000,9.839818119e-02
57.515000,9.738677608e-02
57.520000,9.564524835e-02
57.525000,9.321205855e-02
57.530000,9.014950906e-02
57.535000,8.654750820e-02
57.540000,8.252378448e-02
57.545000,7.821982319e-02
57.550000,7.379272570e-02
57.555000,6.940403613e-02
57.560000,6.520715988e-02
57.565000,6.133523431e-02
57.570000,5.789120737e-02
57.575000,5.494148500e-02
57.580000,5.251388214e-02
57.585000,5.059983649e-02
57.590000,4.916004032e-02
57.595000,4.813198763e-02
57.600000,4.743761588e-02
57.605000,4.698938227e-02
57.610000,4.669375896e-02
57.615000,4.645209767e-02
57.620000,4.615980684e-02
57.625000,4.570548181e-02
57.630000,4.497179453e-02
57.635000,4.383952055e-02
57.640000,4.219517501e-02
57.645000,3.994159829e-02
57.650000,3.700977574e-02
57.655000,3.336946986e-02
57.660000,2.903608193e-02
57.665000,2.407163145e-02
57.670000,1.857880117e-02
57.675000,1.268845983e-02
57.680000,6.542628921e-03
57.685000,2.761091540e-04
57.690000,-5.999441911e-03
57.695000,-1.220551646e-02
57.700000,-1.829859734e-02
57.705000,-2.426341281e-02
57.710000,-3.009916805e-02
57.715000,-3.580194973e-02
57.720000,-4.134738838e-02
57.725000,-4.667762626e-02
57.730000,-5.169572832e-02
57.735000,-5.626912369e-02
57.740000,-6.024180670e-02
57.745000,-6.345321230e-02
57.750000,-6.576024306e-02
57.755000,-6.705814788e-02
57.760000,-6.729603826e-02
57.765000,-6.648384164e-02
57.770000,-6.468930448e-02
57.775000,-6.202591411e-02
57.780000,-5.863477975e-02
57.785000,-5.466501645e-02
57.790000,-5.025755647e-02
57.795000,-4.553639742e-02
57.800000,-4.060927190e-02
57.805000,-3.557709393e-02
57.810000,-3.054898293e-02
57.815000,-2.565785222e-02
57.820000,-2.107095299e-02
57.825000,-1.699056648e-02
57.830000,-1.364209374e-02
57.835000,-1.124967871e-02
57.840000,-1.000260076e-02
57.845000,-1.001830127e-02
57.850000,-1.130943692e-02
57.855000,-1.376235529e-02
57.860000,-1.713275081e-02
57.865000,-2.106124201e-02
57.870000,-2.510781964e-02
57.875000,-2.880037387e-02
57.880000,-3.168966031e-02
57.885000,-3.340175192e-02
57.890000,-3.367952835e-02
57.895000,-3.240692973e-02
57.900000,-2.961303430e-02
57.905000,-2.545676799e-02
57.910000,-2.019643627e-02
57.915000,-1.415062695e-02
57.920000,-7.657951809e-03
57.925000,-1.042467850e-03
57.930000,5.410352148e-03
57.935000,1.146507101e-02
57.940000,1.693618385e-02
57.945000,2.168003628e-02
57.950000,2.558379088e-02
57.955000,2.855647980e-02
57.960000,3.052579101e-02
57.965000,3.144186546e-02
57.970000,3.128673526e-02
57.975000,3.008588909e-02
57.980000,2.791743550e-02
57.985000,2.491472457e-02
57.990000,2.125993419e-02
57.995000,1.716851780e-02
58.000000,1.286684270e-02
58.005000,8.567155568e-03
58.010000,4.444751295e-03
58.015000,6.217737823e-04
58.020000,-2.839364757e-03
58.025000,-5.931990386e-03
58.030000,-8.691779010e-03
58.035000,-1.117694547e-02
58.040000,-1.344610751e-02
58.045000,-1.553820236e-02
58.050000,-1.745825360e-02
58.055000,-1.917148192e-02
58.060000,-2.060650168e-02
58.065000,-2.166651848e-02
58.070000,-2.224594013e-02
58.075000,-2.224895990e-02
58.080000,-2.160662292e-02
58.085000,-2.028958039e-02
58.090000,-1.831491408e-02
58.095000,-1.574671518e-02
58.100000,-1.269119392e-02
58.105000,-9.287777738e-03
58.110000,-5.697886973e-03
58.115000,-2.092954227e-03
58.120000,1.357083848e-03
58.125000,4.494019800e-03
58.130000,7.179969055e-03
58.135000,9.304351876e-03
58.140000,1.078956854e-02
58.145000,1.159574295e-02
58.150000,1.172470067e-02
58.155000,1.122287286e-02
58.160000,1.018222698e-02
58.165000,8.737883404e-03
58.170000,7.061067433e-03
58.175000,5.346636472e-03
58.180000,3.795555842e-03
58.185000,2.594080068e-03
58.190000,1.892593664e-03
58.195000,1.787662718e-03
58.200000,2.310615487e-03
58.205000,3.424939502e-03
58.210000,5.033222464e-03
58.215000,6.992663513e-03
58.220000,9.136712961e-03
58.225000,1.129942207e-02
58.230000,1.333871839e-02
58.235000,1.515507372e-02
58.240000,1.670283839e-02
58.245000,1.799276563e-02
58.250000,1.908576862e-02
58.255000,2.007948755e-02
58.260000,2.109047673e-02
58.265000,2.223544395e-02
58.270000,2.361479802e-02
58.275000,2.530081540e-02
58.280000,2.733130421e-02
58.285000,2.970817601e-02
58.290000,3.239930416e-02
58.295000,3.534175865e-02
58.300000,3.844498787e-02
58.305000,4.159350811e-02
58.310000,4.464972481e-02
58.315000,4.745821323e-02
58.320000,4.985286061e-02
58.325000,5.166769733e-02
58.330000,5.275122910e-02
58.335000,5.298295974e-02
58.340000,5.228989611e-02
58.345000,5.066038245e-02
58.350000,4.815270964e-02
58.355000,4.489654653e-02
58.360000,4.108622324e-02
58.365000,3.696609452e-02
58.370000,3.280943877e-02
58.375000,2.889340770e-02
58.380000,2.547324194e-02
58.385000,2.275915045e-02
58.390000,2.089884097e-02
58.395000,1.996773075e-02
58.400000,1.996754755e-02
58.405000,2.083263920e-02
58.410000,2.244216776e-02
58.415000,2.463572534e-02
58.420000,2.722987574e-02
58.425000,3.003362168e-02
58.430000,3.286158915e-02
58.435000,3.554451586e-02
58.440000,3.793718307e-02
58.445000,3.992412721e-02
58.450000,4.142336092e-02
58.455000,4.238809237e-02
58.460000,4.280625994e-02
58.465000,4.269772860e-02
58.470000,4.210923679e-02
58.475000,4.110753034e-02
58.480000,3.977141190e-02
58.485000,3.818354338e-02
58.490000,3.642273162e-02
58.495000,3.455717992e-02
58.500000,3.263893983e-02
58.505000,3.069967922e-02
58.510000,2.874794633e-02
58.515000,2.676830556e-02
58.520000,2.472291012e-02
58.525000,2.255609744e-02
58.530000,2.020232691e-02
58.535000,1.759720765e-02
58.540000,1.469059118e-02
58.545000,1.145993095e-02
58.550000,7.921580568e-03
58.555000,4.137618313e-03
58.560000,2.162439312e-04
58.565000,-3.695253960e-03
58.570000,-7.424700659e-03
58.575000,-1.079484374e-02
58.580000,-1.364611954e-02
58.585000,-1.585906986e-02
58.590000,-1.737296184e-02
58.595000,-1.819755253e-02
58.600000,-1.841579910e-02
58.605000,-1.817655467e-02
58.610000,-1.767777851e-02
58.615000,-1.714234457e-02
58.620000,-1.678989930e-02
58.625000,-1.680910278e-02
58.630000,-1.733471996e-02
58.635000,-1.843328155e-02
58.640000,-2.009948866e-02
58.645000,-2.226349988e-02
58.650000,-2.480717406e-02
58.655000,-2.758572441e-02
58.660000,-3.045042988e-02
58.665000,-3.326819544e-02
58.670000,-3.593477777e-02
58.675000,-3.838013257e-02
58.680000,-4.056622465e-02
58.685000,-4.247936425e-02
58.690000,-4.412031813e-02
58.695000,-4.549580738e-02
58.700000,-4.661442143e-02
58.705000,-4.748853674e-02
58.710000,-4.814184850e-02
58.715000,-4.862010786e-02
58.720000,-4.900116971e-02
58.725000,-4.939996527e-02
58.730000,-4.996473839e-02
58.735000,-5.086272254e-02
58.740000,-5.225598204e-02
58.745000,-5.427079592e-02
58.750000,-5.696608507e-02
58.755000,-6.030744198e-02
58.760000,-6.415300830e-02
58.765000,-6.825573781e-02
58.770000,-7.228375434e-02
58.775000,-7.585709325e-02
58.780000,-7.859579227e-02
58.785000,-8.017178784e-02
58.790000,-8.035595974e-02
58.795000,-7.905225284e-02
58.800000,-7.631302321e-02
58.805000,-7.233316700e-02
58.810000,-6.742447727e-02
58.815000,-6.197520255e-02
58.820000,-5.640220041e-02
58.825000,-5.110389335e-02
58.830000,-4.642132193e-02
58.835000,-4.261223263e-02
58.840000,-3.983995398e-02
58.845000,-3.817560277e-02
58.850000,-3.760969842e-02
58.855000,-3.806808700e-02
58.860000,-3.942735620e-02
58.865000,-4.152642271e-02
58.870000,-4.417315131e-02
58.875000,-4.714705290e-02
58.880000,-5.020071652e-02
58.885000,-5.306329063e-02
58.890000,-5.544895850e-02
58.895000,-5.707211471e-02
58.900000,-5.766917331e-02
58.905000,-5.702502857e-02
58.910000,-5.500055411e-02
58.915000,-5.155652265e-02
58.920000,-4.676920974e-02
58.925000,-4.083380270e-02
58.930000,-3.405346191e-02
58.935000,-2.681416457e-02
58.940000,-1.954784722e-02
58.945000,-1.268837113e-02
58.950000,-6.626075307e-03
58.955000,-1.666953167e-03
58.960000,1.998202183e-03
58.965000,4.310812921e-03
58.970000,5.345794469e-03
58.975000,5.297354676e-03
58.980000,4.451600305e-03
58.985000,3.149863076e-03
58.990000,1.747667607e-03
58.995000,5.745331783e-04
59.000000,-1.006737212e-04
59.005000,-9.521328013e-05
59.010000,6.733666840e-04
59.015000,2.184925478e-03
59.020000,4.325367608e-03
59.025000,6.904180100e-03
59.030000,9.678108344e-03
59.035000,1.237792053e-02
59.040000,1.473530659e-02
59.045000,1.650736099e-02
59.050000,1.749670962e-02
59.055000,1.756604664e-02
59.060000,1.664653893e-02
59.065000,1.474014880e-02
59.070000,1.191637842e-02
59.075000,8.304250354e-03
59.080000,4.080530593e-03
59.085000,-5.447017192e-04
59.090000,-5.344016500e-03
59.095000,-1.008906165e-02
59.100000,-1.456650376e-02
59.105000,-1.859265315e-02
59.110000,-2.202604353e-02
59.115000,-2.477727786e-02
59.120000,-2.681545012e-02
59.125000,-2.817046627e-02
59.130000,-2.893069093e-02
59.135000,-2.923559136e-02
59.140000,-2.926344189e-02
59.145000,-2.921464968e-02
59.150000,-2.929180662e-02
59.155000,-2.967810622e-02
59.160000,-3.051623812e-02
59.165000,-3.189021725e-02
59.170000,-3.381270994e-02
59.175000,-3.622014754e-02
59.180000,-3.897715860e-02
59.185000,-4.189060301e-02
59.190000,-4.473192726e-02
59.195000,-4.726500628e-02
59.200000,-4.927549315e-02
59.205000,-5.059728903e-02
59.210000,-5.113220649e-02
59.215000,-5.086012440e-02
59.220000,-4.983861892e-02
59.225000,-4.819281487e-02
59.230000,-4.609767546e-02
59.235000,-4.375589186e-02
59.240000,-4.137483814e-02
59.245000,-3.914573641e-02
59.250000,-3.722734102e-02
59.255000,-3.573528477e-02
59.260000,-3.473697931e-02
59.265000,-3.425090287e-02
59.270000,-3.424849632e-02
59.275000,-3.465688657e-02
59.280000,-3.536127202e-02
59.285000,-3.620686468e-02
59.290000,-3.700146410e-02
59.295000,-3.752064667e-02
59.300000,-3.751783916e-02
59.305000,-3.674100381e-02
59.310000,-3.495631107e-02
59.315000,-3.197727116e-02
59.320000,-2.769578980e-02
59.325000,-2.211005340e-02
59.330000,-1.534353144e-02
59.335000,-7.650011315e-03
59.340000,5.985436934e-04
59.345000,8.941723836e-03
59.350000,1.687524964e-02
59.355000,2.390483334e-02
59.360000,2.960187099e-02
59.365000,3.365293926e-02
59.370000,3.589591464e-02
59.375000,3.633760585e-02
59.380000,3.515068783e-02
59.385000,3.265091806e-02
59.390000,2.925854211e-02
59.395000,2.544995090e-02
59.400000,2.170667280e-02
59.405000,1.846851839e-02
59.410000,1.609625251e-02
59.415000,1.484691076e-02
59.420000,1.486234589e-02
59.425000,1.616937202e-02
59.430000,1.868844379e-02
59.435000,2.224740428e-02
59.440000,2.659740521e-02
59.445000,3.142933938e-02
59.450000,3.639056511e-02
59.455000,4.110286432e-02
59.460000,4.518307984e-02
59.465000,4.826754102e-02
59.470000,5.004025839e-02
59.475000,5.026322944e-02
59.480000,4.880549560e-02
59.485000,4.566634360e-02
59.490000,4.098770499e-02
59.495000,3.505163430e-02
59.500000,2.826070836e-02
59.505000,2.110195209e-02
59.510000,1.409788594e-02
59.515000,7.750842039e-03
59.520000,2.488219549e-03
59.525000,-1.383516712e-03
59.530000,-3.709595613e-03
59.535000,-4.498434201e-03
59.540000,-3.912976199e-03
59.545000,-2.244135053e-03
59.550000,1.288401143e-04
59.555000,2.784750501e-03
59.560000,5.307009402e-03
59.565000,7.324724681e-03
59.570000,8.544401285e-03
59.575000,8.770456453e-03
59.580000,7.914659951e-03
59.585000,5.995965513e-03
59.590000,3.132810091e-03
59.595000,-4.701157256e-04
59.600000,-4.539134778e-03
59.605000,-8.752019709e-03
59.610000,-1.276116768e-02
59.615000,-1.621915175e-02
59.620000,-1.880595726e-02
59.625000,-2.025658766e-02
59.630000,-2.038700205e-02
59.635000,-1.911575533e-02
59.640000,-1.647846125e-02
59.645000,-1.263243814e-02
59.650000,-7.849683215e-03
59.655000,-2.497600139e-03
59.660000,2.991495590e-03
59.665000,8.159414409e-03
59.670000,1.256559890e-02
59.675000,1.583017721e-02
59.680000,1.767153564e-02
59.685000,1.793405294e-02
59.690000,1.660295662e-02
59.695000,1.380496549e-02
59.700000,9.795150366e-03
59.705000,4.931979489e-03
59.710000,-3.563902957e-04
59.715000,-5.610941522e-03
59.720000,-1.038202228e-02
59.725000,-1.426753904e-02
59.730000,-1.694620858e-02
59.735000,-1.820359145e-02
59.740000,-1.794927495e-02
59.745000,-1.622418907e-02
59.750000,-1.319761973e-02
59.755000,-9.154050490e-03
59.760000,-4.470550214e-03
59.765000,4.139424050e-04
59.770000,5.035400218e-03
59.775000,8.944810412e-03
59.780000,1.174820600e-02
59.785000,1.314277323e-02
59.790000,1.294507119e-02
59.795000,1.110779682e-02
59.800000,7.722532413e-03
59.805000,3.007511216e-03
59.810000,-2.718546661e-03
59.815000,-9.073372223e-03
59.820000,-1.565395191e-02
59.825000,-2.207931814e-02
59.830000,-2.802753569e-02
59.835000,-3.326227154e-02
59.840000,-3.764633898e-02
59.845000,-4.114194862e-02
59.850000,-4.379952604e-02
59.855000,-4.573841822e-02
59.860000,-4.712339717e-02
59.865000,-4.814063185e-02
59.870000,-4.897598326e-02
59.875000,-4.979739505e-02
59.880000,-5.074206593e-02
59.885000,-5.190816684e-02
59.890000,-5.335019770e-02
59.895000,-5.507673010e-02
59.900000,-5.704932323e-02
59.905000,-5.918186905e-02
59.910000,-6.134046062e-02
59.915000,-6.334486986e-02
59.920000,-6.497351649e-02
59.925000,-6.597402559e-02
59.930000,-6.608085655e-02
59.935000,-6.504005937e-02
59.940000,-6.263929798e-02
59.945000,-5.873941438e-02
59.950000,-5.330256139e-02
59.955000,-4.641170751e-02
59.960000,-3.827722663e-02
59.965000,-2.922813147e-02
59.970000,-1.968788640e-02
59.975000,-1.013715836e-02
59.980000,-1.067902365e-03
59.985000,7.065479837e-03
59.990000,1.389169313e-02
59.995000,1.915903063e-02
60.000000,2.275826597e-02
60.005000,2.472935924e-02
60.010000,2.525167043e-02
60.015000,2.461966840e-02
60.020000,2.320803019e-02
60.025000,2.143120488e-02
60.030000,1.970277001e-02
60.035000,1.839923872e-02
60.040000,1.783159198e-02
60.045000,1.822608390e-02
60.050000,1.971422759e-02
60.055000,2.233068102e-02
60.060000,2.601722183e-02
60.065000,3.063111780e-02
60.070000,3.595676556e-02
60.075000,4.172017231e-02
60.080000,4.760638292e-02
60.085000,5.328009065e-02
60.090000,5.840934977e-02
60.095000,6.269161100e-02
60.100000,6.588040914e-02
60.105000,6.781017676e-02
60.110000,6.841606749e-02
60.115000,6.774554495e-02
60.120000,6.595896427e-02
60.125000,6.331748244e-02
60.130000,6.015829109e-02
60.135000,5.685912868e-02
60.140000,5.379593467e-02
60.145000,5.129894481e-02
60.150000,4.961314876e-02
60.155000,4.886865985e-02
60.160000,4.906522126e-02
60.165000,5.007303083e-02
60.170000,5.164967262e-02
60.175000,5.347060052e-02
60.180000,5.516869945e-02
60.185000,5.637725422e-02
60.190000,5.677038670e-02
60.195000,5.609574762e-02
60.200000,5.419586523e-02
60.205000,5.101675082e-02
60.210000,4.660466810e-02
60.215000,4.109384991e-02
60.220000,3.468895821e-02
60.225000,2.764604242e-02
60.230000,2.025479278e-02
60.235000,1.282340635e-02
60.240000,5.665900064e-03
60.245000,-9.093397812e-04
60.250000,-6.611342394e-03
60.255000,-1.117991055e-02
60.260000,-1.440093635e-02
60.265000,-1.612294338e-02
60.270000,-1.627301916e-02
60.275000,-1.486946104e-02
60.280000,-1.202810527e-02
60.285000,-7.959616164e-03
60.290000,-2.956055707e-03
60.295000,2.633258814e-03
60.300000,8.434560738e-03
60.305000,1.408711684e-02
60.310000,1.928006732e-02
60.315000,2.378296932e-02
60.320000,2.746520608e-02
60.325000,3.030124808e-02
60.330000,3.236119459e-02
60.335000,3.378856580e-02
60.340000,3.476944447e-02
60.345000,3.549838303e-02
60.350000,3.614677700e-02
60.355000,3.683863371e-02
60.360000,3.763700637e-02
60.365000,3.854215753e-02
60.370000,3.950022269e-02
60.375000,4.041926196e-02
60.380000,4.118853208e-02
60.385000,4.169680325e-02
60.390000,4.184653443e-02
60.395000,4.156238237e-02
60.400000,4.079435309e-02
60.405000,3.951737538e-02
60.410000,3.772978743e-02
60.415000,3.545302599e-02
60.420000,3.273382282e-02
60.425000,2.964879427e-02
60.430000,2.630991296e-02
60.435000,2.286839463e-02
60.440000,1.951429028e-02
60.445000,1.646960830e-02
60.450000,1.397396604e-02
60.455000,1.226330441e-02
60.460000,1.154374683e-02
60.465000,1.196392168e-02
60.470000,1.358974848e-02
60.475000,1.638568147e-02
60.480000,2.020570490e-02
60.485000,2.479609849e-02
60.490000,2.981036273e-02
60.495000,3.483499941e-02
60.500000,3.942338517e-02
60.505000,4.313399609e-02
60.510000,4.556886334e-02
60.515000,4.640834361e-02
60.520000,4.543893620e-02
60.525000,4.257178323e-02
60.530000,3.785048499e-02
60.535000,3.144785475e-02
60.540000,2.365219089e-02
60.545000,1.484453695e-02
60.550000,5.469175067e-03
60.555000,-3.999853929e-03
60.560000,-1.309320228e-02
60.565000,-2.137881917e-02
60.570000,-2.849039363e-02
60.575000,-3.414998511e-02
60.580000,-3.818380773e-02
60.585000,-4.053058167e-02
60.590000,-4.124215017e-02
60.595000,-4.047631628e-02
60.600000,-3.848224069e-02
60.605000,-3.557933907e-02
60.610000,-3.213134955e-02
60.615000,-2.851789595e-02
60.620000,-2.510620618e-02
60.625000,-2.222550227e-02
60.630000,-2.014598055e-02
60.635000,-1.906343860e-02
60.640000,-1.908975387e-02
60.645000,-2.024881839e-02
60.650000,-2.247729470e-02
60.655000,-2.562963911e-02
60.660000,-2.948708613e-02
60.665000,-3.377051703e-02
60.670000,-3.815719928e-02
60.675000,-4.230121114e-02
60.680000,-4.585696484e-02
60.685000,-4.850467661e-02
60.690000,-4.997600401e-02
60.695000,-5.007750900e-02
60.700000,-4.870925649e-02
60.705000,-4.587587373e-02
60.710000,-4.168789848e-02
60.715000,-3.635227669e-02
60.720000,-3.015234928e-02
60.725000,-2.341936369e-02
60.730000,-1.649910752e-02
60.735000,-9.718300168e-03
60.740000,-3.355578751e-03
60.745000,2.378852149e-03
60.750000,7.352451197e-03
60.755000,1.150810323e-02
60.760000,1.485217707e-02
60.765000,1.743627003e-02
60.770000,1.933683749e-02
60.775000,2.063677474e-02
60.780000,2.141206582e-02
60.785000,2.172512532e-02
60.790000,2.162479493e-02
60.795000,2.115147176e-02
60.800000,2.034483025e-02
60.805000,1.925124817e-02
60.810000,1.792842833e-02
60.815000,1.644574018e-02
60.820000,1.488023855e-02
60.825000,1.330976344e-02
60.830000,1.180554528e-02
60.835000,1.042698149e-02
60.840000,9.220583483e-03
60.845000,8.223687829e-03
60.850000,7.471813580e-03
60.855000,7.007086957e-03
60.860000,6.884431246e-03
60.865000,7.172487469e-03
60.870000,7.947433564e-03
60.875000,9.279679546e-03
60.880000,1.121535571e-02
60.885000,1.375609702e-02
60.890000,1.684148734e-02
60.895000,2.033846476e-02
60.900000,2.404099710e-02
60.905000,2.768158590e-02
60.910000,3.095396780e-02
60.915000,3.354418133e-02
60.920000,3.516541528e-02
60.925000,3.559115401e-02
60.930000,3.468131910e-02
60.935000,3.239736735e-02
60.940000,2.880437296e-02
60.945000,2.406052764e-02
60.950000,1.839669148e-02
60.955000,1.209014092e-02
60.960000,5.437199354e-03
60.965000,-1.271039640e-03
60.970000,-7.766978774e-03
60.975000,-1.381759624e-02
60.980000,-1.922891119e-02
60.985000,-2.384576714e-02
60.990000,-2.754954803e-02
60.995000,-3.025634422e-02
61.000000,-3.191729014e-02
61.005000,-3.252155058e-02
61.010000,-3.210108943e-02
61.015000,-3.073528021e-02
61.020000,-2.855290567e-02
61.025000,-2.572928741e-02
61.030000,-2.247714535e-02
61.035000,-1.903109831e-02
61.040000,-1.562715804e-02
61.045000,-1.247979285e-02
61.050000,-9.759866027e-03
61.055000,-7.576839086e-03
61.060000,-5.968078195e-03
61.065000,-4.897047555e-03
61.070000,-4.260834332e-03
61.075000,-3.906063343e-03
61.080000,-3.651042830e-03
61.085000,-3.311104214e-03
61.090000,-2.723672436e-03
61.095000,-1.769685130e-03
61.100000,-3.885597030e-04
61.105000,1.415094226e-03
61.110000,3.573560510e-03
61.115000,5.966138871e-03
61.120000,8.435424942e-03
61.125000,1.080713429e-02
61.130000,1.291061220e-02
61.135000,1.459740726e-02
61.140000,1.575588800e-02
61.145000,1.632066724e-02
61.150000,1.627638615e-02
61.155000,1.565606531e-02
61.160000,1.453470196e-02
61.165000,1.301910271e-02
61.170000,1.123514986e-02
61.175000,9.313862931e-03
61.180000,7.377740130e-03
61.185000,5.528900224e-03
61.190000,3.840408966e-03
61.195000,2.351799671e-03
61.200000,1.069184854e-03
61.205000,-3.039807149e-05
61.210000,-9.914826104e-04
61.215000,-1.871071289e-03
61.220000,-2.729607252e-03
61.225000,-3.623402814e-03
61.230000,-4.599329975e-03
61.235000,-5.691904493e-03
61.240000,-6.922331889e-03
61.245000,-8.298769893e-03
61.250000,-9.817032183e-03
61.255000,-1.146115651e-02
61.260000,-1.320358503e-02
61.265000,-1.500505825e-02
61.270000,-1.681463542e-02
61.275000,-1.857047054e-02
61.280000,-2.020204283e-02
61.285000,-2.163440892e-02
61.290000,-2.279467680e-02
61.295000,-2.362033171e-02
61.300000,-2.406839070e-02
61.305000,-2.412382175e-02
61.310000,-2.380543964e-02
61.315000,-2.316771339e-02
61.320000,-2.229757983e-02
61.325000,-2.130630018e-02
61.330000,-2.031737457e-02
61.335000,-1.945229699e-02
61.340000,-1.881632038e-02
61.345000,-1.848635550e-02
61.350000,-1.850269868e-02
61.355000,-1.886558532e-02
61.360000,-1.953673475e-02
61.365000,-2.044522495e-02
61.370000,-2.149634953e-02
61.375000,-2.258169431e-02
61.380000,-2.358862844e-02
61.385000,-2.440777052e-02
61.390000,-2.493769440e-02
61.395000,-2.508700402e-02
61.400000,-2.477468296e-02
61.405000,-2.393007143e-02
61.410000,-2.249379526e-02
61.415000,-2.042047253e-02
61.420000,-1.768321676e-02
61.425000,-1.427910330e-02
61.430000,-1.023414679e-02
61.435000,-5.606155050e-03
61.440000,-4.841432899e-04
61.445000,5.016273246e-03
61.450000,1.076114729e-02
61.455000,1.660887993e-02
61.460000,2.242147623e-02
61.465000,2.807440519e-02
61.470000,3.346344260e-02
61.475000,3.850760416e-02
61.480000,4.314818189e-02
61.485000,4.734474054e-02
61.490000,5.106950329e-02
61.495000,5.430173722e-02
61.500000,5.702352916e-02
61.505000,5.921781834e-02
61.510000,6.086888209e-02
61.515000,6.196483333e-02
61.520000,6.250122746e-02
61.525000,6.248468035e-02
61.530000,6.193548687e-02
61.535000,6.088855878e-02
61.540000,5.939248509e-02
61.545000,5.750703951e-02
61.550000,5.529989001e-02
61.555000,5.284348487e-02
61.560000,5.021301038e-02
61.565000,4.748591580e-02
61.570000,4.474284837e-02
61.575000,4.206910167e-02
61.580000,3.955509650e-02
61.585000,3.729423523e-02
61.590000,3.537687117e-02
61.595000,3.388012019e-02
61.600000,3.285460578e-02
61.605000,3.231058775e-02
61.610000,3.220682161e-02
61.615000,3.244556095e-02
61.620000,3.287620973e-02
61.625000,3.330841647e-02
61.630000,3.353330695e-02
61.635000,3.334963233e-02
61.640000,3.259037705e-02
61.645000,3.114513150e-02
61.650000,2.897432220e-02
61.655000,2.611298337e-02
61.660000,2.266376384e-02
61.665000,1.878085283e-02
61.670000,1.464808292e-02
61.675000,1.045533535e-02
61.680000,6.377377646e-03
61.685000,2.558415523e-03
61.690000,-8.958754034e-04
61.695000,-3.918906559e-03
61.700000,-6.478089176e-03
61.705000,-8.566986880e-03
61.710000,-1.019782641e-02
61.715000,-1.139678903e-02
61.720000,-1.220311508e-02
61.725000,-1.267141807e-02
61.730000,-1.287523317e-02
61.735000,-1.290912891e-02
61.740000,-1.288687613e-02
61.745000,-1.293412742e-02
61.750000,-1.317553691e-02
61.755000,-1.371785942e-02
61.760000,-1.463191499e-02
61.765000,-1.593706818e-02
61.770000,-1.759185012e-02
61.775000,-1.949349584e-02
61.780000,-2.148760194e-02
61.785000,-2.338711738e-02
61.790000,-2.499788078e-02
61.795000,-2.614637810e-02
61.800000,-2.670471587e-02
61.805000,-2.660820544e-02
61.810000,-2.586239247e-02
61.815000,-2.453853497e-02
61.820000,-2.275892688e-02
61.825000,-2.067551436e-02
61.830000,-1.844646931e-02
61.835000,-1.621549631e-02
61.840000,-1.409765874e-02
61.845000,-1.217370232e-02
61.850000,-1.049270786e-02
61.855000,-9.080966466e-03
61.860000,-7.953704004e-03
61.865000,-7.125949982e-03
61.870000,-6.619456585e-03
61.875000,-6.463896604e-03
61.880000,-6.692226879e-03
61.885000,-7.331680391e-03
61.890000,-8.392992219e-03
61.895000,-9.860943151e-03
61.900000,-1.168903760e-02
61.905000,-1.380018224e-02
61.910000,-1.609379584e-02
61.915000,-1.845816995e-02
61.920000,-2.078549744e-02
61.925000,-2.298616589e-02
61.930000,-2.499893617e-02
61.935000,-2.679454113e-02
61.940000,-2.837183651e-02
61.945000,-2.974749668e-02
61.950000,-3.094186669e-02
61.955000,-3.196453063e-02
61.960000,-3.280320780e-02
61.965000,-3.341876960e-02
61.970000,-3.374771954e-02
61.975000,-3.371176113e-02
61.980000,-3.323247911e-02
61.985000,-3.224801762e-02
61.990000,-3.072819511e-02
61.995000,-2.868485724e-02
62.000000,-2.617537290e-02
62.005000,-2.329877638e-02
62.010000,-2.018574259e-02
62.015000,-1.698488791e-02
62.020000,-1.384844282e-02
62.025000,-1.092000772e-02
62.030000,-8.326042541e-03
62.035000,-6.171361702e-03
62.040000,-4.537695936e-03
62.045000,-3.483717734e-03
62.050000,-3.044940793e-03
62.055000,-3.232470436e-03
62.060000,-4.030416153e-03
62.065000,-5.392576466e-03
62.070000,-7.239562261e-03
62.075000,-9.457756206e-03
62.080000,-1.190141982e-02
62.085000,-1.439889058e-02
62.090000,-1.676319229e-02
62.095000,-1.880656286e-02
62.100000,-2.035749799e-02
62.105000,-2.127810965e-02
62.110000,-2.147914530e-02
62.115000,-2.093010401e-02
62.120000,-1.966257823e-02
62.125000,-1.776611728e-02
62.130000,-1.537726299e-02
62.135000,-1.266360094e-02
62.140000,-9.805410499e-03
62.145000,-6.977643420e-03
62.150000,-4.334552051e-03
62.155000,-1.998501359e-03
62.160000,-5.357642100e-05
62.165000,1.456236984e-03
62.170000,2.525112278e-03
62.175000,3.180780465e-03
62.180000,3.478358847e-03
62.185000,3.493478256e-03
62.190000,3.315240076e-03
62.195000,3.039197918e-03
62.200000,2.760327061e-03
62.205000,2.565891858e-03
62.210000,2.528270955e-03
62.215000,2.698109304e-03
62.220000,3.098524145e-03
62.225000,3.721346413e-03
62.230000,4.526382920e-03
62.235000,5.444360622e-03
62.240000,6.383600372e-03
62.245000,7.239723893e-03
62.250000,7.907058005e-03
62.255000,8.290082165e-03
62.260000,8.313377796e-03
62.265000,7.929028310e-03
62.270000,7.121092610e-03
62.275000,5.907379966e-03
62.280000,4.339089411e-03
62.285000,2.498874382e-03
62.290000,4.976323298e-04
62.295000,-1.530028043e-03
62.300000,-3.431944355e-03
62.305000,-5.046537889e-03
62.310000,-6.213116043e-03
62.315000,-6.784180699e-03
62.320000,-6.639134114e-03
62.325000,-5.698286698e-03
62.330000,-3.935614617e-03
62.335000,-1.388384663e-03
62.340000,1.838310674e-03
62.345000,5.573750129e-03
62.350000,9.591382378e-03
62.355000,1.362593247e-02
62.360000,1.739619003e-02
62.365000,2.063068537e-02
62.370000,2.309278419e-02
62.375000,2.460175316e-02
62.380000,2.504706600e-02
62.385000,2.439443380e-02
62.390000,2.268343519e-02
62.395000,2.001787036e-02
62.400000,1.655084226e-02
62.405000,1.246699067e-02
62.410000,7.964302441e-03
62.415000,3.237592985e-03
62.420000,-1.534785282e-03
62.425000,-6.200102881e-03
62.430000,-1.063605262e-02
62.435000,-1.475157815e-02
62.440000,-1.848460134e-02
62.445000,-2.179778928e-02
62.450000,-2.467353167e-02
62.455000,-2.710910505e-02
62.460000,-2.911265592e-02
62.465000,-3.070024279e-02
62.470000,-3.189384480e-02
62.475000,-3.272004388e-02
62.480000,-3.320904809e-02
62.485000,-3.339382030e-02
62.490000,-3.330925163e-02
62.495000,-3.299149536e-02
62.500000,-3.247768242e-02
62.505000,-3.180622390e-02
62.510000,-3.101775813e-02
62.515000,-3.015655230e-02
62.520000,-2.927189507e-02
62.525000,-2.841881350e-02
62.530000,-2.765740698e-02
62.535000,-2.705026526e-02
62.540000,-2.665781997e-02
62.545000,-2.653199265e-02
62.550000,-2.670901856e-02
62.555000,-2.720269854e-02
62.560000,-2.799943960e-02
62.565000,-2.905623417e-02
62.570000,-3.030222895e-02
62.575000,-3.164386054e-02
62.580000,-3.297285530e-02
62.585000,-3.417587616e-02
62.590000,-3.514437519e-02
62.595000,-3.578331514e-02
62.600000,-3.601779798e-02
62.605000,-3.579715173e-02
62.610000,-3.509652397e-02
62.615000,-3.391638751e-02
62.620000,-3.228052687e-02
62.625000,-3.023306241e-02
62.630000,-2.783495079e-02
62.635000,-2.516024932e-02
62.640000,-2.229229835e-02
62.645000,-1.931987667e-02
62.650000,-1.633332071e-02
62.655000,-1.342057326e-02
62.660000,-1.066315927e-02
62.665000,-8.132190716e-03
62.670000,-5.884666972e-03
62.675000,-3.960504905e-03
62.680000,-2.380813139e-03
62.685000,-1.147837827e-03
62.690000,-2.467325667e-04
62.695000,3.510892296e-04
62.700000,6.836375079e-04
62.705000,7.938924635e-04
62.710000,7.259999164e-04
62.715000,5.226197000e-04
62.720000,2.235267377e-04
62.725000,-1.348126415e-04
62.730000,-5.191938641e-04
62.735000,-8.996935605e-04
62.740000,-1.250161438e-03
62.745000,-1.549370047e-03
62.750000,-1.782764203e-03
62.755000,-1.944521928e-03
62.760000,-2.039438447e-03
62.765000,-2.083997472e-03
62.770000,-2.105950028e-03
62.775000,-2.141847188e-03
62.780000,-2.232311856e-03
62.785000,-2.415360077e-03
62.790000,-2.718679994e-03
62.795000,-3.152270070e-03
62.800000,-3.703050513e-03
62.805000,-4.332885475e-03
62.810000,-4.980894456e-03
62.815000,-5.570108550e-03
62.820000,-6.017631992e-03
62.825000,-6.246706201e-03
62.830000,-6.198606183e-03
62.835000,-5.842221462e-03
62.840000,-5.179500559e-03
62.845000,-4.245611861e-03
62.850000,-3.103576803e-03
62.855000,-1.834102079e-03
62.860000,-5.221947822e-04
62.865000,7.572787412e-04
62.870000,1.952746343e-03
62.875000,3.045691093e-03
62.880000,4.055511543e-03
62.885000,5.038786813e-03
62.890000,6.083111867e-03
62.895000,7.296419442e-03
62.900000,8.793246644e-03
62.905000,1.067969954e-02
62.910000,1.303893178e-02
62.915000,1.591881983e-02
62.920000,1.932322257e-02
62.925000,2.320778430e-02
62.930000,2.748070498e-02
62.935000,3.200830787e-02
62.940000,3.662465990e-02
62.945000,4.114404178e-02
62.950000,4.537481348e-02
62.955000,4.913322206e-02
62.960000,5.225593205e-02
62.965000,5.461043721e-02
62.970000,5.610291737e-02
62.975000,5.668343275e-02
62.980000,5.634854703e-02
62.985000,5.514155103e-02
62.990000,5.315046952e-02
62.995000,5.050402363e-02
63.000000,4.736570769e-02
63.005000,4.392611168e-02
63.010000,4.039356197e-02
63.015000,3.698308664e-02
63.020000,3.390370795e-02
63.025000,3.134422085e-02
63.030000,2.945799505e-02
63.035000,2.834790539e-02
63.040000,2.805309871e-02
63.045000,2.853971359e-02
63.050000,2.969766177e-02
63.055000,3.134504397e-02
63.060000,3.324076709e-02
63.065000,3.510466392e-02
63.070000,3.664317872e-02
63.075000,3.757773526e-02
63.080000,3.767241035e-02
63.085000,3.675754304e-02
63.090000,3.474637857e-02
63.095000,3.164270451e-02
63.100000,2.753859965e-02
63.105000,2.260277192e-02
63.110000,1.706133741e-02
63.115000,1.117403875e-02
63.120000,5.209536780e-03
63.125000,-5.766828466e-04
63.130000,-5.959108262e-03
63.135000,-1.075246165e-02
63.140000,-1.481579007e-02
63.145000,-1.805206951e-02
63.150000,-2.040564370e-02
63.155000,-2.185964282e-02
63.160000,-2.243467789e-02
63.165000,-2.218893412e-02
63.170000,-2.121870747e-02
63.175000,-1.965776949e-02
63.180000,-1.767385284e-02
63.185000,-1.546098738e-02
63.190000,-1.322722248e-02
63.195000,-1.117824799e-02
63.200000,-9.498389815e-03
63.205000,-8.331255157e-03
63.210000,-7.762798142e-03
63.215000,-7.809639727e-03
63.220000,-8.415006802e-03
63.225000,-9.453638539e-03
63.230000,-1.074556212e-02
63.235000,-1.207703162e-02
63.240000,-1.322551853e-02
63.245000,-1.398480332e-02
63.250000,-1.418618833e-02
63.255000,-1.371267226e-02
63.260000,-1.250440891e-02
63.265000,-1.055556400e-02
63.270000,-7.904359345e-03
63.275000,-4.619280664e-03
63.280000,-7.848863214e-04
63.285000,3.509667060e-03
63.290000,8.177253040e-03
63.295000,1.313383054e-02
63.300000,1.829469177e-02
63.305000,2.356792132e-02
63.310000,2.884781780e-02
63.315000,3.401107246e-02
63.320000,3.891783118e-02
63.325000,4.341853216e-02
63.330000,4.736590143e-02
63.335000,5.063007801e-02
63.340000,5.311389691e-02
63.345000,5.476513822e-02
63.350000,5.558312098e-02
63.355000,5.561823662e-02
63.360000,5.496455938e-02
63.365000,5.374714383e-02
63.370000,5.210666080e-02
63.375000,5.018440068e-02
63.380000,4.811033363e-02
63.385000,4.599597577e-02
63.390000,4.393251500e-02
63.395000,4.199330776e-02
63.400000,4.023878515e-02
63.405000,3.872126487e-02
63.410000,3.748731409e-02
63.415000,3.657614804e-02
63.420000,3.601390025e-02
63.425000,3.580510927e-02
63.430000,3.592399141e-02
63.435000,3.630860388e-02
63.440000,3.686062617e-02
63.445000,3.745225644e-02
63.450000,3.793996725e-02
63.455000,3.818309679e-02
63.460000,3.806396689e-02
63.465000,3.750574998e-02
63.470000,3.648472111e-02
63.475000,3.503465217e-02
63.480000,3.324260738e-02
63.485000,3.123693454e-02
63.490000,2.916953915e-02
63.495000,2.719540082e-02
63.500000,2.545265276e-02
63.505000,2.404635787e-02
63.510000,2.303839188e-02
63.515000,2.244467376e-02
63.520000,2.223955629e-02
63.525000,2.236579574e-02
63.530000,2.274749224e-02
63.535000,2.330300460e-02
63.540000,2.395520890e-02
63.545000,2.463748472e-02
63.550000,2.529517553e-02
63.555000,2.588357767e-02
63.560000,2.636438992e-02
63.565000,2.670277378e-02
63.570000,2.686671326e-02
63.575000,2.682940462e-02
63.580000,2.657426375e-02
63.585000,2.610115541e-02
63.590000,2.543189610e-02
63.595000,2.461309460e-02
63.600000,2.371494471e-02
63.605000,2.282550926e-02
63.610000,2.204108858e-02
63.615000,2.145419115e-02
63.620000,2.114120723e-02
63.625000,2.115200199e-02
63.630000,2.150327348e-02
63.635000,2.217674477e-02
63.640000,2.312225091e-02
63.645000,2.426476531e-02
63.650000,2.551362944e-02
63.655000,2.677190264e-02
63.660000,2.794393579e-02
63.665000,2.893995455e-02
63.670000,2.967743279e-02
63.675000,3.008006042e-02
63.680000,3.007586041e-02
63.685000,2.959626036e-02
63.690000,2.857759541e-02
63.695000,2.696570720e-02
63.700000,2.472324178e-02
63.705000,2.183824245e-02
63.710000,1.833196332e-02
63.715000,1.426368741e-02
63.720000,9.730770516e-03
63.725000,4.863059303e-03
63.730000,-1.879672188e-04
63.735000,-5.263792797e-03
63.740000,-1.021477049e-02
63.745000,-1.491456154e-02
63.750000,-1.927060398e-02
63.755000,-2.322895280e-02
63.760000,-2.677303631e-02
63.765000,-2.991713596e-02
63.770000,-3.269641848e-02
63.775000,-3.515590596e-02
63.780000,-3.734076835e-02
63.785000,-3.928980221e-02
63.790000,-4.103306505e-02
63.795000,-4.259356810e-02
63.800000,-4.399191715e-02
63.805000,-4.525204150e-02
63.810000,-4.640584066e-02
63.815000,-4.749481054e-02
63.820000,-4.856747688e-02
63.825000,-4.967261897e-02
63.830000,-5.084953393e-02
63.835000,-5.211762280e-02
63.840000,-5.346805478e-02
63.845000,-5.486000462e-02
63.850000,-5.622298994e-02
63.855000,-5.746540343e-02
63.860000,-5.848782184e-02
63.865000,-5.919848175e-02
63.870000,-5.952774470e-02
63.875000,-5.943855344e-02
63.880000,-5.893073887e-02
63.885000,-5.803834922e-02
63.890000,-5.682063549e-02
63.895000,-5.534862981e-02
63.900000,-5.369013824e-02
63.905000,-5.189627270e-02
63.910000,-4.999231575e-02
63.915000,-4.797481352e-02
63.920000,-4.581550250e-02
63.925000,-4.347125274e-02
63.930000,-4.089794738e-02
63.935000,-3.806538682e-02
63.940000,-3.497009256e-02
63.945000,-3.164334592e-02
63.950000,-2.815283514e-02
63.955000,-2.459766718e-02
63.960000,-2.109790825e-02
63.965000,-1.778091484e-02
63.970000,-1.476724712e-02
63.975000,-1.215880286e-02
63.980000,-1.003103983e-02
63.985000,-8.429999142e-03
63.990000,-7.373630905e-03
63.995000,-6.855985499e-03
64.000000,-6.852401263e-03
64.005000,-7.323963967e-03
64.010000,-8.220140120e-03
64.015000,-9.479375723e-03
64.020000,-1.102833547e-02
64.025000,-1.278109062e-02
64.030000,-1.463978258e-02
64.035000,-1.649803610e-02
64.040000,-1.824772293e-02
64.045000,-1.978873611e-02
64.050000,-2.104045068e-02
64.055000,-2.195277712e-02
64.060000,-2.251439117e-02
64.065000,-2.275598688e-02
64.070000,-2.274724153e-02
64.075000,-2.258743331e-02
64.080000,-2.239102322e-02
64.085000,-2.227066377e-02
64.090000,-2.232074654e-02
64.095000,-2.260458766e-02
64.100000,-2.314767402e-02
64.105000,-2.393819293e-02
64.110000,-2.493458544e-02
64.115000,-2.607839459e-02
64.120000,-2.730952823e-02
64.125000,-2.858049186e-02
64.130000,-2.986634391e-02
64.135000,-3.116810358e-02
64.140000,-3.250891807e-02
64.145000,-3.392409958e-02
64.150000,-3.544769156e-02
64.155000,-3.709907467e-02
64.160000,-3.887302096e-02
64.165000,-4.073558643e-02
64.170000,-4.262661578e-02
64.175000,-4.446790655e-02
64.180000,-4.617473191e-02
64.185000,-4.766777787e-02
64.190000,-4.888270207e-02
64.195000,-4.977533120e-02
64.200000,-5.032170987e-02
64.205000,-5.051348668e-02
64.210000,-5.035020528e-02
64.215000,-4.983076603e-02
64.220000,-4.894651642e-02
64.225000,-4.767807381e-02
64.230000,-4.599712618e-02
64.235000,-4.387324533e-02
64.240000,-4.128443795e-02
64.245000,-3.822906918e-02
64.250000,-3.473622335e-02
64.255000,-3.087170355e-02
64.260000,-2.673772283e-02
64.265000,-2.246571112e-02
64.270000,-1.820321591e-02
64.275000,-1.409722141e-02
64.280000,-1.027702707e-02
64.285000,-6.839929547e-03
64.290000,-3.842347585e-03
64.295000,-1.297883559e-03
64.300000,8.175971182e-04
64.305000,2.555159146e-03
64.310000,3.978614707e-03
64.315000,5.149879359e-03
64.320000,6.116760618e-03
64.325000,6.905489741e-03
64.330000,7.519272439e-03
64.335000,7.942840343e-03
64.340000,8.151683023e-03
64.345000,8.123607736e-03
64.350000,7.849760064e-03
64.355000,7.342396358e-03
64.360000,6.637522299e-03
64.365000,5.791810366e-03
64.370000,4.874642247e-03
64.375000,3.957296155e-03
64.380000,3.101892130e-03
64.385000,2.352579825e-03
64.390000,1.730686016e-03
64.395000,1.234401207e-03
64.400000,8.424268087e-04
64.405000,5.201404354e-04
64.410000,2.264551702e-04
64.415000,-8.031851309e-05
64.420000,-4.387530112e-04
64.425000,-8.830933377e-04
64.430000,-1.444126091e-03
64.435000,-2.151078072e-03
64.440000,-3.033207036e-03
64.445000,-4.119868352e-03
64.450000,-5.438347790e-03
64.455000,-7.009508142e-03
64.460000,-8.842087075e-03
64.465000,-1.092706547e-02
64.470000,-1.323371889e-02
64.475000,-1.570871231e-02
64.480000,-1.827898034e-02
64.485000,-2.085833183e-02
64.490000,-2.335693345e-02
64.495000,-2.569222593e-02
64.500000,-2.779949956e-02
64.505000,-2.964033014e-02
64.510000,-3.120734360e-02
64.515000,-3.252431161e-02
64.520000,-3.364132754e-02
64.525000,-3.462567102e-02
64.530000,-3.554977983e-02
64.535000,-3.647832010e-02
64.540000,-3.745652398e-02
64.545000,-3.850169226e-02
64.550000,-3.959911739e-02
64.555000,-4.070285655e-02
64.560000,-4.174099439e-02
64.565000,-4.262444500e-02
64.570000,-4.325801436e-02
64.575000,-4.355233951e-02
64.580000,-4.343535868e-02
64.585000,-4.286208464e-02
64.590000,-4.182163735e-02
64.595000,-4.034076562e-02
64.600000,-3.848346380e-02
64.605000,-3.634673838e-02
64.610000,-3.405302121e-02
64.615000,-3.174006716e-02
64.620000,-2.954935744e-02
64.625000,-2.761406411e-02
64.630000,-2.604758058e-02
64.635000,-2.493356094e-02
64.640000,-2.431836769e-02
64.645000,-2.420676556e-02
64.650000,-2.456153317e-02
64.655000,-2.530731535e-02
64.660000,-2.633849731e-02
64.665000,-2.753023297e-02
64.670000,-2.875116992e-02
64.675000,-2.987606430e-02
64.680000,-3.079649755e-02
64.685000,-3.142830962e-02
64.690000,-3.171504396e-02
64.695000,-3.162747461e-02
64.700000,-3.115995234e-02
64.705000,-3.032472048e-02
64.710000,-2.914546151e-02
64.715000,-2.765119191e-02
64.720000,-2.587133222e-02
64.725000,-2.383245870e-02
64.730000,-2.155696305e-02
64.735000,-1.906362316e-02
64.740000,-1.636988956e-02
64.745000,-1.349548574e-02
64.750000,-1.046670578e-02
64.755000,-7.320616961e-03
64.760000,-4.108313684e-03
64.765000,-8.964804050e-04
64.770000,2.233193882e-03
64.775000,5.186821137e-03
64.780000,7.863044468e-03
64.785000,1.015916377e-02
64.790000,1.197807908e-02
64.795000,1.323557562e-02
64.800000,1.386762262e-02
64.805000,1.383743063e-02
64.810000,1.314193634e-02
64.815000,1.181716977e-02
64.820000,9.941702003e-03
64.825000,7.637210904e-03
64.830000,5.065261085e-03
64.835000,2.419731883e-03
64.840000,-8.508800302e-05
64.845000,-2.229998245e-03
64.850000,-3.808535415e-03
64.855000,-4.644815170e-03
64.860000,-4.609406635e-03
64.865000,-3.631242864e-03
64.870000,-1.704081458e-03
64.875000,1.113217493e-03
64.880000,4.702486092e-03
64.885000,8.897236084e-03
64.890000,1.349739081e-02
64.895000,1.828601064e-02
64.900000,2.304621895e-02
64.905000,2.757670182e-02
64.910000,3.170446328e-02
64.915000,3.529391507e-02
64.920000,3.825183285e-02
64.925000,4.052819067e-02
64.930000,4.211334783e-02
64.935000,4.303243990e-02
64.940000,4.333804444e-02
64.945000,4.310220430e-02
64.950000,4.240870966e-02
64.955000,4.134623707e-02
64.960000,4.000263238e-02
64.965000,3.846040218e-02
64.970000,3.679338805e-02
64.975000,3.506461162e-02
64.980000,3.332531971e-02
64.985000,3.161525079e-02
64.990000,2.996405200e-02
64.995000,2.839362377e-02
65.000000,2.692101952e-02
65.005000,2.556144452e-02
65.010000,2.433090925e-02
65.015000,2.324817938e-02
65.020000,2.233578062e-02
65.025000,2.161991982e-02
65.030000,2.112926362e-02
65.035000,2.089259486e-02
65.040000,2.093548160e-02
65.045000,2.127626022e-02
65.050000,2.192182849e-02
65.055000,2.286390408e-02
65.060000,2.407645351e-02
65.065000,2.551488495e-02
65.070000,2.711732611e-02
65.075000,2.880793608e-02
65.080000,3.050182286e-02
65.085000,3.211085958e-02
65.090000,3.354957939e-02
65.095000,3.474040091e-02
65.100000,3.561765527e-02
65.105000,3.613018136e-02
65.110000,3.624254451e-02
65.115000,3.593514958e-02
65.120000,3.520362457e-02
65.125000,3.405784387e-02
65.130000,3.252086669e-02
65.135000,3.062792836e-02
65.140000,2.842548272e-02
65.145000,2.597018797e-02
65.150000,2.332767532e-02
65.155000,2.057094001e-02
65.160000,1.777823760e-02
65.165000,1.503043344e-02
65.170000,1.240782279e-02
65.175000,9.986501765e-03
65.180000,7.834426512e-03
65.185000,6.007359451e-03
65.190000,4.544978109e-03
65.195000,3.467512901e-03
65.200000,2.773367123e-03
65.205000,2.438217215e-03
65.210000,2.416049542e-03
65.215000,2.642428866e-03
65.220000,3.040011876e-03
65.225000,3.525955817e-03
65.230000,4.020500490e-03
65.235000,4.455707764e-03
65.240000,4.783198718e-03
65.245000,4.979772620e-03
65.250000,5.050021867e-03
65.255000,5.025437289e-03
65.260000,4.959975403e-03
65.265000,4.922571991e-03
65.270000,4.987568065e-03
65.275000,5.224389576e-03
65.280000,5.688009874e-03
65.285000,6.411652865e-03
65.290000,7.402834673e-03
65.295000,8.643232777e-03
65.300000,1.009213633e-02
65.305000,1.169255087e-02
65.310000,1.337858956e-02
65.315000,1.508270285e-02
65.320000,1.674158682e-02
65.325000,1.830015843e-02
65.330000,1.971360459e-02
65.335000,2.094801032e-02
65.340000,2.198031678e-02
65.345000,2.279832267e-02
65.350000,2.340118145e-02
65.355000,2.380047559e-02
65.360000,2.402158492e-02
65.365000,2.410479830e-02
65.370000,2.410549662e-02
65.375000,2.409278091e-02
65.380000,2.414612812e-02
65.385000,2.435000610e-02
65.390000,2.478681494e-02
65.395000,2.552895894e-02
65.400000,2.663118449e-02
65.405000,2.812443992e-02
65.410000,3.001236204e-02
65.415000,3.227107516e-02
65.420000,3.485238508e-02
65.425000,3.768979933e-02
65.430000,4.070626273e-02
65.435000,4.382219563e-02
65.440000,4.696243208e-02
65.445000,5.006097071e-02
65.450000,5.306299199e-02
65.455000,5.592422688e-02
65.460000,5.860833049e-02
65.465000,6.108328687e-02
65.470000,6.331797157e-02
65.475000,6.527982496e-02
65.480000,6.693421047e-02
65.485000,6.824556197e-02
65.490000,6.917998195e-02
65.495000,6.970862984e-02
65.500000,6.981108666e-02
65.505000,6.947790478e-02
65.510000,6.871173169e-02
65.515000,6.752669954e-02
65.520000,6.594614966e-02
65.525000,6.399915115e-02
65.530000,6.171659120e-02
65.535000,5.912777667e-02
65.540000,5.625842794e-02
65.545000,5.313065563e-02
65.550000,4.976504679e-02
65.555000,4.618446339e-02
65.560000,4.241871092e-02
65.565000,3.850898258e-02
65.570000,3.451098393e-02
65.575000,3.049588320e-02
65.580000,2.654864737e-02
65.585000,2.276381239e-02
65.590000,1.923919460e-02
65.595000,1.606838739e-02
65.600000,1.333304451e-02
65.605000,1.109591158e-02
65.610000,9.395359012e-03
65.615000,8.241865299e-03
65.620000,7.616589758e-03
65.625000,7.471940189e-03
65.630000,7.733919875e-03
65.635000,8.306013798e-03
65.640000,9.074387754e-03
65.645000,9.914164107e-03
65.650000,1.069647453e-02
65.655000,1.129589212e-02
65.660000,1.159776641e-02
65.665000,1.150497594e-02
65.670000,1.094368968e-02
65.675000,9.867856378e-03
65.680000,8.262260669e-03
65.685000,6.144044966e-03
65.690000,3.562591067e-03
65.695000,5.976242705e-04
65.700000,-2.644589253e-03
65.705000,-6.036984366e-03
65.710000,-9.439217823e-03
65.715000,-1.270655789e-02
65.720000,-1.569949065e-02
65.725000,-1.829321873e-02
65.730000,-2.038616411e-02
65.735000,-2.190664094e-02
65.740000,-2.281703192e-02
65.745000,-2.311506476e-02
65.750000,-2.283212076e-02
65.755000,-2.202887239e-02
65.760000,-2.078888082e-02
65.765000,-1.921101606e-02
65.770000,-1.740163385e-02
65.775000,-1.546733999e-02
65.780000,-1.350893005e-02
65.785000,-1.161678941e-02
65.790000,-9.867762892e-03
65.795000,-8.323317162e-03
65.800000,-7.028739894e-03
65.805000,-6.013123880e-03
65.810000,-5.289934463e-03
65.815000,-4.858024533e-03
65.820000,-4.703034160e-03
65.825000,-4.799192407e-03
65.830000,-5.111619248e-03
65.835000,-5.599276364e-03
65.840000,-6.218692218e-03
65.845000,-6.928453963e-03
65.850000,-7.694218552e-03
65.855000,-8.493701756e-03
65.860000,-9.320850653e-03
65.865000,-1.018829352e-02
65.870000,-1.112725912e-02
65.875000,-1.218447395e-02
65.880000,-1.341602605e-02
65.885000,-1.487872931e-02
65.890000,-1.662001989e-02
65.895000,-1.866776706e-02
65.900000,-2.102151848e-02
65.905000,-2.364659391e-02
65.910000,-2.647210263e-02
65.915000,-2.939343656e-02
65.920000,-3.227916307e-02
65.925000,-3.498161324e-02
65.930000,-3.734993927e-02
65.935000,-3.924408528e-02
65.940000,-4.054802475e-02
65.945000,-4.118076129e-02
65.950000,-4.110392258e-02
65.955000,-4.032523154e-02
65.960000,-3.889764182e-02
65.965000,-3.691441379e-02
65.970000,-3.450083032e-02
65.975000,-3.180356414e-02
65.980000,-2.897887481e-02
65.985000,-2.618081215e-02
65.990000,-2.355043925e-02
65.995000,-2.120680431e-02
66.000000,-1.924005797e-02
66.005000,-1.770681591e-02
66.010000,-1.662767728e-02
66.015000,-1.598675659e-02
66.020000,-1.573315217e-02
66.025000,-1.578439464e-02
66.030000,-1.603200794e-02
66.035000,-1.634929541e-02
66.040000,-1.660128550e-02
66.045000,-1.665643897e-02
66.050000,-1.639928807e-02
66.055000,-1.574275098e-02
66.060000,-1.463856710e-02
66.065000,-1.308424578e-02
66.070000,-1.112518153e-02
66.075000,-8.851158358e-03
66.080000,-6.387258329e-03
66.085000,-3.880056922e-03
66.090000,-1.480757521e-03
66.095000,6.725629701e-04
66.100000,2.471250724e-03
66.105000,3.848759906e-03
66.110000,4.788086924e-03
66.115000,5.323058017e-03
66.120000,5.533424914e-03
66.125000,5.534554668e-03
66.130000,5.463192432e-03
66.135000,5.461232398e-03
66.140000,5.659590451e-03
66.145000,6.164118709e-03
66.150000,7.045077531e-03
66.155000,8.331073385e-03
66.160000,1.000769939e-02
66.165000,1.202050113e-02
66.170000,1.428143218e-02
66.175000,1.667771772e-02
66.180000,1.908201489e-02
66.185000,2.136290133e-02
66.190000,2.339496042e-02
66.195000,2.506797404e-02
66.200000,2.629490780e-02
66.205000,2.701844429e-02
66.210000,2.721579950e-02
66.215000,2.690149754e-02
66.220000,2.612774490e-02
66.225000,2.498208835e-02
66.230000,2.358217828e-02
66.235000,2.206767445e-02
66.240000,2.058959212e-02
66.245000,1.929766550e-02
66.250000,1.832658746e-02
66.255000,1.778226029e-02
66.260000,1.772943215e-02
66.265000,1.818223883e-02
66.270000,1.909913465e-02
66.275000,2.038340564e-02
66.280000,2.188988547e-02
66.285000,2.343769733e-02
66.290000,2.482795244e-02
66.295000,2.586452082e-02
66.300000,2.637541636e-02
66.305000,2.623211578e-02
66.310000,2.536430240e-02
66.315000,2.376806580e-02
66.320000,2.150642527e-02
66.325000,1.870206816e-02
66.330000,1.552326887e-02
66.335000,1.216491864e-02
66.340000,8.827289644e-03
66.345000,5.695442859e-03
66.350000,2.921997925e-03
66.355000,6.153385359e-04
66.360000,-1.165653294e-03
66.365000,-2.410365449e-03
66.370000,-3.149808255e-03
66.375000,-3.446408128e-03
66.380000,-3.382455127e-03
66.385000,-3.049296054e-03
66.390000,-2.538808928e-03
66.395000,-1.937846597e-03
66.400000,-1.325417671e-03
66.405000,-7.716317422e-04
66.410000,-3.370828585e-04
66.415000,-7.147967655e-05
66.420000,-1.089971919e-05
66.425000,-1.738532202e-04
66.430000,-5.571150778e-04
66.435000,-1.132763634e-03
66.440000,-1.847897577e-03
66.445000,-2.628079367e-03
66.450000,-3.384801255e-03
66.455000,-4.026391716e-03
66.460000,-4.470986789e-03
66.465000,-4.659646856e-03
66.470000,-4.567498761e-03
66.475000,-4.210951626e-03
66.480000,-3.649542549e-03
66.485000,-2.981741685e-03
66.490000,-2.334972861e-03
66.495000,-1.851042378e-03
66.500000,-1.668954926e-03
66.505000,-1.907580982e-03
66.510000,-2.650715459e-03
66.515000,-3.936693891e-03
66.520000,-5.753959295e-03
66.525000,-8.042937091e-03
66.530000,-1.070348244e-02
66.535000,-1.360624800e-02
66.540000,-1.660578896e-02
66.545000,-1.955320060e-02
66.550000,-2.230656888e-02
66.555000,-2.473836374e-02
66.560000,-2.673987188e-02
66.565000,-2.822357028e-02
66.570000,-2.912475965e-02
66.575000,-2.940370851e-02
66.580000,-2.904905074e-02
66.585000,-2.808240448e-02
66.590000,-2.656336475e-02
66.595000,-2.459338650e-02
66.600000,-2.231677703e-02
66.605000,-1.991713664e-02
66.610000,-1.760812524e-02
66.615000,-1.561832320e-02
66.620000,-1.417106758e-02
66.625000,-1.346128887e-02
66.630000,-1.363231997e-02
66.635000,-1.475616160e-02
66.640000,-1.682058867e-02
66.645000,-1.972570688e-02
66.650000,-2.329121275e-02
66.655000,-2.727391435e-02
66.660000,-3.139337835e-02
66.665000,-3.536223214e-02
66.670000,-3.891694259e-02
66.675000,-4.184493943e-02
66.680000,-4.400470355e-02
66.685000,-4.533669952e-02
66.690000,-4.586450674e-02
66.695000,-4.568689426e-02
66.700000,-4.496265007e-02
66.705000,-4.389058893e-02
66.710000,-4.268731695e-02
66.715000,-4.156511686e-02
66.720000,-4.071187828e-02
66.725000,-4.027447043e-02
66.730000,-4.034644571e-02
66.735000,-4.096052609e-02
66.740000,-4.208597797e-02
66.745000,-4.363072199e-02
66.750000,-4.544784007e-02
66.755000,-4.734601458e-02
66.760000,-4.910333305e-02
66.765000,-5.048377638e-02
66.770000,-5.125553939e-02
66.775000,-5.121009783e-02
66.780000,-5.018066664e-02
66.785000,-4.805847084e-02
66.790000,-4.480517510e-02
66.795000,-4.045997963e-02
66.800000,-3.514031702e-02
66.805000,-2.903573346e-02
66.810000,-2.239529839e-02
66.815000,-1.550962214e-02
66.820000,-8.689150557e-03
66.825000,-2.240773481e-03
66.830000,3.555094817e-03
66.835000,8.464915150e-03
66.840000,1.231816421e-02
66.845000,1.501794675e-02
66.850000,1.654539053e-02
66.855000,1.695776634e-02
66.860000,1.638087717e-02
66.865000,1.499674783e-02
66.870000,1.302795356e-02
66.875000,1.072003132e-02
66.880000,8.323348297e-03
66.885000,6.075630051e-03
66.890000,4.186151446e-03
66.895000,2.822423239e-03
66.900000,2.100076388e-03
66.905000,2.076528181e-03
66.910000,2.748864028e-03
66.915000,4.056150736e-03
66.920000,5.886102604e-03
66.925000,8.085671025e-03
66.930000,1.047476128e-02
66.935000,1.286194419e-02
66.940000,1.506077268e-02
66.945000,1.690518011e-02
66.950000,1.826246918e-02
66.955000,1.904262496e-02
66.960000,1.920310053e-02
66.965000,1.874878230e-02
66.970000,1.772745442e-02
66.975000,1.622163222e-02
66.980000,1.433801434e-02
66.985000,1.219594914e-02
66.990000,9.916218698e-03
66.995000,7.611169392e-03
67.000000,5.376851784e-03
67.005000,3.287464663e-03
67.010000,1.392100098e-03
67.015000,-2.864070805e-04
67.020000,-1.750805488e-03
67.025000,-3.027202940e-03
67.030000,-4.161506215e-03
67.035000,-5.214673355e-03
67.040000,-6.256901776e-03
67.045000,-7.360924943e-03
67.050000,-8.594721100e-03
67.055000,-1.001412074e-02
67.060000,-1.165597712e-02
67.065000,-1.353266817e-02
67.070000,-1.562867656e-02
67.075000,-1.789982844e-02
67.080000,-2.027548168e-02
67.085000,-2.266358901e-02
67.090000,-2.495818322e-02
67.095000,-2.704849960e-02
67.100000,-2.882871951e-02
67.105000,-3.020722916e-02
67.110000,-3.111436406e-02
67.115000,-3.150784803e-02
67.120000,-3.137549402e-02
67.125000,-3.073513514e-02
67.130000,-2.963210403e-02
67.135000,-2.813480044e-02
67.140000,-2.632895056e-02
67.145000,-2.431109779e-02
67.150000,-2.218174559e-02
67.155000,-2.003847903e-02
67.160000,-1.796937157e-02
67.165000,-1.604703471e-02
67.170000,-1.432374527e-02
67.175000,-1.282812771e-02
67.180000,-1.156383079e-02
67.185000,-1.051050589e-02
67.190000,-9.627183116e-03
67.195000,-8.857881624e-03
67.200000,-8.139011988e-03
67.205000,-7.407861501e-03
67.210000,-6.611230176e-03
67.215000,-5.713150478e-03
67.220000,-4.700626090e-03
67.225000,-3.586502184e-03
67.230000,-2.408935548e-03
67.235000,-1.227424255e-03
67.240000,-1.158957497e-04
67.245000,8.461707834e-04
67.250000,1.583299876e-03
67.255000,2.032885397e-03
67.260000,2.152167496e-03
67.265000,1.922502279e-03
67.270000,1.350616129e-03
67.275000,4.670687062e-04
67.280000,-6.774119243e-04
67.285000,-2.016807147e-03
67.290000,-3.474971826e-03
67.295000,-4.970375739e-03
67.300000,-6.420088684e-03
67.305000,-7.743088581e-03
67.310000,-8.863292404e-03
67.315000,-9.712835919e-03
67.320000,-1.023601822e-02
67.325000,-1.039401124e-02
67.330000,-1.017000314e-02
67.335000,-9.574020695e-03
67.340000,-8.646381404e-03
67.345000,-7.458652706e-03
67.350000,-6.111188317e-03
67.355000,-4.726757479e-03
67.360000,-3.440415506e-03
67.365000,-2.386469362e-03
67.370000,-1.684027831e-03
67.375000,-1.423048339e-03
67.380000,-1.652889890e-03
67.385000,-2.375106848e-03
67.390000,-3.541607597e-03
67.395000,-5.058472735e-03
67.400000,-6.794850517e-03
67.405000,-8.595604234e-03
67.410000,-1.029592110e-02
67.415000,-1.173597681e-02
67.420000,-1.277397080e-02
67.425000,-1.329631732e-02
67.430000,-1.322436918e-02
67.435000,-1.251762849e-02
67.440000,-1.117385709e-02
67.445000,-9.226774599e-03
67.450000,-6.742112119e-03
67.455000,-3.812699334e-03
67.460000,-5.530556000e-04
67.465000,2.906303747e-03
67.470000,6.424876624e-03
67.475000,9.858690029e-03
67.480000,1.306754087e-02
67.485000,1.592304846e-02
67.490000,1.831732515e-02
67.495000,2.017169884e-02
67.500000,2.144454986e-02
67.505000,2.213707073e-02
67.510000,2.229572284e-02
67.515000,2.201040528e-02
67.520000,2.140785663e-02
67.525000,2.064049836e-02
67.530000,1.987166680e-02
67.535000,1.925882585e-02
67.540000,1.893677979e-02
67.545000,1.900303669e-02
67.550000,1.950728009e-02
67.555000,2.044641079e-02
67.560000,2.176588198e-02
67.565000,2.336716868e-02
67.570000,2.512031888e-02
67.575000,2.687978536e-02
67.580000,2.850128612e-02
67.585000,2.985739327e-02
67.590000,3.084992175e-02
67.595000,3.141788633e-02
67.600000,3.154063421e-02
67.605000,3.123652319e-02
67.610000,3.055802810e-02
67.615000,2.958434995e-02
67.620000,2.841252224e-02
67.625000,2.714779110e-02
67.630000,2.589383786e-02
67.635000,2.474331292e-02
67.640000,2.376916915e-02
67.645000,2.301736349e-02
67.650000,2.250154991e-02
67.655000,2.220035184e-02
67.660000,2.205766061e-02
67.665000,2.198618061e-02
67.670000,2.187416688e-02
67.675000,2.159500224e-02
67.680000,2.101894889e-02
67.685000,2.002609769e-02
67.690000,1.851926665e-02
67.695000,1.643543683e-02
67.700000,1.375433773e-02
67.705000,1.050305780e-02
67.710000,6.756046529e-03
67.715000,2.630510401e-03
67.720000,-1.722150312e-03
67.725000,-6.127705518e-03
67.730000,-1.040182883e-02
67.735000,-1.436277170e-02
67.740000,-1.784279339e-02
67.745000,-2.069756201e-02
67.750000,-2.281318873e-02
67.755000,-2.411094643e-02
67.760000,-2.454997705e-02
67.765000,-2.412837200e-02
67.770000,-2.288292419e-02
67.775000,-2.088765603e-02
67.780000,-1.825101005e-02
67.785000,-1.511144541e-02
67.790000,-1.163118811e-02
67.795000,-7.988060932e-03
67.800000,-4.365637188e-03
67.805000,-9.423321508e-04
67.810000,2.119642723e-03
67.815000,4.684386686e-03
67.820000,6.650466078e-03
67.825000,7.956381666e-03
67.830000,8.583020584e-03
67.835000,8.553206036e-03
67.840000,7.928805454e-03
67.845000,6.806024260e-03
67.850000,5.309469882e-03
67.855000,3.585364522e-03
67.860000,1.794020036e-03
67.865000,1.014919519e-04
67.870000,-1.329695121e-03
67.875000,-2.350673865e-03
67.880000,-2.836785519e-03
67.885000,-2.697723398e-03
67.890000,-1.886111090e-03
67.895000,-4.032297537e-04
67.900000,1.699261054e-03
67.905000,4.322381555e-03
67.910000,7.327865668e-03
67.915000,1.055069181e-02
67.920000,1.381496111e-02
67.925000,1.695141137e-02
67.930000,1.981449561e-02
67.935000,2.229687376e-02
67.940000,2.433940862e-02
67.945000,2.593531449e-02
67.950000,2.712790958e-02
67.955000,2.800234193e-02
67.960000,2.867253027e-02
67.965000,2.926522651e-02
67.970000,2.990344657e-02
67.975000,3.069147952e-02
67.980000,3.170329571e-02
67.985000,3.297551908e-02
67.990000,3.450533949e-02
67.995000,3.625296741e-02
68.000000,3.814761944e-02
68.005000,4.009567879e-02
68.010000,4.198965367e-02
68.015000,4.371683452e-02
68.020000,4.516702718e-02
68.025000,4.623925680e-02
68.030000,4.684772553e-02
68.035000,4.692743919e-02
68.040000,4.643975462e-02
68.045000,4.537770659e-02
68.050000,4.377050031e-02
68.055000,4.168618648e-02
68.060000,3.923141904e-02
68.065000,3.654740203e-02
68.070000,3.380163027e-02
68.075000,3.117570937e-02
68.080000,2.885025089e-02
68.085000,2.698843474e-02
68.090000,2.572020021e-02
68.095000,2.512910845e-02
68.100000,2.524369288e-02
68.105000,2.603459778e-02
68.110000,2.741805389e-02
68.115000,2.926534772e-02
68.120000,3.141704303e-02
68.125000,3.369997402e-02
68.130000,3.594460668e-02
68.135000,3.800036934e-02
68.140000,3.974700488e-02
68.145000,4.110080881e-02
68.150000,4.201561104e-02
68.155000,4.247931054e-02
68.160000,4.250747080e-02
68.165000,4.213578857e-02
68.170000,4.141311929e-02
68.175000,4.039624194e-02
68.180000,3.914681980e-02
68.185000,3.773024981e-02
68.190000,3.621548098e-02
68.195000,3.467457209e-02
68.200000,3.318082784e-02
68.205000,3.180479011e-02
68.210000,3.060806151e-02
68.215000,2.963572758e-02
68.220000,2.890881290e-02
68.225000,2.841856723e-02
68.230000,2.812431139e-02
68.235000,2.795606386e-02
68.240000,2.782230962e-02
68.245000,2.762224335e-02
68.250000,2.726084069e-02
68.255000,2.666440025e-02
68.260000,2.579391587e-02
68.265000,2.465385877e-02
68.270000,2.329464762e-02
68.275000,2.180813860e-02
68.280000,2.031667714e-02
68.285000,1.895737969e-02
68.290000,1.786412594e-02
68.295000,1.715007114e-02
68.300000,1.689327158e-02
68.305000,1.712731825e-02
68.310000,1.783787293e-02
68.315000,1.896494211e-02
68.320000,2.040985054e-02
68.325000,2.204536006e-02
68.330000,2.372727597e-02
68.335000,2.530613215e-02
68.340000,2.663799585e-02
68.345000,2.759391307e-02
68.350000,2.806788027e-02
68.355000,2.798340715e-02
68.360000,2.729872815e-02
68.365000,2.601058134e-02
68.370000,2.415628165e-02
68.375000,2.181364548e-02
68.380000,1.909824067e-02
68.385000,1.615748871e-02
68.390000,1.316136896e-02
68.395000,1.028987593e-02
68.400000,7.717926465e-03
68.405000,5.599016409e-03
68.410000,4.049448974e-03
68.415000,3.135244622e-03
68.420000,2.863767033e-03
68.425000,3.181610130e-03
68.430000,3.979438737e-03
68.435000,5.103410608e-03
68.440000,6.371743469e-03
68.445000,7.594149787e-03
68.450000,8.591420791e-03
68.455000,9.212490890e-03
68.460000,9.346840190e-03
68.465000,8.930981974e-03
68.470000,7.948843123e-03
68.475000,6.426853117e-03
68.480000,4.425303181e-03
68.485000,2.027881788e-03
68.490000,-6.687980539e-04
68.495000,-3.564312342e-03
68.500000,-6.561455849e-03
68.505000,-9.571108011e-03
68.510000,-1.251533873e-02
68.515000,-1.532939195e-02
68.520000,-1.796316504e-02
68.525000,-2.038258928e-02
68.530000,-2.257100281e-02
68.535000,-2.453028527e-02
68.540000,-2.628126828e-02
68.545000,-2.786281078e-02
68.550000,-2.932897467e-02
68.555000,-3.074397786e-02
68.560000,-3.217501755e-02
68.565000,-3.368357618e-02
68.570000,-3.531632213e-02
68.575000,-3.709705110e-02
68.580000,-3.902116025e-02
68.585000,-4.105385058e-02
68.590000,-4.313265397e-02
68.595000,-4.517410603e-02
68.600000,-4.708361034e-02
68.605000,-4.876694013e-02
68.610000,-5.014152954e-02
68.615000,-5.114577581e-02
68.620000,-5.174498120e-02
68.625000,-5.193321981e-02
68.630000,-5.173117979e-02
68.635000,-5.118075407e-02
68.640000,-5.033768861e-02
68.645000,-4.926384800e-02
68.650000,-4.802058075e-02
68.655000,-4.666428848e-02
68.660000,-4.524470970e-02
68.665000,-4.380574692e-02
68.670000,-4.238803914e-02
68.675000,-4.103204587e-02
68.680000,-3.978026707e-02
68.685000,-3.867742569e-02
68.690000,-3.776796184e-02
68.695000,-3.709092699e-02
68.700000,-3.667314871e-02
68.705000,-3.652215563e-02
68.710000,-3.662062808e-02
68.715000,-3.692397699e-02
68.720000,-3.736207865e-02
68.725000,-3.784535157e-02
68.730000,-3.827446803e-02
68.735000,-3.855226251e-02
68.740000,-3.859598231e-02
68.745000,-3.834797621e-02
68.750000,-3.778320155e-02
68.755000,-3.691245887e-02
68.760000,-3.578093118e-02
68.765000,-3.446230896e-02
68.770000,-3.304942785e-02
68.775000,-3.164284208e-02
68.780000,-3.033902049e-02
68.785000,-2.921982794e-02
68.790000,-2.834464295e-02
68.795000,-2.774592824e-02
68.800000,-2.742843973e-02
68.805000,-2.737167691e-02
68.810000,-2.753476316e-02
68.815000,-2.786276014e-02
68.820000,-2.829345479e-02
68.825000,-2.876384827e-02
68.830000,-2.921583955e-02
68.835000,-2.960085176e-02
68.840000,-2.988334400e-02
68.845000,-3.004325441e-02
68.850000,-3.007743146e-02
68.855000,-3.000004957e-02
68.860000,-2.984191467e-02
68.865000,-2.964850198e-02
68.870000,-2.947658399e-02
68.875000,-2.938943319e-02
68.880000,-2.945080877e-02
68.885000,-2.971820813e-02
68.890000,-3.023610110e-02
68.895000,-3.102999206e-02
68.900000,-3.210212440e-02
68.905000,-3.342945292e-02
68.910000,-3.496420228e-02
68.915000,-3.663696905e-02
68.920000,-3.836198122e-02
68.925000,-4.004386016e-02
68.930000,-4.158507490e-02
68.935000,-4.289325458e-02
68.940000,-4.388762503e-02
68.945000,-4.450403283e-02
68.950000,-4.469826698e-02
68.955000,-4.444763025e-02
68.960000,-4.375089926e-02
68.965000,-4.262691698e-02
68.970000,-4.111208309e-02
68.975000,-3.925697502e-02
68.980000,-3.712228482e-02
68.985000,-3.477423498e-02
68.990000,-3.227966253e-02
68.995000,-2.970103912e-02
69.000000,-2.709180416e-02
69.005000,-2.449249475e-02
69.010000,-2.192821131e-02
69.015000,-1.940791902e-02
69.020000,-1.692592142e-02
69.025000,-1.446555394e-02
69.030000,-1.200477112e-02
69.035000,-9.522917033e-03
69.040000,-7.007668807e-03
69.045000,-4.461015031e-03
69.050000,-1.903223552e-03
69.055000,6.259371969e-04
69.060000,3.068991771e-03
69.065000,5.355306507e-03
69.070000,7.407655925e-03
69.075000,9.149740051e-03
69.080000,1.051347247e-02
69.085000,1.144498264e-02
69.090000,1.190860764e-02
69.095000,1.188861186e-02
69.100000,1.138885593e-02
69.105000,1.043101959e-02
69.110000,9.052169130e-03
69.115000,7.302405625e-03
69.120000,5.243059927e-03
69.125000,2.945500991e-03
69.130000,4.902167268e-04
69.135000,-2.034468904e-03
69.140000,-4.534776091e-03
69.145000,-6.915544140e-03
69.150000,-9.086247375e-03
69.155000,-1.096869632e-02
69.160000,-1.250561638e-02
69.165000,-1.366881719e-02
69.170000,-1.446538856e-02
69.175000,-1.494039075e-02
69.180000,-1.517489952e-02
69.185000,-1.527898815e-02
69.190000,-1.538015232e-02
69.195000,-1.560861153e-02
69.200000,-1.608162947e-02
69.205000,-1.688930288e-02
69.210000,-1.808408582e-02
69.215000,-1.967567167e-02
69.220000,-2.163188683e-02
69.225000,-2.388516535e-02
69.230000,-2.634319944e-02
69.235000,-2.890169231e-02
69.240000,-3.145690787e-02
69.245000,-3.391595370e-02
69.250000,-3.620338967e-02
69.255000,-3.826367444e-02
69.260000,-4.005992958e-02
69.265000,-4.157028484e-02
69.270000,-4.278347247e-02
69.275000,-4.369526640e-02
69.280000,-4.430684129e-02
69.285000,-4.462531343e-02
69.290000,-4.466586092e-02
69.295000,-4.445416015e-02
69.300000,-4.402761679e-02
69.305000,-4.343409248e-02
69.310000,-4.272747503e-02
69.315000,-4.196033448e-02
69.320000,-4.117480821e-02
69.325000,-4.039352278e-02
69.330000,-3.961261271e-02
69.335000,-3.879866240e-02
69.340000,-3.789072259e-02
69.345000,-3.680758244e-02
69.350000,-3.545942221e-02
69.355000,-3.376205598e-02
69.360000,-3.165139397e-02
69.365000,-2.909563416e-02
69.370000,-2.610306296e-02
69.375000,-2.272413156e-02
69.380000,-1.904751635e-02
69.385000,-1.519095261e-02
69.390000,-1.128852098e-02
69.395000,-7.476586393e-03
69.400000,-3.880639559e-03
69.405000,-6.048883609e-04
69.410000,2.274291987e-03
69.415000,4.710822231e-03
69.420000,6.687877537e-03
69.425000,8.214477279e-03
69.430000,9.321033999e-03
69.435000,1.005500870e-02
69.440000,1.047735305e-02
69.445000,1.065982326e-02
69.450000,1.068270960e-02
69.455000,1.063220044e-02
69.460000,1.059658724e-02
69.465000,1.066081931e-02
69.470000,1.089944919e-02
69.475000,1.136861993e-02
69.480000,1.209826502e-02
69.485000,1.308597773e-02
69.490000,1.429397579e-02
69.495000,1.565023207e-02
69.500000,1.705421969e-02
69.505000,1.838694353e-02
69.510000,1.952414113e-02
69.515000,2.035089164e-02
69.520000,2.077551432e-02
69.525000,2.074066752e-02
69.530000,2.022999943e-02
69.535000,1.926947649e-02
69.540000,1.792345585e-02
69.545000,1.628645378e-02
69.550000,1.447218324e-02
69.555000,1.260166577e-02
69.560000,1.079205700e-02
69.565000,9.147370333e-03
69.570000,7.751707564e-03
69.575000,6.665076303e-03
69.580000,5.921500955e-03
69.585000,5.528950568e-03
69.590000,5.470589427e-03
69.595000,5.706954909e-03
69.600000,6.178832868e-03
69.605000,6.810790864e-03
69.610000,7.515497498e-03
69.615000,8.199043875e-03
69.620000,8.767430671e-03
69.625000,9.134157103e-03
69.630000,9.228471086e-03
69.635000,9.003410186e-03
69.640000,8.442430375e-03
69.645000,7.563334113e-03
69.650000,6.418458661e-03
69.655000,5.090650878e-03
69.660000,3.685307246e-03
69.665000,2.319498728e-03
69.670000,1.109728726e-03
69.675000,1.600547945e-04
69.680000,-4.478860770e-04
69.685000,-6.618906955e-04
69.690000,-4.628013757e-04
69.695000,1.351418745e-04
69.700000,1.086655137e-03
69.705000,2.319738210e-03
69.710000,3.741283039e-03
69.715000,5.243452393e-03
69.720000,6.710544191e-03
69.725000,8.026233944e-03
69.730000,9.081154155e-03
69.735000,9.780703472e-03
69.740000,1.005279613e-02
69.745000,9.855011656e-03
69.750000,9.180356212e-03
69.755000,8.060684282e-03
69.760000,6.566834236e-03
69.765000,4.804763837e-03
69.770000,2.907444416e-03
69.775000,1.022933467e-03
69.780000,-7.002244926e-04
69.785000,-2.128484275e-03
69.790000,-3.157518342e-03
69.795000,-3.723027833e-03
69.800000,-3.806446814e-03
69.805000,-3.434638414e-03
69.810000,-2.673683488e-03
69.815000,-1.617861766e-03
69.820000,-3.757140725e-04
69.825000,9.445080312e-04
69.830000,2.247728561e-03
69.835000,3.461447125e-03
69.840000,4.540595044e-03
69.845000,5.467688552e-03
69.850000,6.248958385e-03
69.855000,6.907748539e-03
69.860000,7.476767708e-03
69.865000,7.990728920e-03
69.870000,8.480583745e-03
69.875000,8.970050889e-03
69.880000,9.474574055e-03
69.885000,1.000232994e-02
69.890000,1.055653195e-02
69.895000,1.113810036e-02
69.900000,1.174782591e-02
69.905000,1.238742960e-02
69.910000,1.305935408e-02
69.915000,1.376559510e-02
69.920000,1.450625106e-02
69.925000,1.527860632e-02
69.930000,1.607740798e-02
69.935000,1.689658563e-02
69.940000,1.773213461e-02
69.945000,1.858541772e-02
69.950000,1.946590316e-02
69.955000,2.039242579e-02
69.960000,2.139240634e-02
69.965000,2.249896788e-02
69.970000,2.374639190e-02
69.975000,2.516472119e-02
69.980000,2.677446852e-02
69.985000,2.858232527e-02
69.990000,3.057853351e-02
69.995000,3.273626079e-02
70.000000,3.501297326e-02
70.005000,3.735349952e-02
70.010000,3.969426101e-02
70.015000,4.196804615e-02
70.020000,4.410873350e-02
70.025000,4.605550882e-02
70.030000,4.775632489e-02
70.035000,4.917055780e-02
70.040000,5.027095344e-02
70.045000,5.104499594e-02
70.050000,5.149576587e-02
70.055000,5.164223152e-02
70.060000,5.151879584e-02
70.065000,5.117386405e-02
70.070000,5.066723886e-02
70.075000,5.006628932e-02
70.080000,4.944104457e-02
70.085000,4.885858323e-02
70.090000,4.837727439e-02
70.095000,4.804153496e-02
70.100000,4.787777833e-02
70.105000,4.789212988e-02
70.110000,4.807028313e-02
70.115000,4.837958639e-02
70.120000,4.877312418e-02
70.125000,4.919524776e-02
70.130000,4.958778296e-02
70.135000,4.989606040e-02
70.140000,5.007400599e-02
70.145000,5.008777929e-02
70.150000,4.991778953e-02
70.155000,4.955924980e-02
70.160000,4.902164702e-02
70.165000,4.832754431e-02
70.170000,4.751099259e-02
70.175000,4.661558178e-02
70.180000,4.569192322e-02
70.185000,4.479424250e-02
70.190000,4.397584709e-02
70.195000,4.328351602e-02
70.200000,4.275126233e-02
70.205000,4.239431860e-02
70.210000,4.220445803e-02
70.215000,4.214779090e-02
70.220000,4.216592955e-02
70.225000,4.218092393e-02
70.230000,4.210372222e-02
70.235000,4.184522897e-02
70.240000,4.132845584e-02
70.245000,4.049991064e-02
70.250000,3.933834071e-02
70.255000,3.785927112e-02
70.260000,3.611442011e-02
70.265000,3.418592708e-02
70.270000,3.217622720e-02
70.275000,3.019516630e-02
70.280000,2.834640689e-02
70.285000,2.671523189e-02
70.290000,2.535950219e-02
70.295000,2.430485402e-02
70.300000,2.354439050e-02
70.305000,2.304231656e-02
70.310000,2.274035525e-02
70.315000,2.256548143e-02
70.320000,2.243754893e-02
70.325000,2.227572778e-02
70.330000,2.200319966e-02
70.335000,2.155014101e-02
70.340000,2.085550711e-02
70.345000,1.986839900e-02
70.350000,1.854978372e-02
70.355000,1.687505085e-02
70.360000,1.483740170e-02
70.365000,1.245151656e-02
70.370000,9.756494181e-03
70.375000,6.816857283e-03
70.380000,3.720562799e-03
70.385000,5.734467754e-04
70.390000,-2.509726576e-03
70.395000,-5.416634218e-03
70.400000,-8.049538980e-03
70.405000,-1.033622525e-02
70.410000,-1.223782347e-02
70.415000,-1.375211657e-02
70.420000,-1.491171676e-02
70.425000,-1.577741742e-02
70.430000,-1.642786526e-02
70.435000,-1.694729813e-02
70.440000,-1.741334917e-02
70.445000,-1.788679761e-02
70.450000,-1.840469300e-02
70.455000,-1.897759220e-02
70.460000,-1.959087112e-02
70.465000,-2.020936580e-02
70.470000,-2.078410572e-02
70.475000,-2.125972374e-02
70.480000,-2.158128080e-02
70.485000,-2.169966355e-02
70.490000,-2.157526284e-02
70.495000,-2.118015659e-02
70.500000,-2.049935813e-02
70.505000,-1.953177170e-02
70.510000,-1.829132131e-02
70.515000,-1.680836299e-02
70.520000,-1.513107258e-02
70.525000,-1.332614815e-02
70.530000,-1.147798508e-02
70.535000,-9.685536035e-03
70.540000,-8.056372007e-03
70.545000,-6.697975219e-03
70.550000,-5.706928565e-03
70.555000,-5.157289754e-03
70.560000,-5.089900704e-03
70.565000,-5.504547325e-03
70.570000,-6.356664832e-03
70.575000,-7.559673735e-03
70.580000,-8.993121233e-03
70.585000,-1.051576467e-02
70.590000,-1.198178862e-02
70.595000,-1.325771087e-02
70.600000,-1.423736208e-02
70.605000,-1.485267253e-02
70.610000,-1.507880066e-02
70.615000,-1.493321330e-02
70.620000,-1.446943201e-02
70.625000,-1.376704462e-02
70.630000,-1.292005694e-02
70.635000,-1.202565169e-02
70.640000,-1.117497922e-02
70.645000,-1.044688479e-02
70.650000,-9.904687031e-03
70.655000,-9.595459895e-03
70.660000,-9.550873206e-03
70.665000,-9.788564416e-03
70.670000,-1.031321626e-02
70.675000,-1.111691038e-02
70.680000,-1.217879670e-02
70.685000,-1.346454001e-02
70.690000,-1.492627310e-02
70.695000,-1.650382836e-02
70.700000,-1.812781258e-02
70.705000,-1.972466820e-02
70.710000,-2.122332453e-02
70.715000,-2.256252277e-02
70.720000,-2.369755015e-02
70.725000,-2.460505534e-02
70.730000,-2.528488430e-02
70.735000,-2.575842611e-02
70.740000,-2.606366440e-02
70.745000,-2.624781841e-02
70.750000,-2.635895780e-02
70.755000,-2.643816501e-02
70.760000,-2.651365711e-02
70.765000,-2.659781332e-02
70.770000,-2.668740349e-02
70.775000,-2.676663626e-02
70.780000,-2.681209843e-02
70.785000,-2.679835412e-02
70.790000,-2.670296213e-02
70.795000,-2.650993069e-02
70.800000,-2.621107930e-02
70.805000,-2.580530483e-02
70.810000,-2.529623474e-02
70.815000,-2.468909427e-02
70.820000,-2.398775012e-02
70.825000,-2.319279469e-02
70.830000,-2.230122289e-02
70.835000,-2.130779330e-02
70.840000,-2.020766386e-02
70.845000,-1.899947837e-02
70.850000,-1.768787598e-02
70.855000,-1.628448028e-02
70.860000,-1.480679863e-02
70.865000,-1.327504138e-02
70.870000,-1.170749955e-02
70.875000,-1.011561785e-02
70.880000,-8.500114758e-03
70.885000,-6.849360266e-03
70.890000,-5.140747116e-03
70.895000,-3.345100227e-03
70.900000,-1.433432723e-03
70.905000,6.152429240e-04
70.910000,2.806658548e-03
70.915000,5.126159166e-03
70.920000,7.536876474e-03
70.925000,9.981728372e-03
70.930000,1.238898416e-02
70.935000,1.468039972e-02
70.940000,1.678039932e-02
70.945000,1.862457706e-02
70.950000,2.016595837e-02
70.955000,2.137796452e-02
70.960000,2.225375023e-02
70.965000,2.280237414e-02
70.970000,2.304293542e-02
70.975000,2.299821411e-02
70.980000,2.268939461e-02
70.985000,2.213312347e-02
70.990000,2.134153298e-02
70.995000,2.032510104e-02
71.000000,1.909749691e-02
71.005000,1.768105158e-02
71.010000,1.611130632e-02
71.015000,1.443926848e-02
71.020000,1.273049435e-02
71.025000,1.106081123e-02
71.030000,9.509234870e-03
71.035000,8.149277670e-03
71.040000,7.040243664e-03
71.045000,6.220177023e-03
71.050000,5.701843914e-03
71.055000,5.472528915e-03
71.060000,5.497637377e-03
71.065000,5.727291774e-03
71.070000,6.104488220e-03
71.075000,6.573098151e-03
71.080000,7.084132394e-03
71.085000,7.599189891e-03
71.090000,8.090747599e-03
71.095000,8.539711071e-03
71.100000,8.931243598e-03
71.105000,9.250196230e-03
71.110000,9.477434316e-03
71.115000,9.588047154e-03
71.120000,9.551938556e-03
71.125000,9.336746464e-03
71.130000,8.912535731e-03
71.135000,8.257332587e-03
71.140000,7.362379770e-03
71.145000,6.236020319e-03
71.150000,4.905366531e-03
71.155000,3.415339005e-03
71.160000,1.825184789e-03
71.165000,2.030866637e-04
71.170000,-1.380163881e-03
71.175000,-2.857328355e-03
71.180000,-4.169745031e-03
71.185000,-5.270583620e-03
71.190000,-6.126151236e-03
71.195000,-6.715506474e-03
71.200000,-7.028951536e-03
71.205000,-7.066099863e-03
71.210000,-6.834153400e-03
71.215000,-6.346813165e-03
71.220000,-5.623961174e-03
71.225000,-4.691968904e-03
71.230000,-3.584272120e-03
71.235000,-2.341745521e-03
71.240000,-1.012427510e-03
71.245000,3.497261027e-04
71.250000,1.687173861e-03
71.255000,2.942083116e-03
71.260000,4.060249898e-03
71.265000,4.995161059e-03
71.270000,5.711665968e-03
71.275000,6.188774214e-03
71.280000,6.421221292e-03
71.285000,6.419608562e-03
71.290000,6.209087859e-03
71.295000,5.826698866e-03
71.300000,5.317571392e-03
71.305000,4.730284005e-03
71.310000,4.111739303e-03
71.315000,3.501981402e-03
71.320000,2.929436383e-03
71.325000,2.407082723e-03
71.330000,1.930035235e-03
71.335000,1.474940104e-03
71.340000,1.001431416e-03
71.345000,4.557037732e-04
71.350000,-2.239712412e-04
71.355000,-1.100198432e-03
71.360000,-2.228534710e-03
71.365000,-3.649551213e-03
71.370000,-5.381890584e-03
71.375000,-7.417353816e-03
71.380000,-9.718907613e-03
71.385000,-1.222216792e-02
71.390000,-1.484041461e-02
71.395000,-1.747261037e-02
71.400000,-2.001335778e-02
71.405000,-2.236336425e-02
71.410000,-2.443888827e-02
71.415000,-2.617884090e-02
71.420000,-2.754866470e-02
71.425000,-2.854070112e-02
71.430000,-2.917135375e-02
71.435000,-2.947583751e-02
71.440000,-2.950158936e-02
71.445000,-2.930147424e-02
71.450000,-2.892776963e-02
71.455000,-2.842760950e-02
71.460000,-2.784019184e-02
71.465000,-2.719568505e-02
71.470000,-2.651547705e-02
71.475000,-2.581324595e-02
71.480000,-2.509630904e-02
71.485000,-2.436681792e-02
71.490000,-2.362257362e-02
71.495000,-2.285748250e-02
71.500000,-2.206189926e-02
71.505000,-2.122324634e-02
71.510000,-2.032731091e-02
71.515000,-1.936047972e-02
71.520000,-1.831289142e-02
71.525000,-1.718212530e-02
71.530000,-1.597669828e-02
71.535000,-1.471842401e-02
71.540000,-1.344269326e-02
71.545000,-1.219601186e-02
71.550000,-1.103065217e-02
71.555000,-9.996934166e-03
71.560000,-9.134297981e-03
71.565000,-8.462794359e-03
71.570000,-7.976768571e-03
71.575000,-7.642281361e-03
71.580000,-7.399216501e-03
71.585000,-7.168172623e-03
71.590000,-6.861295356e-03
71.595000,-6.395374041e-03
71.600000,-5.704993911e-03
71.605000,-4.753432687e-03
71.610000,-3.539360777e-03
71.615000,-2.098177984e-03
71.620000,-4.978298997e-04
71.625000,1.170030929e-03
71.630000,2.801864219e-03
71.635000,4.294933108e-03
71.640000,5.558767320e-03
71.645000,6.523709772e-03
71.650000,7.145551102e-03
71.655000,7.406067810e-03
71.660000,7.310044221e-03
71.665000,6.879938853e-03
71.670000,6.149658923e-03
71.675000,5.158890478e-03
71.680000,3.949109735e-03
71.685000,2.561844474e-03
71.690000,1.039085083e-03
71.695000,-5.748818311e-04
71.700000,-2.231374694e-03
71.705000,-3.876231218e-03
71.710000,-5.450786581e-03
71.715000,-6.895440480e-03
71.720000,-8.155638974e-03
71.725000,-9.189392991e-03
71.730000,-9.974915176e-03
71.735000,-1.051671047e-02
71.740000,-1.084856924e-02
71.745000,-1.103237479e-02
71.750000,-1.115236776e-02
71.755000,-1.130536699e-02
71.760000,-1.158825773e-02
71.765000,-1.208465001e-02
71.770000,-1.285285005e-02
71.775000,-1.391711518e-02
71.780000,-1.526360864e-02
71.785000,-1.684165340e-02
71.790000,-1.856997664e-02
71.795000,-2.034682630e-02
71.800000,-2.206228010e-02
71.805000,-2.361084023e-02
71.810000,-2.490252317e-02
71.815000,-2.587105383e-02
71.820000,-2.647835440e-02
71.825000,-2.671516230e-02
71.830000,-2.659820366e-02
71.835000,-2.616479934e-02
71.840000,-2.546603017e-02
71.845000,-2.455961864e-02
71.850000,-2.350351649e-02
71.855000,-2.235088075e-02
71.860000,-2.114675246e-02
71.865000,-1.992640836e-02
71.870000,-1.871509958e-02
71.875000,-1.752875728e-02
71.880000,-1.637522995e-02
71.885000,-1.525569035e-02
71.890000,-1.416597007e-02
71.895000,-1.309770858e-02
71.900000,-1.203931692e-02
71.905000,-1.097684175e-02
71.910000,-9.894868087e-03
71.915000,-8.777611579e-03
71.920000,-7.610316089e-03
71.925000,-6.380983369e-03
71.930000,-5.082327264e-03
71.935000,-3.713692021e-03
71.940000,-2.282548382e-03
71.945000,-8.051329144e-04
71.950000,6.941370754e-04
71.955000,2.184652538e-03
71.960000,3.632909358e-03
71.965000,5.006719886e-03
71.970000,6.279709462e-03
71.975000,7.435357882e-03
71.980000,8.469894333e-03
71.985000,9.393547894e-03
71.990000,1.022994153e-02
71.995000,1.101372387e-02
72.000000,1.178679437e-02
72.005000,1.259365280e-02
72.010000,1.347648372e-02
72.015000,1.447058445e-02
72.020000,1.560067863e-02
72.025000,1.687854208e-02
72.030000,1.830220204e-02
72.035000,1.985675860e-02
72.040000,2.151663120e-02
72.045000,2.324879509e-02
72.050000,2.501640073e-02
72.055000,2.678212338e-02
72.060000,2.851070085e-02
72.065000,3.017036483e-02
72.070000,3.173318712e-02
72.075000,3.317464886e-02
72.080000,3.447291051e-02
72.085000,3.560826887e-02
72.090000,3.656314584e-02
72.095000,3.732272394e-02
72.100000,3.787610438e-02
72.105000,3.821768376e-02
72.110000,3.834835957e-02
72.115000,3.827618581e-02
72.120000,3.801618816e-02
72.125000,3.758918928e-02
72.130000,3.701966925e-02
72.135000,3.633287572e-02
72.140000,3.555158130e-02
72.145000,3.469302832e-02
72.150000,3.376666191e-02
72.155000,3.277319582e-02
72.160000,3.170536582e-02
72.165000,3.055042381e-02
72.170000,2.929406746e-02
72.175000,2.792516819e-02
72.180000,2.644043921e-02
72.185000,2.484814028e-02
72.190000,2.317006805e-02
72.195000,2.144139901e-02
72.200000,1.970836063e-02
72.205000,1.802410268e-02
72.210000,1.644343231e-02
72.215000,1.501720294e-02
72.220000,1.378710465e-02
72.225000,1.278143278e-02
72.230000,1.201218649e-02
72.235000,1.147363599e-02
72.240000,1.114234333e-02
72.245000,1.097853273e-02
72.250000,1.092866504e-02
72.255000,1.092904628e-02
72.260000,1.091026957e-02
72.265000,1.080224325e-02
72.270000,1.053949975e-02
72.275000,1.006642052e-02
72.280000,9.341962032e-03
72.285000,8.343442352e-03
72.290000,7.068960648e-03
72.295000,5.538092787e-03
72.300000,3.790646885e-03
72.305000,1.883471940e-03
72.310000,-1.144336743e-04
72.315000,-2.128013636e-03
72.320000,-4.082746497e-03
72.325000,-5.910946654e-03
72.330000,-7.557016340e-03
72.335000,-8.981056213e-03
72.340000,-1.016050467e-02
72.345000,-1.108978434e-02
72.350000,-1.177822686e-02
72.355000,-1.224676596e-02
72.360000,-1.252399399e-02
72.365000,-1.264215638e-02
72.370000,-1.263353537e-02
72.375000,-1.252749829e-02
72.380000,-1.234831959e-02
72.385000,-1.211377596e-02
72.390000,-1.183447919e-02
72.395000,-1.151392983e-02
72.400000,-1.114930435e-02
72.405000,-1.073298762e-02
72.410000,-1.025480974e-02
72.415000,-9.704852961e-03
72.420000,-9.076587679e-03
72.425000,-8.370007114e-03
72.430000,-7.594374098e-03
72.435000,-6.770172926e-03
72.440000,-5.929873764e-03
72.445000,-5.117175111e-03
72.450000,-4.384510662e-03
72.455000,-3.788808223e-03
72.460000,-3.385765419e-03
72.465000,-3.223219941e-03
72.470000,-3.334469100e-03
72.475000,-3.732553362e-03
72.480000,-4.406499843e-03
72.485000,-5.320305817e-03
72.490000,-6.415059137e-03
72.495000,-7.614110427e-03
72.500000,-8.830718934e-03
72.505000,-9.977179499e-03
72.510000,-1.097417923e-02
72.515000,-1.175908288e-02
72.520000,-1.229202435e-02
72.525000,-1.255906132e-02
72.530000,-1.257215552e-02
72.535000,-1.236626132e-02
72.540000,-1.199422213e-02
72.545000,-1.152039933e-02
72.550000,-1.101396254e-02
72.555000,-1.054258968e-02
72.560000,-1.016704305e-02
72.565000,-9.936801110e-03
72.570000,-9.886710385e-03
72.575000,-1.003451753e-02
72.580000,-1.037914933e-02
72.585000,-1.089970319e-02
72.590000,-1.155525454e-02
72.595000,-1.228573354e-02
72.600000,-1.301421952e-02
72.605000,-1.365099450e-02
72.610000,-1.409954939e-02
72.615000,-1.426444208e-02
72.620000,-1.406050926e-02
72.625000,-1.342252180e-02
72.630000,-1.231405865e-02
72.635000,-1.073425742e-02
72.640000,-8.721235764e-03
72.645000,-6.351359078e-03
72.650000,-3.734090775e-03
72.655000,-1.002798292e-03
72.660000,1.697512628e-03
72.665000,4.224100494e-03
72.670000,6.450339789e-03
72.675000,8.277828781e-03
72.680000,9.645303209e-03
72.685000,1.053336064e-02
72.690000,1.096459656e-02
72.695000,1.099939429e-02
72.700000,1.072818933e-02
72.705000,1.026144711e-02
72.710000,9.718782557e-03
72.715000,9.218586255e-03
72.720000,8.869230800e-03
72.725000,8.762485804e-03
72.730000,8.969277542e-03
72.735000,9.537506530e-03
72.740000,1.049138232e-02
72.745000,1.183170052e-02
72.750000,1.353665724e-02
72.755000,1.556309036e-02
72.760000,1.784833196e-02
72.765000,2.031303051e-02
72.770000,2.286527650e-02
72.775000,2.540613740e-02
72.780000,2.783634873e-02
72.785000,3.006353712e-02
72.790000,3.200909217e-02
72.795000,3.361374213e-02
72.800000,3.484104487e-02
72.805000,3.567833816e-02
72.810000,3.613511436e-02
72.815000,3.623919521e-02
72.820000,3.603139518e-02
72.825000,3.555952506e-02
72.830000,3.487258696e-02
72.835000,3.401587040e-02
72.840000,3.302742349e-02
72.845000,3.193610221e-02
72.850000,3.076114856e-02
72.855000,2.951305606e-02
72.860000,2.819536863e-02
72.865000,2.680702852e-02
72.870000,2.534492667e-02
72.875000,2.380639458e-02
72.880000,2.219148162e-02
72.885000,2.050495678e-02
72.890000,1.875802760e-02
72.895000,1.696975885e-02
72.900000,1.516809626e-02
72.905000,1.339028118e-02
72.910000,1.168233415e-02
72.915000,1.009725688e-02
72.920000,8.691704612e-03
72.925000,7.521127072e-03
72.930000,6.633721377e-03
72.935000,6.063894895e-03
72.940000,5.826194008e-03
72.945000,5.910732593e-03
72.950000,6.281019792e-03
72.955000,6.874766766e-03
72.960000,7.607817647e-03
72.965000,8.380888684e-03
72.970000,9.088392169e-03
72.975000,9.628327207e-03
72.980000,9.912074172e-03
72.985000,9.872950369e-03
72.990000,9.472568358e-03
72.995000,8.704359458e-03
73.000000,7.594029560e-03
73.005000,6.197126007e-03
73.010000,4.594230495e-03
73.015000,2.884490315e-03
73.020000,1.178236370e-03
73.025000,-4.106626440e-04
73.030000,-1.772232429e-03
73.035000,-2.807305946e-03
73.040000,-3.433727173e-03
73.045000,-3.591693794e-03
73.050000,-3.248058883e-03
73.055000,-2.399351990e-03
73.060000,-1.073228717e-03
73.065000,6.719516506e-04
73.070000,2.749666512e-03
73.075000,5.050005814e-03
73.080000,7.446600252e-03
73.085000,9.805362533e-03
73.090000,1.199442498e-02
73.095000,1.389440763e-02
73.100000,1.540798673e-02
73.105000,1.646770340e-02
73.110000,1.704108185e-02
73.115000,1.713241037e-02
73.120000,1.678093825e-02
73.125000,1.605569543e-02
73.130000,1.504757593e-02
73.135000,1.385967052e-02
73.140000,1.259703091e-02
73.145000,1.135706426e-02
73.150000,1.022158999e-02
73.155000,9.251272387e-03
73.160000,8.482736218e-03
73.165000,7.928259787e-03
73.170000,7.577603857e-03
73.175000,7.401336145e-03
73.180000,7.354973168e-03
73.185000,7.383365606e-03
73.190000,7.424947815e-03
73.195000,7.415688762e-03
73.200000,7.292756766e-03
73.205000,6.998000901e-03
73.210000,6.481343544e-03
73.215000,5.704085899e-03
73.220000,4.641988276e-03
73.225000,3.287847554e-03
73.230000,1.653202256e-03
73.235000,-2.312158992e-04
73.240000,-2.316584544e-03
73.245000,-4.538787060e-03
73.250000,-6.822831118e-03
73.255000,-9.088593410e-03
73.260000,-1.125739328e-02
73.265000,-1.325874737e-02
73.270000,-1.503657695e-02
73.275000,-1.655414413e-02
73.280000,-1.779709215e-02
73.285000,-1.877416127e-02
73.290000,-1.951543151e-02
73.295000,-2.006827174e-02
73.300000,-2.049149507e-02
73.305000,-2.084847014e-02
73.310000,-2.120006521e-02
73.315000,-2.159828317e-02
73.320000,-2.208129575e-02
73.325000,-2.267034673e-02
73.330000,-2.336872101e-02
73.335000,-2.416271621e-02
73.340000,-2.502433437e-02
73.345000,-2.591524512e-02
73.350000,-2.679146080e-02
73.355000,-2.760811491e-02
73.360000,-2.832375610e-02
73.365000,-2.890367017e-02
73.370000,-2.932191794e-02
73.375000,-2.956200511e-02
73.380000,-2.961633919e-02
73.385000,-2.948482869e-02
73.390000,-2.917309590e-02
73.395000,-2.869078290e-02
73.400000,-2.805033236e-02
73.405000,-2.726644643e-02
73.410000,-2.635621313e-02
73.415000,-2.533968811e-02
73.420000,-2.424057730e-02
73.425000,-2.308661218e-02
73.430000,-2.190925872e-02
73.435000,-2.074254278e-02
73.440000,-1.962098097e-02
73.445000,-1.857683127e-02
73.450000,-1.763707371e-02
73.455000,-1.682065107e-02
73.460000,-1.613651309e-02
73.465000,-1.558290340e-02
73.470000,-1.514812104e-02
73.475000,-1.481271243e-02
73.480000,-1.455275837e-02
73.485000,-1.434367542e-02
73.490000,-1.416381103e-02
73.495000,-1.399712127e-02
73.500000,-1.383439454e-02
73.505000,-1.367280183e-02
73.510000,-1.351395179e-02
73.515000,-1.336101504e-02
73.520000,-1.321575383e-02
73.525000,-1.307636640e-02
73.530000,-1.293689040e-02
73.535000,-1.278852885e-02
73.540000,-1.262275018e-02
73.545000,-1.243549767e-02
73.550000,-1.223146068e-02
73.555000,-1.202721772e-02
73.560000,-1.185220929e-02
73.565000,-1.174691158e-02
73.570000,-1.175816975e-02
73.575000,-1.193227876e-02
73.580000,-1.230692811e-02
73.585000,-1.290343801e-02
73.590000,-1.372074052e-02
73.595000,-1.473229475e-02
73.600000,-1.588662478e-02
73.605000,-1.711153358e-02
73.610000,-1.832140164e-02
73.615000,-1.942645166e-02
73.620000,-2.034254869e-02
73.625000,-2.100006470e-02
73.630000,-2.135056421e-02
73.635000,-2.137050912e-02
73.640000,-2.106173877e-02
73.645000,-2.044903945e-02
73.650000,-1.957556546e-02
73.655000,-1.849712791e-02
73.660000,-1.727639017e-02
73.665000,-1.597781320e-02
73.670000,-1.466384179e-02
73.675000,-1.339241087e-02
73.680000,-1.221548644e-02
73.685000,-1.117813265e-02
73.690000,-1.031756613e-02
73.695000,-9.661820264e-03
73.700000,-9.227938553e-03
73.705000,-9.019952284e-03
73.710000,-9.027170929e-03
73.715000,-9.223437637e-03
73.720000,-9.567936965e-03
73.725000,-1.000789720e-02
73.730000,-1.048316184e-02
73.735000,-1.093220015e-02
73.740000,-1.129877835e-02
73.745000,-1.153830312e-02
73.750000,-1.162282775e-02
73.755000,-1.154389138e-02
73.760000,-1.131271151e-02
73.765000,-1.095770061e-02
73.770000,-1.051973757e-02
73.775000,-1.004599811e-02
73.780000,-9.583360252e-03
73.785000,-9.172412408e-03
73.790000,-8.842910553e-03
73.795000,-8.611207515e-03
73.800000,-8.479789794e-03
73.805000,-8.438692685e-03
73.810000,-8.468297316e-03
73.815000,-8.542888761e-03
73.820000,-8.634379436e-03
73.825000,-8.715744605e-03
73.830000,-8.763916833e-03
73.835000,-8.762073166e-03
73.840000,-8.701364641e-03
73.845000,-8.582155619e-03
73.850000,-8.414773102e-03
73.855000,-8.219660210e-03
73.860000,-8.026744065e-03
73.865000,-7.873817645e-03
73.870000,-7.803819674e-03
73.875000,-7.861062949e-03
73.880000,-8.086668238e-03
73.885000,-8.513655768e-03
73.890000,-9.162282608e-03
73.895000,-1.003626168e-02
73.900000,-1.112044491e-02
73.905000,-1.238040306e-02
73.910000,-1.376410464e-02
73.915000,-1.520561526e-02
73.920000,-1.663044731e-02
73.925000,-1.796194056e-02
73.930000,-1.912789753e-02
73.935000,-2.006667243e-02
73.940000,-2.073202903e-02
73.945000,-2.109631608e-02
73.950000,-2.115180215e-02
73.955000,-2.091029297e-02
73.960000,-2.040135781e-02
73.965000,-1.966957510e-02
73.970000,-1.877117027e-02
73.975000,-1.777029283e-02
73.980000,-1.673502646e-02
73.985000,-1.573311093e-02
73.990000,-1.482732994e-02
73.995000,-1.407060656e-02
74.000000,-1.350102887e-02
74.005000,-1.313725319e-02
74.010000,-1.297492701e-02
74.015000,-1.298486832e-02
74.020000,-1.311367890e-02
74.025000,-1.328723711e-02
74.030000,-1.341713015e-02
74.035000,-1.340960191e-02
74.040000,-1.317609544e-02
74.045000,-1.264405875e-02
74.050000,-1.176646114e-02
74.055000,-1.052851068e-02
74.060000,-8.950405588e-03
74.065000,-7.085555848e-03
74.070000,-5.014472854e-03
74.075000,-2.835282899e-03
74.080000,-6.524021938e-04
74.085000,1.434821724e-03
74.090000,3.341804153e-03
74.095000,5.005497541e-03
74.100000,6.387646916e-03
74.105000,7.474630906e-03
74.110000,8.274581805e-03
74.115000,8.812837573e-03
74.120000,9.126860510e-03
74.125000,9.261581061e-03
74.130000,9.265761799e-03
74.135000,9.189529296e-03
74.140000,9.082804014e-03
74.145000,8.994075117e-03
74.150000,8.968891708e-03
74.155000,9.047597319e-03
74.160000,9.262180485e-03
74.165000,9.632552557e-03
74.170000,1.016296198e-02
74.175000,1.083948449e-02
74.180000,1.162950833e-02
74.185000,1.248385087e-02
74.190000,1.334165819e-02
74.195000,1.413766415e-02
74.200000,1.481085071e-02
74.205000,1.531317227e-02
74.210000,1.561686652e-02
74.215000,1.571900763e-02
74.220000,1.564235545e-02
74.225000,1.543215773e-02
74.230000,1.514927286e-02
74.235000,1.486066324e-02
74.240000,1.462882393e-02
74.245000,1.450193700e-02
74.250000,1.450641765e-02
74.255000,1.464306147e-02
74.260000,1.488731261e-02
74.265000,1.519340226e-02
74.270000,1.550142582e-02
74.275000,1.574597215e-02
74.280000,1.586476841e-02
74.285000,1.580596296e-02
74.290000,1.553307873e-02
74.295000,1.502722195e-02
74.300000,1.428670457e-02
74.305000,1.332470959e-02
74.310000,1.216590588e-02
74.315000,1.084295577e-02
74.320000,9.393663765e-03
74.325000,7.859153007e-03
74.330000,6.283033086e-03
74.335000,4.711155538e-03
74.340000,3.191340596e-03
74.345000,1.772452365e-03
74.350000,5.023930670e-04
74.355000,-5.750793152e-04
74.360000,-1.424424287e-03
74.365000,-2.022667479e-03
74.370000,-2.363212046e-03
74.375000,-2.458282913e-03
74.380000,-2.339342696e-03
74.385000,-2.055140026e-03
74.390000,-1.667462041e-03
74.395000,-1.245079914e-03
74.400000,-8.567139746e-04
74.405000,-5.640322078e-04
74.410000,-4.156931134e-04
74.415000,-4.432522806e-04
74.420000,-6.594143742e-04
74.425000,-1.058702251e-03
74.430000,-1.620218796e-03
74.435000,-2.311872487e-03
74.440000,-3.095276412e-03
74.445000,-3.930528958e-03
74.450000,-4.780223929e-03
74.455000,-5.612272619e-03
74.460000,-6.401390553e-03
74.465000,-7.129347976e-03
74.470000,-7.784260135e-03
74.475000,-8.359277704e-03
74.480000,-8.851031785e-03
74.485000,-9.258115951e-03
74.490000,-9.579786849e-03
74.495000,-9.814971721e-03
74.500000,-9.961610997e-03
74.505000,-1.001634269e-02
74.510000,-9.974539843e-03
74.515000,-9.830718541e-03
74.520000,-9.579318427e-03
74.525000,-9.215809169e-03
74.530000,-8.738001996e-03
74.535000,-8.147369209e-03
74.540000,-7.450127327e-03
74.545000,-6.657846198e-03
74.550000,-5.787414280e-03
74.555000,-4.860305222e-03
74.560000,-3.901221663e-03
74.565000,-2.936303005e-03
74.570000,-1.991147480e-03
74.575000,-1.088905830e-03
74.580000,-2.486629619e-04
74.585000,5.157454039e-04
74.590000,1.196412076e-03
74.595000,1.791538866e-03
74.600000,2.305188164e-03
74.605000,2.746727363e-03
74.610000,3.130117602e-03
74.615000,3.473191476e-03
74.620000,3.797008261e-03
74.625000,4.125272182e-03
74.630000,4.483675485e-03
74.635000,4.898931907e-03
74.640000,5.397251095e-03
74.645000,6.002104632e-03
74.650000,6.731343103e-03
74.655000,7.593988458e-03
74.660000,8.587263124e-03
74.665000,9.694542307e-03
74.670000,1.088487445e-02
74.675000,1.211450219e-02
74.680000,1.333047662e-02
74.685000,1.447606659e-02
74.690000,1.549730427e-02
74.695000,1.634974710e-02
74.700000,1.700442232e-02
74.705000,1.745197634e-02
74.710000,1.770427983e-02
74.715000,1.779311752e-02
74.720000,1.776606813e-02
74.725000,1.768017127e-02
74.730000,1.759438312e-02
74.735000,1.756204343e-02
74.740000,1.762455026e-02
74.745000,1.780716609e-02
74.750000,1.811742580e-02
74.755000,1.854609934e-02
74.760000,1.907020758e-02
74.765000,1.965729777e-02
74.770000,2.027010037e-02
74.775000,2.087079508e-02
74.780000,2.142435216e-02
74.785000,2.190071075e-02
74.790000,2.227583996e-02
74.795000,2.253195307e-02
74.800000,2.265728055e-02
74.805000,2.264583764e-02
74.810000,2.249754231e-02
74.815000,2.221885960e-02
74.820000,2.182390015e-02
74.825000,2.133564148e-02
74.830000,2.078674282e-02
74.835000,2.021935725e-02
74.840000,1.968345021e-02
74.845000,1.923340186e-02
74.850000,1.892304605e-02
74.855000,1.879968632e-02
74.860000,1.889793144e-02
74.865000,1.923433336e-02
74.870000,1.980375914e-02
74.875000,2.057819909e-02
74.880000,2.150835802e-02
74.885000,2.252796161e-02
74.890000,2.356030450e-02
74.895000,2.452622974e-02
74.900000,2.535250827e-02
74.905000,2.597951576e-02
74.910000,2.636719800e-02
74.915000,2.649856668e-02
74.920000,2.638033796e-02
74.925000,2.604075111e-02
74.930000,2.552500668e-02
74.935000,2.488906783e-02
74.940000,2.419272769e-02
74.945000,2.349284665e-02
74.950000,2.283753116e-02
74.955000,2.226180438e-02
74.960000,2.178506207e-02
74.965000,2.141035695e-02
74.970000,2.112534282e-02
74.975000,2.090455446e-02
74.980000,2.071261171e-02
74.985000,2.050792203e-02
74.990000,2.024650860e-02
74.995000,1.988569307e-02
75.000000,1.938747883e-02
75.005000,1.872157274e-02
75.010000,1.786801762e-02
75.015000,1.681937434e-02
75.020000,1.558230952e-02
75.025000,1.417835510e-02
75.030000,1.264356044e-02
75.035000,1.102679583e-02
75.040000,9.386598508e-03
75.045000,7.786660256e-03
75.050000,6.290292976e-03
75.055000,4.954422528e-03
75.060000,3.823802629e-03
75.065000,2.926178975e-03
75.070000,2.269058589e-03
75.075000,1.838559969e-03
75.080000,1.600561234e-03
75.085000,1.504063258e-03
75.090000,1.486387954e-03
75.095000,1.479585963e-03
75.100000,1.417275041e-03
75.105000,1.241097695e-03
75.110000,9.060785461e-04
75.115000,3.843576777e-04
75.120000,-3.329663087e-04
75.125000,-1.235883176e-03
75.130000,-2.297181208e-03
75.135000,-3.475442773e-03
75.140000,-4.718884828e-03
75.145000,-5.969622257e-03
75.150000,-7.168007626e-03
75.155000,-8.256801532e-03
75.160000,-9.185020259e-03
75.165000,-9.911364594e-03
75.170000,-1.040714029e-02
75.175000,-1.065853854e-02
75.180000,-1.066807456e-02
75.185000,-1.045492149e-02
75.190000,-1.005386986e-02
75.195000,-9.512726198e-03
75.200000,-8.888150839e-03
75.205000,-8.240201061e-03
75.210000,-7.626133364e-03
75.215000,-7.094249753e-03
75.220000,-6.678672655e-03
75.225000,-6.395857211e-03
75.230000,-6.243400177e-03
75.235000,-6.201331784e-03
75.240000,-6.235663628e-03
75.245000,-6.303603495e-03
75.250000,-6.359610981e-03
75.255000,-6.361395379e-03
75.260000,-6.275048877e-03
75.265000,-6.078728484e-03
75.270000,-5.764592349e-03
75.275000,-5.338995992e-03
75.280000,-4.821203633e-03
75.285000,-4.241028286e-03
75.290000,-3.635864378e-03
75.295000,-3.047527152e-03
75.300000,-2.519194993e-03
75.305000,-2.092608207e-03
75.310000,-1.805555170e-03
75.315000,-1.689606354e-03
75.320000,-1.768051246e-03
75.325000,-2.054044946e-03
75.330000,-2.549057437e-03
75.335000,-3.241809800e-03
75.340000,-4.107948323e-03
75.345000,-5.110724522e-03
75.350000,-6.202898236e-03
75.355000,-7.329953918e-03
75.360000,-8.434523840e-03
75.365000,-9.461672739e-03
75.370000,-1.036446396e-02
75.375000,-1.110905819e-02
75.380000,-1.167855104e-02
75.385000,-1.207487072e-02
75.390000,-1.231832888e-02
75.395000,-1.244479909e-02
75.400000,-1.250090731e-02
75.405000,-1.253796378e-02
75.410000,-1.260556809e-02
75.415000,-1.274583675e-02
75.420000,-1.298903889e-02
75.425000,-1.335112754e-02
75.430000,-1.383329215e-02
75.435000,-1.442331214e-02
75.440000,-1.509822851e-02
75.445000,-1.582771361e-02
75.450000,-1.657752071e-02
75.455000,-1.731251953e-02
75.460000,-1.799903147e-02
75.465000,-1.860641468e-02
75.470000,-1.910805827e-02
75.475000,-1.948207334e-02
75.480000,-1.971198716e-02
75.485000,-1.978764756e-02
75.490000,-1.970635637e-02
75.495000,-1.947402860e-02
75.500000,-1.910599193e-02
75.505000,-1.862696990e-02
75.510000,-1.806987446e-02
75.515000,-1.747326703e-02
75.520000,-1.687767379e-02
75.525000,-1.632126533e-02
75.530000,-1.583562702e-02
75.535000,-1.544237766e-02
75.540000,-1.515122369e-02
75.545000,-1.495971358e-02
75.550000,-1.485458483e-02
75.555000,-1.481428577e-02
75.560000,-1.481209265e-02
75.565000,-1.481925313e-02
75.570000,-1.480773651e-02
75.575000,-1.475238203e-02
75.580000,-1.463242869e-02
75.585000,-1.443252759e-02
75.590000,-1.414336689e-02
75.595000,-1.376200204e-02
75.600000,-1.329191926e-02
75.605000,-1.274280399e-02
75.610000,-1.212995725e-02
75.615000,-1.147330472e-02
75.620000,-1.079596988e-02
75.625000,-1.012242991e-02
75.630000,-9.476338028e-03
75.635000,-8.878177912e-03
75.640000,-8.343003595e-03
75.645000,-7.878589169e-03
75.650000,-7.484337751e-03
75.655000,-7.151250532e-03
75.660000,-6.863124487e-03
75.665000,-6.598945006e-03
75.670000,-6.336205718e-03
75.675000,-6.054674438e-03
75.680000,-5.739984716e-03
75.685000,-5.386406007e-03
75.690000,-4.998248541e-03
75.695000,-4.589580581e-03
75.700000,-4.182239327e-03
75.705000,-3.802444749e-03
75.710000,-3.476609487e-03
75.715000,-3.227111127e-03
75.720000,-3.068808548e-03
75.725000,-3.006928782e-03
75.730000,-3.036655846e-03
75.735000,-3.144388282e-03
75.740000,-3.310289325e-03
75.745000,-3.511518769e-03
75.750000,-3.725462445e-03
75.755000,-3.932369530e-03
75.760000,-4.117028145e-03
75.765000,-4.269384490e-03
75.770000,-4.384263190e-03
75.775000,-4.460517225e-03
75.780000,-4.499995368e-03
75.785000,-4.506665294e-03
75.790000,-4.486097070e-03
75.795000,-4.445334630e-03
75.800000,-4.393008238e-03
75.805000,-4.339413967e-03
75.810000,-4.296244143e-03
75.815000,-4.275715385e-03
75.820000,-4.289001768e-03
75.825000,-4.344102941e-03
75.830000,-4.443499454e-03
75.835000,-4.582101047e-03
75.840000,-4.746024387e-03
75.845000,-4.912625636e-03
75.850000,-5.051983824e-03
75.855000,-5.129741917e-03
75.860000,-5.110937016e-03
75.865000,-4.964253914e-03
75.870000,-4.666055488e-03
75.875000,-4.203584976e-03
75.880000,-3.576878192e-03
75.885000,-2.799132140e-03
75.890000,-1.895510388e-03
75.895000,-9.005882617e-04
75.900000,1.451783361e-04
75.905000,1.199462186e-03
75.910000,2.222021246e-03
75.915000,3.178124424e-03
75.920000,4.041095028e-03
75.925000,4.793792357e-03
75.930000,5.429031367e-03
75.935000,5.949088264e-03
75.940000,6.364527612e-03
75.945000,6.692604102e-03
75.950000,6.955449786e-03
75.955000,7.178181368e-03
75.960000,7.386983882e-03
75.965000,7.607174834e-03
75.970000,7.861242715e-03
75.975000,8.166887375e-03
75.980000,8.535155389e-03
75.985000,8.968840153e-03
75.990000,9.461378749e-03
75.995000,9.996501073e-03
76.000000,1.054885273e-02
76.005000,1.108571434e-02
76.010000,1.156978493e-02
76.015000,1.196281139e-02
76.020000,1.222967132e-02
76.025000,1.234239613e-02
76.030000,1.228359258e-02
76.035000,1.204879571e-02
76.040000,1.164744825e-02
76.045000,1.110240926e-02
76.050000,1.044809638e-02
76.055000,9.727516807e-03
76.060000,8.988524060e-03
76.065000,8.279656409e-03
76.070000,7.645897107e-03
76.075000,7.124674080e-03
76.080000,6.742404125e-03
76.085000,6.511879890e-03
76.090000,6.430777966e-03
76.095000,6.481511702e-03
76.100000,6.632550970e-03
76.105000,6.841187948e-03
76.110000,7.057562182e-03
76.115000,7.229596209e-03
76.120000,7.308360636e-03
76.125000,7.253305615e-03
76.130000,7.036779286e-03
76.135000,6.647311934e-03
76.140000,6.091277832e-03
76.145000,5.392742541e-03
76.150000,4.591533201e-03
76.155000,3.739791547e-03
76.160000,2.897439725e-03
76.165000,2.127075441e-03
76.170000,1.488807553e-03
76.175000,1.035465111e-03
76.180000,8.084990023e-04
76.185000,8.347853024e-04
76.190000,1.124458657e-03
76.195000,1.669857755e-03
76.200000,2.445640347e-03
76.205000,3.410102460e-03
76.210000,4.507698798e-03
76.215000,5.672701164e-03
76.220000,6.833849437e-03
76.225000,7.919749941e-03
76.230000,8.864665921e-03
76.235000,9.614235469e-03
76.240000,1.013056308e-02
76.245000,1.039609030e-02
76.250000,1.041569068e-02
76.255000,1.021657641e-02
76.260000,9.845848490e-03
76.265000,9.365837483e-03
76.270000,8.847709993e-03
76.275000,8.364087112e-03
76.280000,7.981574771e-03
76.285000,7.754108598e-03
76.290000,7.717869961e-03
76.295000,7.888270351e-03
76.300000,8.259184394e-03
76.305000,8.804299735e-03
76.310000,9.480199526e-03
76.315000,1.023063806e-02
76.320000,1.099142807e-02
76.325000,1.169542137e-02
76.330000,1.227720347e-02
76.335000,1.267729129e-02
76.340000,1.284577087e-02
76.345000,1.274539466e-02
76.350000,1.235415503e-02
76.355000,1.166727016e-02
76.360000,1.069839856e-02
76.365000,9.479795434e-03
76.370000,8.061094621e-03
76.375000,6.506480412e-03
76.380000,4.890208883e-03
76.385000,3.290713626e-03
76.390000,1.783824961e-03
76.395000,4.358700336e-04
76.400000,-7.024614623e-04
76.405000,-1.600644358e-03
76.410000,-2.250602451e-03
76.415000,-2.666449344e-03
76.420000,-2.881782780e-03
76.425000,-2.945011332e-03
76.430000,-2.913479695e-03
76.435000,-2.847293216e-03
76.440000,-2.803697983e-03
76.445000,-2.832664226e-03
76.450000,-2.974001127e-03
76.455000,-3.255979973e-03
76.460000,-3.695147135e-03
76.465000,-4.296839382e-03
76.470000,-5.055906682e-03
76.475000,-5.957291125e-03
76.480000,-6.976352467e-03
76.485000,-8.079093011e-03
76.490000,-9.222637463e-03
76.495000,-1.035640730e-02
76.500000,-1.142436841e-02
76.505000,-1.236853666e-02
76.510000,-1.313364095e-02
76.515000,-1.367252788e-02
76.520000,-1.395161675e-02
76.525000,-1.395554238e-02
76.530000,-1.369010892e-02
76.535000,-1.318284426e-02
76.540000,-1.248078304e-02
76.545000,-1.164556342e-02
76.550000,-1.074641100e-02
76.555000,-9.851997245e-03
76.560000,-9.022399921e-03
76.565000,-8.302400344e-03
76.570000,-7.717119289e-03
76.575000,-7.270572459e-03
76.580000,-6.947211071e-03
76.585000,-6.716013098e-03
76.590000,-6.536304200e-03
76.595000,-6.364279657e-03
76.600000,-6.159192822e-03
76.605000,-5.888352980e-03
76.610000,-5.530384425e-03
76.615000,-5.076566558e-03
76.620000,-4.530423673e-03
76.625000,-3.905993785e-03
76.630000,-3.225333192e-03
76.635000,-2.515795501e-03
76.640000,-1.807484923e-03
76.645000,-1.131076536e-03
76.650000,-5.159877871e-04
76.655000,1.126229103e-05
76.660000,4.287161831e-04
76.665000,7.208088759e-04
76.670000,8.803595462e-04
76.675000,9.105239194e-04
76.680000,8.263357354e-04
76.685000,6.553746198e-04
76.690000,4.371278452e-04
76.695000,2.207749401e-04
76.700000,6.138994665e-05
76.705000,1.486690707e-05
76.710000,1.321531088e-04
76.715000,4.535501670e-04
76.720000,1.003870961e-03
76.725000,1.789117445e-03
76.730000,2.795107134e-03
76.735000,3.988186761e-03
76.740000,5.317895579e-03
76.745000,6.721226705e-03
76.750000,8.128003549e-03
76.755000,9.466834619e-03
76.760000,1.067111270e-02
76.765000,1.168456026e-02
76.770000,1.246587619e-02
76.775000,1.299210558e-02
76.780000,1.326043920e-02
76.785000,1.328825982e-02
76.790000,1.311139377e-02
76.795000,1.278069197e-02
76.800000,1.235724074e-02
76.805000,1.190666408e-02
76.810000,1.149309948e-02
76.815000,1.117348224e-02
76.820000,1.099274681e-02
76.825000,1.098044453e-02
76.830000,1.114910064e-02
76.835000,1.149441058e-02
76.840000,1.199713924e-02
76.845000,1.262636716e-02
76.850000,1.334355986e-02
76.855000,1.410684966e-02
76.860000,1.487493524e-02
76.865000,1.561012858e-02
76.870000,1.628029169e-02
76.875000,1.685966397e-02
76.880000,1.732882179e-02
76.885000,1.767417206e-02
76.890000,1.788741817e-02
76.895000,1.796533980e-02
76.900000,1.791002975e-02
76.905000,1.772949071e-02
76.910000,1.743828416e-02
76.915000,1.705780343e-02
76.920000,1.661574820e-02
76.925000,1.614451210e-02
76.930000,1.567842980e-02
76.935000,1.525011523e-02
76.940000,1.488639163e-02
76.945000,1.460450171e-02
76.950000,1.440933686e-02
76.955000,1.429231024e-02
76.960000,1.423223001e-02
76.965000,1.419815475e-02
76.970000,1.415381505e-02
76.975000,1.406285580e-02
76.980000,1.389397233e-02
76.985000,1.362502593e-02
76.990000,1.324542982e-02
76.995000,1.275645004e-02
77.000000,1.216948891e-02
77.005000,1.150281864e-02
77.010000,1.077752406e-02
77.015000,1.001353288e-02
77.020000,9.226536354e-03
77.025000,8.426352896e-03
77.030000,7.616923862e-03
77.035000,6.797743904e-03
77.040000,5.966212614e-03
77.045000,5.120223954e-03
77.050000,4.260319587e-03
77.055000,3.390907067e-03
77.060000,2.520327356e-03
77.065000,1.659867930e-03
77.070000,8.220773892e-04
77.075000,1.888514575e-05
77.080000,-7.399612951e-04
77.085000,-1.447749867e-03
77.090000,-2.100769177e-03
77.095000,-2.697453916e-03
77.100000,-3.237000508e-03
77.105000,-3.717886416e-03
77.110000,-4.136759179e-03
77.115000,-4.488077163e-03
77.120000,-4.764704641e-03
77.125000,-4.959432040e-03
77.130000,-5.067162295e-03
77.135000,-5.087328862e-03
77.140000,-5.026029504e-03
77.145000,-4.897390534e-03
77.150000,-4.723811808e-03
77.155000,-4.534953048e-03
77.160000,-4.365559053e-03
77.165000,-4.252430768e-03
77.170000,-4.230983428e-03
77.175000,-4.331865564e-03
77.180000,-4.578045818e-03
77.185000,-4.982639680e-03
77.190000,-5.547594215e-03
77.195000,-6.263224063e-03
77.200000,-7.108526287e-03
77.205000,-8.052196022e-03
77.210000,-9.054294469e-03
77.215000,-1.006854765e-02
77.220000,-1.104524581e-02
77.225000,-1.193465548e-02
77.230000,-1.269075765e-02
77.235000,-1.327501322e-02
77.240000,-1.365976364e-02
77.245000,-1.383083216e-02
77.250000,-1.378891895e-02
77.255000,-1.354949220e-02
77.260000,-1.314106060e-02
77.265000,-1.260194977e-02
77.270000,-1.197595656e-02
77.275000,-1.130746944e-02
77.280000,-1.063676377e-02
77.285000,-9.996168160e-03
77.290000,-9.407641664e-03
77.295000,-8.882031902e-03
77.300000,-8.419964902e-03
77.305000,-8.014027719e-03
77.310000,-7.651712842e-03
77.315000,-7.318535779e-03
77.320000,-7.000809953e-03
77.325000,-6.687728531e-03
77.330000,-6.372606156e-03
77.335000,-6.053321809e-03
77.340000,-5.732139057e-03
77.345000,-5.415143590e-03
77.350000,-5.111529370e-03
77.355000,-4.832896454e-03
77.360000,-4.592617844e-03
77.365000,-4.405219295e-03
77.370000,-4.285628754e-03
77.375000,-4.248122018e-03
77.380000,-4.304837242e-03
77.385000,-4.463850274e-03
77.390000,-4.726968551e-03
77.395000,-5.087567529e-03
77.400000,-5.528909576e-03
77.405000,-6.023410962e-03
77.410000,-6.533241343e-03
77.415000,-7.012461583e-03
77.420000,-7.410661280e-03
77.425000,-7.677790233e-03
77.430000,-7.769634687e-03
77.435000,-7.653213289e-03
77.440000,-7.311296381e-03
77.445000,-6.745312451e-03
77.450000,-5.976105231e-03
77.455000,-5.042324994e-03
77.460000,-3.996625971e-03
77.465000,-2.900219125e-03
77.470000,-1.816606984e-03
77.475000,-8.054340971e-04
77.480000,8.270403736e-05
77.485000,8.099097515e-04
77.490000,1.352855159e-03
77.495000,1.702982557e-03
77.500000,1.865382065e-03
77.505000,1.856797248e-03
77.510000,1.703176758e-03
77.515000,1.437071273e-03
77.520000,1.095035628e-03
77.525000,7.150909434e-04
77.530000,3.342576963e-04
77.535000,-1.381605066e-05
77.540000,-3.010609597e-04
77.545000,-5.069078140e-04
77.550000,-6.197743734e-04
77.555000,-6.379668010e-04
77.560000,-5.698719518e-04
77.565000,-4.333666901e-04
77.570000,-2.544356036e-04
77.575000,-6.506093475e-05
77.580000,9.948110741e-05
77.585000,2.037254548e-04
77.590000,2.152949609e-04
77.595000,1.081043817e-04
77.600000,-1.347502350e-04
77.605000,-5.186489695e-04
77.610000,-1.035876746e-03
77.615000,-1.665041245e-03
77.620000,-2.371678896e-03
77.625000,-3.110193948e-03
77.630000,-3.827166690e-03
77.635000,-4.465898080e-03
77.640000,-4.971848423e-03
77.645000,-5.298419636e-03
77.650000,-5.412377854e-03
77.655000,-5.298164563e-03
77.660000,-4.960427129e-03
77.665000,-4.424310439e-03
77.670000,-3.733357549e-03
77.675000,-2.945215320e-03
77.680000,-2.125670086e-03
77.685000,-1.341791553e-03
77.690000,-6.550970697e-04
77.695000,-1.156386155e-04
77.700000,2.422407251e-04
77.705000,4.020132246e-04
77.710000,3.648254766e-04
77.715000,1.473704430e-04
77.720000,-2.216537420e-04
77.725000,-7.057338488e-04
77.730000,-1.264588873e-03
77.735000,-1.857424683e-03
77.740000,-2.445023157e-03
77.745000,-2.990639147e-03
77.750000,-3.460010084e-03
77.755000,-3.821018566e-03
77.760000,-4.043628870e-03
77.765000,-4.100621091e-03
77.770000,-3.969391617e-03
77.775000,-3.634734583e-03
77.780000,-3.092151371e-03
77.785000,-2.350947872e-03
77.790000,-1.436252286e-03
77.795000,-3.891670033e-04
77.800000,7.354429858e-04
77.805000,1.873575572e-03
77.810000,2.958668426e-03
77.815000,3.929201835e-03
77.820000,4.736101225e-03
77.825000,5.348655267e-03
77.830000,5.757877882e-03
77.835000,5.976688855e-03
77.840000,6.036875523e-03
77.845000,5.983399435e-03
77.850000,5.867095679e-03
77.855000,5.737075895e-03
77.860000,5.634138216e-03
77.865000,5.586219501e-03
77.870000,5.606464363e-03
77.875000,5.693936492e-03
77.880000,5.836479557e-03
77.885000,6.014855080e-03
77.890000,6.207119117e-03
77.895000,6.392276834e-03
77.900000,6.552548884e-03
77.905000,6.674019613e-03
77.910000,6.745902521e-03
77.915000,6.759031363e-03
77.920000,6.704366734e-03
77.925000,6.572250891e-03
77.930000,6.352868414e-03
77.935000,6.037960428e-03
77.940000,5.623416435e-03
77.945000,5.112051362e-03
77.950000,4.515752013e-03
77.955000,3.856274346e-03
77.960000,3.164258554e-03
77.965000,2.476425270e-03
77.970000,1.831325958e-03
77.975000,1.264350902e-03
77.980000,8.028801745e-04
77.985000,4.624608966e-04
77.990000,2.447099061e-04
77.995000,1.373120695e-04
78.000000,1.160784957e-04
78.005000,1.486319667e-04
78.010000,1.989866663e-04
78.015000,2.321542269e-04
78.020000,2.179687680e-04
78.025000,1.335622291e-04
78.030000,-3.572525139e-05
78.035000,-2.968391646e-04
78.040000,-6.504455811e-04
78.045000,-1.092689216e-03
78.050000,-1.616680823e-03
78.055000,-2.213305792e-03
78.060000,-2.871232344e-03
78.065000,-3.576299470e-03
78.070000,-4.310695570e-03
78.075000,-5.052435288e-03
78.080000,-5.775581000e-03
78.085000,-6.451458255e-03
78.090000,-7.050839838e-03
78.095000,-7.546798577e-03
78.100000,-7.917728499e-03
78.105000,-8.149957749e-03
78.110000,-8.239439994e-03
78.115000,-8.192193114e-03
78.120000,-8.023406847e-03
78.125000,-7.755403657e-03
78.130000,-7.414850097e-03
78.135000,-7.029734539e-03
78.140000,-6.626629209e-03
78.145000,-6.228644432e-03
78.150000,-5.854290917e-03
78.155000,-5.517241000e-03
78.160000,-5.226779239e-03
78.165000,-4.988607483e-03
78.170000,-4.805649367e-03
78.175000,-4.678583940e-03
78.180000,-4.605996465e-03
78.185000,-4.584213468e-03
78.190000,-4.607030922e-03
78.195000,-4.665604845e-03
78.200000,-4.748736611e-03
78.205000,-4.843666942e-03
78.210000,-4.937335150e-03
78.215000,-5.017915808e-03
78.220000,-5.076358098e-03
78.225000,-5.107645548e-03
78.230000,-5.111559878e-03
78.235000,-5.092843759e-03
78.240000,-5.060775065e-03
78.245000,-5.028256467e-03
78.250000,-5.010571724e-03
78.255000,-5.023965118e-03
78.260000,-5.084178094e-03
78.265000,-5.205045739e-03
78.270000,-5.397229169e-03
78.275000,-5.667142969e-03
78.280000,-6.016127670e-03
78.285000,-6.439911695e-03
78.290000,-6.928402773e-03
78.295000,-7.465845672e-03
78.300000,-8.031380746e-03
78.305000,-8.600032614e-03
78.310000,-9.144142427e-03
78.315000,-9.635222093e-03
78.320000,-1.004615080e-02
78.325000,-1.035355922e-02
78.330000,-1.054017099e-02
78.335000,-1.059681702e-02
78.340000,-1.052382725e-02
78.345000,-1.033154863e-02
78.350000,-1.003983807e-02
78.355000,-9.676519098e-03
78.360000,-9.274946621e-03
78.365000,-8.870964892e-03
78.370000,-8.499638788e-03
78.375000,-8.192166700e-03
78.380000,-7.973335861e-03
78.385000,-7.859767763e-03
78.390000,-7.859049406e-03
78.395000,-7.969694070e-03
78.400000,-8.181761947e-03
78.405000,-8.477923466e-03
78.410000,-8.834772008e-03
78.415000,-9.224269773e-03
78.420000,-9.615305190e-03
78.425000,-9.975411387e-03
78.430000,-1.027271130e-02
78.435000,-1.047810415e-02
78.440000,-1.056760289e-02
78.445000,-1.052460619e-02
78.450000,-1.034178478e-02
78.455000,-1.002222290e-02
78.460000,-9.579505882e-03
78.465000,-9.036587527e-03
78.470000,-8.423478638e-03
78.475000,-7.774025603e-03
78.480000,-7.122236612e-03
78.485000,-6.498714394e-03
78.490000,-5.927739327e-03
78.495000,-5.425418191e-03
78.500000,-4.999103828e-03
78.505000,-4.648051510e-03
78.510000,-4.365065027e-03
78.515000,-4.138743882e-03
78.520000,-3.955895254e-03
78.525000,-3.803718303e-03
78.530000,-3.671481531e-03
78.535000,-3.551561702e-03
78.540000,-3.439858613e-03
78.545000,-3.335712562e-03
78.550000,-3.241510331e-03
78.555000,-3.162164000e-03
78.560000,-3.104592282e-03
78.565000,-3.077245808e-03
78.570000,-3.089624619e-03
78.575000,-3.151669112e-03
78.580000,-3.272891150e-03
78.585000,-3.461162731e-03
78.590000,-3.721189311e-03
78.595000,-4.052836073e-03
78.600000,-4.449605408e-03
78.605000,-4.897635366e-03
78.610000,-5.375566347e-03
78.615000,-5.855496612e-03
78.620000,-6.305039264e-03
78.625000,-6.690255592e-03
78.630000,-6.979037664e-03
78.635000,-7.144404263e-03
78.640000,-7.167189116e-03
78.645000,-7.037731907e-03
78.650000,-6.756390559e-03
78.655000,-6.332919636e-03
78.660000,-5.784948512e-03
78.665000,-5.135906839e-03
78.670000,-4.412771460e-03
78.675000,-3.643958360e-03
78.680000,-2.857578599e-03
78.685000,-2.080146706e-03
78.690000,-1.335701469e-03
78.695000,-6.451984251e-04
78.700000,-2.598318189e-05
78.705000,5.088296547e-04
78.710000,9.511642086e-04
78.715000,1.298937404e-03
78.720000,1.556973738e-03
78.725000,1.737584808e-03
78.730000,1.860486070e-03
78.735000,1.951794140e-03
78.740000,2.042014653e-03
78.745000,2.163156220e-03
78.750000,2.345332955e-03
78.755000,2.613385035e-03
78.760000,2.984105332e-03
78.765000,3.464587473e-03
78.770000,4.052015212e-03
78.775000,4.734933323e-03
78.780000,5.495737179e-03
78.785000,6.313862551e-03
78.790000,7.169013050e-03
78.795000,8.043771019e-03
78.800000,8.925102681e-03
78.805000,9.804552770e-03
78.810000,1.067725554e-02
78.815000,1.154018007e-02
78.820000,1.239019909e-02
78.825000,1.322257665e-02
78.830000,1.403031244e-02
78.835000,1.480450799e-02
78.840000,1.553561275e-02
78.845000,1.621515166e-02
78.850000,1.683739958e-02
78.855000,1.740048192e-02
78.860000,1.790653450e-02
78.865000,1.836080222e-02
78.870000,1.876982994e-02
78.875000,1.913913252e-02
78.880000,1.947087171e-02
78.885000,1.976208805e-02
78.890000,2.000393351e-02
78.895000,2.018214965e-02
78.900000,2.027877676e-02
78.905000,2.027481676e-02
78.910000,2.015336093e-02
78.915000,1.990258351e-02
78.920000,1.951802291e-02
78.925000,1.900372525e-02
78.930000,1.837207685e-02
78.935000,1.764244140e-02
78.940000,1.683896735e-02
78.945000,1.598807554e-02
78.950000,1.511613928e-02
78.955000,1.424773788e-02
78.960000,1.340464794e-02
78.965000,1.260550590e-02
78.970000,1.186590024e-02
78.975000,1.119857613e-02
78.980000,1.061346807e-02
78.985000,1.011739370e-02
78.990000,9.713399922e-03
78.995000,9.399906447e-03
79.000000,9.169903149e-03
79.005000,9.010503291e-03
79.010000,8.903125301e-03
79.015000,8.824473662e-03
79.020000,8.748331091e-03
79.025000,8.647989603e-03
79.030000,8.498979552e-03
79.035000,8.281649338e-03
79.040000,7.983139996e-03
79.045000,7.598399887e-03
79.050000,7.130074907e-03
79.055000,6.587340614e-03
79.060000,5.983953358e-03
79.065000,5.335933906e-03
79.070000,4.659329512e-03
79.075000,3.968430761e-03
79.080000,3.274676654e-03
79.085000,2.586309075e-03
79.090000,1.908680041e-03
79.095000,1.245005144e-03
79.100000,5.973110138e-04
79.105000,-3.265740392e-05
79.110000,-6.427375386e-04
79.115000,-1.229935886e-03
79.120000,-1.790293889e-03
79.125000,-2.318970276e-03
79.130000,-2.810462535e-03
79.135000,-3.258913462e-03
79.140000,-3.658491658e-03
79.145000,-4.003871553e-03
79.150000,-4.290846321e-03
79.155000,-4.517075796e-03
79.160000,-4.682908468e-03
79.165000,-4.792143413e-03
79.170000,-4.852542442e-03
79.175000,-4.875888767e-03
79.180000,-4.877429109e-03
79.185000,-4.874629920e-03
79.190000,-4.885311019e-03
79.195000,-4.925366847e-03
79.200000,-5.006415977e-03
79.205000,-5.133800499e-03
79.210000,-5.305359443e-03
79.215000,-5.511307652e-03
79.220000,-5.735367099e-03
79.225000,-5.957051582e-03
79.230000,-6.154751508e-03
79.235000,-6.309068907e-03
79.240000,-6.405772542e-03
79.245000,-6.437810405e-03
79.250000,-6.406022707e-03
79.255000,-6.318492392e-03
79.260000,-6.188774453e-03
79.265000,-6.033478362e-03
79.270000,-5.869779612e-03
79.275000,-5.713385178e-03
79.280000,-5.577295917e-03
79.285000,-5.471453099e-03
79.290000,-5.403099093e-03
79.295000,-5.377491666e-03
79.300000,-5.398533787e-03
79.305000,-5.468932209e-03
79.310000,-5.589662941e-03
79.315000,-5.758758591e-03
79.320000,-5.969683185e-03
79.325000,-6.209760400e-03
79.330000,-6.459214632e-03
79.335000,-6.691334623e-03
79.340000,-6.874072829e-03
79.345000,-6.973084801e-03
79.350000,-6.955860792e-03
79.355000,-6.796295363e-03
79.360000,-6.478863987e-03
79.365000,-6.001583032e-03
79.370000,-5.377127438e-03
79.375000,-4.631824838e-03
79.380000,-3.802653935e-03
79.385000,-2.932753071e-03
79.390000,-2.066209613e-03
79.395000,-1.243001192e-03
79.400000,-4.948854290e-04
79.405000,1.571885426e-04
79.410000,7.038927970e-04
79.415000,1.146651489e-03
79.420000,1.495489407e-03
79.425000,1.766198763e-03
79.430000,1.977479079e-03
79.435000,2.148602234e-03
79.440000,2.297922680e-03
79.445000,2.442255512e-03
79.450000,2.596867136e-03
79.455000,2.775646471e-03
79.460000,2.991001155e-03
79.465000,3.253158119e-03
79.470000,3.568796904e-03
79.475000,3.939228356e-03
79.480000,4.358563506e-03
79.485000,4.812428871e-03
79.490000,5.277743849e-03
79.495000,5.723894798e-03
79.500000,6.115365223e-03
79.505000,6.415577947e-03
79.510000,6.591440864e-03
79.515000,6.617918070e-03
79.520000,6.481906063e-03
79.525000,6.184787432e-03
79.530000,5.743242533e-03
79.535000,5.188181567e-03
79.540000,4.561958929e-03
79.545000,3.914289783e-03
79.550000,3.297456620e-03
79.555000,2.761443910e-03
79.560000,2.349573131e-03
79.565000,2.095056489e-03
79.570000,2.018692166e-03
79.575000,2.127737591e-03
79.580000,2.415860327e-03
79.585000,2.863997757e-03
79.590000,3.441951635e-03
79.595000,4.110576952e-03
79.600000,4.824463377e-03
79.605000,5.535022802e-03
79.610000,6.193873706e-03
79.615000,6.756355482e-03
79.620000,7.184932897e-03
79.625000,7.452189405e-03
79.630000,7.543084708e-03
79.635000,7.456184679e-03
79.640000,7.203665600e-03
79.645000,6.810040515e-03
79.650000,6.309730757e-03
79.655000,5.743777514e-03
79.660000,5.156118964e-03
79.665000,4.589913669e-03
79.670000,4.084350154e-03
79.675000,3.672248746e-03
79.680000,3.378565489e-03
79.685000,3.219702945e-03
79.690000,3.203380657e-03
79.695000,3.328768055e-03
79.700000,3.586651236e-03
79.705000,3.959567652e-03
79.710000,4.422038479e-03
79.715000,4.941181486e-03
79.720000,5.478033029e-03
79.725000,5.989817366e-03
79.730000,6.433191973e-03
79.735000,6.768226185e-03
79.740000,6.962615889e-03
79.745000,6.995473523e-03
79.750000,6.860009248e-03
79.755000,6.564548168e-03
79.760000,6.131585094e-03
79.765000,5.594910578e-03
79.770000,4.995183160e-03
79.775000,4.374606268e-03
79.780000,3.771537813e-03
79.785000,3.215880931e-03
79.790000,2.725966783e-03
79.795000,2.307367083e-03
79.800000,1.953716216e-03
79.805000,1.649252893e-03
79.810000,1.372488075e-03
79.815000,1.100236174e-03
79.820000,8.112471430e-04
79.825000,4.888439949e-04
79.830000,1.222580431e-04
79.835000,-2.933127830e-04
79.840000,-7.576045835e-04
79.845000,-1.266649804e-03
79.850000,-1.814078314e-03
79.855000,-2.391960097e-03
79.860000,-2.991025783e-03
79.865000,-3.600369973e-03
79.870000,-4.206965740e-03
79.875000,-4.795430325e-03
79.880000,-5.348447573e-03
79.885000,-5.848079171e-03
79.890000,-6.277930180e-03
79.895000,-6.625847108e-03
79.900000,-6.886598014e-03
79.905000,-7.063879286e-03
79.910000,-7.171048428e-03
79.915000,-7.230193330e-03
79.920000,-7.269475267e-03
79.925000,-7.319055669e-03
79.930000,-7.406251745e-03
79.935000,-7.550783951e-03
79.940000,-7.761021588e-03
79.945000,-8.031981292e-03
79.950000,-8.345511095e-03
79.955000,-8.672666802e-03
79.960000,-8.977853098e-03
79.965000,-9.223960242e-03
79.970000,-9.377558653e-03
79.975000,-9.413255232e-03
79.980000,-9.316549669e-03
79.985000,-9.084890415e-03
79.990000,-8.727022513e-03
79.995000,-8.261045566e-03
80.000000,-7.711786399e-03
80.005000,-7.108106674e-03
80.010000,-6.480626762e-03
80.015000,-5.860107573e-03
80.020000,-5.276466150e-03
80.025000,-4.758182536e-03
80.030000,-4.331740196e-03
80.035000,-4.020754973e-03
80.040000,-3.844579634e-03
80.045000,-3.816384057e-03
80.050000,-3.940947591e-03
80.055000,-4.212596922e-03
80.060000,-4.613825327e-03
80.065000,-5.115103683e-03
80.070000,-5.676234971e-03
80.075000,-6.249338545e-03
80.080000,-6.783231938e-03
80.085000,-7.228677482e-03
80.090000,-7.543750946e-03
80.095000,-7.698525211e-03
80.100000,-7.678365613e-03
80.105000,-7.485384165e-03
80.110000,-7.137937320e-03
80.115000,-6.668392240e-03
80.120000,-6.119646995e-03
80.125000,-5.541014037e-03
80.130000,-4.984049933e-03
80.135000,-4.498767593e-03
80.140000,-4.130460696e-03
80.145000,-3.917172181e-03
80.150000,-3.887704224e-03
80.155000,-4.060023476e-03
80.160000,-4.439959924e-03
80.165000,-5.020204870e-03
80.170000,-5.779743899e-03
80.175000,-6.683971042e-03
80.180000,-7.685780586e-03
80.185000,-8.727892911e-03
80.190000,-9.746528032e-03
80.195000,-1.067630849e-02
80.200000,-1.145599413e-02
80.205000,-1.203439205e-02
80.210000,-1.237562068e-02
80.215000,-1.246289884e-02
80.220000,-1.230020220e-02
80.225000,-1.191145813e-02
80.230000,-1.133736504e-02
80.235000,-1.063033016e-02
80.240000,-9.848326865e-03
80.245000,-9.048613667e-03
80.250000,-8.282208329e-03
80.255000,-7.589797338e-03
80.260000,-6.999440087e-03
80.265000,-6.526076677e-03
80.270000,-6.172543486e-03
80.275000,-5.931600016e-03
80.280000,-5.788404468e-03
80.285000,-5.722942297e-03
80.290000,-5.712080438e-03
80.295000,-5.731137143e-03
80.300000,-5.755061890e-03
80.305000,-5.759455612e-03
80.310000,-5.721692508e-03
80.315000,-5.622324090e-03
80.320000,-5.446779441e-03
80.325000,-5.187175092e-03
80.330000,-4.843878604e-03
80.335000,-4.426391464e-03
80.340000,-3.953164762e-03
80.345000,-3.450134203e-03
80.350000,-2.948019853e-03
80.355000,-2.478713621e-03
80.360000,-2.071299139e-03
80.365000,-1.748354796e-03
80.370000,-1.523154180e-03
80.375000,-1.398210280e-03
80.380000,-1.365354296e-03
80.385000,-1.407257507e-03
80.390000,-1.500056152e-03
80.395000,-1.616571799e-03
80.400000,-1.729559835e-03
80.405000,-1.814470865e-03
80.410000,-1.851358785e-03
80.415000,-1.825782324e-03
80.420000,-1.728778924e-03
80.425000,-1.556189391e-03
80.430000,-1.307731795e-03
80.435000,-9.862329326e-04
80.440000,-5.973216252e-04
80.445000,-1.496970141e-04
80.450000,3.441411106e-04
80.455000,8.670112977e-04
80.460000,1.396444665e-03
80.465000,1.904777717e-03
80.470000,2.360245072e-03
80.475000,2.729160322e-03
80.480000,2.979019850e-03
80.485000,3.082130627e-03
80.490000,3.019203738e-03
80.495000,2.782308081e-03
80.500000,2.376654869e-03
80.505000,1.820867172e-03
80.510000,1.145639734e-03
80.515000,3.909597132e-04
80.520000,-3.977144890e-04
80.525000,-1.173772148e-03
80.530000,-1.893675618e-03
80.535000,-2.520552327e-03
80.540000,-3.026744272e-03
80.545000,-3.395086970e-03
80.550000,-3.618888468e-03
80.555000,-3.700764422e-03
80.560000,-3.650631342e-03
80.565000,-3.483247618e-03
80.570000,-3.215711170e-03
80.575000,-2.865275495e-03
80.580000,-2.447746448e-03
80.585000,-1.976593842e-03
80.590000,-1.462781887e-03
80.595000,-9.152136614e-04
80.600000,-3.416109781e-04
80.605000,2.503856007e-04
80.610000,8.521171577e-04
80.615000,1.453011063e-03
80.620000,2.040061545e-03
80.625000,2.597812270e-03
80.630000,3.108906328e-03
80.635000,3.555192241e-03
80.640000,3.919285879e-03
80.645000,4.186399053e-03
80.650000,4.346174268e-03
80.655000,4.394231572e-03
80.660000,4.333152623e-03
80.665000,4.172703187e-03
80.670000,3.929217936e-03
80.675000,3.624217220e-03
80.680000,3.282463213e-03
80.685000,2.929761620e-03
80.690000,2.590852484e-03
80.695000,2.287701103e-03
80.700000,2.038404816e-03
80.705000,1.856793896e-03
80.710000,1.752654271e-03
80.715000,1.732368376e-03
80.720000,1.799687495e-03
80.725000,1.956335514e-03
80.730000,2.202207636e-03
80.735000,2.535058728e-03
80.740000,2.949746624e-03
80.745000,3.437264054e-03
80.750000,3.983911941e-03
80.755000,4.570997890e-03
80.760000,5.175368579e-03
80.765000,5.770913548e-03
80.770000,6.330948027e-03
80.775000,6.831149582e-03
80.780000,7.252546692e-03
80.785000,7.583983668e-03
80.790000,7.823538776e-03
80.795000,7.978544874e-03
80.800000,8.064121072e-03
80.805000,8.100416781e-03
80.810000,8.109034454e-03
80.815000,8.109276722e-03
80.820000,8.114916389e-03
80.825000,8.132098104e-03
80.830000,8.158763224e-03
80.835000,8.185687154e-03
80.840000,8.198893998e-03
80.845000,8.182935927e-03
80.850000,8.124354338e-03
80.855000,8.014614830e-03
80.860000,7.851934729e-03
80.865000,7.641673855e-03
80.870000,7.395281140e-03
80.875000,7.128109302e-03
80.880000,6.856653331e-03
80.885000,6.595878333e-03
80.890000,6.357251762e-03
80.895000,6.147896298e-03
80.900000,5.970982347e-03
80.905000,5.827157913e-03
80.910000,5.716548799e-03
80.915000,5.640718849e-03
80.920000,5.603991380e-03
80.925000,5.613693638e-03
80.930000,5.679155163e-03
80.935000,5.809604026e-03
80.940000,6.011390100e-03
80.945000,6.285157900e-03
80.950000,6.623649726e-03
80.955000,7.010727606e-03
80.960000,7.421975880e-03
80.965000,7.826929490e-03
80.970000,8.192631344e-03
80.975000,8.487928448e-03
80.980000,8.687736102e-03
80.985000,8.776474836e-03
80.990000,8.750024567e-03
80.995000,8.615817363e-03
81.000000,8.391046505e-03
81.005000,8.099330712e-03
81.010000,7.766464164e-03
81.015000,7.416047201e-03
81.020000,7.065798982e-03
81.025000,6.725204510e-03
81.030000,6.394877534e-03
81.035000,6.067684121e-03
81.040000,5.731336391e-03
81.045000,5.371896681e-03
81.050000,4.977479247e-03
81.055000,4.541425224e-03
81.060000,4.064354678e-03
81.065000,3.554737934e-03
81.070000,3.027927522e-03
81.075000,2.503891952e-03
81.080000,2.004134559e-03
81.085000,1.548418340e-03
81.090000,1.151926016e-03
81.095000,8.233648691e-04
81.100000,5.643063536e-04
81.105000,3.697805808e-04
81.110000,2.298859141e-04
81.115000,1.319818708e-04
81.120000,6.295021603e-05
81.125000,1.104872241e-05
81.130000,-3.297173103e-05
81.135000,-7.560511301e-05
81.140000,-1.210818018e-04
81.145000,-1.723380704e-04
81.150000,-2.320981638e-04
81.155000,-3.037130736e-04
81.160000,-3.914970706e-04
81.165000,-5.004556708e-04
81.170000,-6.354651848e-04
81.175000,-8.001042422e-04
81.180000,-9.954224980e-04
81.185000,-1.218947784e-03
81.190000,-1.464182971e-03
81.195000,-1.720743309e-03
81.200000,-1.975157261e-03
81.205000,-2.212224966e-03
81.210000,-2.416722749e-03
81.215000,-2.575178868e-03
81.220000,-2.677436254e-03
81.225000,-2.717763698e-03
81.230000,-2.695367959e-03
81.235000,-2.614276121e-03
81.240000,-2.482674073e-03
81.245000,-2.311876551e-03
81.250000,-2.115146477e-03
81.255000,-1.906567621e-03
81.260000,-1.700111508e-03
81.265000,-1.508946779e-03
81.270000,-1.344945092e-03
81.275000,-1.218270667e-03
81.280000,-1.136921400e-03
81.285000,-1.106124924e-03
81.290000,-1.127573840e-03
81.295000,-1.198587481e-03
81.300000,-1.311382386e-03
81.305000,-1.452689938e-03
81.310000,-1.603956275e-03
81.315000,-1.742290013e-03
81.320000,-1.842198147e-03
81.325000,-1.877995070e-03
81.330000,-1.826618202e-03
81.335000,-1.670471581e-03
81.340000,-1.399873543e-03
81.345000,-1.014720007e-03
81.350000,-5.250866305e-04
81.355000,4.933999235e-05
81.360000,6.809241717e-04
81.365000,1.336588582e-03
81.370000,1.980803782e-03
81.375000,2.578655415e-03
81.380000,3.098622487e-03
81.385000,3.514800406e-03
81.390000,3.808434498e-03
81.395000,3.968757636e-03
81.400000,3.993219129e-03
81.405000,3.887235226e-03
81.410000,3.663586139e-03
81.415000,3.341547023e-03
81.420000,2.945794196e-03
81.425000,2.505094320e-03
81.430000,2.050775264e-03
81.435000,1.614993775e-03
81.440000,1.228849196e-03
81.445000,9.204333438e-04
81.450000,7.129447593e-04
81.455000,6.230243616e-04
81.460000,6.594845784e-04
81.465000,8.226000639e-04
81.470000,1.104098710e-03
81.475000,1.487931051e-03
81.480000,1.951804239e-03
81.485000,2.469353650e-03
81.490000,3.012712238e-03
81.495000,3.555153614e-03
81.500000,4.073456151e-03
81.505000,4.549676884e-03
81.510000,4.972131240e-03
81.515000,5.335523851e-03
81.520000,5.640330269e-03
81.525000,5.891651245e-03
81.530000,6.097822323e-03
81.535000,6.269051418e-03
81.540000,6.416284572e-03
81.545000,6.550389038e-03
81.550000,6.681624974e-03
81.555000,6.819283860e-03
81.560000,6.971327899e-03
81.565000,7.143882602e-03
81.570000,7.340512029e-03
81.575000,7.561323913e-03
81.580000,7.802077846e-03
81.585000,8.053564274e-03
81.590000,8.301549079e-03
81.595000,8.527517176e-03
81.600000,8.710302603e-03
81.605000,8.828492545e-03
81.610000,8.863289460e-03
81.615000,8.801364904e-03
81.620000,8.637185188e-03
81.625000,8.374351036e-03
81.630000,8.025658541e-03
81.635000,7.611818274e-03
81.640000,7.159011147e-03
81.645000,6.695662120e-03
81.650000,6.248938150e-03
81.655000,5.841506058e-03
81.660000,5.489020901e-03
81.665000,5.198673758e-03
81.670000,4.968939264e-03
81.675000,4.790463277e-03
81.680000,4.647855832e-03
81.685000,4.522034920e-03
81.690000,4.392721819e-03
81.695000,4.240722205e-03
81.700000,4.049725193e-03
81.705000,3.807486844e-03
81.710000,3.506401121e-03
81.715000,3.143567865e-03
81.720000,2.720523400e-03
81.725000,2.242799600e-03
81.730000,1.719431767e-03
81.735000,1.162465720e-03
81.740000,5.864450579e-04
81.745000,7.813069418e-06
81.750000,-5.558463479e-04
81.755000,-1.086776005e-03
81.760000,-1.568210785e-03
81.765000,-1.985662012e-03
81.770000,-2.328182173e-03
81.775000,-2.589438447e-03
81.780000,-2.768427035e-03
81.785000,-2.869699689e-03
81.790000,-2.903039924e-03
81.795000,-2.882604266e-03
81.800000,-2.825618386e-03
81.805000,-2.750776257e-03
81.810000,-2.676524882e-03
81.815000,-2.619424545e-03
81.820000,-2.592756269e-03
81.825000,-2.605508982e-03
81.830000,-2.661826446e-03
81.835000,-2.760937784e-03
81.840000,-2.897544598e-03
81.845000,-3.062599092e-03
81.850000,-3.244383340e-03
81.855000,-3.429787635e-03
81.860000,-3.605680291e-03
81.865000,-3.760257668e-03
81.870000,-3.884260022e-03
81.875000,-3.971938969e-03
81.880000,-4.021671886e-03
81.885000,-4.036143137e-03
81.890000,-4.022054311e-03
81.895000,-3.989382735e-03
81.900000,-3.950271192e-03
81.905000,-3.917689786e-03
81.910000,-3.904049614e-03
81.915000,-3.919955755e-03
81.920000,-3.973257856e-03
81.925000,-4.068493033e-03
81.930000,-4.206730780e-03
81.935000,-4.385744725e-03
81.940000,-4.600376156e-03
81.945000,-4.842939104e-03
81.950000,-5.103553189e-03
81.955000,-5.370368223e-03
81.960000,-5.629738492e-03
81.965000,-5.866482521e-03
81.970000,-6.064397786e-03
81.975000,-6.207173958e-03
81.980000,-6.279765131e-03
81.985000,-6.270158986e-03
81.990000,-6.171347607e-03
81.995000,-5.983192389e-03
82.000000,-5.713813586e-03
82.005000,-5.380144667e-03
82.010000,-5.007381703e-03
82.015000,-4.627220796e-03
82.020000,-4.274986532e-03
82.025000,-3.985970063e-03
82.030000,-3.791468392e-03
82.035000,-3.715103221e-03
82.040000,-3.769974013e-03
82.045000,-3.957067599e-03
82.050000,-4.265135029e-03
82.055000,-4.672002414e-03
82.060000,-5.147058062e-03
82.065000,-5.654496101e-03
82.070000,-6.156822330e-03
82.075000,-6.618146666e-03
82.080000,-7.006885773e-03
82.085000,-7.297653770e-03
82.090000,-7.472294624e-03
82.095000,-7.520169827e-03
82.100000,-7.437925111e-03
82.105000,-7.228996137e-03
82.110000,-6.903068384e-03
82.115000,-6.475596090e-03
82.120000,-5.967344290e-03
82.125000,-5.403793864e-03
82.130000,-4.814186861e-03
82.135000,-4.230015675e-03
82.140000,-3.682875234e-03
82.145000,-3.201773373e-03
82.150000,-2.810181859e-03
82.155000,-2.523254173e-03
82.160000,-2.345692595e-03
82.165000,-2.270696781e-03
82.170000,-2.280277405e-03
82.175000,-2.347004268e-03
82.180000,-2.437024178e-03
82.185000,-2.513976152e-03
82.190000,-2.543286777e-03
82.195000,-2.496268666e-03
82.200000,-2.353476171e-03
82.205000,-2.106887417e-03
82.210000,-1.760660916e-03
82.215000,-1.330429198e-03
82.220000,-8.413043622e-04
82.225000,-3.249424121e-04
82.230000,1.838873417e-04
82.235000,6.507705815e-04
82.240000,1.044767841e-03
82.245000,1.340924925e-03
82.250000,1.522051907e-03
82.255000,1.579763281e-03
82.260000,1.514838923e-03
82.265000,1.336983342e-03
82.270000,1.064046237e-03
82.275000,7.207455667e-04
82.280000,3.369269300e-04
82.285000,-5.458957811e-05
82.290000,-4.204836047e-04
82.295000,-7.295856829e-04
82.300000,-9.555088428e-04
82.305000,-1.079024698e-03
82.310000,-1.089931358e-03
82.315000,-9.881753313e-04
82.320000,-7.840420449e-04
82.325000,-4.973205819e-04
82.330000,-1.554700886e-04
82.335000,2.090497329e-04
82.340000,5.619985484e-04
82.345000,8.707548464e-04
82.350000,1.107495174e-03
82.355000,1.251787246e-03
82.360000,1.292319779e-03
82.365000,1.227616945e-03
82.370000,1.065722619e-03
82.375000,8.229657109e-04
82.380000,5.220141006e-04
82.385000,1.894800111e-04
82.390000,-1.466485038e-04
82.395000,-4.595009197e-04
82.400000,-7.255439347e-04
82.405000,-9.263885226e-04
82.410000,-1.050099520e-03
82.415000,-1.091962939e-03
82.420000,-1.054691377e-03
82.425000,-9.480645150e-04
82.430000,-7.880195375e-04
82.435000,-5.952335613e-04
82.440000,-3.932800760e-04
82.445000,-2.064902601e-04
82.450000,-5.769862667e-05
82.455000,3.391155844e-05
82.460000,5.463618518e-05
82.465000,-2.454038994e-06
82.470000,-1.368998086e-04
82.475000,-3.409866709e-04
82.480000,-6.005925385e-04
82.485000,-8.966225716e-04
82.490000,-1.206835519e-03
82.495000,-1.507834280e-03
82.500000,-1.777003499e-03
82.505000,-1.994221089e-03
82.510000,-2.143233402e-03
82.515000,-2.212648010e-03
82.520000,-2.196549287e-03
82.525000,-2.094772306e-03
82.530000,-1.912878286e-03
82.535000,-1.661863501e-03
82.540000,-1.357610010e-03
82.545000,-1.020060689e-03
82.550000,-6.720852550e-04
82.555000,-3.380113100e-04
82.560000,-4.183440947e-05
82.565000,1.948061314e-04
82.570000,3.547071306e-04
82.575000,4.269741492e-04
82.580000,4.083795759e-04
82.585000,3.039218886e-04
82.590000,1.264015721e-04
82.595000,-1.050086072e-04
82.600000,-3.670328184e-04
82.605000,-6.350676366e-04
82.610000,-8.860287679e-04
82.615000,-1.100824294e-03
82.620000,-1.266093809e-03
82.625000,-1.375008351e-03
82.630000,-1.427113924e-03
82.635000,-1.427377538e-03
82.640000,-1.384720941e-03
82.645000,-1.310380155e-03
82.650000,-1.216403401e-03
82.655000,-1.114509030e-03
82.660000,-1.015395407e-03
82.665000,-9.284605863e-04
82.670000,-8.617844887e-04
82.675000,-8.221755303e-04
82.680000,-8.150983625e-04
82.685000,-8.443736580e-04
82.690000,-9.116530482e-04
82.695000,-1.015790051e-03
82.700000,-1.152316214e-03
82.705000,-1.313262349e-03
82.710000,-1.487523596e-03
82.715000,-1.661858837e-03
82.720000,-1.822463127e-03
82.725000,-1.956893204e-03
82.730000,-2.056002434e-03
82.735000,-2.115488265e-03
82.740000,-2.136692085e-03
82.745000,-2.126416452e-03
82.750000,-2.095713416e-03
82.755000,-2.057809241e-03
82.760000,-2.025517103e-03
82.765000,-2.008607689e-03
82.770000,-2.011630652e-03
82.775000,-2.032602173e-03
82.780000,-2.062812377e-03
82.785000,-2.087795645e-03
82.790000,-2.089291101e-03
82.795000,-2.047843701e-03
82.800000,-1.945593012e-03
82.805000,-1.768785904e-03
82.810000,-1.509630201e-03
82.815000,-1.167258629e-03
82.820000,-7.477604691e-04
82.825000,-2.634184476e-04
82.830000,2.685807853e-04
82.835000,8.276415184e-04
82.840000,1.391171565e-03
82.845000,1.935729737e-03
82.850000,2.437867391e-03
82.855000,2.874758899e-03
82.860000,3.224804714e-03
82.865000,3.468406268e-03
82.870000,3.589049531e-03
82.875000,3.574711042e-03
82.880000,3.419451222e-03
82.885000,3.124927213e-03
82.890000,2.701480636e-03
82.895000,2.168460574e-03
82.900000,1.553534894e-03
82.905000,8.909078132e-04
82.910000,2.185641705e-04
82.915000,-4.251437057e-04
82.920000,-1.005106554e-03
82.925000,-1.492746523e-03
82.930000,-1.868502701e-03
82.935000,-2.123163410e-03
82.940000,-2.257889596e-03
82.945000,-2.282993501e-03
82.950000,-2.215738359e-03
82.955000,-2.077569095e-03
82.960000,-1.891244428e-03
82.965000,-1.678308476e-03
82.970000,-1.457226261e-03
82.975000,-1.242341953e-03
82.980000,-1.043642190e-03
82.985000,-8.671610350e-04
82.990000,-7.157788716e-04
82.995000,-5.901559325e-04
83.000000,-4.895920844e-04
83.005000,-4.126917800e-04
83.010000,-3.578054923e-04
83.015000,-3.232908840e-04
83.020000,-3.076752168e-04
83.025000,-3.098043323e-04
83.030000,-3.290401505e-04
83.035000,-3.655276093e-04
83.040000,-4.205024026e-04
83.045000,-4.965620137e-04
83.050000,-5.977858977e-04
83.055000,-7.295800979e-04
83.060000,-8.981492402e-04
83.065000,-1.109568262e-03
83.070000,-1.368526409e-03
83.075000,-1.676921224e-03
83.080000,-2.032557140e-03
83.085000,-2.428223147e-03
83.090000,-2.851375018e-03
83.095000,-3.284540110e-03
83.100000,-3.706426286e-03
83.105000,-4.093588435e-03
83.110000,-4.422418007e-03
83.115000,-4.671189298e-03
83.120000,-4.821918599e-03
83.125000,-4.861853021e-03
83.130000,-4.784483111e-03
83.135000,-4.590048136e-03
83.140000,-4.285561954e-03
83.145000,-3.884424814e-03
83.150000,-3.405700934e-03
83.155000,-2.873135979e-03
83.160000,-2.313968290e-03
83.165000,-1.757562592e-03
83.170000,-1.233877535e-03
83.175000,-7.717814055e-04
83.180000,-3.972607632e-04
83.185000,-1.316213269e-04
83.190000,1.015669620e-05
83.195000,2.069986508e-05
83.200000,-9.905556173e-05
83.205000,-3.399045878e-04
83.210000,-6.852225608e-04
83.215000,-1.112555000e-03
83.220000,-1.595752458e-03
83.225000,-2.107363198e-03
83.230000,-2.620963894e-03
83.235000,-3.113139118e-03
83.240000,-3.564901215e-03
83.245000,-3.962450154e-03
83.250000,-4.297283765e-03
83.255000,-4.565763042e-03
83.260000,-4.768303009e-03
83.265000,-4.908390653e-03
83.270000,-4.991624870e-03
83.275000,-5.024929731e-03
83.280000,-5.016017860e-03
83.285000,-4.973089865e-03
83.290000,-4.904671638e-03
83.295000,-4.819440149e-03
83.300000,-4.725890419e-03
83.305000,-4.631756708e-03
83.310000,-4.543204262e-03
83.315000,-4.463922095e-03
83.320000,-4.394333136e-03
83.325000,-4.331164202e-03
83.330000,-4.267571396e-03
83.335000,-4.193906688e-03
83.340000,-4.099067467e-03
83.345000,-3.972230698e-03
83.350000,-3.804672315e-03
83.355000,-3.591334506e-03
83.360000,-3.331836456e-03
83.365000,-3.030720617e-03
83.370000,-2.696866980e-03
83.375000,-2.342164778e-03
83.380000,-1.979673912e-03
83.385000,-1.621608319e-03
83.390000,-1.277508700e-03
83.395000,-9.529331681e-04
83.400000,-6.488883606e-04
83.405000,-3.620729092e-04
83.410000,-8.584412015e-05
83.415000,1.883163247e-04
83.420000,4.691415213e-04
83.425000,7.640374061e-04
83.430000,1.077918187e-03
83.435000,1.412575236e-03
83.440000,1.766613975e-03
83.445000,2.135880759e-03
83.450000,2.514220463e-03
83.455000,2.894368157e-03
83.460000,3.268786868e-03
83.465000,3.630310885e-03
83.470000,3.972525782e-03
83.475000,4.289894061e-03
83.480000,4.577700234e-03
83.485000,4.831926743e-03
83.490000,5.049175291e-03
83.495000,5.226719310e-03
83.500000,5.362722804e-03
83.505000,5.456603241e-03
83.510000,5.509465695e-03
83.515000,5.524501833e-03
83.520000,5.507235567e-03
83.525000,5.465508219e-03
83.530000,5.409129081e-03
83.535000,5.349170163e-03
83.540000,5.296951523e-03
83.545000,5.262835475e-03
83.550000,5.255008052e-03
83.555000,5.278455318e-03
83.560000,5.334325805e-03
83.565000,5.419805328e-03
83.570000,5.528529552e-03
83.575000,5.651449788e-03
83.580000,5.777980630e-03
83.585000,5.897219614e-03
83.590000,5.999048004e-03
83.595000,6.074986658e-03
83.600000,6.118765130e-03
83.605000,6.126634572e-03
83.610000,6.097492346e-03
83.615000,6.032881452e-03
83.620000,5.936891496e-03
83.625000,5.815942238e-03
83.630000,5.678399974e-03
83.635000,5.533977392e-03
83.640000,5.392901997e-03
83.645000,5.264896205e-03
83.650000,5.158075068e-03
83.655000,5.077915563e-03
83.660000,5.026470190e-03
83.665000,5.001981299e-03
83.670000,4.999003492e-03
83.675000,5.009067652e-03
83.680000,5.021832931e-03
83.685000,5.026585543e-03
83.690000,5.013869889e-03
83.695000,4.976993569e-03
83.700000,4.913146671e-03
83.705000,4.823924814e-03
83.710000,4.715141601e-03
83.715000,4.595943718e-03
83.720000,4.477374320e-03
83.725000,4.370637278e-03
83.730000,4.285371048e-03
83.735000,4.228233512e-03
83.740000,4.202031487e-03
83.745000,4.205517441e-03
83.750000,4.233846420e-03
83.755000,4.279564486e-03
83.760000,4.333908703e-03
83.765000,4.388153705e-03
83.770000,4.434748756e-03
83.775000,4.468050325e-03
83.780000,4.484556263e-03
83.785000,4.482666504e-03
83.790000,4.462103101e-03
83.795000,4.423191348e-03
83.800000,4.366215236e-03
83.805000,4.291012811e-03
83.810000,4.196886649e-03
83.815000,4.082800998e-03
83.820000,3.947752415e-03
83.825000,3.791158623e-03
83.830000,3.613119306e-03
83.835000,3.414454606e-03
83.840000,3.196503126e-03
83.845000,2.960738505e-03
83.850000,2.708322488e-03
83.855000,2.439740184e-03
83.860000,2.154654681e-03
83.865000,1.852075044e-03
83.870000,1.530861214e-03
83.875000,1.190504546e-03
83.880000,8.320411578e-04
83.885000,4.588968076e-04
83.890000,7.744447734e-05
83.895000,-3.029106621e-04
83.900000,-6.702216541e-04
83.905000,-1.011051927e-03
83.910000,-1.311951430e-03
83.915000,-1.561116896e-03
83.920000,-1.749942739e-03
83.925000,-1.874178991e-03
83.930000,-1.934486077e-03
83.935000,-1.936297351e-03
83.940000,-1.889041317e-03
83.945000,-1.804902586e-03
83.950000,-1.697383024e-03
83.955000,-1.579941449e-03
83.960000,-1.464937868e-03
83.965000,-1.363001246e-03
83.970000,-1.282808305e-03
83.975000,-1.231142800e-03
83.980000,-1.213034505e-03
83.985000,-1.231775437e-03
83.990000,-1.288677856e-03
83.995000,-1.382554001e-03
84.000000,-1.509026709e-03
84.005000,-1.659885113e-03
84.010000,-1.822749681e-03
84.015000,-1.981290745e-03
84.020000,-2.116156848e-03
84.025000,-2.206631992e-03
84.030000,-2.232882937e-03
84.035000,-2.178511801e-03
84.040000,-2.033026911e-03
84.045000,-1.793810600e-03
84.050000,-1.467209483e-03
84.055000,-1.068497989e-03
84.060000,-6.206491075e-04
84.065000,-1.520515068e-04
84.070000,3.065044744e-04
84.075000,7.251289031e-04
84.080000,1.077947217e-03
84.085000,1.345612469e-03
84.090000,1.516930577e-03
84.095000,1.589481609e-03
84.100000,1.569283537e-03
84.105000,1.469671695e-03
84.110000,1.309639409e-03
84.115000,1.111900607e-03
84.120000,9.009039378e-04
84.125000,7.009669058e-04
84.130000,5.346269963e-04
84.135000,4.212423582e-04
84.140000,3.758315326e-04
84.145000,4.081283649e-04
84.150000,5.218451562e-04
84.155000,7.141757209e-04
84.160000,9.756138716e-04
84.165000,1.290191836e-03
84.170000,1.636239958e-03
84.175000,1.987725592e-03
84.180000,2.316149891e-03
84.185000,2.592882689e-03
84.190000,2.791721402e-03
84.195000,2.891393505e-03
84.200000,2.877700802e-03
84.205000,2.745033909e-03
84.210000,2.497061770e-03
84.215000,2.146509042e-03
84.220000,1.714053436e-03
84.225000,1.226484704e-03
84.230000,7.143495728e-04
84.235000,2.093518675e-04
84.240000,-2.582183759e-04
84.245000,-6.617841614e-04
84.250000,-9.803232548e-04
84.255000,-1.199636107e-03
84.260000,-1.312993550e-03
84.265000,-1.321177709e-03
84.270000,-1.231973311e-03
84.275000,-1.059192801e-03
84.280000,-8.213307232e-04
84.285000,-5.399470951e-04
84.290000,-2.378834809e-04
84.295000,6.257603684e-05
84.300000,3.414734392e-04
84.305000,5.827366815e-04
84.310000,7.753898064e-04
84.315000,9.142880326e-04
84.320000,1.000291763e-03
84.325000,1.039853096e-03
84.330000,1.044058692e-03
84.335000,1.027240004e-03
84.340000,1.005312947e-03
84.345000,9.940355287e-04
84.350000,1.007371308e-03
84.355000,1.056121539e-03
84.360000,1.146945274e-03
84.365000,1.281831565e-03
84.370000,1.458028785e-03
84.375000,1.668381347e-03
84.380000,1.901982728e-03
84.385000,2.145033979e-03
84.390000,2.381803582e-03
84.395000,2.595615553e-03
84.400000,2.769837946e-03
84.405000,2.888886431e-03
84.410000,2.939278889e-03
84.415000,2.910763475e-03
84.420000,2.797492384e-03
84.425000,2.599138863e-03
84.430000,2.321780106e-03
84.435000,1.978322847e-03
84.440000,1.588255878e-03
84.445000,1.176584808e-03
84.450000,7.719303865e-04
84.455000,4.039267932e-04
84.460000,1.002040515e-04
84.465000,-1.166565586e-04
84.470000,-2.317689208e-04
84.475000,-2.398059555e-04
84.480000,-1.458057183e-04
84.485000,3.520003139e-05
84.490000,2.796817579e-04
84.495000,5.580190988e-04
84.500000,8.374829718e-04
84.505000,1.085391439e-03
84.510000,1.272038939e-03
84.515000,1.373064764e-03
84.520000,1.371044756e-03
84.525000,1.256235566e-03
84.530000,1.026542125e-03
84.535000,6.868857464e-04
84.540000,2.482011326e-04
84.545000,-2.737200397e-04
84.550000,-8.593816974e-04
84.555000,-1.486660655e-03
84.560000,-2.131819004e-03
84.565000,-2.770515183e-03
84.570000,-3.378888164e-03
84.575000,-3.934757545e-03
84.580000,-4.418920063e-03
84.585000,-4.816449326e-03
84.590000,-5.117842094e-03
84.595000,-5.319820485e-03
84.600000,-5.425607869e-03
84.605000,-5.444550670e-03
84.610000,-5.391051604e-03
84.615000,-5.282894785e-03
84.620000,-5.139155382e-03
84.625000,-4.977970649e-03
84.630000,-4.814485102e-03
84.635000,-4.659261304e-03
84.640000,-4.517373384e-03
84.645000,-4.388289282e-03
84.650000,-4.266523041e-03
84.655000,-4.142924328e-03
84.660000,-4.006388370e-03
84.665000,-3.845726716e-03
84.670000,-3.651440345e-03
84.675000,-3.417176001e-03
84.680000,-3.140713483e-03
84.685000,-2.824411867e-03
84.690000,-2.475121882e-03
84.695000,-2.103636958e-03
84.700000,-1.723797882e-03
84.705000,-1.351381866e-03
84.710000,-1.002898672e-03
84.715000,-6.943921096e-04
84.720000,-4.403158496e-04
84.725000,-2.525286970e-04
84.730000,-1.394434905e-04
84.735000,-1.053662800e-04
84.740000,-1.500728790e-04
84.745000,-2.686782096e-04
84.750000,-4.518497279e-04
84.755000,-6.863932238e-04
84.760000,-9.561980732e-04
84.765000,-1.243477497e-03
84.770000,-1.530190206e-03
84.775000,-1.799495920e-03
84.780000,-2.037087222e-03
84.785000,-2.232255969e-03
84.790000,-2.378588894e-03
84.795000,-2.474235210e-03
84.800000,-2.521739265e-03
84.805000,-2.527476359e-03
84.810000,-2.500765831e-03
84.815000,-2.452761137e-03
84.820000,-2.395231805e-03
84.825000,-2.339356777e-03
84.830000,-2.294642724e-03
84.835000,-2.268065211e-03
84.840000,-2.263507091e-03
84.845000,-2.281540617e-03
84.850000,-2.319570469e-03
84.855000,-2.372326105e-03
84.860000,-2.432663333e-03
84.865000,-2.492605572e-03
84.870000,-2.544524765e-03
84.875000,-2.582333098e-03
84.880000,-2.602535949e-03
84.885000,-2.604992409e-03
84.890000,-2.593249912e-03
84.895000,-2.574367083e-03
84.900000,-2.558210109e-03
84.905000,-2.556291549e-03
84.910000,-2.580300356e-03
84.915000,-2.640530189e-03
84.920000,-2.744435649e-03
84.925000,-2.895525835e-03
84.930000,-3.092744496e-03
84.935000,-3.330398762e-03
84.940000,-3.598603785e-03
84.945000,-3.884130184e-03
84.950000,-4.171492498e-03
84.955000,-4.444108161e-03
84.960000,-4.685384614e-03
84.965000,-4.879644540e-03
84.970000,-5.012858255e-03
84.975000,-5.073201931e-03
84.980000,-5.051490077e-03
84.985000,-4.941537390e-03
84.990000,-4.740491508e-03
84.995000,-4.449150277e-03
85.000000,-4.072242001e-03
85.005000,-3.618612084e-03
85.010000,-3.101232854e-03
85.015000,-2.536943903e-03
85.020000,-1.945845692e-03
85.025000,-1.350312305e-03
85.030000,-7.736551797e-04
85.035000,-2.385446019e-04
85.040000,2.346396008e-04
85.045000,6.293215144e-04
85.050000,9.339061473e-04
85.055000,1.142467300e-03
85.060000,1.254872342e-03
85.065000,1.276360858e-03
85.070000,1.216676716e-03
85.075000,1.088910552e-03
85.080000,9.082319622e-04
85.085000,6.906762991e-04
85.090000,4.521057535e-04
85.095000,2.074010888e-04
85.100000,-3.012451276e-05
85.105000,-2.491469819e-04
85.110000,-4.406652592e-04
85.115000,-5.983094476e-04
85.120000,-7.186414130e-04
85.125000,-8.014097463e-04
85.130000,-8.496732434e-04
85.135000,-8.696867063e-04
85.140000,-8.704599014e-04
85.145000,-8.629527893e-04
85.150000,-8.589446261e-04
85.155000,-8.696921115e-04
85.160000,-9.045531592e-04
85.165000,-9.697834190e-04
85.170000,-1.067704680e-03
85.175000,-1.196397346e-03
85.180000,-1.349989635e-03
85.185000,-1.519516399e-03
85.190000,-1.694217996e-03
85.195000,-1.863064976e-03
85.200000,-2.016247336e-03
85.205000,-2.146371563e-03
85.210000,-2.249167579e-03
85.215000,-2.323610258e-03
85.220000,-2.371483476e-03
85.225000,-2.396529079e-03
85.230000,-2.403400657e-03
85.235000,-2.396664296e-03
85.240000,-2.380052038e-03
85.245000,-2.356091001e-03
85.250000,-2.326125845e-03
85.255000,-2.290653088e-03
85.260000,-2.249817652e-03
85.265000,-2.203900062e-03
85.270000,-2.153648437e-03
85.275000,-2.100372071e-03
85.280000,-2.045792815e-03
85.285000,-1.991724024e-03
85.290000,-1.939694658e-03
85.295000,-1.890646619e-03
85.300000,-1.844805537e-03
85.305000,-1.801768348e-03
85.310000,-1.760781922e-03
85.315000,-1.721125431e-03
85.320000,-1.682472269e-03
85.325000,-1.645105355e-03
85.330000,-1.609893180e-03
85.335000,-1.577994586e-03
85.340000,-1.550332609e-03
85.345000,-1.526944427e-03
85.350000,-1.506359715e-03
85.355000,-1.485173135e-03
85.360000,-1.457954328e-03
85.365000,-1.417583612e-03
85.370000,-1.356022707e-03
85.375000,-1.265441046e-03
85.380000,-1.139536722e-03
85.385000,-9.748342057e-04
85.390000,-7.717229297e-04
85.395000,-5.350286212e-04
85.400000,-2.739798406e-04
85.405000,-1.532310185e-06
85.410000,2.668772693e-04
85.415000,5.149804797e-04
85.420000,7.274980419e-04
85.425000,8.918784910e-04
85.430000,9.997208980e-04
85.435000,1.047702818e-03
85.440000,1.037912416e-03
85.445000,9.775704822e-04
85.450000,8.782103571e-04
85.455000,7.544500334e-04
85.460000,6.225318631e-04
85.465000,4.988165256e-04
85.470000,3.983994631e-04
85.475000,3.339758573e-04
85.480000,3.150249925e-04
85.485000,3.473291896e-04
85.490000,4.327978596e-04
85.495000,5.695411243e-04
85.500000,7.521320405e-04
85.505000,9.720087350e-04
85.510000,1.217990789e-03
85.515000,1.476908943e-03
85.520000,1.734364258e-03
85.525000,1.975634520e-03
85.530000,2.186727836e-03
85.535000,2.355547276e-03
85.540000,2.473083357e-03
85.545000,2.534505434e-03
85.550000,2.539992942e-03
85.555000,2.495145104e-03
85.560000,2.410839432e-03
85.565000,2.302473156e-03
85.570000,2.188607660e-03
85.575000,2.089128770e-03
85.580000,2.023118014e-03
85.585000,2.006686532e-03
85.590000,2.051043682e-03
85.595000,2.161052657e-03
85.600000,2.334468419e-03
85.605000,2.561967707e-03
85.610000,2.827979685e-03
85.615000,3.112223480e-03
85.620000,3.391769563e-03
85.625000,3.643377109e-03
85.630000,3.845827295e-03
85.635000,3.981976759e-03
85.640000,4.040295985e-03
85.645000,4.015729338e-03
85.650000,3.909807642e-03
85.655000,3.730047128e-03
85.660000,3.488764610e-03
85.665000,3.201512078e-03
85.670000,2.885372282e-03
85.675000,2.557353972e-03
85.680000,2.233082460e-03
85.685000,1.925906729e-03
85.690000,1.646453032e-03
85.695000,1.402565075e-03
85.700000,1.199501539e-03
85.705000,1.040228624e-03
85.710000,9.256572382e-04
85.715000,8.547292333e-04
85.720000,8.243401844e-04
85.725000,8.291736844e-04
85.730000,8.615864793e-04
85.735000,9.117034895e-04
85.740000,9.678486085e-04
85.745000,1.017359648e-03
85.750000,1.047736050e-03
85.755000,1.047973981e-03
85.760000,1.009879562e-03
85.765000,9.291317625e-04
85.770000,8.058942855e-04
85.775000,6.448436656e-04
85.780000,4.545761720e-04
85.785000,2.464637209e-04
85.790000,3.313167578e-05
85.795000,-1.731896536e-04
85.800000,-3.621515941e-04
85.805000,-5.263438035e-04
85.810000,-6.617332797e-04
85.815000,-7.674257435e-04
85.820000,-8.448374383e-04
85.825000,-8.964971115e-04
85.830000,-9.247789482e-04
85.835000,-9.308759139e-04
85.840000,-9.142573079e-04
85.845000,-8.727318546e-04
85.850000,-8.030894814e-04
85.855000,-7.021565641e-04
85.860000,-5.680019470e-04
85.865000,-4.009948638e-04
85.870000,-2.044476721e-04
85.875000,1.533134756e-05
85.880000,2.496169061e-04
85.885000,4.883745215e-04
85.890000,7.216709484e-04
85.895000,9.410879696e-04
85.900000,1.140836443e-03
85.905000,1.318334964e-03
85.910000,1.474140604e-03
85.915000,1.611267800e-03
85.920000,1.734069242e-03
85.925000,1.846946211e-03
85.930000,1.953184278e-03
85.935000,2.054169166e-03
85.940000,2.149139714e-03
85.945000,2.235505815e-03
85.950000,2.309630167e-03
85.955000,2.367872971e-03
85.960000,2.407648731e-03
85.965000,2.428251775e-03
85.970000,2.431266250e-03
85.975000,2.420470514e-03
85.980000,2.401252563e-03
85.985000,2.379649849e-03
85.990000,2.361195688e-03
85.995000,2.349785389e-03
86.000000,2.346766303e-03
86.005000,2.350412443e-03
86.010000,2.355876023e-03
86.015000,2.355628182e-03
86.020000,2.340322837e-03
86.025000,2.299953925e-03
86.030000,2.225137219e-03
86.035000,2.108338863e-03
86.040000,1.944893456e-03
86.045000,1.733698542e-03
86.050000,1.477529248e-03
86.055000,1.182974198e-03
86.060000,8.600407770e-04
86.065000,5.215070647e-04
86.070000,1.821069015e-04
86.075000,-1.423740405e-04
86.080000,-4.360334990e-04
86.085000,-6.837849209e-04
86.090000,-8.722705080e-04
86.095000,-9.907442641e-04
86.100000,-1.031904499e-03
86.105000,-9.926325721e-04
86.110000,-8.745670306e-04
86.115000,-6.844211199e-04
86.120000,-4.339481186e-04
86.125000,-1.394799219e-04
86.130000,1.789905769e-04
86.135000,4.991513273e-04
86.140000,7.980403415e-04
86.145000,1.053890920e-03
86.150000,1.247968035e-03
86.155000,1.366203923e-03
86.160000,1.400459937e-03
86.165000,1.349282457e-03
86.170000,1.218076176e-03
86.175000,1.018680567e-03
86.180000,7.683964808e-04
86.185000,4.885620183e-04
86.190000,2.028139676e-04
86.195000,-6.480954969e-05
86.200000,-2.917670353e-04
86.205000,-4.587636148e-04
86.210000,-5.512206699e-04
86.215000,-5.603514149e-04
86.220000,-4.837500867e-04
86.225000,-3.254302579e-04
86.230000,-9.528720231e-05
86.235000,1.919874373e-04
86.240000,5.184468084e-04
86.245000,8.647302127e-04
86.250000,1.211999307e-03
86.255000,1.543741452e-03
86.260000,1.847225478e-03
86.265000,2.114442929e-03
86.270000,2.342441709e-03
86.275000,2.533044934e-03
86.280000,2.692030175e-03
86.285000,2.827909989e-03
86.290000,2.950495159e-03
86.295000,3.069433978e-03
86.300000,3.192905522e-03
86.305000,3.326606810e-03
86.310000,3.473120423e-03
86.315000,3.631689252e-03
86.320000,3.798368273e-03
86.325000,3.966478664e-03
86.330000,4.127264212e-03
86.335000,4.270647212e-03
86.340000,4.385999115e-03
86.345000,4.462873312e-03
86.350000,4.491683066e-03
86.355000,4.464335067e-03
86.360000,4.374839313e-03
86.365000,4.219904954e-03
86.370000,3.999502373e-03
86.375000,3.717333253e-03
86.380000,3.381115749e-03
86.385000,3.002574785e-03
86.390000,2.597038181e-03
86.395000,2.182581781e-03
86.400000,1.778736942e-03
86.405000,1.404859361e-03
86.410000,1.078340520e-03
86.415000,8.129012034e-04
86.420000,6.172224689e-04
86.425000,4.941340648e-04
86.430000,4.404969157e-04
86.435000,4.478012617e-04
86.440000,5.033806475e-04
86.445000,5.920413642e-04
86.450000,6.978482843e-04
86.455000,8.058009350e-04
86.460000,9.031749338e-04
86.465000,9.803804288e-04
86.470000,1.031283014e-03
86.475000,1.053025870e-03
86.480000,1.045469664e-03
86.485000,1.010417734e-03
86.490000,9.508107761e-04
86.495000,8.700545570e-04
86.500000,7.715893822e-04
86.505000,6.587323920e-04
86.510000,5.347419803e-04
86.515000,4.029901462e-04
86.520000,2.671026985e-04
86.525000,1.309480804e-04
86.530000,-1.582205551e-06
86.535000,-1.269742038e-04
86.540000,-2.425663685e-04
86.545000,-3.469438120e-04
86.550000,-4.400972091e-04
86.555000,-5.232422415e-04
86.560000,-5.982836538e-04
86.565000,-6.670097501e-04
86.570000,-7.301904557e-04
86.575000,-7.868005463e-04
86.580000,-8.335850306e-04
86.585000,-8.651251608e-04
86.590000,-8.744636354e-04
86.595000,-8.542284778e-04
86.600000,-7.980829888e-04
86.605000,-7.022479930e-04
86.610000,-5.668090023e-04
86.615000,-3.965417493e-04
86.620000,-2.010615222e-04
86.625000,5.787163297e-06
86.630000,2.072524818e-04
86.635000,3.855317129e-04
86.640000,5.238827312e-04
86.645000,6.086568794e-04
86.650000,6.309269847e-04
86.655000,5.874549340e-04
86.660000,4.808642181e-04
86.665000,3.190288231e-04
86.670000,1.138288750e-04
86.675000,-1.204745275e-04
86.680000,-3.689480550e-04
86.685000,-6.174993300e-04
86.690000,-8.539874106e-04
86.695000,-1.068829369e-03
86.700000,-1.255116594e-03
86.705000,-1.408353807e-03
86.710000,-1.525998305e-03
86.715000,-1.606995282e-03
86.720000,-1.651475293e-03
86.725000,-1.660710120e-03
86.730000,-1.637330374e-03
86.735000,-1.585714882e-03
86.740000,-1.512391543e-03
86.745000,-1.426260057e-03
86.750000,-1.338466826e-03
86.755000,-1.261827201e-03
86.760000,-1.209785259e-03
86.765000,-1.195005190e-03
86.770000,-1.227778556e-03
86.775000,-1.314489625e-03
86.780000,-1.456394753e-03
86.785000,-1.648938204e-03
86.790000,-1.881751282e-03
86.795000,-2.139377564e-03
86.800000,-2.402653535e-03
86.805000,-2.650572634e-03
86.810000,-2.862390548e-03
86.815000,-3.019702624e-03
86.820000,-3.108242026e-03
86.825000,-3.119201405e-03
86.830000,-3.049956091e-03
86.835000,-2.904146871e-03
86.840000,-2.691152251e-03
86.845000,-2.425037370e-03
86.850000,-2.123108043e-03
86.855000,-1.804225320e-03
86.860000,-1.487049437e-03
86.865000,-1.188381474e-03
86.870000,-9.217553559e-04
86.875000,-6.964023415e-04
86.880000,-5.166686649e-04
86.885000,-3.819205954e-04
86.890000,-2.869265298e-04
86.895000,-2.226667599e-04
86.900000,-1.774886492e-04
86.905000,-1.384962139e-04
86.910000,-9.303767624e-05
86.915000,-3.013557330e-05
86.920000,5.830115070e-05
86.925000,1.766263680e-04
86.930000,3.250664627e-04
86.935000,4.998227675e-04
86.940000,6.936229787e-04
86.945000,8.966117206e-04
86.950000,1.097431718e-03
86.955000,1.284344222e-03
86.960000,1.446266622e-03
86.965000,1.573652275e-03
86.970000,1.659184200e-03
86.975000,1.698285427e-03
86.980000,1.689458583e-03
86.985000,1.634459133e-03
86.990000,1.538290733e-03
86.995000,1.408998061e-03
87.000000,1.257229917e-03
87.005000,1.095555678e-03
87.010000,9.375398570e-04
87.015000,7.966094801e-04
87.020000,6.847841517e-04
87.025000,6.113759377e-04
87.030000,5.818006955e-04
87.035000,5.966665279e-04
87.040000,6.513082045e-04
87.045000,7.359085437e-04
87.050000,8.362835254e-04
87.055000,9.353110850e-04
87.060000,1.014868942e-03
87.065000,1.058038299e-03
87.070000,1.051254965e-03
87.075000,9.860700200e-04
87.080000,8.602291553e-04
87.085000,6.778880102e-04
87.090000,4.489291618e-04
87.095000,1.875037417e-04
87.100000,-8.994667915e-05
87.105000,-3.668516432e-04
87.110000,-6.285067399e-04
87.115000,-8.636046175e-04
87.120000,-1.065109576e-03
87.125000,-1.230415787e-03
87.130000,-1.360861169e-03
87.135000,-1.460774280e-03
87.140000,-1.536291349e-03
87.145000,-1.594186856e-03
87.150000,-1.640917322e-03
87.155000,-1.681998452e-03
87.160000,-1.721740921e-03
87.165000,-1.763282356e-03
87.170000,-1.808791253e-03
87.175000,-1.859694636e-03
87.180000,-1.916798085e-03
87.185000,-1.980218771e-03
87.190000,-2.049126431e-03
87.195000,-2.121366079e-03
87.200000,-2.193099995e-03
87.205000,-2.258636714e-03
87.210000,-2.310599274e-03
87.215000,-2.340521702e-03
87.220000,-2.339862937e-03
87.225000,-2.301314503e-03
87.230000,-2.220182654e-03
87.235000,-2.095575861e-03
87.240000,-1.931141413e-03
87.245000,-1.735170201e-03
87.250000,-1.520008143e-03
87.255000,-1.300846445e-03
87.260000,-1.094078822e-03
87.265000,-9.154872154e-04
87.270000,-7.785364518e-04
87.275000,-6.930243116e-04
87.280000,-6.642585102e-04
87.285000,-6.928335241e-04
87.290000,-7.749768111e-04
87.295000,-9.033435358e-04
87.300000,-1.068076564e-03
87.305000,-1.257925152e-03
87.310000,-1.461235891e-03
87.315000,-1.666688757e-03
87.320000,-1.863735733e-03
87.325000,-2.042788053e-03
87.330000,-2.195266832e-03
87.335000,-2.313661085e-03
87.340000,-2.391718042e-03
87.345000,-2.424828041e-03
87.350000,-2.410578459e-03
87.355000,-2.349364075e-03
87.360000,-2.244881845e-03
87.365000,-2.104325156e-03
87.370000,-1.938132459e-03
87.375000,-1.759228822e-03
87.380000,-1.581805790e-03
87.385000,-1.419788325e-03
87.390000,-1.285212834e-03
87.395000,-1.186770510e-03
87.400000,-1.128750238e-03
87.405000,-1.110551253e-03
87.410000,-1.126842278e-03
87.415000,-1.168339761e-03
87.420000,-1.223082032e-03
87.425000,-1.278004531e-03
87.430000,-1.320584388e-03
87.435000,-1.340325267e-03
87.440000,-1.329893118e-03
87.445000,-1.285781676e-03
87.450000,-1.208469144e-03
87.455000,-1.102108148e-03
87.460000,-9.738542994e-04
87.465000,-8.329737509e-04
87.470000,-6.898732687e-04
87.475000,-5.551712612e-04
87.480000,-4.388850407e-04
87.485000,-3.497616982e-04
87.490000,-2.947408410e-04
87.495000,-2.785171855e-04
87.500000,-3.031739584e-04
87.505000,-3.678815403e-04
87.510000,-4.686905843e-04
87.515000,-5.984816114e-04
87.520000,-7.471501715e-04
87.525000,-9.020983977e-04
87.530000,-1.049067790e-03
87.535000,-1.173290321e-03
87.540000,-1.260868253e-03
87.545000,-1.300233206e-03
87.550000,-1.283496747e-03
87.555000,-1.207497829e-03
87.560000,-1.074380041e-03
87.565000,-8.915901343e-04
87.570000,-6.712693824e-04
87.575000,-4.290977131e-04
87.580000,-1.827320088e-04
87.585000,4.995991395e-05
87.590000,2.526406616e-04
87.595000,4.120012694e-04
87.600000,5.188429031e-04
87.605000,5.686406823e-04
87.610000,5.615702098e-04
87.615000,5.020541043e-04
87.620000,3.979436748e-04
87.625000,2.594820924e-04
87.630000,9.819899800e-05
87.635000,-7.413292835e-05
87.640000,-2.463833345e-04
87.645000,-4.087361589e-04
87.650000,-5.531325228e-04
87.655000,-6.735022380e-04
87.660000,-7.658254332e-04
87.665000,-8.280783225e-04
87.670000,-8.601174559e-04
87.675000,-8.635450201e-04
87.680000,-8.415756734e-04
87.685000,-7.988974517e-04
87.690000,-7.414927773e-04
87.695000,-6.763695796e-04
87.700000,-6.111549635e-04
87.705000,-5.535281910e-04
87.710000,-5.105122609e-04
87.715000,-4.876931162e-04
87.720000,-4.884772613e-04
87.725000,-5.135181212e-04
87.730000,-5.604308637e-04
87.735000,-6.238758460e-04
87.740000,-6.960318775e-04
87.745000,-7.674160846e-04
87.750000,-8.279507095e-04
87.755000,-8.681378798e-04
87.760000,-8.801853878e-04
87.765000,-8.589303334e-04
87.770000,-8.024320568e-04
87.775000,-7.121494138e-04
87.780000,-5.926768390e-04
87.785000,-4.510821166e-04
87.790000,-2.959553296e-04
87.795000,-1.363291228e-04
87.800000,1.934791806e-05
87.805000,1.640179307e-04
87.810000,2.924838766e-04
87.815000,4.015011401e-04
87.820000,4.895302058e-04
87.825000,5.562589299e-04
87.830000,6.020433228e-04
87.835000,6.274191627e-04
87.840000,6.328038417e-04
87.845000,6.184478523e-04
87.850000,5.846233960e-04
87.855000,5.319712284e-04
87.860000,4.618817716e-04
87.865000,3.767733476e-04
87.870000,2.801522768e-04
87.875000,1.763917573e-04
87.880000,7.023727297e-05
87.885000,-3.388014955e-05
87.890000,-1.325821526e-04
87.895000,-2.241615688e-04
87.900000,-3.089178348e-04
87.905000,-3.890935582e-04
87.910000,-4.683769030e-04
87.915000,-5.510318765e-04
87.920000,-6.408113052e-04
87.925000,-7.398722418e-04
87.930000,-8.479323832e-04
87.935000,-9.618706252e-04
87.940000,-1.075890323e-03
87.945000,-1.182248076e-03
87.950000,-1.272430149e-03
87.955000,-1.338560743e-03
87.960000,-1.374773430e-03
87.965000,-1.378280684e-03
87.970000,-1.349935127e-03
87.975000,-1.294176535e-03
87.980000,-1.218378911e-03
87.985000,-1.131726669e-03
87.990000,-1.043834501e-03
87.995000,-9.633651942e-04
88.000000,-8.968870807e-04
88.005000,-8.481532273e-04
88.010000,-8.178931802e-04
88.015000,-8.041060983e-04
88.020000,-8.027530895e-04
88.025000,-8.086835469e-04
88.030000,-8.166047728e-04
88.035000,-8.219173665e-04
88.040000,-8.212847751e-04
88.045000,-8.128729541e-04
88.050000,-7.962710039e-04
88.055000,-7.721705211e-04
88.060000,-7.419258925e-04
88.065000,-7.071296446e-04
88.070000,-6.693132369e-04
88.075000,-6.298306470e-04
88.080000,-5.899148454e-04
88.085000,-5.508358699e-04
88.090000,-5.140526560e-04
88.095000,-4.812505346e-04
88.100000,-4.541923962e-04
88.105000,-4.343726325e-04
88.110000,-4.225304229e-04
88.115000,-4.181330009e-04
88.120000,-4.189653161e-04
88.125000,-4.209537165e-04
88.130000,-4.183107935e-04
88.135000,-4.040265091e-04
88.140000,-3.706612600e-04
88.145000,-3.113342605e-04
88.150000,-2.207578796e-04
88.155000,-9.615338707e-05
88.160000,6.210144219e-05
88.165000,2.502003886e-04
88.170000,4.610591872e-04
88.175000,6.848669691e-04
88.180000,9.099552108e-04
88.185000,1.123855561e-03
88.190000,1.314397658e-03
88.195000,1.470705179e-03
88.200000,1.583979789e-03
88.205000,1.648010478e-03
88.210000,1.659398893e-03
88.215000,1.617537932e-03
88.220000,1.524411428e-03
88.225000,1.384292141e-03
88.230000,1.203404244e-03
88.235000,9.895911871e-04
88.240000,7.519997553e-04
88.245000,5.007659911e-04
88.250000,2.466753913e-04
88.255000,7.709053433e-07
88.260000,-2.261042673e-04
88.265000,-4.238213878e-04
88.270000,-5.835090170e-04
88.275000,-6.980775076e-04
88.280000,-7.626700516e-04
88.285000,-7.749868680e-04
88.290000,-7.354408621e-04
88.295000,-6.471227213e-04
88.300000,-5.155770831e-04
88.305000,-3.484142202e-04
88.310000,-1.547989010e-04
88.315000,5.513348806e-05
88.320000,2.708843207e-04
88.325000,4.821810877e-04
88.330000,6.795175407e-04
88.335000,8.546220814e-04
88.340000,1.000836410e-03
88.345000,1.113387341e-03
88.350000,1.189534767e-03
88.355000,1.228581820e-03
88.360000,1.231741920e-03
88.365000,1.201871848e-03
88.370000,1.143097714e-03
88.375000,1.060377257e-03
88.380000,9.590530013e-04
88.385000,8.444531218e-04
88.390000,7.215894933e-04
88.395000,5.949863211e-04
88.400000,4.686505262e-04
88.405000,3.461698916e-04
88.410000,2.309005189e-04
88.415000,1.261852652e-04
88.420000,3.553360179e-05
88.425000,-3.730546703e-05
88.430000,-8.842978129e-05
88.435000,-1.140516206e-04
88.440000,-1.109278216e-04
88.445000,-7.689097226e-05
88.450000,-1.138568863e-05
88.455000,8.410253119e-05
88.460000,2.058306900e-04
88.465000,3.478665403e-04
88.470000,5.024637662e-04
88.475000,6.607081477e-04
88.480000,8.133460785e-04
88.485000,9.516708404e-04
88.490000,1.068330188e-03
88.495000,1.157933261e-03
88.500000,1.217372555e-03
88.505000,1.245830242e-03
88.510000,1.244496956e-03
88.515000,1.216083306e-03
88.520000,1.164238703e-03
88.525000,1.093000431e-03
88.530000,1.006376114e-03
88.535000,9.081192118e-04
88.540000,8.017011983e-04
88.545000,6.904303152e-04
88.550000,5.776297416e-04
88.555000,4.667771842e-04
88.560000,3.615252592e-04
88.565000,2.655616179e-04
88.570000,1.823178826e-04
88.575000,1.145834547e-04
88.580000,6.411234133e-05
88.585000,3.132109540e-05
88.590000,1.516217805e-05
88.595000,1.322315334e-05
88.600000,2.205568962e-05
88.605000,3.768920594e-05
88.610000,5.624252309e-05
88.615000,7.452210420e-05
88.620000,9.049336825e-05
88.625000,1.035335518e-04
88.630000,1.144168384e-04
88.635000,1.250363227e-04
88.640000,1.379211052e-04
88.645000,1.556483440e-04
88.650000,1.802699614e-04
88.655000,2.128675123e-04
88.660000,2.533182718e-04
88.665000,3.003083932e-04
88.670000,3.515762881e-04
88.675000,4.043231711e-04
88.680000,4.556977586e-04
88.685000,5.032536166e-04
88.690000,5.452905223e-04
88.695000,5.810206746e-04
88.700000,6.105391482e-04
88.705000,6.346174521e-04
88.710000,6.543723722e-04
88.715000,6.708843479e-04
88.720000,6.848474844e-04
88.725000,6.963259532e-04
88.730000,7.046700018e-04
88.735000,7.086123668e-04
88.740000,7.065282607e-04
88.745000,6.968068560e-04
88.750000,6.782573139e-04
88.755000,6.504641269e-04
88.760000,6.140172531e-04
88.765000,5.705696985e-04
88.770000,5.227119765e-04
88.775000,4.736900437e-04
88.780000,4.270221053e-04
88.785000,3.860842335e-04
88.790000,3.537333481e-04
88.795000,3.320211880e-04
88.800000,3.220296927e-04
88.805000,3.238330556e-04
88.810000,3.365702786e-04
88.815000,3.585982130e-04
88.820000,3.876902434e-04
88.825000,4.212490769e-04
88.830000,4.565109155e-04
88.835000,4.907291752e-04
88.840000,5.213356114e-04
88.845000,5.460828731e-04
88.850000,5.631741236e-04
88.855000,5.713826476e-04
88.860000,5.701585047e-04
88.865000,5.597120605e-04
88.870000,5.410577532e-04
88.875000,5.159980109e-04
88.880000,4.870288609e-04
88.885000,4.571567385e-04
88.890000,4.296300714e-04
88.895000,4.076071889e-04
88.900000,3.937999544e-04
88.905000,3.901453104e-04
88.910000,3.975602833e-04
88.915000,4.158276178e-04
88.920000,4.436397212e-04
88.925000,4.788015336e-04
88.930000,5.185637836e-04
88.935000,5.600329131e-04
88.940000,6.005880313e-04
88.945000,6.382320687e-04
88.950000,6.718150032e-04
88.955000,7.010902062e-04
88.960000,7.265967544e-04
88.965000,7.493950760e-04
88.970000,7.707135008e-04
88.975000,7.915823565e-04
88.980000,8.125352876e-04
88.985000,8.334429555e-04
88.990000,8.535148727e-04
88.995000,8.714673308e-04
89.000000,8.858180698e-04
89.005000,8.952404479e-04
89.010000,8.988980418e-04
89.015000,8.966873121e-04
89.020000,8.893388776e-04
89.025000,8.783606400e-04
89.030000,8.658399025e-04
89.035000,8.541485071e-04
89.040000,8.456093243e-04
89.045000,8.421826305e-04
89.050000,8.452193772e-04
89.055000,8.553100510e-04
89.060000,8.722382186e-04
89.065000,8.950311799e-04
89.070000,9.220884809e-04
89.075000,9.513625185e-04
89.080000,9.805632985e-04
89.085000,1.007360763e-03
89.090000,1.029562599e-03
89.095000,1.045252809e-03
89.100000,1.052885692e-03
89.105000,1.051339528e-03
89.110000,1.039941606e-03
89.115000,1.018479006e-03
89.120000,9.872066561e-04
89.125000,9.468564307e-04
89.130000,8.986410299e-04
89.135000,8.442376446e-04
89.140000,7.857321707e-04
89.145000,7.255071217e-04
89.150000,6.660656822e-04
89.155000,6.097990258e-04
89.160000,5.587210026e-04
89.165000,5.142094133e-04
89.170000,4.768018129e-04
89.175000,4.460923892e-04
89.180000,4.207631819e-04
89.185000,3.987591511e-04
89.190000,3.775871226e-04
89.195000,3.546907675e-04
89.200000,3.278352805e-04
89.205000,2.954320053e-04
89.210000,2.567464186e-04
89.215000,2.119592407e-04
89.220000,1.620827354e-04
89.225000,1.087637380e-04
89.230000,5.402419273e-05
89.235000,-4.979615620e-09
89.240000,-5.130964299e-05
89.245000,-9.814934188e-05
89.250000,-1.391390133e-04
89.255000,-1.732687611e-04
89.260000,-1.998871934e-04
89.265000,-2.186765642e-04
89.270000,-2.296417052e-04
89.275000,-2.331222298e-04
89.280000,-2.298228830e-04
89.285000,-2.208445614e-04
89.290000,-2.076919959e-04
89.295000,-1.922352264e-04
89.300000,-1.766105825e-04
89.305000,-1.630607225e-04
89.310000,-1.537288452e-04
89.315000,-1.504355230e-04
89.320000,-1.544743122e-04
89.325000,-1.664623400e-04
89.330000,-1.862741878e-04
89.335000,-2.130731395e-04
89.340000,-2.454362480e-04
89.345000,-2.815524407e-04
89.350000,-3.194597338e-04
89.355000,-3.572813263e-04
89.360000,-3.934221219e-04
89.365000,-4.266965327e-04
89.370000,-4.563730525e-04
89.375000,-4.821378154e-04
89.380000,-5.039946575e-04
89.385000,-5.221300333e-04
89.390000,-5.367755432e-04
89.395000,-5.480982246e-04
89.400000,-5.561399812e-04
89.405000,-5.608146412e-04
89.410000,-5.619570289e-04
89.415000,-5.594062878e-04
89.420000,-5.530982570e-04
89.425000,-5.431407071e-04
89.430000,-5.298508307e-04
89.435000,-5.137450724e-04
89.440000,-4.954843225e-04
89.445000,-4.757893040e-04
89.450000,-4.553485570e-04
89.455000,-4.347429026e-04
89.460000,-4.144053641e-04
89.465000,-3.946256521e-04
89.470000,-3.755960737e-04
89.475000,-3.574842629e-04
89.480000,-3.405103741e-04
89.485000,-3.250043387e-04
89.490000,-3.114231114e-04
89.495000,-3.003175983e-04
89.500000,-2.922518644e-04
89.505000,-2.876900505e-04
89.510000,-2.868759060e-04
89.515000,-2.897334227e-04
89.520000,-2.958137041e-04
89.525000,-3.043036836e-04
89.530000,-3.140989809e-04
89.535000,-3.239293550e-04
89.540000,-3.325141990e-04
89.545000,-3.387197902e-04
89.550000,-3.416906167e-04
89.555000,-3.409335362e-04
89.560000,-3.363439693e-04
89.565000,-3.281752158e-04
89.570000,-3.169626094e-04
89.575000,-3.034213763e-04
89.580000,-2.883394800e-04
89.585000,-2.724843053e-04
89.590000,-2.565358244e-04
89.595000,-2.410507585e-04
89.600000,-2.264544286e-04
89.605000,-2.130513955e-04
89.610000,-2.010437878e-04
89.615000,-1.905475049e-04
89.620000,-1.816003883e-04
89.625000,-1.741614599e-04
89.630000,-1.681048123e-04
89.635000,-1.632144352e-04
89.640000,-1.591866044e-04
89.645000,-1.556446055e-04
89.650000,-1.521672613e-04
89.655000,-1.483290115e-04
89.660000,-1.437461541e-04
89.665000,-1.381220376e-04
89.670000,-1.312838070e-04
89.675000,-1.232046755e-04
89.680000,-1.140081896e-04
89.685000,-1.039539766e-04
89.690000,-9.340737761e-05
89.695000,-8.279764769e-05
89.700000,-7.257073437e-05
89.705000,-6.314292315e-05
89.710000,-5.486095997e-05
89.715000,-4.797285733e-05
89.720000,-4.261175449e-05
89.725000,-3.879324545e-05
89.730000,-3.642480325e-05
89.735000,-3.532456431e-05
89.740000,-3.524596541e-05
89.745000,-3.590461507e-05
89.750000,-3.700426471e-05
89.755000,-3.825963552e-05
89.760000,-3.941488515e-05
89.765000,-4.025739418e-05
89.770000,-4.062712449e-05
89.775000,-4.042199320e-05
89.780000,-3.959959915e-05
89.785000,-3.817541296e-05
89.790000,-3.621739402e-05
89.795000,-3.383706833e-05
89.800000,-3.117742275e-05
89.805000,-2.839846348e-05
89.810000,-2.566178865e-05
89.815000,-2.311585568e-05
89.820000,-2.088364656e-05
89.825000,-1.905410067e-05
89.830000,-1.767805752e-05
89.835000,-1.676867951e-05
89.840000,-1.630560371e-05
89.845000,-1.624157644e-05
89.850000,-1.651016227e-05
89.855000,-1.703329173e-05
89.860000,-1.772782765e-05
89.865000,-1.851083324e-05
89.870000,-1.930365547e-05
89.875000,-2.003517955e-05
89.880000,-2.064462479e-05
89.885000,-2.108407916e-05
89.890000,-2.132070607e-05
89.895000,-2.133831633e-05
89.900000,-2.113787693e-05
89.905000,-2.073657548e-05
89.910000,-2.016526658e-05
89.915000,-1.946443845e-05
89.920000,-1.867916698e-05
89.925000,-1.785377870e-05
89.930000,-1.702705248e-05
89.935000,-1.622871739e-05
89.940000,-1.547775931e-05
89.945000,-1.478268194e-05
89.950000,-1.414345700e-05
89.955000,-1.355454008e-05
89.960000,-1.300811624e-05
89.965000,-1.249674316e-05
89.970000,-1.201479843e-05
89.975000,-1.155855717e-05
89.980000,-1.112519836e-05
89.985000,-1.071139085e-05
89.990000,-1.031219866e-05
89.995000,-9.920823542e-06
