time_s,acceleration_g
0.000000,-3.657398568e-04
0.010000,-3.658662154e-04
0.020000,-3.659899999e-04
0.030000,-3.661112057e-04
0.040000,-3.662298285e-04
0.050000,-3.663458639e-04
0.060000,-3.664593072e-04
0.070000,-3.665701542e-04
0.080000,-3.666784010e-04
0.090000,-3.667840441e-04
0.100000,-3.668870815e-04
0.110000,-3.669875171e-04
0.120000,-3.670853651e-04
0.130000,-3.671806429e-04
0.140000,-3.672733521e-04
0.150000,-3.673634735e-04
0.160000,-3.674510201e-04
0.170000,-3.675361324e-04
0.180000,-3.676190830e-04
0.190000,-3.677000659e-04
0.200000,-3.677789458e-04
0.210000,-3.678554472e-04
0.220000,-3.679299193e-04
0.230000,-3.680038400e-04
0.240000,-3.680788928e-04
0.250000,-3.681548869e-04
0.260000,-3.682289146e-04
0.270000,-3.682981787e-04
0.280000,-3.683654713e-04
0.290000,-3.684419391e-04
0.300000,-3.685419902e-04
0.310000,-3.686725648e-04
0.320000,-3.688268732e-04
0.330000,-3.689896913e-04
0.340000,-3.691477251e-04
0.350000,-3.692911595e-04
0.360000,-3.694027235e-04
0.370000,-3.694476711e-04
0.380000,-3.693839401e-04
0.390000,-3.691977405e-04
0.400000,-3.689384736e-04
0.410000,-3.687061506e-04
0.420000,-3.685790885e-04
0.430000,-3.685451786e-04
0.440000,-3.685233940e-04
0.450000,-3.684878053e-04
0.460000,-3.686018243e-04
0.470000,-3.692119691e-04
0.480000,-3.705942158e-04
0.490000,-3.725601111e-04
0.500000,-3.742933120e-04
0.510000,-3.747180614e-04
0.520000,-3.732032265e-04
0.530000,-3.700231006e-04
0.540000,-3.662143703e-04
0.550000,-3.630193500e-04
0.560000,-3.614116628e-04
0.570000,-3.620298463e-04
0.580000,-3.653216551e-04
0.590000,-3.713123252e-04
0.600000,-3.788194462e-04
0.610000,-3.849764382e-04
0.620000,-3.862639420e-04
0.630000,-3.810168229e-04
0.640000,-3.715669656e-04
0.650000,-3.637447402e-04
0.660000,-3.633302561e-04
0.670000,-3.719214098e-04
0.680000,-3.856579786e-04
0.690000,-3.978514968e-04
0.700000,-4.031830777e-04
0.710000,-4.002505427e-04
0.720000,-3.911349778e-04
0.730000,-3.790300993e-04
0.740000,-3.663153074e-04
0.750000,-3.549741222e-04
0.760000,-3.485717846e-04
0.770000,-3.524107367e-04
0.780000,-3.697257627e-04
0.790000,-3.963582566e-04
0.800000,-4.192486505e-04
0.810000,-4.220548932e-04
0.820000,-3.955268522e-04
0.830000,-3.449818909e-04
0.840000,-2.878564900e-04
0.850000,-2.430375312e-04
0.860000,-2.222927254e-04
0.870000,-2.308401306e-04
0.880000,-2.718845281e-04
0.890000,-3.456296496e-04
0.900000,-4.427207810e-04
0.910000,-5.412477450e-04
0.920000,-6.138089633e-04
0.930000,-6.421297118e-04
0.940000,-6.297626043e-04
0.950000,-6.008544220e-04
0.960000,-5.801411652e-04
0.970000,-5.682911038e-04
0.980000,-5.383247229e-04
0.990000,-4.611189159e-04
1.000000,-3.361338363e-04
1.010000,-1.972679786e-04
1.020000,-9.024816640e-05
1.030000,-4.310183910e-05
1.040000,-5.197963798e-05
1.050000,-9.095884227e-05
1.060000,-1.383217956e-04
1.070000,-1.961815308e-04
1.080000,-2.806852249e-04
1.090000,-3.895354199e-04
1.100000,-4.846716048e-04
1.110000,-5.164749515e-04
1.120000,-4.685973155e-04
1.130000,-3.763293531e-04
1.140000,-2.982544852e-04
1.150000,-2.697105924e-04
1.160000,-2.846010590e-04
1.170000,-3.211101046e-04
1.180000,-3.791356643e-04
1.190000,-4.845245676e-04
1.200000,-6.523430826e-04
1.210000,-8.464170045e-04
1.220000,-9.786172923e-04
1.230000,-9.595127539e-04
1.240000,-7.706876624e-04
1.250000,-5.012631712e-04
1.260000,-3.023507621e-04
1.270000,-2.784692153e-04
1.280000,-4.071679187e-04
1.290000,-5.677852651e-04
1.300000,-6.537561463e-04
1.310000,-6.522930045e-04
1.320000,-6.134475646e-04
1.330000,-5.589507903e-04
1.340000,-4.465221575e-04
1.350000,-2.331425904e-04
1.360000,3.584071303e-05
1.370000,2.168443217e-04
1.380000,1.694955659e-04
1.390000,-1.064388953e-04
1.400000,-4.311576416e-04
1.410000,-5.712995375e-04
1.420000,-4.423639214e-04
1.430000,-2.000464928e-04
1.440000,-1.292946539e-04
1.450000,-4.321791023e-04
1.460000,-1.096186190e-03
1.470000,-1.933772699e-03
1.480000,-2.733821774e-03
1.490000,-3.383134970e-03
1.500000,-3.862396838e-03
1.510000,-4.157924356e-03
1.520000,-4.215973368e-03
1.530000,-4.000768527e-03
1.540000,-3.585494804e-03
1.550000,-3.158868427e-03
1.560000,-2.900787509e-03
1.570000,-2.806095289e-03
1.580000,-2.630649279e-03
1.590000,-2.080061235e-03
1.600000,-1.127434430e-03
1.610000,-1.559562249e-04
1.620000,2.575940739e-04
1.630000,-2.357893955e-04
1.640000,-1.473454772e-03
1.650000,-2.854989239e-03
1.660000,-3.727141098e-03
1.670000,-3.811377031e-03
1.680000,-3.342987069e-03
1.690000,-2.797163682e-03
1.700000,-2.461601872e-03
1.710000,-2.269699555e-03
1.720000,-2.006810970e-03
1.730000,-1.610468967e-03
1.740000,-1.265865156e-03
1.750000,-1.267990168e-03
1.760000,-1.814688501e-03
1.770000,-2.904661703e-03
1.780000,-4.411893068e-03
1.790000,-6.225539858e-03
1.800000,-8.242841717e-03
1.810000,-1.018929563e-02
1.820000,-1.153251124e-02
1.830000,-1.172115404e-02
1.840000,-1.060336853e-02
1.850000,-8.620664305e-03
1.860000,-6.540693248e-03
1.870000,-4.915148702e-03
1.880000,-3.728767228e-03
1.890000,-2.571144915e-03
1.900000,-1.195772459e-03
1.910000,5.638891175e-05
1.920000,4.108361179e-04
1.930000,-6.871228563e-04
1.940000,-2.996506000e-03
1.950000,-5.530936744e-03
1.960000,-7.204487438e-03
1.970000,-7.497404289e-03
1.980000,-6.617243451e-03
1.990000,-5.145146830e-03
2.000000,-3.564629151e-03
2.010000,-2.072055725e-03
2.020000,-7.544622208e-04
2.030000,1.547066440e-04
2.040000,3.180230708e-04
2.050000,-3.509757426e-04
2.060000,-1.431489823e-03
2.070000,-2.210042902e-03
2.080000,-2.263638183e-03
2.090000,-1.890055248e-03
2.100000,-1.902767847e-03
2.110000,-2.857253052e-03
2.120000,-4.399657717e-03
2.130000,-5.409018634e-03
2.140000,-4.835934276e-03
2.150000,-2.477599642e-03
2.160000,9.274264578e-04
2.170000,4.267210371e-03
2.180000,6.797995732e-03
2.190000,8.493791197e-03
2.200000,9.755027295e-03
2.210000,1.078987702e-02
2.220000,1.130339126e-02
2.230000,1.081837719e-02
2.240000,9.291606118e-03
2.250000,7.352267330e-03
2.260000,5.840752550e-03
2.270000,5.074373637e-03
2.280000,4.621386030e-03
2.290000,3.838627574e-03
2.300000,2.602436582e-03
2.310000,1.524836547e-03
2.320000,1.527512105e-03
2.330000,3.160959761e-03
2.340000,6.139825278e-03
2.350000,9.404477704e-03
2.360000,1.168471455e-02
2.370000,1.212220528e-02
2.380000,1.043965573e-02
2.390000,6.639987828e-03
2.400000,7.572394622e-04
2.410000,-6.910793778e-03
2.420000,-1.532676583e-02
2.430000,-2.268424602e-02
2.440000,-2.712552991e-02
2.450000,-2.768212402e-02
2.460000,-2.465390089e-02
2.470000,-1.921935639e-02
2.480000,-1.271868764e-02
2.490000,-6.149414991e-03
2.500000,-1.321496108e-04
2.510000,4.749453257e-03
2.520000,7.681327915e-03
2.530000,7.922416696e-03
2.540000,5.582948551e-03
2.550000,2.040471141e-03
2.560000,-6.726195744e-04
2.570000,-1.081545918e-03
2.580000,1.000827918e-03
2.590000,4.698060435e-03
2.600000,8.778381495e-03
2.610000,1.224134779e-02
2.620000,1.456676746e-02
2.630000,1.561390954e-02
2.640000,1.531412246e-02
2.650000,1.353489643e-02
2.660000,1.028562046e-02
2.670000,5.873098669e-03
2.680000,6.589086860e-04
2.690000,-5.227419181e-03
2.700000,-1.165121858e-02
2.710000,-1.781296810e-02
2.720000,-2.190651830e-02
2.730000,-2.170242524e-02
2.740000,-1.590609403e-02
2.750000,-5.351504361e-03
2.760000,7.007907221e-03
2.770000,1.747502534e-02
2.780000,2.343454742e-02
2.790000,2.445644495e-02
2.800000,2.211817834e-02
2.810000,1.881144848e-02
2.820000,1.637670547e-02
2.830000,1.543670783e-02
2.840000,1.566033960e-02
2.850000,1.643374518e-02
2.860000,1.730360724e-02
2.870000,1.802559749e-02
2.880000,1.845598041e-02
2.890000,1.855354951e-02
2.900000,1.850896244e-02
2.910000,1.873729059e-02
2.920000,1.953608525e-02
2.930000,2.068195057e-02
2.940000,2.147352853e-02
2.950000,2.125948714e-02
2.960000,1.989887233e-02
2.970000,1.768120753e-02
2.980000,1.481448134e-02
2.990000,1.099952608e-02
3.000000,5.606210012e-03
3.010000,-1.457067891e-03
3.020000,-8.865743426e-03
3.030000,-1.408022634e-02
3.040000,-1.487117377e-02
3.050000,-1.095692481e-02
3.060000,-4.244576868e-03
3.070000,2.523122106e-03
3.080000,7.514765448e-03
3.090000,1.061082615e-02
3.100000,1.285274257e-02
3.110000,1.521209371e-02
3.120000,1.776895703e-02
3.130000,1.986317380e-02
3.140000,2.086919392e-02
3.150000,2.081028829e-02
3.160000,2.026801563e-02
3.170000,1.966200731e-02
3.180000,1.865566147e-02
3.190000,1.648599369e-02
3.200000,1.296037110e-02
3.210000,8.895067131e-03
3.220000,5.412167177e-03
3.230000,2.936704442e-03
3.240000,9.363123045e-04
3.250000,-1.539416533e-03
3.260000,-5.126891315e-03
3.270000,-9.800793569e-03
3.280000,-1.516770519e-02
3.290000,-2.102200377e-02
3.300000,-2.730327971e-02
3.310000,-3.323410173e-02
3.320000,-3.666785846e-02
3.330000,-3.482714666e-02
3.340000,-2.631624016e-02
3.350000,-1.290886126e-02
3.360000,6.029026029e-04
3.370000,8.953622057e-03
3.380000,9.796552396e-03
3.390000,5.381570704e-03
3.400000,1.106507249e-03
3.410000,1.863544503e-03
3.420000,8.676667000e-03
3.430000,1.800542514e-02
3.440000,2.431955203e-02
3.450000,2.399968131e-02
3.460000,1.747033993e-02
3.470000,8.259362253e-03
3.480000,5.149245836e-04
3.490000,-2.850307570e-03
3.500000,-7.615572692e-04
3.510000,6.195203186e-03
3.520000,1.636585462e-02
3.530000,2.771402264e-02
3.540000,3.815837782e-02
3.550000,4.565953497e-02
3.560000,4.864419421e-02
3.570000,4.669092430e-02
3.580000,4.056094518e-02
3.590000,3.123037427e-02
3.600000,1.895220833e-02
3.610000,3.581358256e-03
3.620000,-1.399854941e-02
3.630000,-3.087947083e-02
3.640000,-4.283515243e-02
3.650000,-4.639735335e-02
3.660000,-4.078671422e-02
3.670000,-2.841540972e-02
3.680000,-1.367705933e-02
3.690000,-7.242906463e-04
3.700000,8.310507983e-03
3.710000,1.337016916e-02
3.720000,1.509685861e-02
3.730000,1.370181013e-02
3.740000,9.072588740e-03
3.750000,1.435280936e-03
3.760000,-8.373934079e-03
3.770000,-1.900183271e-02
3.780000,-2.869176005e-02
3.790000,-3.557125735e-02
3.800000,-3.833637980e-02
3.810000,-3.701208808e-02
3.820000,-3.315693453e-02
3.830000,-2.919390314e-02
3.840000,-2.715838434e-02
3.850000,-2.754091810e-02
3.860000,-2.885237544e-02
3.870000,-2.827843634e-02
3.880000,-2.337553893e-02
3.890000,-1.394368085e-02
3.900000,-2.585623765e-03
3.910000,6.715404735e-03
3.920000,1.082789509e-02
3.930000,8.725673738e-03
3.940000,1.264975612e-03
3.950000,-9.733941400e-03
3.960000,-2.231847115e-02
3.970000,-3.476111600e-02
3.980000,-4.528990681e-02
3.990000,-5.169366720e-02
4.000000,-5.182731242e-02
4.010000,-4.507083387e-02
4.020000,-3.324516184e-02
4.030000,-1.979630108e-02
4.040000,-7.993563985e-03
4.050000,2.811996559e-04
4.060000,4.626334549e-03
4.070000,5.638398910e-03
4.080000,4.473964609e-03
4.090000,2.751784478e-03
4.100000,2.617690465e-03
4.110000,6.286930486e-03
4.120000,1.473740966e-02
4.130000,2.648335981e-02
4.140000,3.785867938e-02
4.150000,4.505163716e-02
4.160000,4.644792508e-02
4.170000,4.333317090e-02
4.180000,3.827593710e-02
4.190000,3.264446757e-02
4.200000,2.557223934e-02
4.210000,1.515160941e-02
4.220000,5.063172406e-04
4.230000,-1.698561683e-02
4.240000,-3.399069792e-02
4.250000,-4.669039679e-02
4.260000,-5.234373654e-02
4.270000,-4.975553002e-02
4.280000,-3.873429819e-02
4.290000,-1.996184953e-02
4.300000,4.141596257e-03
4.310000,2.891770859e-02
4.320000,4.867860175e-02
4.330000,5.911025017e-02
4.340000,5.931989881e-02
4.350000,5.234335477e-02
4.360000,4.359181455e-02
4.370000,3.781107727e-02
4.380000,3.660985860e-02
4.390000,3.851356698e-02
4.400000,4.109261530e-02
4.410000,4.277013266e-02
4.420000,4.283602987e-02
4.430000,4.053674143e-02
4.440000,3.504030782e-02
4.450000,2.688376597e-02
4.460000,1.950594304e-02
4.470000,1.859188490e-02
4.480000,2.856521350e-02
4.490000,4.858979505e-02
4.500000,7.159335846e-02
4.510000,8.753628685e-02
4.520000,8.876102195e-02
4.530000,7.385957999e-02
4.540000,4.768727249e-02
4.550000,1.779028210e-02
4.560000,-9.940674098e-03
4.570000,-3.305818683e-02
4.580000,-5.089304678e-02
4.590000,-6.190868771e-02
4.600000,-6.331119749e-02
4.610000,-5.336618027e-02
4.620000,-3.368346556e-02
4.630000,-8.858356392e-03
4.640000,1.607611862e-02
4.650000,3.789300903e-02
4.660000,5.557726091e-02
4.670000,6.916512377e-02
4.680000,7.805918646e-02
4.690000,8.021522023e-02
4.700000,7.335496362e-02
4.710000,5.739858122e-02
4.720000,3.553181145e-02
4.730000,1.272470924e-02
4.740000,-6.582113097e-03
4.750000,-1.956902440e-02
4.760000,-2.480801678e-02
4.770000,-2.172449373e-02
4.780000,-1.051699576e-02
4.790000,7.163097209e-03
4.800000,2.734522046e-02
4.810000,4.420936423e-02
4.820000,5.262620609e-02
4.830000,5.114296282e-02
4.840000,4.275792078e-02
4.850000,3.263616112e-02
4.860000,2.465184761e-02
4.870000,1.952373717e-02
4.880000,1.566667793e-02
4.890000,1.149101274e-02
4.900000,6.963172677e-03
4.910000,3.243822573e-03
4.920000,9.666953747e-04
4.930000,-1.019939991e-03
4.940000,-4.830834982e-03
4.950000,-1.109522914e-02
4.960000,-1.750503198e-02
4.970000,-2.028780447e-02
4.980000,-1.726153304e-02
4.990000,-9.377391015e-03
5.000000,3.828122009e-04
5.010000,9.074766846e-03
5.020000,1.489081002e-02
5.030000,1.705300836e-02
5.040000,1.532271612e-02
5.050000,9.757040546e-03
5.060000,9.098308900e-04
5.070000,-9.703549819e-03
5.080000,-1.953242782e-02
5.090000,-2.589320684e-02
5.100000,-2.743100335e-02
5.110000,-2.487707398e-02
5.120000,-2.032298126e-02
5.130000,-1.561574977e-02
5.140000,-1.137206521e-02
5.150000,-7.604641912e-03
5.160000,-5.280783615e-03
5.170000,-6.860125005e-03
5.180000,-1.468353550e-02
5.190000,-2.842005409e-02
5.200000,-4.395624170e-02
5.210000,-5.485671423e-02
5.220000,-5.542809710e-02
5.230000,-4.347308976e-02
5.240000,-2.132150664e-02
5.250000,5.202197179e-03
5.260000,2.936405515e-02
5.270000,4.656696317e-02
5.280000,5.622755967e-02
5.290000,6.107649839e-02
5.300000,6.429478516e-02
5.310000,6.679507635e-02
5.320000,6.651116090e-02
5.330000,5.964425990e-02
5.340000,4.312546197e-02
5.350000,1.757258141e-02
5.360000,-1.112043761e-02
5.370000,-3.378113665e-02
5.380000,-4.285882817e-02
5.390000,-3.638252256e-02
5.400000,-1.809591060e-02
5.410000,5.484180955e-03
5.420000,2.840839832e-02
5.430000,4.691870096e-02
5.440000,5.880193790e-02
5.450000,6.183193330e-02
5.460000,5.357141844e-02
5.470000,3.309479257e-02
5.480000,2.689506791e-03
5.490000,-3.232692642e-02
5.500000,-6.547808204e-02
5.510000,-9.146347555e-02
5.520000,-1.079163483e-01
5.530000,-1.156352356e-01
5.540000,-1.170313735e-01
5.550000,-1.141400805e-01
5.560000,-1.079072835e-01
5.570000,-9.874742488e-02
5.580000,-8.701377974e-02
5.590000,-7.269875860e-02
5.600000,-5.507172322e-02
5.610000,-3.336753685e-02
5.620000,-8.670093706e-03
5.630000,1.460539492e-02
5.640000,2.987711743e-02
5.650000,3.230807665e-02
5.660000,2.233830256e-02
5.670000,5.456575987e-03
5.680000,-1.165317754e-02
5.690000,-2.506260518e-02
5.700000,-3.439174768e-02
5.710000,-4.040978760e-02
5.720000,-4.227967298e-02
5.730000,-3.743241775e-02
5.740000,-2.448334695e-02
5.750000,-6.359145037e-03
5.760000,1.009554852e-02
5.770000,1.875006358e-02
5.780000,1.925419581e-02
5.790000,1.762179175e-02
5.800000,2.138763185e-02
5.810000,3.335346167e-02
5.820000,4.905741930e-02
5.830000,6.002405002e-02
5.840000,6.033779288e-02
5.850000,5.110064662e-02
5.860000,3.868661546e-02
5.870000,2.851120342e-02
5.880000,2.069247058e-02
5.890000,1.162062394e-02
5.900000,-1.194311129e-03
5.910000,-1.635416980e-02
5.920000,-2.990753516e-02
5.930000,-3.873021862e-02
5.940000,-4.280396587e-02
5.950000,-4.432658580e-02
5.960000,-4.405512186e-02
5.970000,-3.849215618e-02
5.980000,-2.191066205e-02
5.990000,7.564968288e-03
6.000000,4.376915582e-02
6.010000,7.489704756e-02
6.020000,9.061889372e-02
6.030000,8.773418394e-02
6.040000,7.017803378e-02
6.050000,4.436580194e-02
6.060000,1.443342935e-02
6.070000,-1.846515674e-02
6.080000,-5.267386126e-02
6.090000,-8.266635723e-02
6.100000,-1.003682590e-01
6.110000,-1.009198705e-01
6.120000,-8.750103211e-02
6.130000,-6.996851761e-02
6.140000,-5.766094514e-02
6.150000,-5.242799025e-02
6.160000,-4.808970688e-02
6.170000,-3.681773055e-02
6.180000,-1.681682603e-02
6.190000,5.194114370e-03
6.200000,1.854000220e-02
6.210000,1.626216858e-02
6.220000,-2.516884839e-04
6.230000,-2.302466072e-02
6.240000,-4.350216538e-02
6.250000,-5.730416119e-02
6.260000,-6.404966777e-02
6.270000,-6.378040534e-02
6.280000,-5.475698746e-02
6.290000,-3.541404159e-02
6.300000,-8.277380466e-03
6.310000,1.887466078e-02
6.320000,3.667898057e-02
6.330000,3.991888325e-02
6.340000,3.047671064e-02
6.350000,1.504490698e-02
6.360000,-3.500672854e-04
6.370000,-1.415270630e-02
6.380000,-2.820194421e-02
6.390000,-4.349258291e-02
6.400000,-5.757872306e-02
6.410000,-6.623830148e-02
6.420000,-6.739693008e-02
6.430000,-6.333600478e-02
6.440000,-5.905034679e-02
6.450000,-5.802399231e-02
6.460000,-5.919765150e-02
6.470000,-5.832485104e-02
6.480000,-5.275033056e-02
6.490000,-4.464955777e-02
6.500000,-3.893299132e-02
6.510000,-3.773185170e-02
6.520000,-3.728818464e-02
6.530000,-3.071380781e-02
6.540000,-1.408445262e-02
6.550000,9.910578638e-03
6.560000,3.401027183e-02
6.570000,5.213244049e-02
6.580000,6.393900444e-02
6.590000,7.453516005e-02
6.600000,8.943251916e-02
6.610000,1.087955740e-01
6.620000,1.260488281e-01
6.630000,1.323704835e-01
6.640000,1.231170844e-01
6.650000,1.005088598e-01
6.660000,7.082084548e-02
6.670000,3.946344515e-02
6.680000,8.578320431e-03
6.690000,-2.138587951e-02
6.700000,-4.862689585e-02
6.710000,-6.894818766e-02
6.720000,-7.768683663e-02
6.730000,-7.266003932e-02
6.740000,-5.562387979e-02
6.750000,-3.122037158e-02
6.760000,-4.412909942e-03
6.770000,2.118722715e-02
6.780000,4.257973700e-02
6.790000,5.584938545e-02
6.800000,5.688024383e-02
6.810000,4.430287074e-02
6.820000,2.136954537e-02
6.830000,-5.351748657e-03
6.840000,-2.920342395e-02
6.850000,-4.624954991e-02
6.860000,-5.616525349e-02
6.870000,-6.067096448e-02
6.880000,-6.073051890e-02
6.890000,-5.533021167e-02
6.900000,-4.320326189e-02
6.910000,-2.543448613e-02
6.920000,-5.922992787e-03
6.930000,1.085360948e-02
6.940000,2.259113471e-02
6.950000,2.974911539e-02
6.960000,3.336831670e-02
6.970000,3.248797891e-02
6.980000,2.417232707e-02
6.990000,6.286697384e-03
7.000000,-1.974663285e-02
7.010000,-4.860319795e-02
7.020000,-7.318143346e-02
7.030000,-8.779631657e-02
7.040000,-9.078450532e-02
7.050000,-8.508524599e-02
7.060000,-7.619708594e-02
7.070000,-6.852225829e-02
7.080000,-6.262155083e-02
7.090000,-5.558388407e-02
7.100000,-4.397414461e-02
7.110000,-2.638611497e-02
7.120000,-3.698691043e-03
7.130000,2.194517588e-02
7.140000,4.780308401e-02
7.150000,7.065464399e-02
7.160000,8.670175047e-02
7.170000,9.145873252e-02
7.180000,8.049898388e-02
7.190000,5.166128942e-02
7.200000,7.478287475e-03
7.210000,-4.396451286e-02
7.220000,-9.020605745e-02
7.230000,-1.176965221e-01
7.240000,-1.174019522e-01
7.250000,-9.063045174e-02
7.260000,-5.027455110e-02
7.270000,-1.475689304e-02
7.280000,1.940140333e-03
7.290000,-2.712537883e-03
7.300000,-2.004855856e-02
7.310000,-3.654107015e-02
7.320000,-4.145346741e-02
7.330000,-3.139129031e-02
7.340000,-1.023833614e-02
7.350000,1.413129779e-02
7.360000,3.372656523e-02
7.370000,4.294733514e-02
7.380000,3.947121545e-02
7.390000,2.430690458e-02
7.400000,1.453394104e-03
7.410000,-2.293581664e-02
7.420000,-4.174496534e-02
7.430000,-4.825180394e-02
7.440000,-3.797252761e-02
7.450000,-1.082721324e-02
7.460000,2.797340408e-02
7.470000,6.952690149e-02
7.480000,1.041708916e-01
7.490000,1.239220376e-01
7.500000,1.243911321e-01
7.510000,1.066379195e-01
7.520000,7.765895545e-02
7.530000,4.795624468e-02
7.540000,2.705447378e-02
7.550000,1.944188371e-02
7.560000,2.278177355e-02
7.570000,2.933581703e-02
7.580000,3.046282813e-02
7.590000,2.173985812e-02
7.600000,4.954376265e-03
7.610000,-1.440778101e-02
7.620000,-3.164780565e-02
7.630000,-4.541632305e-02
7.640000,-5.655840062e-02
7.650000,-6.514311953e-02
7.660000,-6.967933853e-02
7.670000,-7.003025258e-02
7.680000,-7.039456560e-02
7.690000,-7.775168650e-02
7.700000,-9.635824543e-02
7.710000,-1.233799478e-01
7.720000,-1.493244138e-01
7.730000,-1.628926921e-01
7.740000,-1.574649568e-01
7.750000,-1.353989579e-01
7.760000,-1.067840017e-01
7.770000,-8.305226443e-02
7.780000,-7.037017985e-02
7.790000,-6.752468399e-02
7.800000,-6.833744755e-02
7.810000,-6.545581061e-02
7.820000,-5.333361957e-02
7.830000,-3.013121574e-02
7.840000,1.496525743e-03
7.850000,3.505829735e-02
7.860000,6.221526155e-02
7.870000,7.549565579e-02
7.880000,7.109175776e-02
7.890000,5.082009520e-02
7.900000,2.197591532e-02
7.910000,-5.361220548e-03
7.920000,-2.216530353e-02
7.930000,-2.316387148e-02
7.940000,-7.347221153e-03
7.950000,2.272691739e-02
7.960000,6.119502325e-02
7.970000,9.857478466e-02
7.980000,1.227477041e-01
7.990000,1.230027151e-01
8.000000,9.609819160e-02
8.010000,5.038086265e-02
8.020000,4.046074441e-03
8.030000,-2.289017925e-02
8.040000,-1.871956336e-02
8.050000,1.416916297e-02
8.060000,6.175164428e-02
8.070000,1.070753755e-01
8.080000,1.388980066e-01
8.090000,1.549381488e-01
8.100000,1.592036530e-01
8.110000,1.569191575e-01
8.120000,1.510555553e-01
8.130000,1.418710177e-01
8.140000,1.280466605e-01
8.150000,1.077179130e-01
8.160000,7.953427844e-02
8.170000,4.440421180e-02
8.180000,6.665737233e-03
8.190000,-2.737573213e-02
8.200000,-5.293156688e-02
8.210000,-6.900621666e-02
8.220000,-7.758320341e-02
8.230000,-8.108992554e-02
8.240000,-8.046418726e-02
8.250000,-7.489886449e-02
8.260000,-6.325115480e-02
8.270000,-4.624682831e-02
8.280000,-2.760592184e-02
8.290000,-1.265836024e-02
8.300000,-5.344993900e-03
8.310000,-6.024470494e-03
8.320000,-1.141931767e-02
8.330000,-1.616542422e-02
8.340000,-1.497764450e-02
8.350000,-4.816304384e-03
8.360000,1.375467222e-02
8.370000,3.688718479e-02
8.380000,5.906778037e-02
8.390000,7.457984899e-02
8.400000,7.851914983e-02
8.410000,6.859279488e-02
8.420000,4.741584017e-02
8.430000,2.239717415e-02
8.440000,1.631802600e-03
8.450000,-1.131827104e-02
8.460000,-1.923585362e-02
8.470000,-2.812836717e-02
8.480000,-4.154909897e-02
8.490000,-5.659792745e-02
8.500000,-6.494675695e-02
8.510000,-5.853700284e-02
8.520000,-3.558565401e-02
8.530000,-2.284790168e-03
8.540000,3.069738717e-02
8.550000,5.388126340e-02
8.560000,6.254851599e-02
8.570000,5.615236109e-02
8.580000,3.571448581e-02
8.590000,3.199215572e-03
8.600000,-3.653752691e-02
8.610000,-7.482217426e-02
8.620000,-1.018738276e-01
8.630000,-1.113527680e-01
8.640000,-1.029904344e-01
8.650000,-8.129664310e-02
8.660000,-5.142940514e-02
8.670000,-1.591436598e-02
8.680000,2.428219742e-02
8.690000,6.522507943e-02
8.700000,9.747940627e-02
8.710000,1.096779582e-01
8.720000,9.599503740e-02
8.730000,6.130250724e-02
8.740000,1.971071534e-02
8.750000,-1.296709304e-02
8.760000,-2.838778810e-02
8.770000,-3.034782636e-02
8.780000,-3.074249255e-02
8.790000,-3.919632627e-02
8.800000,-5.514926227e-02
8.810000,-6.931279663e-02
8.820000,-7.196514318e-02
8.830000,-5.957264075e-02
8.840000,-3.497596315e-02
8.850000,-3.419768099e-03
8.860000,3.080772778e-02
8.870000,6.431836380e-02
8.880000,9.184635679e-02
8.890000,1.047382570e-01
8.900000,9.439219198e-02
8.910000,5.887124523e-02
8.920000,6.299327954e-03
8.930000,-4.869940378e-02
8.940000,-9.253853327e-02
8.950000,-1.183075163e-01
8.960000,-1.263341968e-01
8.970000,-1.207878341e-01
8.980000,-1.058396965e-01
8.990000,-8.427058805e-02
9.000000,-5.861483040e-02
9.010000,-3.263150482e-02
9.020000,-1.110097616e-02
9.030000,2.020793801e-03
9.040000,5.147355592e-03
9.050000,-1.623844406e-03
9.060000,-1.870542952e-02
9.070000,-4.735207896e-02
9.080000,-8.637570461e-02
9.090000,-1.282940467e-01
9.100000,-1.596172218e-01
9.110000,-1.663821023e-01
9.120000,-1.418046915e-01
9.130000,-9.122840628e-02
9.140000,-3.017114661e-02
9.150000,2.457739145e-02
9.160000,6.409173072e-02
9.170000,8.852811697e-02
9.180000,1.005441510e-01
9.190000,9.948131362e-02
9.200000,8.262839509e-02
9.210000,5.106242110e-02
9.220000,1.338277101e-02
9.230000,-1.652202096e-02
9.240000,-2.651797921e-02
9.250000,-1.309076603e-02
9.260000,1.722375159e-02
9.270000,5.249370278e-02
9.280000,8.165181634e-02
9.290000,9.808816785e-02
9.300000,1.002088784e-01
9.310000,9.049780324e-02
9.320000,7.404215365e-02
9.330000,5.713591238e-02
9.340000,4.605389697e-02
9.350000,4.491025105e-02
9.360000,5.248593709e-02
9.370000,6.120176118e-02
9.380000,6.153545659e-02
9.390000,4.965783331e-02
9.400000,3.133792130e-02
9.410000,1.802040644e-02
9.420000,1.847421578e-02
9.430000,3.305644712e-02
9.440000,5.447217555e-02
9.450000,7.327707348e-02
9.460000,8.317131698e-02
9.470000,8.215398523e-02
9.480000,6.993456075e-02
9.490000,4.581799173e-02
9.500000,1.023445945e-02
9.510000,-3.187294585e-02
9.520000,-7.043290971e-02
9.530000,-9.459412436e-02
9.540000,-9.942180951e-02
9.550000,-8.942673247e-02
9.560000,-7.494263110e-02
9.570000,-6.343933630e-02
9.580000,-5.358275272e-02
9.590000,-3.802757276e-02
9.600000,-1.221657098e-02
9.610000,1.935413518e-02
9.620000,4.493508917e-02
9.630000,5.376639964e-02
9.640000,4.441455459e-02
9.650000,2.642929963e-02
9.660000,1.290833196e-02
9.670000,9.601037565e-03
9.680000,1.081798227e-02
9.690000,6.602660596e-03
9.700000,-5.960051495e-03
9.710000,-1.877816834e-02
9.720000,-1.979946372e-02
9.730000,-3.787343918e-03
9.740000,2.319930954e-02
9.750000,4.873185091e-02
9.760000,6.290815144e-02
9.770000,6.369051210e-02
9.780000,5.593383490e-02
9.790000,4.683818994e-02
9.800000,4.186488884e-02
9.810000,4.324705429e-02
9.820000,5.108912092e-02
9.830000,6.535160008e-02
9.840000,8.612642512e-02
9.850000,1.113803929e-01
9.860000,1.349893576e-01
9.870000,1.484559679e-01
9.880000,1.453659528e-01
9.890000,1.241516864e-01
9.900000,8.726174029e-02
9.910000,3.949251500e-02
9.920000,-1.182027753e-02
9.930000,-5.592452585e-02
9.940000,-7.993437936e-02
9.950000,-7.328165678e-02
9.960000,-3.397926708e-02
9.970000,2.671984029e-02
9.980000,8.596827641e-02
9.990000,1.190355117e-01
10.000000,1.117958494e-01
10.010000,6.723662982e-02
10.020000,2.217907044e-03
10.030000,-6.169039582e-02
10.040000,-1.068842343e-01
10.050000,-1.239601335e-01
10.060000,-1.114422734e-01
10.070000,-7.394249705e-02
10.080000,-2.148924669e-02
10.090000,3.097927293e-02
10.100000,6.730890952e-02
10.110000,7.724620802e-02
10.120000,6.232276731e-02
10.130000,3.539019609e-02
10.140000,1.319412860e-02
10.150000,6.724145539e-03
10.160000,1.609616871e-02
10.170000,3.332040074e-02
10.180000,4.965398150e-02
10.190000,6.052447454e-02
10.200000,6.416899781e-02
10.210000,5.699027208e-02
10.220000,3.225338311e-02
10.230000,-1.474670833e-02
10.240000,-7.942617422e-02
10.250000,-1.463556495e-01
10.260000,-1.960900605e-01
10.270000,-2.151382550e-01
10.280000,-2.019030512e-01
10.290000,-1.658633847e-01
10.300000,-1.217722588e-01
10.310000,-8.238710553e-02
10.320000,-5.356587099e-02
10.330000,-3.416761284e-02
10.340000,-1.959125721e-02
10.350000,-5.249458589e-03
10.360000,1.210989038e-02
10.370000,3.396948889e-02
10.380000,5.870356449e-02
10.390000,8.018874900e-02
10.400000,8.923127395e-02
10.410000,7.898782119e-02
10.420000,5.128230744e-02
10.430000,1.830204867e-02
10.440000,-3.167874160e-03
10.450000,-1.881594831e-03
10.460000,2.043317281e-02
10.470000,5.002395531e-02
10.480000,7.010270092e-02
10.490000,7.108324411e-02
10.500000,5.416760654e-02
10.510000,2.682604441e-02
10.520000,-3.569687322e-03
10.530000,-3.171054440e-02
10.540000,-5.263453021e-02
10.550000,-6.114465958e-02
10.560000,-5.414717118e-02
10.570000,-3.359599437e-02
10.580000,-7.336067704e-03
10.590000,1.355020697e-02
10.600000,2.061473428e-02
10.610000,1.370921647e-02
10.620000,1.340030043e-03
10.630000,-5.323663001e-03
10.640000,3.932389193e-04
10.650000,1.806937828e-02
10.660000,4.261131034e-02
10.670000,6.817593831e-02
10.680000,9.068357782e-02
10.690000,1.083468483e-01
10.700000,1.208176862e-01
10.710000,1.277928237e-01
10.720000,1.281177864e-01
10.730000,1.202608378e-01
10.740000,1.038146328e-01
10.750000,8.041601762e-02
10.760000,5.325151471e-02
10.770000,2.633298184e-02
10.780000,4.300828897e-03
10.790000,-8.923265220e-03
10.800000,-1.337803097e-02
10.810000,-1.475739873e-02
10.820000,-2.125741145e-02
10.830000,-3.797180062e-02
10.840000,-6.378957009e-02
10.850000,-9.214759805e-02
10.860000,-1.143211129e-01
10.870000,-1.242268094e-01
10.880000,-1.219005667e-01
10.890000,-1.114200074e-01
10.900000,-9.470576958e-02
10.910000,-6.897507857e-02
10.920000,-3.141706962e-02
10.930000,1.470900323e-02
10.940000,5.928847611e-02
10.950000,9.009080776e-02
10.960000,9.930643854e-02
10.970000,8.799608330e-02
10.980000,6.512911556e-02
10.990000,4.134715244e-02
11.000000,2.297627812e-02
11.010000,1.147733661e-02
11.020000,6.859290146e-03
11.030000,9.838179236e-03
11.040000,2.068281095e-02
11.050000,3.692804495e-02
11.060000,5.286031398e-02
11.070000,6.182971977e-02
11.080000,5.992796487e-02
11.090000,4.817108804e-02
11.100000,3.158942389e-02
11.110000,1.619558252e-02
11.120000,5.963175508e-03
11.130000,1.532751405e-03
11.140000,1.169402971e-03
11.150000,2.513674394e-03
11.160000,2.819902184e-03
11.170000,-1.998956424e-03
11.180000,-1.626217818e-02
11.190000,-4.019074512e-02
11.200000,-6.632336725e-02
11.210000,-8.147846028e-02
11.220000,-7.415084787e-02
11.230000,-4.235024806e-02
11.240000,3.596695575e-03
11.250000,4.544958965e-02
11.260000,6.621717886e-02
11.270000,5.847957455e-02
11.280000,2.696448704e-02
11.290000,-1.537824954e-02
11.300000,-5.435395877e-02
11.310000,-7.997071057e-02
11.320000,-8.815277271e-02
11.330000,-7.997769451e-02
11.340000,-6.072078199e-02
11.350000,-3.896792229e-02
11.360000,-2.447050129e-02
11.370000,-2.447746576e-02
11.380000,-3.990311251e-02
11.390000,-6.337938389e-02
11.400000,-8.170149825e-02
11.410000,-8.346757916e-02
11.420000,-6.724598276e-02
11.430000,-4.274892535e-02
11.440000,-2.366904389e-02
11.450000,-1.920221572e-02
11.460000,-3.079583990e-02
11.470000,-5.384770819e-02
11.480000,-8.086250257e-02
11.490000,-1.038945143e-01
11.500000,-1.155621277e-01
11.510000,-1.096256862e-01
11.520000,-8.352611646e-02
11.530000,-4.236899543e-02
11.540000,7.678163383e-04
11.550000,3.129915762e-02
11.560000,4.185513898e-02
11.570000,3.580292371e-02
11.580000,2.314473509e-02
11.590000,1.270646193e-02
11.600000,6.735163912e-03
11.610000,1.757864863e-03
11.620000,-5.682956016e-03
11.630000,-1.418814486e-02
11.640000,-1.812901160e-02
11.650000,-1.247262971e-02
11.660000,3.377807748e-03
11.670000,2.618228542e-02
11.680000,5.280945313e-02
11.690000,8.353605636e-02
11.700000,1.212694433e-01
11.710000,1.665427214e-01
11.720000,2.119737638e-01
11.730000,2.414918365e-01
11.740000,2.369971456e-01
11.750000,1.891261072e-01
11.760000,1.043120653e-01
11.770000,2.593985354e-03
11.780000,-9.162026892e-02
11.790000,-1.585441815e-01
11.800000,-1.872386807e-01
11.810000,-1.763581429e-01
11.820000,-1.339110293e-01
11.830000,-7.548969703e-02
11.840000,-1.928334781e-02
11.850000,2.104958438e-02
11.860000,4.172053132e-02
11.870000,4.874420054e-02
11.880000,5.214162106e-02
11.890000,5.827975366e-02
11.900000,6.597715360e-02
11.910000,6.885898897e-02
11.920000,6.098520293e-02
11.930000,4.082016493e-02
11.940000,1.145003628e-02
11.950000,-2.168588243e-02
11.960000,-5.322064729e-02
11.970000,-7.853996426e-02
11.980000,-9.243541293e-02
11.990000,-8.824795058e-02
12.000000,-6.091604994e-02
12.010000,-1.344382949e-02
12.020000,3.916335283e-02
12.030000,7.461944482e-02
12.040000,7.579767197e-02
12.050000,4.196909237e-02
12.060000,-1.046724946e-02
12.070000,-5.849233920e-02
12.080000,-8.570201305e-02
12.090000,-8.891543558e-02
12.100000,-7.588352435e-02
12.110000,-5.861027324e-02
12.120000,-4.768157953e-02
12.130000,-4.950688531e-02
12.140000,-6.524962160e-02
12.150000,-9.035046857e-02
12.160000,-1.155624544e-01
12.170000,-1.304565062e-01
12.180000,-1.278775486e-01
12.190000,-1.068270331e-01
12.200000,-7.299985001e-02
12.210000,-3.699185322e-02
12.220000,-9.623203520e-03
12.230000,3.882199528e-03
12.240000,5.723125059e-03
12.250000,1.105209145e-03
12.260000,-7.150166972e-03
12.270000,-1.850432215e-02
12.280000,-3.006111585e-02
12.290000,-3.416742892e-02
12.300000,-2.261129561e-02
12.310000,4.967309338e-03
12.320000,3.590895189e-02
12.330000,4.964064189e-02
12.340000,3.213481541e-02
12.350000,-1.148459489e-02
12.360000,-5.823704030e-02
12.370000,-8.253396730e-02
12.380000,-7.284926390e-02
12.390000,-3.715907034e-02
12.400000,4.741010434e-03
12.410000,3.405908132e-02
12.420000,4.176917515e-02
12.430000,2.967815809e-02
12.440000,6.110888420e-03
12.450000,-1.920737543e-02
12.460000,-3.796203783e-02
12.470000,-4.396972312e-02
12.480000,-3.427752486e-02
12.490000,-1.159392425e-02
12.500000,1.472413460e-02
12.510000,3.240960684e-02
12.520000,3.363841438e-02
12.530000,2.053866512e-02
12.540000,3.822164460e-03
12.550000,-5.450182526e-03
12.560000,-4.707668100e-03
12.570000,-1.146101346e-03
12.580000,-3.699000440e-03
12.590000,-1.349910087e-02
12.600000,-2.219441053e-02
12.610000,-1.927505112e-02
12.620000,-1.501676070e-03
12.630000,2.323837330e-02
12.640000,4.068010658e-02
12.650000,4.026897457e-02
12.660000,2.264623843e-02
12.670000,-1.776464959e-03
12.680000,-2.137233399e-02
12.690000,-3.081863402e-02
12.700000,-3.161766159e-02
12.710000,-2.726177643e-02
12.720000,-1.936070884e-02
12.730000,-8.689700497e-03
12.740000,1.185849741e-03
12.750000,3.454630949e-03
12.760000,-6.737363127e-03
12.770000,-2.544207098e-02
12.780000,-3.865604625e-02
12.790000,-3.044945115e-02
12.800000,4.148784650e-03
12.810000,5.275972822e-02
12.820000,9.336192873e-02
12.830000,1.104360437e-01
12.840000,1.048907018e-01
12.850000,8.944196863e-02
12.860000,7.541595934e-02
12.870000,6.354851005e-02
12.880000,4.588203039e-02
12.890000,1.589101979e-02
12.900000,-2.251883077e-02
12.910000,-5.547695359e-02
12.920000,-6.903424843e-02
12.930000,-5.946801418e-02
12.940000,-3.475828715e-02
12.950000,-6.858349019e-03
12.960000,1.757458845e-02
12.970000,4.073433424e-02
12.980000,7.018696792e-02
12.990000,1.117376775e-01
13.000000,1.634952770e-01
13.010000,2.151937904e-01
13.020000,2.533147489e-01
13.030000,2.675547798e-01
13.040000,2.532561889e-01
13.050000,2.099401523e-01
13.060000,1.409988250e-01
13.070000,5.649842497e-02
13.080000,-2.580102701e-02
13.090000,-8.629352732e-02
13.100000,-1.137033870e-01
13.110000,-1.110525565e-01
13.120000,-9.158424640e-02
13.130000,-6.746727981e-02
13.140000,-4.080697044e-02
13.150000,-5.241087864e-03
13.160000,4.277484235e-02
13.170000,9.364149536e-02
13.180000,1.263070768e-01
13.190000,1.220736327e-01
13.200000,7.867066218e-02
13.210000,1.238848549e-02
13.220000,-5.255807176e-02
13.230000,-9.758881515e-02
13.240000,-1.163510279e-01
13.250000,-1.122328728e-01
13.260000,-9.151085118e-02
13.270000,-5.862951264e-02
13.280000,-1.730620924e-02
13.290000,2.485512496e-02
13.300000,5.527431532e-02
13.310000,6.295903759e-02
13.320000,4.766906566e-02
13.330000,2.176933519e-02
13.340000,1.068772459e-03
13.350000,-7.893716281e-03
13.360000,-1.220910806e-02
13.370000,-2.411353530e-02
13.380000,-4.797447348e-02
13.390000,-7.586072570e-02
13.400000,-9.539673157e-02
13.410000,-1.007033348e-01
13.420000,-9.589421466e-02
13.430000,-8.997365783e-02
13.440000,-8.918337741e-02
13.450000,-9.267852697e-02
13.460000,-9.430266645e-02
13.470000,-8.921538414e-02
13.480000,-7.941744396e-02
13.490000,-7.187692733e-02
13.500000,-7.017582204e-02
13.510000,-6.837808738e-02
13.520000,-5.463546348e-02
13.530000,-2.219739915e-02
13.540000,2.284456895e-02
13.550000,6.521344068e-02
13.560000,9.215354092e-02
13.570000,1.018008079e-01
13.580000,1.010061158e-01
13.590000,9.635533591e-02
13.600000,8.804886884e-02
13.610000,7.251027796e-02
13.620000,5.049498660e-02
13.630000,3.133126951e-02
13.640000,2.731891487e-02
13.650000,4.281395833e-02
13.660000,6.860476883e-02
13.670000,8.705823994e-02
13.680000,8.388714999e-02
13.690000,5.771114345e-02
13.700000,2.041618718e-02
13.710000,-1.238158708e-02
13.720000,-3.312389494e-02
13.730000,-4.547470894e-02
13.740000,-5.613200492e-02
13.750000,-6.485923834e-02
13.760000,-6.391766870e-02
13.770000,-4.707480256e-02
13.780000,-1.839446267e-02
13.790000,7.856138235e-03
13.800000,1.647107387e-02
13.810000,2.631852686e-03
13.820000,-2.399792338e-02
13.830000,-4.662712808e-02
13.840000,-5.396172908e-02
13.850000,-4.624422293e-02
13.860000,-3.012591559e-02
13.870000,-1.024917978e-02
13.880000,1.244415236e-02
13.890000,3.538428224e-02
13.900000,5.000085756e-02
13.910000,4.441453767e-02
13.920000,1.174804342e-02
13.930000,-4.265134404e-02
13.940000,-1.014240611e-01
13.950000,-1.439244369e-01
13.960000,-1.577198561e-01
13.970000,-1.441683844e-01
13.980000,-1.140740396e-01
13.990000,-7.857924614e-02
14.000000,-4.457185089e-02
14.010000,-1.757854342e-02
14.020000,-5.815397030e-03
14.030000,-1.829035705e-02
14.040000,-5.742719663e-02
14.050000,-1.128391188e-01
14.060000,-1.627347425e-01
14.070000,-1.846822443e-01
14.080000,-1.698286478e-01
14.090000,-1.290186208e-01
14.100000,-8.403516014e-02
14.110000,-5.087528628e-02
14.120000,-2.970974044e-02
14.130000,-9.083516430e-03
14.140000,2.117713040e-02
14.150000,5.990283924e-02
14.160000,9.489219508e-02
14.170000,1.122804256e-01
14.180000,1.068015785e-01
14.190000,8.485290341e-02
14.200000,5.882653811e-02
14.210000,3.823895704e-02
14.220000,2.497192341e-02
14.230000,1.558596652e-02
14.240000,7.197051829e-03
14.250000,8.150977262e-04
14.260000,-1.413096226e-04
14.270000,7.037742693e-03
14.280000,2.330582173e-02
14.290000,4.860799751e-02
14.300000,8.181404586e-02
14.310000,1.189760316e-01
14.320000,1.517721651e-01
14.330000,1.689554514e-01
14.340000,1.621468786e-01
14.350000,1.330470350e-01
14.360000,9.502157350e-02
14.370000,6.480825382e-02
14.380000,5.012367999e-02
14.390000,4.481643716e-02
14.400000,3.625042364e-02
14.410000,1.755440267e-02
14.420000,-6.204642812e-03
14.430000,-2.223124595e-02
14.440000,-2.032569795e-02
14.450000,-1.010952355e-03
14.460000,2.461839693e-02
14.470000,4.261711376e-02
14.480000,4.496691171e-02
14.490000,3.301943795e-02
14.500000,1.417053842e-02
14.510000,-4.387886411e-03
14.520000,-1.900134832e-02
14.530000,-2.758812623e-02
14.540000,-2.644118109e-02
14.550000,-1.141395784e-02
14.560000,1.708161311e-02
14.570000,5.138231641e-02
14.580000,7.986226737e-02
14.590000,9.357714143e-02
14.600000,9.076182156e-02
14.610000,7.555678745e-02
14.620000,5.214426581e-02
14.630000,2.015756015e-02
14.640000,-2.346902900e-02
14.650000,-7.801258931e-02
14.660000,-1.349498507e-01
14.670000,-1.806817347e-01
14.680000,-2.034972628e-01
14.690000,-1.992762789e-01
14.700000,-1.723232748e-01
14.710000,-1.314749779e-01
14.720000,-8.507497809e-02
14.730000,-3.923064081e-02
14.740000,-6.886292389e-05
14.750000,2.433684350e-02
14.760000,2.674861138e-02
14.770000,6.991650018e-03
14.780000,-2.440903289e-02
14.790000,-4.986098223e-02
14.800000,-5.435376142e-02
14.810000,-3.444967983e-02
14.820000,5.227655594e-04
14.830000,3.619524178e-02
14.840000,6.292940075e-02
14.850000,7.918935922e-02
14.860000,8.722088962e-02
14.870000,8.748301935e-02
14.880000,7.812492366e-02
14.890000,5.909710836e-02
14.900000,3.537861060e-02
14.910000,1.527167300e-02
14.920000,5.030931618e-03
14.930000,4.247539994e-03
14.940000,5.386092409e-03
14.950000,-1.879003747e-03
14.960000,-2.385899574e-02
14.970000,-5.850437201e-02
14.980000,-9.726352649e-02
14.990000,-1.308628744e-01
15.000000,-1.528566713e-01
15.010000,-1.588527637e-01
15.020000,-1.454779866e-01
15.030000,-1.126815807e-01
15.040000,-6.719631831e-02
15.050000,-2.182284171e-02
15.060000,1.128517244e-02
15.070000,2.837552589e-02
15.080000,3.556925567e-02
15.090000,4.239187959e-02
15.100000,5.299156835e-02
15.110000,6.175349077e-02
15.120000,5.638240377e-02
15.130000,2.740494751e-02
15.140000,-2.211089958e-02
15.150000,-7.578770984e-02
15.160000,-1.144799545e-01
15.170000,-1.286849821e-01
15.180000,-1.219576283e-01
15.190000,-1.049441475e-01
15.200000,-8.756606116e-02
15.210000,-7.521439290e-02
15.220000,-6.978779892e-02
15.230000,-7.283215928e-02
15.240000,-8.633339869e-02
15.250000,-1.090077535e-01
15.260000,-1.318459331e-01
15.270000,-1.394153479e-01
15.280000,-1.184866467e-01
15.290000,-6.772402486e-02
15.300000,-9.917221308e-06
15.310000,6.476813879e-02
15.320000,1.101864574e-01
15.330000,1.289409955e-01
15.340000,1.215852602e-01
15.350000,9.241494852e-02
15.360000,4.721980373e-02
15.370000,-5.694335561e-03
15.380000,-5.356359582e-02
15.390000,-8.059019026e-02
15.400000,-7.474660581e-02
15.410000,-3.589601842e-02
15.420000,2.234479143e-02
15.430000,7.995689849e-02
15.440000,1.213705699e-01
15.450000,1.410967428e-01
15.460000,1.411922743e-01
15.470000,1.252859835e-01
15.480000,9.564686443e-02
15.490000,5.515546746e-02
15.500000,1.049195899e-02
15.510000,-2.838655260e-02
15.520000,-5.329612534e-02
15.530000,-6.285146786e-02
15.540000,-6.218592321e-02
15.550000,-5.703873714e-02
15.560000,-4.734191744e-02
15.570000,-2.646032287e-02
15.580000,1.182711202e-02
15.590000,6.343878112e-02
15.600000,1.106070830e-01
15.610000,1.304449542e-01
15.620000,1.100700552e-01
15.630000,5.630111902e-02
15.640000,-7.501206262e-03
15.650000,-5.477596691e-02
15.660000,-6.996264917e-02
15.670000,-5.450825213e-02
15.680000,-2.199107400e-02
15.690000,1.216503135e-02
15.700000,3.803470198e-02
15.710000,5.199536913e-02
15.720000,5.370730852e-02
15.730000,4.372459717e-02
15.740000,2.365268085e-02
15.750000,-2.698044713e-03
15.760000,-2.999926524e-02
15.770000,-5.407290790e-02
15.780000,-7.301744894e-02
15.790000,-8.470504498e-02
15.800000,-8.429856950e-02
15.810000,-6.676451343e-02
15.820000,-3.305416901e-02
15.830000,6.940899319e-03
15.840000,3.880130246e-02
15.850000,5.233784151e-02
15.860000,4.833944724e-02
15.870000,3.884774351e-02
15.880000,4.012934816e-02
15.890000,6.178316428e-02
15.900000,9.946838072e-02
15.910000,1.376858704e-01
15.920000,1.607775292e-01
15.930000,1.626973098e-01
15.940000,1.480577539e-01
15.950000,1.256625115e-01
15.960000,1.013837390e-01
15.970000,7.604173418e-02
15.980000,4.899990823e-02
15.990000,2.316442977e-02
16.000000,5.539344434e-03
16.010000,2.009812354e-03
16.020000,1.177153173e-02
16.030000,2.772373034e-02
16.040000,4.276159763e-02
16.050000,5.565212948e-02
16.060000,7.047484956e-02
16.070000,8.970127634e-02
16.080000,1.075815472e-01
16.090000,1.115032328e-01
16.100000,9.180989971e-02
16.110000,5.132871949e-02
16.120000,5.183249152e-03
16.130000,-2.903882370e-02
16.140000,-4.173469289e-02
16.150000,-3.409395036e-02
16.160000,-1.285626210e-02
16.170000,1.678103679e-02
16.180000,5.327746830e-02
16.190000,9.435875974e-02
16.200000,1.317150465e-01
16.210000,1.520908978e-01
16.220000,1.452744095e-01
16.230000,1.114934368e-01
16.240000,6.122925008e-02
16.250000,8.373656918e-03
16.260000,-3.679104902e-02
16.270000,-6.982067399e-02
16.280000,-8.918406628e-02
16.290000,-9.156032143e-02
16.300000,-7.072243579e-02
16.310000,-2.321476114e-02
16.320000,4.334559002e-02
16.330000,1.087584249e-01
16.340000,1.496133154e-01
16.350000,1.526496160e-01
16.360000,1.216708595e-01
16.370000,7.408842522e-02
16.380000,3.069184997e-02
16.390000,5.156565712e-03
16.400000,-8.061570018e-04
16.410000,5.454667392e-03
16.420000,1.438126805e-02
16.430000,1.880056179e-02
16.440000,1.404821069e-02
16.450000,-3.440792898e-03
16.460000,-3.545484900e-02
16.470000,-7.891332369e-02
16.480000,-1.237046990e-01
16.490000,-1.552650375e-01
16.500000,-1.614279449e-01
16.510000,-1.382954199e-01
16.520000,-9.093725928e-02
16.530000,-3.019789706e-02
16.540000,3.073273095e-02
16.550000,7.873685333e-02
16.560000,1.030070515e-01
16.570000,9.747288878e-02
16.580000,6.310859327e-02
16.590000,9.524829848e-03
16.600000,-4.590179141e-02
16.610000,-8.351650360e-02
16.620000,-9.041796936e-02
16.630000,-6.715103739e-02
16.640000,-2.636708891e-02
16.650000,1.529219806e-02
16.660000,4.493506185e-02
16.670000,5.603542751e-02
16.680000,4.750068176e-02
16.690000,2.223223197e-02
16.700000,-1.447503872e-02
16.710000,-5.679467545e-02
16.720000,-9.923573019e-02
16.730000,-1.364000733e-01
16.740000,-1.632198706e-01
16.750000,-1.757910323e-01
16.760000,-1.712750851e-01
16.770000,-1.472583792e-01
16.780000,-1.029080260e-01
16.790000,-4.213902278e-02
16.800000,2.413576515e-02
16.810000,7.939461992e-02
16.820000,1.068507255e-01
16.830000,9.699236924e-02
16.840000,5.363019912e-02
16.850000,-6.138838596e-03
16.860000,-5.957381211e-02
16.870000,-8.912388359e-02
16.880000,-8.930952668e-02
16.890000,-6.614189986e-02
16.900000,-3.153505916e-02
16.910000,2.421188779e-03
16.920000,2.667454529e-02
16.930000,3.622364477e-02
16.940000,2.968601534e-02
16.950000,7.648528183e-03
16.960000,-2.877993289e-02
16.970000,-7.710763396e-02
16.980000,-1.311072973e-01
16.990000,-1.805649569e-01
17.000000,-2.143882745e-01
17.010000,-2.245312028e-01
17.020000,-2.085566413e-01
17.030000,-1.705296779e-01
17.040000,-1.196443082e-01
17.050000,-6.671582696e-02
17.060000,-2.127361108e-02
17.070000,8.957425551e-03
17.080000,1.834121070e-02
17.090000,5.320789130e-03
17.100000,-2.556316078e-02
17.110000,-6.345435830e-02
17.120000,-9.260371197e-02
17.130000,-9.616697766e-02
17.140000,-6.333826247e-02
17.150000,3.627663866e-03
17.160000,8.864934195e-02
17.170000,1.687728341e-01
17.180000,2.240539259e-01
17.190000,2.448350629e-01
17.200000,2.339244060e-01
17.210000,2.037766914e-01
17.220000,1.705721549e-01
17.230000,1.481285233e-01
17.240000,1.436931731e-01
17.250000,1.560320674e-01
17.260000,1.762214060e-01
17.270000,1.918860439e-01
17.280000,1.934718367e-01
17.290000,1.784102867e-01
17.300000,1.503630030e-01
17.310000,1.151861335e-01
17.320000,7.725973221e-02
17.330000,3.826507316e-02
17.340000,-1.151191156e-03
17.350000,-3.776449617e-02
17.360000,-6.367366908e-02
17.370000,-6.952976922e-02
17.380000,-5.197748411e-02
17.390000,-1.888065798e-02
17.400000,1.313054575e-02
17.410000,2.803226111e-02
17.420000,2.026118532e-02
17.430000,-2.423429649e-03
17.440000,-2.555360615e-02
17.450000,-3.853927265e-02
17.460000,-4.043644389e-02
17.470000,-3.736568171e-02
17.480000,-3.575162851e-02
17.490000,-3.770657503e-02
17.500000,-4.130045983e-02
17.510000,-4.413659157e-02
17.520000,-4.666272520e-02
17.530000,-5.229639201e-02
17.540000,-6.423472417e-02
17.550000,-8.199561795e-02
17.560000,-1.011805235e-01
17.570000,-1.166419472e-01
17.580000,-1.258800007e-01
17.590000,-1.300791539e-01
17.600000,-1.329638862e-01
17.610000,-1.384867448e-01
17.620000,-1.480264871e-01
17.630000,-1.586530023e-01
17.640000,-1.639104071e-01
17.650000,-1.561384112e-01
17.660000,-1.288487220e-01
17.670000,-7.998317314e-02
17.680000,-1.604537665e-02
17.690000,4.713869733e-02
17.700000,9.073267190e-02
17.710000,1.031867028e-01
17.720000,8.708431750e-02
17.730000,5.769961896e-02
17.740000,3.398633560e-02
17.750000,2.751802236e-02
17.760000,3.685427497e-02
17.770000,5.111615406e-02
17.780000,5.911198825e-02
17.790000,5.668841662e-02
17.800000,4.811941347e-02
17.810000,4.240004573e-02
17.820000,4.784900111e-02
17.830000,6.836613688e-02
17.840000,1.028022042e-01
17.850000,1.462903960e-01
17.860000,1.914785519e-01
17.870000,2.291075828e-01
17.880000,2.490270676e-01
17.890000,2.426446252e-01
17.900000,2.063580811e-01
17.910000,1.440586699e-01
17.920000,6.672340392e-02
17.930000,-1.101623132e-02
17.940000,-7.519704128e-02
17.950000,-1.152820518e-01
17.960000,-1.247796418e-01
17.970000,-1.014032248e-01
17.980000,-4.877664071e-02
17.990000,2.100174353e-02
18.000000,8.799894252e-02
18.010000,1.314271897e-01
18.020000,1.399059823e-01
18.030000,1.172066461e-01
18.040000,7.881252674e-02
18.050000,4.248555123e-02
18.060000,1.997992345e-02
18.070000,1.415651960e-02
18.080000,2.077745576e-02
18.090000,3.217392657e-02
18.100000,4.092825732e-02
18.110000,4.284693885e-02
18.120000,3.833856278e-02
18.130000,3.134369921e-02
18.140000,2.650178016e-02
18.150000,2.640745352e-02
18.160000,2.992875102e-02
18.170000,3.187080338e-02
18.180000,2.515751548e-02
18.190000,5.674764311e-03
18.200000,-2.399330909e-02
18.210000,-5.623653516e-02
18.220000,-8.415523843e-02
18.230000,-1.056771495e-01
18.240000,-1.230454940e-01
18.250000,-1.393478278e-01
18.260000,-1.549230848e-01
18.270000,-1.660284452e-01
18.280000,-1.675678114e-01
18.290000,-1.584875772e-01
18.300000,-1.444458738e-01
18.310000,-1.338844085e-01
18.320000,-1.304877263e-01
18.330000,-1.291696051e-01
18.340000,-1.195746976e-01
18.350000,-9.450898221e-02
18.360000,-5.676388138e-02
18.370000,-1.895713429e-02
18.380000,3.868186707e-03
18.390000,3.611067339e-03
18.400000,-1.638396289e-02
18.410000,-4.443939884e-02
18.420000,-6.792931988e-02
18.430000,-7.916888954e-02
18.440000,-7.682345737e-02
18.450000,-6.403495288e-02
18.460000,-4.606578143e-02
18.470000,-2.893157689e-02
18.480000,-1.830937402e-02
18.490000,-1.739515928e-02
18.500000,-2.450360231e-02
18.510000,-3.360476687e-02
18.520000,-3.926182125e-02
18.530000,-4.211968744e-02
18.540000,-4.896327921e-02
18.550000,-6.618642384e-02
18.560000,-9.221314970e-02
18.570000,-1.158510245e-01
18.580000,-1.227510825e-01
18.590000,-1.054664152e-01
18.600000,-6.917477259e-02
18.610000,-2.815163361e-02
18.620000,4.057451753e-03
18.630000,2.222764293e-02
18.640000,2.891563443e-02
18.650000,2.793602081e-02
18.660000,1.883954251e-02
18.670000,-2.904148953e-03
18.680000,-4.078431831e-02
18.690000,-9.151470597e-02
18.700000,-1.433449435e-01
18.710000,-1.805549591e-01
18.720000,-1.916155034e-01
18.730000,-1.750319935e-01
18.740000,-1.387861730e-01
18.750000,-9.516281406e-02
18.760000,-5.582899210e-02
18.770000,-2.932249231e-02
18.780000,-1.951731068e-02
18.790000,-2.414874004e-02
18.800000,-3.507550019e-02
18.810000,-4.195100589e-02
18.820000,-3.812711431e-02
18.830000,-2.513938743e-02
18.840000,-1.218088592e-02
18.850000,-9.948750403e-03
18.860000,-2.285366856e-02
18.870000,-4.580157492e-02
18.880000,-6.818863755e-02
18.890000,-8.131078681e-02
18.900000,-8.290289939e-02
18.910000,-7.603903609e-02
18.920000,-6.470257304e-02
18.930000,-5.043209469e-02
18.940000,-3.275635760e-02
18.950000,-1.240999649e-02
18.960000,6.489678772e-03
18.970000,1.845726536e-02
18.980000,2.195370404e-02
18.990000,2.288489244e-02
19.000000,3.126624563e-02
19.010000,5.243655069e-02
19.020000,8.142347010e-02
19.030000,1.072163035e-01
19.040000,1.226044562e-01
19.050000,1.286754318e-01
19.060000,1.301125107e-01
19.070000,1.282550736e-01
19.080000,1.197411940e-01
19.090000,1.010953515e-01
19.100000,7.426369488e-02
19.110000,4.818531354e-02
19.120000,3.434044034e-02
19.130000,3.868813167e-02
19.140000,5.662384789e-02
19.150000,7.650714365e-02
19.160000,8.963833693e-02
19.170000,9.753290560e-02
19.180000,1.092451421e-01
19.190000,1.311507717e-01
19.200000,1.589986064e-01
19.210000,1.797501343e-01
19.220000,1.816876407e-01
19.230000,1.641393594e-01
19.240000,1.384364936e-01
19.250000,1.188689888e-01
19.260000,1.111622840e-01
19.270000,1.087130495e-01
19.280000,9.988942095e-02
19.290000,7.921153198e-02
19.300000,5.187415162e-02
19.310000,2.828456132e-02
19.320000,1.525334972e-02
19.330000,1.266923429e-02
19.340000,1.727560401e-02
19.350000,2.756799521e-02
19.360000,4.419288660e-02
19.370000,6.618024602e-02
19.380000,8.738368378e-02
19.390000,9.737552092e-02
19.400000,8.803656981e-02
19.410000,6.151179441e-02
19.420000,3.119512528e-02
19.430000,1.228215775e-02
19.440000,9.604839503e-03
19.450000,1.437975933e-02
19.460000,1.260773305e-02
19.470000,-3.121735933e-03
19.480000,-2.848610625e-02
19.490000,-5.241597191e-02
19.500000,-6.747361195e-02
19.510000,-7.642642496e-02
19.520000,-8.879924384e-02
19.530000,-1.106862344e-01
19.540000,-1.381257631e-01
19.550000,-1.603483995e-01
19.560000,-1.685413432e-01
19.570000,-1.612203911e-01
19.580000,-1.428476742e-01
19.590000,-1.192506921e-01
19.600000,-9.441666537e-02
19.610000,-7.054192332e-02
19.620000,-5.052927397e-02
19.630000,-3.967296235e-02
19.640000,-4.295136096e-02
19.650000,-5.902731130e-02
19.660000,-7.764084093e-02
19.670000,-8.543458077e-02
19.680000,-7.652080189e-02
19.690000,-5.791726413e-02
19.700000,-4.364079725e-02
19.710000,-4.168907964e-02
19.720000,-4.542130735e-02
19.730000,-3.768602802e-02
19.740000,-4.959080186e-03
19.750000,5.022128461e-02
19.760000,1.091765078e-01
19.770000,1.496858872e-01
19.780000,1.606069287e-01
19.790000,1.465202893e-01
19.800000,1.204761667e-01
19.810000,9.364828190e-02
19.820000,7.094774784e-02
19.830000,5.362294666e-02
19.840000,4.357099284e-02
19.850000,4.399525382e-02
19.860000,5.556091250e-02
19.870000,7.281989862e-02
19.880000,8.655364900e-02
19.890000,9.108633147e-02
19.900000,8.906402036e-02
19.910000,8.842038665e-02
19.920000,9.423216226e-02
19.930000,1.028728393e-01
19.940000,1.040593954e-01
19.950000,8.986157300e-02
19.960000,6.273039383e-02
19.970000,3.442280887e-02
19.980000,1.658680723e-02
19.990000,1.196458199e-02
20.000000,1.335310255e-02
20.010000,9.791002569e-03
20.020000,-5.287141607e-03
20.030000,-2.954575318e-02
20.040000,-5.416507331e-02
20.050000,-7.131261764e-02
20.060000,-7.998597351e-02
20.070000,-8.486525716e-02
20.080000,-8.981071210e-02
20.090000,-9.279971845e-02
20.100000,-8.731079787e-02
20.110000,-6.891494525e-02
20.120000,-4.110153490e-02
20.130000,-1.479949590e-02
20.140000,-1.158900405e-03
20.150000,-3.257242477e-03
20.160000,-1.418220824e-02
20.170000,-2.343219779e-02
20.180000,-2.540756039e-02
20.190000,-2.219325705e-02
20.200000,-1.958015074e-02
20.210000,-2.154764049e-02
20.220000,-2.783614398e-02
20.230000,-3.526567127e-02
20.240000,-4.099687156e-02
20.250000,-4.514775265e-02
20.260000,-5.080348877e-02
20.270000,-6.172961397e-02
20.280000,-7.966532241e-02
20.290000,-1.023286856e-01
20.300000,-1.225184410e-01
20.310000,-1.292362184e-01
20.320000,-1.115425973e-01
20.330000,-6.419273205e-02
20.340000,7.650415429e-03
20.350000,8.820657546e-02
20.360000,1.571762242e-01
20.370000,1.987437728e-01
20.380000,2.068551319e-01
20.390000,1.842604541e-01
20.400000,1.389988685e-01
20.410000,8.180193001e-02
20.420000,2.392140711e-02
20.430000,-2.534853173e-02
20.440000,-6.007959423e-02
20.450000,-7.747040685e-02
20.460000,-7.729870333e-02
20.470000,-6.164321008e-02
20.480000,-3.408384921e-02
20.490000,1.447596274e-03
20.500000,4.065955063e-02
20.510000,7.741301890e-02
20.520000,1.030552313e-01
20.530000,1.091749096e-01
20.540000,9.271243674e-02
20.550000,5.864305279e-02
20.560000,1.722350211e-02
20.570000,-2.156608915e-02
20.580000,-5.171563136e-02
20.590000,-7.150582187e-02
20.600000,-8.162520615e-02
20.610000,-8.254444094e-02
20.620000,-7.345154383e-02
20.630000,-5.487616853e-02
20.640000,-3.256930438e-02
20.650000,-1.642249397e-02
20.660000,-1.282383935e-02
20.670000,-1.750950665e-02
20.680000,-1.695703721e-02
20.690000,2.034843251e-03
20.700000,4.257556431e-02
20.710000,9.503075981e-02
20.720000,1.424589922e-01
20.730000,1.696017056e-01
20.740000,1.693762979e-01
20.750000,1.432934741e-01
20.760000,9.722716075e-02
20.770000,3.775635115e-02
20.780000,-2.732780723e-02
20.790000,-8.652158948e-02
20.800000,-1.252808797e-01
20.810000,-1.316460890e-01
20.820000,-1.032304557e-01
20.830000,-5.019136659e-02
20.840000,8.785871123e-03
20.850000,5.569836963e-02
20.860000,8.122929849e-02
20.870000,8.536114974e-02
20.880000,7.148927851e-02
20.890000,4.174879016e-02
20.900000,-1.150767409e-03
20.910000,-4.915510776e-02
20.920000,-8.846927199e-02
20.930000,-1.055370163e-01
20.940000,-9.468653524e-02
20.950000,-6.143795222e-02
20.960000,-1.879644343e-02
20.970000,2.110807366e-02
20.980000,5.336662949e-02
20.990000,7.890971719e-02
21.000000,9.757056636e-02
21.010000,1.043905711e-01
21.020000,9.402428778e-02
21.030000,6.802956548e-02
21.040000,3.664776595e-02
21.050000,1.327189354e-02
21.060000,6.764398087e-03
21.070000,1.740088198e-02
21.080000,3.857329640e-02
21.090000,6.228209278e-02
21.100000,8.381394637e-02
21.110000,1.018824528e-01
21.120000,1.150830589e-01
21.130000,1.194672261e-01
21.140000,1.107900773e-01
21.150000,8.949608172e-02
21.160000,6.258081479e-02
21.170000,3.882311075e-02
21.180000,2.098154691e-02
21.190000,3.040180164e-03
21.200000,-2.334813955e-02
21.210000,-5.837714099e-02
21.220000,-8.981010668e-02
21.230000,-1.003280395e-01
21.240000,-8.140402449e-02
21.250000,-4.199181213e-02
21.260000,-3.624061453e-03
21.270000,1.542211522e-02
21.280000,1.416740836e-02
21.290000,8.715925182e-03
21.300000,1.742797586e-02
21.310000,4.458617142e-02
21.320000,7.667832752e-02
21.330000,9.286412129e-02
21.340000,7.899182438e-02
21.350000,3.453876571e-02
21.360000,-2.954277408e-02
21.370000,-9.757664563e-02
21.380000,-1.551264165e-01
21.390000,-1.909194454e-01
21.400000,-1.956016445e-01
21.410000,-1.624543871e-01
21.420000,-9.341508906e-02
21.430000,-4.994589585e-03
21.440000,7.555151559e-02
21.450000,1.243740622e-01
21.460000,1.339427770e-01
21.470000,1.139851411e-01
21.480000,8.151805757e-02
21.490000,4.898747865e-02
21.500000,1.849154293e-02
21.510000,-1.461921434e-02
21.520000,-5.172194956e-02
21.530000,-8.393453034e-02
21.540000,-9.646240483e-02
21.550000,-8.103689865e-02
21.560000,-4.380170389e-02
21.570000,-8.207405608e-04
21.580000,3.360306165e-02
21.590000,5.463538054e-02
21.600000,6.547420897e-02
21.610000,7.101639134e-02
21.620000,7.377926134e-02
21.630000,7.463690350e-02
21.640000,7.545465532e-02
21.650000,7.949483135e-02
21.660000,8.817076778e-02
21.670000,9.708894177e-02
21.680000,9.704005185e-02
21.690000,8.187052079e-02
21.700000,5.636777267e-02
21.710000,3.455288170e-02
21.720000,2.815198459e-02
21.730000,3.597675105e-02
21.740000,4.439867146e-02
21.750000,3.871995418e-02
21.760000,1.596369184e-02
21.770000,-1.175121433e-02
21.780000,-2.691591717e-02
21.790000,-2.178688308e-02
21.800000,-5.575111842e-03
21.810000,2.953345175e-03
21.820000,-9.514046457e-03
21.830000,-4.163052004e-02
21.840000,-8.059124282e-02
21.850000,-1.126621448e-01
21.860000,-1.312893709e-01
21.870000,-1.375375645e-01
21.880000,-1.345885035e-01
21.890000,-1.221530987e-01
21.900000,-9.654737270e-02
21.910000,-5.701355571e-02
21.920000,-1.148139011e-02
21.930000,2.586699745e-02
21.940000,4.394958441e-02
21.950000,4.162712723e-02
21.960000,2.568756786e-02
21.970000,3.360687446e-03
21.980000,-2.258208612e-02
21.990000,-5.201809134e-02
22.000000,-8.189050425e-02
22.010000,-1.033403281e-01
22.020000,-1.052592780e-01
22.030000,-8.178168794e-02
22.040000,-3.766729896e-02
22.050000,1.275749735e-02
22.060000,5.262383272e-02
22.070000,7.049595254e-02
22.080000,6.342836499e-02
22.090000,3.400805867e-02
22.100000,-1.354213792e-02
22.110000,-7.315885527e-02
22.120000,-1.339823219e-01
22.130000,-1.804103188e-01
22.140000,-1.981108209e-01
22.150000,-1.825150959e-01
22.160000,-1.427944162e-01
22.170000,-9.692690043e-02
22.180000,-6.050388371e-02
22.190000,-3.770963369e-02
22.200000,-2.188470771e-02
22.210000,-5.232086412e-03
22.220000,1.115798923e-02
22.230000,1.678703407e-02
22.240000,1.861785400e-03
22.250000,-3.143585701e-02
22.260000,-6.720097652e-02
22.270000,-8.496011577e-02
22.280000,-7.200357198e-02
22.290000,-3.034320968e-02
22.300000,2.522200026e-02
22.310000,7.578128381e-02
22.320000,1.077092871e-01
22.330000,1.170158205e-01
22.340000,1.077540475e-01
22.350000,8.800108753e-02
22.360000,6.630183739e-02
22.370000,4.874306548e-02
22.380000,3.667168578e-02
22.390000,2.638704461e-02
22.400000,1.176065224e-02
22.410000,-1.107939448e-02
22.420000,-3.947647818e-02
22.430000,-6.356229845e-02
22.440000,-7.102510019e-02
22.450000,-5.529580541e-02
22.460000,-2.128564026e-02
22.470000,1.661705886e-02
22.480000,4.358040351e-02
22.490000,5.323396850e-02
22.500000,4.934856275e-02
22.510000,4.015839314e-02
22.520000,3.127368931e-02
22.530000,2.262168118e-02
22.540000,1.076211155e-02
22.550000,-5.501534231e-03
22.560000,-2.103602258e-02
22.570000,-2.680486780e-02
22.580000,-1.782480984e-02
22.590000,1.398455199e-03
22.600000,2.005283798e-02
22.610000,2.941256108e-02
22.620000,2.829428020e-02
22.630000,2.208544783e-02
22.640000,1.811397772e-02
22.650000,2.132214665e-02
22.660000,3.195887679e-02
22.670000,4.534370197e-02
22.680000,5.357700162e-02
22.690000,4.881401735e-02
22.700000,2.671450314e-02
22.710000,-1.152721407e-02
22.720000,-5.893734429e-02
22.730000,-1.041231212e-01
22.740000,-1.346832968e-01
22.750000,-1.422001338e-01
22.760000,-1.260978469e-01
22.770000,-9.379424259e-02
22.780000,-5.702636121e-02
22.790000,-2.589799546e-02
22.800000,-3.579976084e-03
22.810000,1.400068899e-02
22.820000,3.213628644e-02
22.830000,5.061628197e-02
22.840000,6.342885364e-02
22.850000,6.462059539e-02
22.860000,5.379584477e-02
22.870000,3.682647425e-02
22.880000,2.238687125e-02
22.890000,1.695953000e-02
22.900000,2.125149892e-02
22.910000,3.050405215e-02
22.920000,3.831227261e-02
22.930000,4.052895184e-02
22.940000,3.665538419e-02
22.950000,2.899470271e-02
22.960000,2.050396958e-02
22.970000,1.198888311e-02
22.980000,8.020884929e-04
22.990000,-1.654960006e-02
23.000000,-3.964027443e-02
23.010000,-6.242587889e-02
23.020000,-7.671294525e-02
23.030000,-7.731605792e-02
23.040000,-6.491763092e-02
23.050000,-4.583013726e-02
23.060000,-2.906521547e-02
23.070000,-2.124907830e-02
23.080000,-2.225378740e-02
23.090000,-2.572630915e-02
23.100000,-2.482394344e-02
23.110000,-1.813962607e-02
23.120000,-1.067348389e-02
23.130000,-9.706531472e-03
23.140000,-1.968916674e-02
23.150000,-3.984344337e-02
23.160000,-6.485489790e-02
23.170000,-8.709477064e-02
23.180000,-9.938978176e-02
23.190000,-9.775250405e-02
23.200000,-8.271248704e-02
23.210000,-5.834503392e-02
23.220000,-3.012739128e-02
23.230000,-3.359255281e-03
23.240000,1.759981570e-02
23.250000,2.997699161e-02
23.260000,3.332732846e-02
23.270000,2.992897703e-02
23.280000,2.406260812e-02
23.290000,1.976248892e-02
23.300000,1.829035172e-02
23.310000,1.774052690e-02
23.320000,1.534226352e-02
23.330000,1.008526317e-02
23.340000,3.297533902e-03
23.350000,-2.624441047e-03
23.360000,-5.642224670e-03
23.370000,-4.619766376e-03
23.380000,8.870523461e-04
23.390000,1.080375774e-02
23.400000,2.403185288e-02
23.410000,3.772611110e-02
23.420000,4.761533757e-02
23.430000,4.961597030e-02
23.440000,4.136960203e-02
23.450000,2.263578688e-02
23.460000,-4.778007727e-03
23.470000,-3.657809129e-02
23.480000,-6.575036015e-02
23.490000,-8.417950732e-02
23.500000,-8.631159087e-02
23.510000,-7.277298135e-02
23.520000,-5.110077321e-02
23.530000,-3.227761688e-02
23.540000,-2.476655346e-02
23.550000,-3.005103596e-02
23.560000,-4.290978569e-02
23.570000,-5.590997287e-02
23.580000,-6.427618263e-02
23.590000,-6.752506433e-02
23.600000,-6.747824737e-02
23.610000,-6.523100035e-02
23.620000,-5.998257494e-02
23.630000,-5.059771645e-02
23.640000,-3.827880799e-02
23.650000,-2.760886085e-02
23.660000,-2.444834396e-02
23.670000,-3.218993513e-02
23.680000,-4.987950804e-02
23.690000,-7.387620714e-02
23.700000,-1.007570689e-01
23.710000,-1.281628726e-01
23.720000,-1.532903656e-01
23.730000,-1.713342464e-01
23.740000,-1.758458590e-01
23.750000,-1.615692263e-01
23.760000,-1.286146416e-01
23.770000,-8.447266919e-02
23.780000,-4.061016330e-02
23.790000,-5.607874518e-03
23.800000,1.876437791e-02
23.810000,3.514853949e-02
23.820000,4.522422642e-02
23.830000,4.682363544e-02
23.840000,3.584888858e-02
23.850000,1.155348145e-02
23.860000,-1.895699401e-02
23.870000,-4.197042866e-02
23.880000,-4.511451834e-02
23.890000,-2.588459109e-02
23.900000,7.102338018e-03
23.910000,4.096924671e-02
23.920000,6.665360883e-02
23.930000,8.154879135e-02
23.940000,8.664302255e-02
23.950000,8.289592440e-02
23.960000,7.058053292e-02
23.970000,5.120570518e-02
23.980000,2.908548554e-02
23.990000,1.051503854e-02
24.000000,1.157996547e-03
24.010000,3.835617984e-03
24.020000,1.826491943e-02
24.030000,4.237358477e-02
24.040000,7.334726654e-02
24.050000,1.069216756e-01
24.060000,1.357672187e-01
24.070000,1.499911231e-01
24.080000,1.416373279e-01
24.090000,1.106978825e-01
24.100000,6.732837350e-02
24.110000,2.750509451e-02
24.120000,4.805933368e-03
24.130000,3.899197382e-03
24.140000,1.981872106e-02
24.150000,4.306606128e-02
24.160000,6.639574646e-02
24.170000,8.763804582e-02
24.180000,1.065170210e-01
24.190000,1.196944576e-01
24.200000,1.203992985e-01
24.210000,1.040302999e-01
24.220000,7.431010849e-02
24.230000,4.333054552e-02
24.240000,2.454658265e-02
24.250000,2.456104625e-02
24.260000,4.041999953e-02
24.270000,6.366179728e-02
24.280000,8.671013297e-02
24.290000,1.062670449e-01
24.300000,1.215628634e-01
24.310000,1.300597820e-01
24.320000,1.262067920e-01
24.330000,1.059407680e-01
24.340000,7.240257510e-02
24.350000,3.618213461e-02
24.360000,9.867207153e-03
24.370000,2.316501131e-03
24.380000,1.609269238e-02
24.390000,4.772610725e-02
24.400000,8.991959639e-02
24.410000,1.340426036e-01
24.420000,1.703381190e-01
24.430000,1.868677545e-01
24.440000,1.723129902e-01
24.450000,1.237701387e-01
24.460000,5.257850839e-02
24.470000,-1.916692702e-02
24.480000,-7.034326496e-02
24.490000,-9.209255567e-02
24.500000,-9.015156709e-02
24.510000,-7.703168227e-02
24.520000,-6.140146973e-02
24.530000,-4.378193809e-02
24.540000,-2.083499701e-02
24.550000,7.312162978e-03
24.560000,3.392554509e-02
24.570000,4.974871438e-02
24.580000,5.084028952e-02
24.590000,4.226612812e-02
24.600000,3.311688361e-02
24.610000,2.802265644e-02
24.620000,2.447785174e-02
24.630000,1.787524625e-02
24.640000,7.520434586e-03
24.650000,-2.407089666e-03
24.660000,-6.821840025e-03
24.670000,-4.833481067e-03
24.680000,-1.679060681e-03
24.690000,-4.978497416e-03
24.700000,-1.787254683e-02
24.710000,-3.586880541e-02
24.720000,-5.107899397e-02
24.730000,-5.950008838e-02
24.740000,-6.383648256e-02
24.750000,-6.933606942e-02
24.760000,-7.698015962e-02
24.770000,-8.063504395e-02
24.780000,-7.123991702e-02
24.790000,-4.480893684e-02
24.800000,-7.291271160e-03
24.810000,2.811722154e-02
24.820000,4.912275670e-02
24.830000,5.161648644e-02
24.840000,4.103086084e-02
24.850000,2.766466649e-02
24.860000,2.042541825e-02
24.870000,2.380335980e-02
24.880000,3.859291936e-02
24.890000,6.277849391e-02
24.900000,9.030433879e-02
24.910000,1.102184713e-01
24.920000,1.101390554e-01
24.930000,8.385538046e-02
24.940000,3.765619989e-02
24.950000,-1.091504562e-02
24.960000,-4.307858079e-02
24.970000,-5.102384802e-02
24.980000,-4.237042586e-02
24.990000,-3.270976832e-02
25.000000,-3.246035723e-02
25.010000,-3.937725125e-02
25.020000,-4.305959427e-02
25.030000,-3.720818781e-02
25.040000,-2.829663251e-02
25.050000,-3.226151426e-02
25.060000,-6.173105563e-02
25.070000,-1.148585996e-01
25.080000,-1.747912989e-01
25.090000,-2.192949575e-01
25.100000,-2.326367979e-01
25.110000,-2.117597654e-01
25.120000,-1.644314956e-01
25.130000,-1.032449216e-01
25.140000,-4.091436620e-02
25.150000,1.130224868e-02
25.160000,4.405350853e-02
25.170000,5.151437733e-02
25.180000,3.440367279e-02
25.190000,1.956080248e-03
25.200000,-3.113654138e-02
25.210000,-5.335949019e-02
25.220000,-6.385060893e-02
25.230000,-7.092995220e-02
25.240000,-8.308141816e-02
25.250000,-1.015451958e-01
25.260000,-1.202914550e-01
25.270000,-1.313300127e-01
25.280000,-1.304018306e-01
25.290000,-1.191525347e-01
25.300000,-1.023822773e-01
25.310000,-8.338804322e-02
25.320000,-6.253919085e-02
25.330000,-3.967534189e-02
25.340000,-1.595959042e-02
25.350000,6.974325909e-03
25.360000,2.810184194e-02
25.370000,4.628963604e-02
25.380000,5.880637198e-02
25.390000,6.082439656e-02
25.400000,4.717904190e-02
25.410000,1.668869706e-02
25.420000,-2.380136080e-02
25.430000,-6.069774995e-02
25.440000,-8.144947039e-02
25.450000,-8.317744020e-02
25.460000,-7.472623582e-02
25.470000,-6.982843031e-02
25.480000,-7.591478777e-02
25.490000,-8.686027304e-02
25.500000,-8.611434034e-02
25.510000,-5.910349529e-02
25.520000,-5.585468875e-03
25.530000,5.815113688e-02
25.540000,1.089068063e-01
25.550000,1.300772946e-01
25.560000,1.193508078e-01
25.570000,8.705445840e-02
25.580000,4.864318441e-02
25.590000,1.734405613e-02
25.600000,8.028698811e-04
25.610000,1.357866535e-03
25.620000,1.683124304e-02
25.630000,4.022707246e-02
25.640000,6.060676821e-02
25.650000,6.781112843e-02
25.660000,5.886823019e-02
25.670000,4.016330888e-02
25.680000,2.250128541e-02
25.690000,1.284321555e-02
25.700000,9.456902095e-03
25.710000,4.405126228e-03
25.720000,-8.324635639e-03
25.730000,-2.575670211e-02
25.740000,-3.712114944e-02
25.750000,-3.350984388e-02
25.760000,-1.681982906e-02
25.770000,1.590027951e-03
25.780000,1.126189388e-02
25.790000,1.132253204e-02
25.800000,9.603335289e-03
25.810000,1.434405561e-02
25.820000,2.648101211e-02
25.830000,3.880109361e-02
25.840000,4.234632911e-02
25.850000,3.444457267e-02
25.860000,2.120467063e-02
25.870000,1.256011116e-02
25.880000,1.488536391e-02
25.890000,2.746398473e-02
25.900000,4.458888432e-02
25.910000,6.041131219e-02
25.920000,7.226005579e-02
25.930000,8.012836322e-02
25.940000,8.390493986e-02
25.950000,8.223558971e-02
25.960000,7.477615916e-02
25.970000,6.510498017e-02
25.980000,5.982960641e-02
25.990000,6.292490373e-02
26.000000,7.027374410e-02
26.010000,7.111745493e-02
26.020000,5.676727166e-02
26.030000,2.867813594e-02
26.040000,-1.647624565e-03
26.050000,-2.000857049e-02
26.060000,-1.760562181e-02
26.070000,4.975312515e-03
26.080000,3.942473104e-02
26.090000,7.583525697e-02
26.100000,1.085252031e-01
26.110000,1.362931091e-01
26.120000,1.580702758e-01
26.130000,1.706009230e-01
26.140000,1.714545604e-01
26.150000,1.631312424e-01
26.160000,1.524951603e-01
26.170000,1.451130847e-01
26.180000,1.395151185e-01
26.190000,1.270895685e-01
26.200000,9.888929092e-02
26.210000,5.439124019e-02
26.220000,4.809153644e-03
26.230000,-3.243845970e-02
26.240000,-4.451245631e-02
26.250000,-3.130494412e-02
26.260000,-4.835705687e-03
26.270000,1.919201289e-02
26.280000,3.031764060e-02
26.290000,2.627901223e-02
26.300000,1.050687629e-02
26.310000,-1.113087302e-02
26.320000,-3.211631537e-02
26.330000,-4.689097628e-02
26.340000,-5.306351631e-02
26.350000,-5.286228757e-02
26.360000,-5.234284865e-02
26.370000,-5.811467000e-02
26.380000,-7.274787698e-02
26.390000,-9.182379600e-02
26.400000,-1.060226628e-01
26.410000,-1.078582188e-01
26.420000,-9.739760187e-02
26.430000,-8.149498023e-02
26.440000,-6.746100023e-02
26.450000,-5.718921982e-02
26.460000,-4.651066370e-02
26.470000,-2.983260259e-02
26.480000,-6.287197214e-03
26.490000,1.771144303e-02
26.500000,3.219076062e-02
26.510000,3.077552999e-02
26.520000,1.499095956e-02
26.530000,-7.819264023e-03
26.540000,-3.065716117e-02
26.550000,-5.166046723e-02
26.560000,-7.359434150e-02
26.570000,-9.887324572e-02
26.580000,-1.251726982e-01
26.590000,-1.458360106e-01
26.600000,-1.538707485e-01
26.610000,-1.450987830e-01
26.620000,-1.184506459e-01
26.630000,-7.509173586e-02
26.640000,-1.866865591e-02
26.650000,4.291954573e-02
26.660000,9.639525870e-02
26.670000,1.261130472e-01
26.680000,1.218165125e-01
26.690000,8.595492574e-02
26.700000,3.380058176e-02
26.710000,-1.459919483e-02
26.720000,-4.479976229e-02
26.730000,-5.387543291e-02
26.740000,-4.919397155e-02
26.750000,-4.199791071e-02
26.760000,-4.034725063e-02
26.770000,-4.574424389e-02
26.780000,-5.461161436e-02
26.790000,-6.188586351e-02
26.800000,-6.310723355e-02
26.810000,-5.455406027e-02
26.820000,-3.402530189e-02
26.830000,-3.398392114e-03
26.840000,2.988130009e-02
26.850000,5.559257057e-02
26.860000,6.674652752e-02
26.870000,6.413475428e-02
26.880000,5.559599118e-02
26.890000,5.020800946e-02
26.900000,5.180032405e-02
26.910000,5.733273405e-02
26.920000,6.145448148e-02
26.930000,6.216689496e-02
26.940000,6.157591152e-02
26.950000,6.170779558e-02
26.960000,6.059398186e-02
26.970000,5.275759460e-02
26.980000,3.391351485e-02
26.990000,6.473599477e-03
27.000000,-1.886876309e-02
27.010000,-2.836833030e-02
27.020000,-1.435639798e-02
27.030000,1.925395483e-02
27.040000,5.967107622e-02
27.050000,9.305246763e-02
27.060000,1.107626331e-01
27.070000,1.105478841e-01
27.080000,9.426359070e-02
27.090000,6.613351600e-02
27.100000,3.357871979e-02
27.110000,8.100408727e-03
27.120000,1.805182495e-03
27.130000,1.971614417e-02
27.140000,5.425136690e-02
27.150000,8.784488508e-02
27.160000,1.027004676e-01
27.170000,9.093440746e-02
27.180000,5.850844507e-02
27.190000,2.072620063e-02
27.200000,-7.391114176e-03
27.210000,-1.898438804e-02
27.220000,-1.632703596e-02
27.230000,-5.822454912e-03
27.240000,7.421637251e-03
27.250000,2.099449506e-02
27.260000,3.286155753e-02
27.270000,3.908803973e-02
27.280000,3.483450927e-02
27.290000,1.818453050e-02
27.300000,-6.997934210e-03
27.310000,-3.255248155e-02
27.320000,-5.098481602e-02
27.330000,-5.936138443e-02
27.340000,-5.880966979e-02
27.350000,-5.130420905e-02
27.360000,-3.823938566e-02
27.370000,-2.234017965e-02
27.380000,-9.464591669e-03
27.390000,-6.252612829e-03
27.400000,-1.431098441e-02
27.410000,-2.630119561e-02
27.420000,-2.887458671e-02
27.430000,-1.203282834e-02
27.440000,2.146902532e-02
27.450000,5.458473067e-02
27.460000,6.514059702e-02
27.470000,4.017851520e-02
27.480000,-1.465541256e-02
27.490000,-7.745930684e-02
27.500000,-1.224913712e-01
27.510000,-1.341261985e-01
27.520000,-1.132660701e-01
27.530000,-7.313872885e-02
27.540000,-2.960987606e-02
27.550000,5.728126580e-03
27.560000,2.648590563e-02
27.570000,3.013693104e-02
27.580000,1.843541654e-02
27.590000,-1.559986810e-03
27.600000,-1.949111269e-02
27.610000,-2.716681453e-02
27.620000,-2.364425028e-02
27.630000,-1.532373676e-02
27.640000,-1.007961168e-02
27.650000,-1.005783542e-02
27.660000,-1.001427421e-02
27.670000,-3.290163322e-03
27.680000,1.005090301e-02
27.690000,2.071165623e-02
27.700000,1.612976140e-02
27.710000,-9.460007746e-03
27.720000,-4.910902891e-02
27.730000,-8.683908261e-02
27.740000,-1.082978591e-01
27.750000,-1.095960661e-01
27.760000,-9.766747945e-02
27.770000,-8.313287055e-02
27.780000,-7.196656274e-02
27.790000,-6.204962230e-02
27.800000,-4.666826398e-02
27.810000,-2.164578293e-02
27.820000,1.025668323e-02
27.830000,4.124398413e-02
27.840000,6.395549155e-02
27.850000,7.494234147e-02
27.860000,7.396907499e-02
27.870000,6.179176423e-02
27.880000,3.988885841e-02
27.890000,1.225595118e-02
27.900000,-1.384946295e-02
27.910000,-3.059993898e-02
27.920000,-3.430449810e-02
27.930000,-2.816749246e-02
27.940000,-2.036055945e-02
27.950000,-1.820157971e-02
27.960000,-2.246973889e-02
27.970000,-2.662928233e-02
27.980000,-2.231209399e-02
27.990000,-6.588052757e-03
28.000000,1.561529448e-02
28.010000,3.577821998e-02
28.020000,4.785909810e-02
28.030000,5.016963571e-02
28.040000,4.225789459e-02
28.050000,2.156097190e-02
28.060000,-1.523550644e-02
28.070000,-6.668230732e-02
28.080000,-1.228539099e-01
28.090000,-1.683350076e-01
28.100000,-1.902035104e-01
28.110000,-1.847820825e-01
28.120000,-1.585980711e-01
28.130000,-1.234824128e-01
28.140000,-8.924370290e-02
28.150000,-5.907369249e-02
28.160000,-3.122004217e-02
28.170000,-4.851679695e-03
28.180000,1.628907213e-02
28.190000,2.614235415e-02
28.200000,2.146193658e-02
28.210000,4.164531277e-03
28.220000,-2.100293315e-02
28.230000,-5.027604152e-02
28.240000,-8.186789558e-02
28.250000,-1.134691810e-01
28.260000,-1.398350656e-01
28.270000,-1.540443338e-01
28.280000,-1.518070827e-01
28.290000,-1.348692757e-01
28.300000,-1.105161921e-01
28.310000,-8.757645054e-02
28.320000,-7.186167360e-02
28.330000,-6.421146677e-02
28.340000,-6.221015490e-02
28.350000,-6.346516925e-02
28.360000,-6.695506083e-02
28.370000,-7.124804423e-02
28.380000,-7.225811046e-02
28.390000,-6.418792840e-02
28.400000,-4.385207496e-02
28.410000,-1.439607218e-02
28.420000,1.568922622e-02
28.430000,3.818535716e-02
28.440000,5.093343903e-02
28.450000,5.859563165e-02
28.460000,6.716996549e-02
28.470000,7.707508663e-02
28.480000,8.179677843e-02
28.490000,7.385610934e-02
28.500000,5.227527507e-02
28.510000,2.445565322e-02
28.520000,1.342928354e-03
28.530000,-9.338155604e-03
28.540000,-6.486324283e-03
28.550000,5.931017403e-03
28.560000,2.290786805e-02
28.570000,4.095634041e-02
28.580000,5.733299149e-02
28.590000,6.776589980e-02
28.600000,6.632653936e-02
28.610000,4.916242641e-02
28.620000,1.942800806e-02
28.630000,-1.194232675e-02
28.640000,-3.205376576e-02
28.650000,-3.424381914e-02
28.660000,-2.158691244e-02
28.670000,-3.277154507e-03
28.680000,1.204768646e-02
28.690000,2.048903263e-02
28.700000,2.242868964e-02
28.710000,1.936557040e-02
28.720000,1.187388608e-02
28.730000,9.017226736e-04
28.740000,-9.603159500e-03
28.750000,-1.307887265e-02
28.760000,-4.866511198e-03
28.770000,1.338111050e-02
28.780000,3.426839941e-02
28.790000,4.999427702e-02
28.800000,5.750845927e-02
28.810000,5.916193415e-02
28.820000,5.914787669e-02
28.830000,5.967040134e-02
28.840000,6.029548698e-02
28.850000,6.035080415e-02
28.860000,6.120120471e-02
28.870000,6.549057186e-02
28.880000,7.348942695e-02
28.890000,7.977677401e-02
28.900000,7.420195379e-02
28.910000,4.840507493e-02
28.920000,4.137087229e-03
28.930000,-4.376921027e-02
28.940000,-7.413915582e-02
28.950000,-7.226844629e-02
28.960000,-3.939365272e-02
28.970000,8.109887485e-03
28.980000,4.850616055e-02
28.990000,6.614077128e-02
29.000000,5.787659989e-02
29.010000,3.252044991e-02
29.020000,5.134711229e-03
29.030000,-1.030016918e-02
29.040000,-6.478509346e-03
29.050000,1.504423667e-02
29.060000,4.440642248e-02
29.070000,6.618858186e-02
29.080000,6.567353075e-02
29.090000,3.799673158e-02
29.100000,-6.150910303e-03
29.110000,-4.498296575e-02
29.120000,-5.827600917e-02
29.130000,-3.848896071e-02
29.140000,7.167168297e-03
29.150000,6.327184215e-02
29.160000,1.156247628e-01
29.170000,1.570336053e-01
29.180000,1.858962833e-01
29.190000,2.003300956e-01
29.200000,1.951747354e-01
29.210000,1.658206526e-01
29.220000,1.146724145e-01
29.230000,5.291540679e-02
29.240000,-4.790526563e-03
29.250000,-4.821726924e-02
29.260000,-7.545736860e-02
29.270000,-8.994713869e-02
29.280000,-9.390117176e-02
29.290000,-8.451772648e-02
29.300000,-5.659880927e-02
29.310000,-9.340975206e-03
29.320000,4.888157802e-02
29.330000,1.026793775e-01
29.340000,1.377796907e-01
29.350000,1.483862631e-01
29.360000,1.376640585e-01
29.370000,1.123183271e-01
29.380000,7.772475464e-02
29.390000,3.793061096e-02
29.400000,-1.385688715e-03
29.410000,-3.203152127e-02
29.420000,-4.709965390e-02
29.430000,-4.677482461e-02
29.440000,-4.016960706e-02
29.450000,-3.982573663e-02
29.460000,-5.249614529e-02
29.470000,-7.402126277e-02
29.480000,-9.282158015e-02
29.490000,-9.902029508e-02
29.500000,-9.148057414e-02
29.510000,-7.713385422e-02
29.520000,-6.414942740e-02
29.530000,-5.602302502e-02
29.540000,-5.177580318e-02
29.550000,-5.051883271e-02
29.560000,-5.455269631e-02
29.570000,-6.747587451e-02
29.580000,-8.913367953e-02
29.590000,-1.128458749e-01
29.600000,-1.289883343e-01
29.610000,-1.327267396e-01
29.620000,-1.284029120e-01
29.630000,-1.255979482e-01
29.640000,-1.301527254e-01
29.650000,-1.381629421e-01
29.660000,-1.378997478e-01
29.670000,-1.179822074e-01
29.680000,-7.561816934e-02
29.690000,-1.901276446e-02
29.700000,3.722432726e-02
29.710000,7.944657466e-02
29.720000,9.965287569e-02
29.730000,9.561705027e-02
29.740000,6.908755370e-02
29.750000,2.584768051e-02
29.760000,-2.207868675e-02
29.770000,-5.673765410e-02
29.780000,-6.151255445e-02
29.790000,-3.228651247e-02
29.800000,1.728995430e-02
29.810000,6.283488218e-02
29.820000,8.405026955e-02
29.830000,7.601858662e-02
29.840000,4.929671686e-02
29.850000,2.031061798e-02
29.860000,1.166100046e-04
29.870000,-1.047347161e-02
29.880000,-1.713756904e-02
29.890000,-2.446716217e-02
29.900000,-3.201552541e-02
29.910000,-3.683007205e-02
29.920000,-3.801067007e-02
29.930000,-3.711809186e-02
29.940000,-3.419127592e-02
29.950000,-2.510725140e-02
29.960000,-4.575370881e-03
29.970000,2.755021895e-02
29.980000,6.286858929e-02
29.990000,8.787473511e-02
30.000000,9.241216939e-02
30.010000,7.668761721e-02
30.020000,5.074261398e-02
30.030000,2.635081389e-02
30.040000,8.366558636e-03
30.050000,-6.580874762e-03
30.060000,-2.307691262e-02
30.070000,-3.881216821e-02
30.080000,-4.396093093e-02
30.090000,-2.956554252e-02
30.100000,2.541297787e-03
30.110000,3.792062124e-02
30.120000,5.852335435e-02
30.130000,5.566716118e-02
30.140000,3.652615731e-02
30.150000,1.868038496e-02
30.160000,1.680632501e-02
30.170000,3.204532734e-02
30.180000,5.216130071e-02
30.190000,6.120428174e-02
30.200000,5.014622969e-02
30.210000,2.120239203e-02
30.220000,-1.495204259e-02
30.230000,-4.517259644e-02
30.240000,-5.896342100e-02
30.250000,-5.124642229e-02
30.260000,-2.371516456e-02
30.270000,1.457410436e-02
30.280000,4.902543158e-02
30.290000,6.560943065e-02
30.300000,5.936458406e-02
30.310000,3.941187715e-02
30.320000,2.516388169e-02
30.330000,3.424752488e-02
30.340000,6.991552687e-02
30.350000,1.178593235e-01
30.360000,1.555451057e-01
30.370000,1.667367027e-01
30.380000,1.501114704e-01
30.390000,1.169044524e-01
30.400000,8.138609052e-02
30.410000,5.227501568e-02
30.420000,3.103171851e-02
30.430000,1.652485951e-02
30.440000,9.899230240e-03
30.450000,1.411280727e-02
30.460000,2.902794122e-02
30.470000,4.796855888e-02
30.480000,6.008112312e-02
30.490000,5.704486720e-02
30.500000,3.869790304e-02
30.510000,1.326107614e-02
30.520000,-7.655238023e-03
30.530000,-1.541421836e-02
30.540000,-7.902031477e-03
30.550000,1.140253372e-02
30.560000,3.683076418e-02
30.570000,6.246215670e-02
30.580000,8.144085054e-02
30.590000,8.636234202e-02
30.600000,7.377015980e-02
30.610000,4.909140423e-02
30.620000,2.536287255e-02
30.630000,1.506951813e-02
30.640000,2.157541995e-02
30.650000,3.684842247e-02
30.660000,4.721003406e-02
30.670000,4.347548996e-02
30.680000,2.818831594e-02
30.690000,1.368470975e-02
30.700000,1.216285858e-02
30.710000,2.645075982e-02
30.720000,4.910131286e-02
30.730000,6.906250713e-02
30.740000,7.891580886e-02
30.750000,7.687507841e-02
30.760000,6.350946463e-02
30.770000,3.792795168e-02
30.780000,-1.707303842e-03
30.790000,-5.311251635e-02
30.800000,-1.054687972e-01
30.810000,-1.416391622e-01
30.820000,-1.474592209e-01
30.830000,-1.213922545e-01
30.840000,-7.630806341e-02
30.850000,-3.163317359e-02
30.860000,-2.428274738e-03
30.870000,6.526401566e-03
30.880000,-5.200002030e-04
30.890000,-1.496823776e-02
30.900000,-2.767738201e-02
30.910000,-3.053952403e-02
30.920000,-1.724714974e-02
30.930000,1.443236498e-02
30.940000,5.877861333e-02
30.950000,1.007060800e-01
30.960000,1.214595751e-01
30.970000,1.098297192e-01
30.980000,7.033801296e-02
30.990000,2.092859093e-02
31.000000,-1.848285123e-02
31.010000,-3.774212867e-02
31.020000,-4.018879845e-02
31.030000,-3.700658682e-02
31.040000,-3.756523568e-02
31.050000,-4.319652956e-02
31.060000,-4.866788066e-02
31.070000,-4.919086301e-02
31.080000,-4.566159717e-02
31.090000,-4.264134290e-02
31.100000,-4.187270451e-02
31.110000,-3.927861899e-02
31.120000,-2.868276339e-02
31.130000,-7.762265760e-03
31.140000,1.916847975e-02
31.150000,4.276217844e-02
31.160000,5.333488583e-02
31.170000,4.628072385e-02
31.180000,2.445612927e-02
31.190000,-4.359165386e-03
31.200000,-3.174842556e-02
31.210000,-5.058347822e-02
31.220000,-5.536463876e-02
31.230000,-4.419837033e-02
31.240000,-2.176371122e-02
31.250000,9.404103983e-04
31.260000,1.206613551e-02
31.270000,6.568581693e-03
31.280000,-9.611778897e-03
31.290000,-2.264408067e-02
31.300000,-1.981551338e-02
31.310000,1.658474969e-03
31.320000,3.226642394e-02
31.330000,5.572083126e-02
31.340000,5.811768811e-02
31.350000,3.430697913e-02
31.360000,-1.205747902e-02
31.370000,-7.272449489e-02
31.380000,-1.381509497e-01
31.390000,-1.973490836e-01
31.400000,-2.369597755e-01
31.410000,-2.439236018e-01
31.420000,-2.121912077e-01
31.430000,-1.485917670e-01
31.440000,-7.197401461e-02
31.450000,-4.569829943e-03
31.460000,3.881573002e-02
31.470000,5.582961567e-02
31.480000,5.260055102e-02
31.490000,3.561491419e-02
31.500000,7.700449742e-03
31.510000,-2.886356897e-02
31.520000,-6.738839897e-02
31.530000,-9.707559627e-02
31.540000,-1.093997596e-01
31.550000,-1.047242211e-01
31.560000,-9.282664308e-02
31.570000,-8.601325183e-02
31.580000,-8.969116120e-02
31.590000,-9.826160829e-02
31.600000,-1.004732191e-01
31.610000,-8.969381870e-02
31.620000,-6.954694773e-02
31.630000,-5.011332379e-02
31.640000,-3.925365547e-02
31.650000,-3.739037229e-02
31.660000,-3.951046395e-02
31.670000,-4.126291372e-02
31.680000,-4.317566584e-02
31.690000,-4.933452909e-02
31.700000,-6.181945165e-02
31.710000,-7.632678164e-02
31.720000,-8.412122488e-02
31.730000,-7.951528343e-02
31.740000,-6.552777425e-02
31.750000,-5.131520874e-02
31.760000,-4.361430644e-02
31.770000,-4.077318944e-02
31.780000,-3.473581779e-02
31.790000,-1.836336827e-02
31.800000,8.573304771e-03
31.810000,3.937802572e-02
31.820000,6.590746253e-02
31.830000,8.434575223e-02
31.840000,9.573049684e-02
31.850000,1.011873912e-01
31.860000,9.786135392e-02
31.870000,8.089862383e-02
31.880000,4.999342787e-02
31.890000,1.362832891e-02
31.900000,-1.411232223e-02
31.910000,-2.222968376e-02
31.920000,-9.693295523e-03
31.930000,1.514618222e-02
31.940000,4.142569031e-02
31.950000,6.264544757e-02
31.960000,7.819115972e-02
31.970000,8.921359451e-02
31.980000,9.363400558e-02
31.990000,8.626648901e-02
32.000000,6.510463108e-02
32.010000,3.717134278e-02
32.020000,1.606237250e-02
32.030000,1.182318057e-02
32.040000,2.268473658e-02
32.050000,3.669603598e-02
32.060000,4.159361644e-02
32.070000,3.423179516e-02
32.080000,2.217699590e-02
32.090000,1.669034056e-02
32.100000,2.299053394e-02
32.110000,3.602832732e-02
32.120000,4.547183883e-02
32.130000,4.509796320e-02
32.140000,3.760128985e-02
32.150000,3.083792170e-02
32.160000,3.024150045e-02
32.170000,3.500784427e-02
32.180000,4.060366333e-02
32.190000,4.383425372e-02
32.200000,4.518446895e-02
32.210000,4.641422705e-02
32.220000,4.612750885e-02
32.230000,3.866843564e-02
32.240000,1.918328520e-02
32.250000,-9.085013561e-03
32.260000,-3.323666525e-02
32.270000,-3.823426212e-02
32.280000,-1.767706459e-02
32.290000,2.155783765e-02
32.300000,6.445758655e-02
32.310000,9.780779459e-02
32.320000,1.166342267e-01
32.330000,1.229949005e-01
32.340000,1.199851074e-01
32.350000,1.074419344e-01
32.360000,8.333720345e-02
32.370000,4.891850134e-02
32.380000,1.176291072e-02
32.390000,-1.722762046e-02
32.400000,-3.068229076e-02
32.410000,-2.897884283e-02
32.420000,-1.784970135e-02
32.430000,-2.119212985e-03
32.440000,1.813017948e-02
32.450000,4.553291790e-02
32.460000,7.982440226e-02
32.470000,1.141548531e-01
32.480000,1.372787963e-01
32.490000,1.404643259e-01
32.500000,1.234653307e-01
32.510000,9.418487557e-02
32.520000,6.208316731e-02
32.530000,3.134217846e-02
32.540000,1.907001125e-04
32.550000,-3.364974238e-02
32.560000,-6.799077349e-02
32.570000,-9.711787314e-02
32.580000,-1.169155883e-01
32.590000,-1.282795649e-01
32.600000,-1.355581155e-01
32.610000,-1.417689241e-01
32.620000,-1.451247210e-01
32.630000,-1.405315913e-01
32.640000,-1.252415813e-01
32.650000,-1.032423455e-01
32.660000,-8.375340932e-02
32.670000,-7.495181214e-02
32.680000,-7.829591646e-02
32.690000,-8.800670549e-02
32.700000,-9.610278031e-02
32.710000,-9.868342901e-02
32.720000,-9.759747979e-02
32.730000,-9.607490875e-02
32.740000,-9.335848315e-02
32.750000,-8.415189769e-02
32.760000,-6.330419354e-02
32.770000,-3.127823185e-02
32.780000,4.293960504e-03
32.790000,3.239245011e-02
32.800000,4.494030816e-02
32.810000,4.088369550e-02
32.820000,2.549262121e-02
32.830000,6.515732364e-03
32.840000,-9.550977967e-03
32.850000,-1.937959030e-02
32.860000,-2.315885925e-02
32.870000,-2.405449236e-02
32.880000,-2.674997182e-02
32.890000,-3.479204448e-02
32.900000,-4.764487183e-02
32.910000,-5.963575484e-02
32.920000,-6.236207096e-02
32.930000,-4.992662501e-02
32.940000,-2.421188210e-02
32.950000,3.763981921e-03
32.960000,1.912317000e-02
32.970000,1.291368811e-02
32.980000,-1.086794239e-02
32.990000,-3.747457950e-02
33.000000,-5.164688420e-02
33.010000,-4.753890132e-02
33.020000,-3.060181477e-02
33.030000,-1.123944852e-02
33.040000,3.147324696e-03
33.050000,1.113540826e-02
33.060000,1.439299777e-02
33.070000,1.333253857e-02
33.080000,5.966604541e-03
33.090000,-9.423761988e-03
33.100000,-3.112918517e-02
33.110000,-5.385492965e-02
33.120000,-7.190617703e-02
33.130000,-8.288341906e-02
33.140000,-8.849522907e-02
33.150000,-9.157643026e-02
33.160000,-9.220532427e-02
33.170000,-8.724513263e-02
33.180000,-7.428328396e-02
33.190000,-5.599159086e-02
33.200000,-4.012558223e-02
33.210000,-3.448257775e-02
33.220000,-4.071159360e-02
33.230000,-5.213723156e-02
33.240000,-5.784904114e-02
33.250000,-5.003496087e-02
33.260000,-2.863758293e-02
33.270000,-2.367701635e-04
33.280000,2.669190960e-02
33.290000,4.604677440e-02
33.300000,5.561743371e-02
33.310000,5.605834197e-02
33.320000,4.925899991e-02
33.330000,3.820486225e-02
33.340000,2.799824830e-02
33.350000,2.512319526e-02
33.360000,3.355177683e-02
33.370000,5.084348461e-02
33.380000,6.880427407e-02
33.390000,7.899606634e-02
33.400000,7.829514114e-02
33.410000,6.963818874e-02
33.420000,5.780922380e-02
33.430000,4.445830837e-02
33.440000,2.682508944e-02
33.450000,1.380478599e-03
33.460000,-3.065591130e-02
33.470000,-6.122982860e-02
33.480000,-7.979238664e-02
33.490000,-8.114646559e-02
33.500000,-6.993945640e-02
33.510000,-5.744903143e-02
33.520000,-5.307048811e-02
33.530000,-5.746460289e-02
33.540000,-6.267056410e-02
33.550000,-5.857703898e-02
33.560000,-4.047628031e-02
33.570000,-1.243992512e-02
33.580000,1.529076890e-02
33.590000,3.274915842e-02
33.600000,3.593770558e-02
33.610000,2.804636871e-02
33.620000,1.650655478e-02
33.630000,9.216693373e-03
33.640000,1.193187726e-02
33.650000,2.615464933e-02
33.660000,4.734760485e-02
33.670000,6.544192289e-02
33.680000,6.922691537e-02
33.690000,5.303299342e-02
33.700000,2.137285947e-02
33.710000,-1.240033783e-02
33.720000,-3.346217639e-02
33.730000,-3.420653366e-02
33.740000,-1.804739369e-02
33.750000,4.493255544e-03
33.760000,2.436285251e-02
33.770000,4.026985850e-02
33.780000,5.750598899e-02
33.790000,8.081829701e-02
33.800000,1.081647745e-01
33.810000,1.306846057e-01
33.820000,1.382361239e-01
33.830000,1.257953003e-01
33.840000,9.630056951e-02
33.850000,5.845531981e-02
33.860000,2.156717145e-02
33.870000,-8.449635040e-03
33.880000,-2.937238660e-02
33.890000,-4.064474607e-02
33.900000,-4.218605282e-02
33.910000,-3.508519306e-02
33.920000,-2.249963545e-02
33.930000,-8.978802817e-03
33.940000,1.782933348e-03
33.950000,9.170416482e-03
33.960000,1.561136507e-02
33.970000,2.332087361e-02
33.980000,3.042325296e-02
33.990000,3.095059796e-02
34.000000,1.948030008e-02
34.010000,-4.108786113e-03
34.020000,-3.396468400e-02
34.030000,-6.139949710e-02
34.040000,-7.925448036e-02
34.050000,-8.505944406e-02
34.060000,-8.086086735e-02
34.070000,-6.994441343e-02
34.080000,-5.433070586e-02
34.090000,-3.574393608e-02
34.100000,-1.728117429e-02
34.110000,-2.083585672e-03
34.120000,9.563674197e-03
34.130000,2.065286601e-02
34.140000,3.458550286e-02
34.150000,5.159712642e-02
34.160000,6.716866426e-02
34.170000,7.386956547e-02
34.180000,6.629628957e-02
34.190000,4.606081858e-02
34.200000,2.250919989e-02
34.210000,7.663153709e-03
34.220000,8.881250515e-03
34.230000,2.487283125e-02
34.240000,4.764514606e-02
34.250000,6.794767382e-02
34.260000,7.976491234e-02
34.270000,8.147506430e-02
34.280000,7.445457534e-02
34.290000,6.137619694e-02
34.300000,4.568456871e-02
34.310000,3.177547499e-02
34.320000,2.427773055e-02
34.330000,2.595827807e-02
34.340000,3.582805391e-02
34.350000,4.936765074e-02
34.360000,6.098298962e-02
34.370000,6.687713758e-02
34.380000,6.629267564e-02
34.390000,6.058481315e-02
34.400000,5.144316377e-02
34.410000,4.007838338e-02
34.420000,2.782681267e-02
34.430000,1.687778485e-02
34.440000,9.765338863e-03
34.450000,7.982149896e-03
34.460000,1.121251520e-02
34.470000,1.770712963e-02
34.480000,2.504463057e-02
34.490000,3.093116935e-02
34.500000,3.430004507e-02
34.510000,3.607890619e-02
34.520000,3.849633715e-02
34.530000,4.334202414e-02
34.540000,5.078850337e-02
34.550000,5.929072576e-02
34.560000,6.583295378e-02
34.570000,6.632989041e-02
34.580000,5.687317131e-02
34.590000,3.600696684e-02
34.600000,6.755103165e-03
34.610000,-2.365523111e-02
34.620000,-4.714291371e-02
34.630000,-5.919490574e-02
34.640000,-6.095075667e-02
34.650000,-5.720887399e-02
34.660000,-5.174123561e-02
34.670000,-4.348611909e-02
34.680000,-2.709573390e-02
34.690000,1.792114868e-03
34.700000,4.066822333e-02
34.710000,7.899458221e-02
34.720000,1.031003758e-01
34.730000,1.033758086e-01
34.740000,7.883120856e-02
34.750000,3.681010204e-02
34.760000,-1.099912502e-02
34.770000,-5.346522533e-02
34.780000,-8.335743096e-02
34.790000,-9.802823368e-02
34.800000,-9.797145435e-02
34.810000,-8.509832398e-02
34.820000,-6.237198680e-02
34.830000,-3.439063889e-02
34.840000,-7.000024698e-03
34.850000,1.469853223e-02
34.860000,2.827451767e-02
34.870000,3.408019034e-02
34.880000,3.378153239e-02
34.890000,2.889179948e-02
34.900000,2.031914536e-02
34.910000,8.543132630e-03
34.920000,-6.329444348e-03
34.930000,-2.430853465e-02
34.940000,-4.416025135e-02
34.950000,-6.147157635e-02
34.960000,-6.840544069e-02
34.970000,-5.680161105e-02
34.980000,-2.352769249e-02
34.990000,2.550418135e-02
35.000000,7.628060545e-02
35.010000,1.130347661e-01
35.020000,1.261457778e-01
35.030000,1.164508270e-01
35.040000,9.368584556e-02
35.050000,7.049671793e-02
35.060000,5.559263820e-02
35.070000,5.024793671e-02
35.080000,5.055203024e-02
35.090000,5.303405718e-02
35.100000,5.797743001e-02
35.110000,6.755503241e-02
35.120000,8.165366219e-02
35.130000,9.594940932e-02
35.140000,1.037593886e-01
35.150000,1.000209502e-01
35.160000,8.454124820e-02
35.170000,6.190050341e-02
35.180000,3.766383169e-02
35.190000,1.413572130e-02
35.200000,-1.036583891e-02
35.210000,-3.854303898e-02
35.220000,-7.095205442e-02
35.230000,-1.051670110e-01
35.240000,-1.364770717e-01
35.250000,-1.584727314e-01
35.260000,-1.637872708e-01
35.270000,-1.463790794e-01
35.280000,-1.053018151e-01
35.290000,-4.774730213e-02
35.300000,1.133894589e-02
35.310000,5.423077938e-02
35.320000,6.843609749e-02
35.330000,5.329690325e-02
35.340000,2.003772056e-02
35.350000,-1.560699134e-02
35.360000,-4.248030128e-02
35.370000,-5.771938645e-02
35.380000,-6.382615535e-02
35.390000,-6.361099915e-02
35.400000,-5.758824463e-02
35.410000,-4.516665253e-02
35.420000,-2.807567790e-02
35.430000,-1.235575328e-02
35.440000,-5.615760098e-03
35.450000,-1.090169009e-02
35.460000,-2.310256708e-02
35.470000,-3.209280290e-02
35.480000,-3.028331393e-02
35.490000,-1.827249577e-02
35.500000,-4.328702766e-03
35.510000,1.399829872e-03
35.520000,-6.621794359e-03
35.530000,-2.642475940e-02
35.540000,-5.034149323e-02
35.550000,-6.950932069e-02
35.560000,-7.802538877e-02
35.570000,-7.449395025e-02
35.580000,-6.075229716e-02
35.590000,-3.979109219e-02
35.600000,-1.499743784e-02
35.610000,9.686740814e-03
35.620000,3.074417274e-02
35.630000,4.711791063e-02
35.640000,6.040147013e-02
35.650000,7.174511511e-02
35.660000,7.845505161e-02
35.670000,7.444708361e-02
35.680000,5.489585913e-02
35.690000,2.128533917e-02
35.700000,-1.744323298e-02
35.710000,-4.924005721e-02
35.720000,-6.625568869e-02
35.730000,-6.948368950e-02
35.740000,-6.664323007e-02
35.750000,-6.529072585e-02
35.760000,-6.752170912e-02
35.770000,-7.039466940e-02
35.780000,-7.047092667e-02
35.790000,-6.777373164e-02
35.800000,-6.584446171e-02
35.810000,-6.813743268e-02
35.820000,-7.397712732e-02
35.830000,-7.782540881e-02
35.840000,-7.311063476e-02
35.850000,-5.777692030e-02
35.860000,-3.643565150e-02
35.870000,-1.670191896e-02
35.880000,-3.281055392e-03
35.890000,4.216756985e-03
35.900000,8.321372506e-03
35.910000,9.904395333e-03
35.920000,7.752916548e-03
35.930000,1.277622377e-03
35.940000,-6.955966749e-03
35.950000,-1.173960458e-02
35.960000,-8.818520016e-03
35.970000,1.566310746e-03
35.980000,1.478479256e-02
35.990000,2.569703316e-02
36.000000,3.262752439e-02
36.010000,3.776298320e-02
36.020000,4.371661957e-02
36.030000,4.953767511e-02
36.040000,5.026246364e-02
36.050000,4.101904058e-02
36.060000,2.196585485e-02
36.070000,-9.554983439e-04
36.080000,-2.038692755e-02
36.090000,-3.289529961e-02
36.100000,-4.045980107e-02
36.110000,-4.716022924e-02
36.120000,-5.438447962e-02
36.130000,-5.888681446e-02
36.140000,-5.546529843e-02
36.150000,-4.208281996e-02
36.160000,-2.285698059e-02
36.170000,-5.774215954e-03
36.180000,3.210068572e-03
36.190000,4.280424502e-03
36.200000,2.382645928e-03
36.210000,2.190622945e-03
36.220000,4.535158596e-03
36.230000,7.420598302e-03
36.240000,1.002399847e-02
36.250000,1.505432629e-02
36.260000,2.641803096e-02
36.270000,4.417202438e-02
36.280000,6.201337842e-02
36.290000,7.030420516e-02
36.300000,6.251286620e-02
36.310000,4.007778233e-02
36.320000,1.180517308e-02
36.330000,-1.201956046e-02
36.340000,-2.604552168e-02
36.350000,-3.134983895e-02
36.360000,-3.160493941e-02
36.370000,-2.880843640e-02
36.380000,-2.270838726e-02
36.390000,-1.312356271e-02
36.400000,-1.705486822e-03
36.410000,8.792639546e-03
36.420000,1.688753677e-02
36.430000,2.399435957e-02
36.440000,3.343804177e-02
36.450000,4.724516958e-02
36.460000,6.337172539e-02
36.470000,7.597002874e-02
36.480000,7.871485402e-02
36.490000,6.854091831e-02
36.500000,4.704747879e-02
36.510000,1.926760543e-02
36.520000,-8.285554399e-03
36.530000,-2.866516468e-02
36.540000,-3.501759813e-02
36.550000,-2.218575824e-02
36.560000,1.013411695e-02
36.570000,5.472024296e-02
36.580000,9.776253394e-02
36.590000,1.243052739e-01
36.600000,1.253930681e-01
36.610000,1.025682296e-01
36.620000,6.688705927e-02
36.630000,3.268624257e-02
36.640000,9.776241751e-03
36.650000,-4.333941369e-04
36.660000,-2.273445708e-03
36.670000,-1.334603869e-04
36.680000,4.505138908e-03
36.690000,1.197702662e-02
36.700000,2.243883725e-02
36.710000,3.527252612e-02
36.720000,4.930457746e-02
36.730000,6.295182655e-02
36.740000,7.424217136e-02
36.750000,8.049823260e-02
36.760000,7.801772786e-02
36.770000,6.345510177e-02
36.780000,3.728560390e-02
36.790000,6.063360809e-03
36.800000,-1.999521804e-02
36.810000,-3.266539324e-02
36.820000,-2.954458632e-02
36.830000,-1.336227282e-02
36.840000,1.113751669e-02
36.850000,3.914653694e-02
36.860000,6.542765670e-02
36.870000,8.352654562e-02
36.880000,8.701360429e-02
36.890000,7.288838467e-02
36.900000,4.458662096e-02
36.910000,1.175730896e-02
36.920000,-1.398486213e-02
36.930000,-2.552679361e-02
36.940000,-2.486334262e-02
36.950000,-2.153858871e-02
36.960000,-2.496209507e-02
36.970000,-3.690575417e-02
36.980000,-5.096876072e-02
36.990000,-5.878412159e-02
37.000000,-5.656101810e-02
37.010000,-4.680109792e-02
37.020000,-3.523001904e-02
37.030000,-2.613654364e-02
37.040000,-1.961779516e-02
37.050000,-1.285434320e-02
37.060000,-4.342625892e-03
37.070000,3.141235705e-03
37.080000,4.189661919e-03
37.090000,-4.559943757e-03
37.100000,-2.167335597e-02
37.110000,-4.265005841e-02
37.120000,-6.350137387e-02
37.130000,-8.194632960e-02
37.140000,-9.554864543e-02
37.150000,-9.993169584e-02
37.160000,-8.989867753e-02
37.170000,-6.310132103e-02
37.180000,-2.349031854e-02
37.190000,1.843994254e-02
37.200000,4.982482569e-02
37.210000,6.190194352e-02
37.220000,5.403790102e-02
37.230000,3.202144316e-02
37.240000,2.562286291e-03
37.250000,-3.040344791e-02
37.260000,-6.431487098e-02
37.270000,-9.414083244e-02
37.280000,-1.115219004e-01
37.290000,-1.088986939e-01
37.300000,-8.512649308e-02
37.310000,-4.746869910e-02
37.320000,-8.131024786e-03
37.330000,2.203670200e-02
37.340000,3.809666233e-02
37.350000,4.106768805e-02
37.360000,3.466113522e-02
37.370000,2.239349454e-02
37.380000,7.347414232e-03
37.390000,-6.621655208e-03
37.400000,-1.505543891e-02
37.410000,-1.548582040e-02
37.420000,-1.022284543e-02
37.430000,-5.766230198e-03
37.440000,-7.984464578e-03
37.450000,-1.686898548e-02
37.460000,-2.600752860e-02
37.470000,-2.782148183e-02
37.480000,-2.026136150e-02
37.490000,-9.313330381e-03
37.500000,-5.052881669e-03
37.510000,-1.404062328e-02
37.520000,-3.391948345e-02
37.530000,-5.461319131e-02
37.540000,-6.515176347e-02
37.550000,-6.042041835e-02
37.560000,-4.269508201e-02
37.570000,-1.810049857e-02
37.580000,7.516665797e-03
37.590000,2.971204903e-02
37.600000,4.426635338e-02
37.610000,4.676272888e-02
37.620000,3.439886122e-02
37.630000,8.733165429e-03
37.640000,-2.315107173e-02
37.650000,-5.088581871e-02
37.660000,-6.599085341e-02
37.670000,-6.656004982e-02
37.680000,-5.744865095e-02
37.690000,-4.568456146e-02
37.700000,-3.548048527e-02
37.710000,-2.723041711e-02
37.720000,-2.025394857e-02
37.730000,-1.553764897e-02
37.740000,-1.573325479e-02
37.750000,-2.272358226e-02
37.760000,-3.496313406e-02
37.770000,-4.720522442e-02
37.780000,-5.387943294e-02
37.790000,-5.383039389e-02
37.800000,-5.163501817e-02
37.810000,-5.353306098e-02
37.820000,-6.166260353e-02
37.830000,-7.188854791e-02
37.840000,-7.673370111e-02
37.850000,-7.064280287e-02
37.860000,-5.347645210e-02
37.870000,-2.986699098e-02
37.880000,-5.717400781e-03
37.890000,1.450596619e-02
37.900000,2.785045410e-02
37.910000,3.197965275e-02
37.920000,2.547611467e-02
37.930000,9.451729990e-03
37.940000,-1.099491520e-02
37.950000,-2.746113530e-02
37.960000,-3.215707806e-02
37.970000,-2.286451101e-02
37.980000,-4.355253130e-03
37.990000,1.533407498e-02
38.000000,3.013235336e-02
38.010000,3.840605080e-02
38.020000,4.209778715e-02
38.030000,4.439605372e-02
38.040000,4.756266924e-02
38.050000,5.188130268e-02
38.060000,5.601709110e-02
38.070000,5.796660382e-02
38.080000,5.550034552e-02
38.090000,4.623341190e-02
38.100000,2.847841498e-02
38.110000,3.173164364e-03
38.120000,-2.467677656e-02
38.130000,-4.700177602e-02
38.140000,-5.618196740e-02
38.150000,-4.892419449e-02
38.160000,-2.797829414e-02
38.170000,-5.022914128e-04
38.180000,2.608068064e-02
38.190000,4.790594795e-02
38.200000,6.516603855e-02
38.210000,7.916425916e-02
38.220000,8.912018770e-02
38.230000,9.179374484e-02
38.240000,8.392260401e-02
38.250000,6.509052351e-02
38.260000,3.863415366e-02
38.270000,9.936567115e-03
38.280000,-1.627367803e-02
38.290000,-3.728266516e-02
38.300000,-5.194696820e-02
38.310000,-5.984604981e-02
38.320000,-6.074632240e-02
38.330000,-5.391800304e-02
38.340000,-3.779951325e-02
38.350000,-1.144674797e-02
38.360000,2.261104204e-02
38.370000,5.677864687e-02
38.380000,8.000289331e-02
38.390000,8.187956536e-02
38.400000,5.721014570e-02
38.410000,9.131361778e-03
38.420000,-5.077562586e-02
38.430000,-1.061819310e-01
38.440000,-1.421329911e-01
38.450000,-1.502634074e-01
38.460000,-1.303891783e-01
38.470000,-8.857910118e-02
38.480000,-3.401628944e-02
38.490000,2.328292514e-02
38.500000,7.364177201e-02
38.510000,1.087783851e-01
38.520000,1.233824942e-01
38.530000,1.167643141e-01
38.540000,9.357107846e-02
38.550000,6.270800758e-02
38.560000,3.418279010e-02
38.570000,1.492323495e-02
38.580000,6.115176108e-03
38.590000,4.066491890e-03
38.600000,3.606130364e-03
38.610000,9.929342925e-04
38.620000,-5.176262125e-03
38.630000,-1.400349549e-02
38.640000,-2.223980085e-02
38.650000,-2.498435822e-02
38.660000,-1.830607909e-02
38.670000,-2.835621991e-03
38.680000,1.478796374e-02
38.690000,2.498659232e-02
38.700000,2.139355412e-02
38.710000,5.448004344e-03
38.720000,-1.422008143e-02
38.730000,-2.726338067e-02
38.740000,-2.835641871e-02
38.750000,-2.063815280e-02
38.760000,-1.286330331e-02
38.770000,-1.201918570e-02
38.780000,-1.793455425e-02
38.790000,-2.484909449e-02
38.800000,-2.758146144e-02
38.810000,-2.580247149e-02
38.820000,-2.324807276e-02
38.830000,-2.366779822e-02
38.840000,-2.689794859e-02
38.850000,-2.814206302e-02
38.860000,-2.201846780e-02
38.870000,-8.658975692e-03
38.880000,4.401671627e-03
38.890000,7.568668061e-03
38.900000,-2.922852620e-03
38.910000,-2.204176531e-02
38.920000,-4.002177563e-02
38.930000,-4.896163376e-02
38.940000,-4.659048930e-02
38.950000,-3.571338188e-02
38.960000,-2.137340275e-02
38.970000,-8.333811549e-03
38.980000,-1.095183957e-04
38.990000,8.267664373e-04
39.000000,-7.072432742e-03
39.010000,-2.358248903e-02
39.020000,-4.554360182e-02
39.030000,-6.714042921e-02
39.040000,-8.239739680e-02
39.050000,-8.816603932e-02
39.060000,-8.475336436e-02
39.070000,-7.346961353e-02
39.080000,-5.384834156e-02
39.090000,-2.408356496e-02
39.100000,1.502822245e-02
39.110000,5.640655046e-02
39.120000,8.757727839e-02
39.130000,9.674420696e-02
39.140000,7.996516088e-02
39.150000,4.382109899e-02
39.160000,1.285160690e-03
39.170000,-3.582961611e-02
39.180000,-6.175679120e-02
39.190000,-7.604766735e-02
39.200000,-7.976902281e-02
39.210000,-7.303576864e-02
39.220000,-5.557751952e-02
39.230000,-2.896351485e-02
39.240000,1.696136555e-03
39.250000,2.827387789e-02
39.260000,4.276313274e-02
39.270000,4.099633594e-02
39.280000,2.383711560e-02
39.290000,-4.549728621e-03
39.300000,-3.848863581e-02
39.310000,-7.087015029e-02
39.320000,-9.341539455e-02
39.330000,-9.942609232e-02
39.340000,-8.777439358e-02
39.350000,-6.438032101e-02
39.360000,-3.908107016e-02
39.370000,-1.972712155e-02
39.380000,-7.803287806e-03
39.390000,1.168668098e-03
39.400000,1.278125555e-02
39.410000,2.813128506e-02
39.420000,4.194673202e-02
39.430000,4.640676320e-02
39.440000,3.781346010e-02
39.450000,2.018377611e-02
39.460000,2.422047665e-03
39.470000,-8.044768606e-03
39.480000,-9.369259701e-03
39.490000,-4.422368049e-03
39.500000,3.069989461e-03
39.510000,1.169964914e-02
39.520000,2.241394422e-02
39.530000,3.568229669e-02
39.540000,4.882091902e-02
39.550000,5.682953306e-02
39.560000,5.655192988e-02
39.570000,4.983696626e-02
39.580000,4.189313027e-02
39.590000,3.625221279e-02
39.600000,3.156496015e-02
39.610000,2.335339797e-02
39.620000,8.718969642e-03
39.630000,-1.038633897e-02
39.640000,-2.790054050e-02
39.650000,-3.755037388e-02
39.660000,-3.663144210e-02
39.670000,-2.659131123e-02
39.680000,-1.037729581e-02
39.690000,1.029180924e-02
39.700000,3.472271500e-02
39.710000,6.050629082e-02
39.720000,8.166533396e-02
39.730000,9.065054298e-02
39.740000,8.329487354e-02
39.750000,6.232042738e-02
39.760000,3.597271104e-02
39.770000,1.307696622e-02
39.780000,-1.122303778e-03
39.790000,-5.491628875e-03
39.800000,-6.654272197e-04
39.810000,1.320731768e-02
39.820000,3.623725875e-02
39.830000,6.647756665e-02
39.840000,9.822179700e-02
39.850000,1.229846008e-01
39.860000,1.327995812e-01
39.870000,1.238944424e-01
39.880000,9.846225830e-02
39.890000,6.315829463e-02
39.900000,2.562801355e-02
39.910000,-7.787362304e-03
39.920000,-3.212497309e-02
39.930000,-4.369838483e-02
39.940000,-4.116953649e-02
39.950000,-2.651587552e-02
39.960000,-4.439139161e-03
39.970000,1.960547827e-02
39.980000,4.158602250e-02
39.990000,5.973954694e-02
40.000000,7.325483064e-02
40.010000,8.035416748e-02
40.020000,7.855084135e-02
40.030000,6.740337737e-02
40.040000,5.097203399e-02
40.050000,3.716879945e-02
40.060000,3.357430712e-02
40.070000,4.208238092e-02
40.080000,5.670877456e-02
40.090000,6.746197838e-02
40.100000,6.763532322e-02
40.110000,5.797503537e-02
40.120000,4.437406712e-02
40.130000,3.230254758e-02
40.140000,2.332790223e-02
40.150000,1.581217464e-02
40.160000,8.087880257e-03
40.170000,1.000834976e-03
40.180000,-2.495072998e-03
40.190000,-4.304279698e-04
40.200000,5.353270687e-03
40.210000,9.527935992e-03
40.220000,6.734992938e-03
40.230000,-4.493154283e-03
40.240000,-2.043893007e-02
40.250000,-3.485888189e-02
40.260000,-4.354355008e-02
40.270000,-4.646087512e-02
40.280000,-4.556979147e-02
40.290000,-4.138470489e-02
40.300000,-3.237842249e-02
40.310000,-1.730275289e-02
40.320000,2.614619975e-03
40.330000,2.366412060e-02
40.340000,4.147328643e-02
40.350000,5.295603355e-02
40.360000,5.680605708e-02
40.370000,5.248107109e-02
40.380000,3.941015917e-02
40.390000,1.795741464e-02
40.400000,-8.546728765e-03
40.410000,-3.317931976e-02
40.420000,-4.809961024e-02
40.430000,-4.954141358e-02
40.440000,-4.118811255e-02
40.450000,-3.237459971e-02
40.460000,-3.182595734e-02
40.470000,-4.167836421e-02
40.480000,-5.634945548e-02
40.490000,-6.694009923e-02
40.500000,-6.762719195e-02
40.510000,-5.913944706e-02
40.520000,-4.709222709e-02
40.530000,-3.735257915e-02
40.540000,-3.255479293e-02
40.550000,-3.204864275e-02
40.560000,-3.429958505e-02
40.570000,-3.893283455e-02
40.580000,-4.651939865e-02
40.590000,-5.685865804e-02
40.600000,-6.798276612e-02
40.610000,-7.685776283e-02
40.620000,-8.079218970e-02
40.630000,-7.818175509e-02
40.640000,-6.824622392e-02
40.650000,-5.068057455e-02
40.660000,-2.635659173e-02
40.670000,1.505474909e-03
40.680000,2.785596113e-02
40.690000,4.848172759e-02
40.700000,6.216126381e-02
40.710000,6.997094889e-02
40.720000,7.266347354e-02
40.730000,6.865566094e-02
40.740000,5.429645106e-02
40.750000,2.683875672e-02
40.760000,-1.118195174e-02
40.770000,-4.975483817e-02
40.780000,-7.484341579e-02
40.790000,-7.655879817e-02
40.800000,-5.611163125e-02
40.810000,-2.549685067e-02
40.820000,2.620876549e-04
40.830000,1.208509862e-02
40.840000,1.035999075e-02
40.850000,1.821530633e-03
40.860000,-6.214403700e-03
40.870000,-9.655283128e-03
40.880000,-7.744582499e-03
40.890000,-1.090246704e-03
40.900000,9.416693395e-03
40.910000,2.169796815e-02
40.920000,3.170715236e-02
40.930000,3.527528193e-02
40.940000,3.184958482e-02
40.950000,2.649870351e-02
40.960000,2.752395797e-02
40.970000,4.091984276e-02
40.980000,6.592824463e-02
40.990000,9.517153065e-02
41.000000,1.191081126e-01
41.010000,1.312625632e-01
41.020000,1.303877816e-01
41.030000,1.184532073e-01
41.040000,9.719643531e-02
41.050000,6.741560842e-02
41.060000,3.186882914e-02
41.070000,-2.188837913e-03
41.080000,-2.502149523e-02
41.090000,-3.027936260e-02
41.100000,-1.984102962e-02
41.110000,-3.328529258e-03
41.120000,7.950543961e-03
41.130000,8.481207357e-03
41.140000,1.676435928e-03
41.150000,-3.811642263e-03
41.160000,-1.197250282e-03
41.170000,9.892203892e-03
41.180000,2.420541688e-02
41.190000,3.495056383e-02
41.200000,3.755785349e-02
41.210000,3.119949130e-02
41.220000,1.820200369e-02
41.230000,2.498464723e-03
41.240000,-1.152488396e-02
41.250000,-1.927225357e-02
41.260000,-1.647343368e-02
41.270000,-1.477582081e-03
41.280000,2.187850018e-02
41.290000,4.434566537e-02
41.300000,5.572093899e-02
41.310000,5.053867579e-02
41.320000,3.050664824e-02
41.330000,2.476025103e-03
41.340000,-2.559985567e-02
41.350000,-4.765415868e-02
41.360000,-6.023134153e-02
41.370000,-6.183106161e-02
41.380000,-5.259015476e-02
41.390000,-3.511729583e-02
41.400000,-1.537121898e-02
41.410000,-1.436022871e-03
41.420000,4.710330302e-04
41.430000,-9.743330264e-03
41.440000,-2.543085277e-02
41.450000,-3.738774747e-02
41.460000,-3.958491019e-02
41.470000,-3.196957953e-02
41.480000,-1.885800918e-02
41.490000,-4.953289329e-03
41.500000,7.817346512e-03
41.510000,2.040028901e-02
41.520000,3.379995635e-02
41.530000,4.638363487e-02
41.540000,5.460347630e-02
41.550000,5.653493079e-02
41.560000,5.403236381e-02
41.570000,5.106334270e-02
41.580000,5.042955904e-02
41.590000,5.232418693e-02
41.600000,5.540893964e-02
41.610000,5.867713106e-02
41.620000,6.224358178e-02
41.630000,6.628304320e-02
41.640000,6.905380731e-02
41.650000,6.637756015e-02
41.660000,5.397252438e-02
41.670000,3.095958130e-02
41.680000,1.305988500e-03
41.690000,-2.814714155e-02
41.700000,-5.141066943e-02
41.710000,-6.597512983e-02
41.720000,-7.267541805e-02
41.730000,-7.345944160e-02
41.740000,-6.945456352e-02
41.750000,-6.129714155e-02
41.760000,-5.114550896e-02
41.770000,-4.357080734e-02
41.780000,-4.336830125e-02
41.790000,-5.177280262e-02
41.800000,-6.471372667e-02
41.810000,-7.498250124e-02
41.820000,-7.657317763e-02
41.830000,-6.786335209e-02
41.840000,-5.170693461e-02
41.850000,-3.300031040e-02
41.860000,-1.589043157e-02
41.870000,-2.638051542e-03
41.880000,5.587754816e-03
41.890000,7.610178432e-03
41.900000,2.668219229e-03
41.910000,-7.796868629e-03
41.920000,-1.940457410e-02
41.930000,-2.713720122e-02
41.940000,-2.925350025e-02
41.950000,-2.883983473e-02
41.960000,-3.093002892e-02
41.970000,-3.762032451e-02
41.980000,-4.568726782e-02
41.990000,-4.895301094e-02
42.000000,-4.344000951e-02
42.010000,-3.085520330e-02
42.020000,-1.734715695e-02
42.030000,-8.715327789e-03
42.040000,-6.304783363e-03
42.050000,-6.862378520e-03
42.060000,-5.949010488e-03
42.070000,-1.483282945e-03
42.080000,5.811231638e-03
42.090000,1.479608882e-02
42.100000,2.564826432e-02
42.110000,3.854583489e-02
42.120000,5.106068124e-02
42.130000,5.775730178e-02
42.140000,5.317888884e-02
42.150000,3.620408293e-02
42.160000,1.228637797e-02
42.170000,-8.878496647e-03
42.180000,-1.916066129e-02
42.190000,-1.681144999e-02
42.200000,-6.540376634e-03
42.210000,4.694443995e-03
42.220000,1.255500681e-02
42.230000,1.731969346e-02
42.240000,2.190747113e-02
42.250000,2.798235763e-02
42.260000,3.370987905e-02
42.270000,3.491587410e-02
42.280000,2.820845604e-02
42.290000,1.340858166e-02
42.300000,-6.305962317e-03
42.310000,-2.635355043e-02
42.320000,-4.303271728e-02
42.330000,-5.422190969e-02
42.340000,-5.853509815e-02
42.350000,-5.483526772e-02
42.360000,-4.327163124e-02
42.370000,-2.674861068e-02
42.380000,-1.079675483e-02
42.390000,-1.128605525e-03
42.400000,-4.450326204e-04
42.410000,-7.055489135e-03
42.420000,-1.625803639e-02
42.430000,-2.293062346e-02
42.440000,-2.338154313e-02
42.450000,-1.605904265e-02
42.460000,-1.727668248e-03
42.470000,1.653292397e-02
42.480000,3.367250514e-02
42.490000,4.388453468e-02
42.500000,4.297421844e-02
42.510000,3.084062298e-02
42.520000,1.205508002e-02
42.530000,-6.252859592e-03
42.540000,-1.774647322e-02
42.550000,-1.941358296e-02
42.560000,-1.230350853e-02
42.570000,-5.060701613e-04
42.580000,1.099570343e-02
42.590000,1.836364133e-02
42.600000,1.968595582e-02
42.610000,1.461006636e-02
42.620000,3.950208976e-03
42.630000,-1.021591335e-02
42.640000,-2.468626809e-02
42.650000,-3.619181465e-02
42.660000,-4.284502711e-02
42.670000,-4.481211683e-02
42.680000,-4.361625639e-02
42.690000,-4.044070493e-02
42.700000,-3.457162457e-02
42.710000,-2.345500649e-02
42.720000,-4.942091289e-03
42.730000,1.983417177e-02
42.740000,4.565867640e-02
42.750000,6.552251087e-02
42.760000,7.420588530e-02
42.770000,7.067184461e-02
42.780000,5.832834314e-02
42.790000,4.349077850e-02
42.800000,3.263717593e-02
42.810000,2.955885988e-02
42.820000,3.400963780e-02
42.830000,4.246706983e-02
42.840000,5.000888666e-02
42.850000,5.227255379e-02
42.860000,4.734622870e-02
42.870000,3.699016277e-02
42.880000,2.568851052e-02
42.890000,1.737554115e-02
42.900000,1.243342130e-02
42.910000,7.937389692e-03
42.920000,1.093635378e-03
42.930000,-7.364719587e-03
42.940000,-1.302793892e-02
42.950000,-1.103764919e-02
42.960000,1.563265506e-04
42.970000,1.748564984e-02
42.980000,3.499680955e-02
42.990000,4.697565629e-02
43.000000,5.038072222e-02
43.010000,4.545271818e-02
43.020000,3.468220777e-02
43.030000,2.127547080e-02
43.040000,8.178493974e-03
43.050000,-2.279375009e-03
43.060000,-8.661388573e-03
43.070000,-1.072450282e-02
43.080000,-9.441520720e-03
43.090000,-6.701555219e-03
43.100000,-4.747716189e-03
43.110000,-5.230029955e-03
43.120000,-8.281209376e-03
43.130000,-1.263649808e-02
43.140000,-1.681932586e-02
43.150000,-1.992244272e-02
43.160000,-2.121176876e-02
43.170000,-1.969930792e-02
43.180000,-1.475341460e-02
43.190000,-7.153495425e-03
43.200000,4.618454321e-04
43.210000,4.181704026e-03
43.220000,5.967203715e-04
43.230000,-1.087529305e-02
43.240000,-2.711842210e-02
43.250000,-4.321608396e-02
43.260000,-5.550234062e-02
43.270000,-6.285602208e-02
43.280000,-6.534454441e-02
43.290000,-6.198625106e-02
43.300000,-5.025110017e-02
43.310000,-2.851989321e-02
43.320000,3.213908810e-04
43.330000,2.798634199e-02
43.340000,4.441622501e-02
43.350000,4.345138963e-02
43.360000,2.632068839e-02
43.370000,6.887140136e-04
43.380000,-2.397128136e-02
43.390000,-4.157269237e-02
43.400000,-5.147520931e-02
43.410000,-5.625498014e-02
43.420000,-5.802246808e-02
43.430000,-5.694248472e-02
43.440000,-5.245196436e-02
43.450000,-4.495951568e-02
43.460000,-3.632486381e-02
43.470000,-2.918093269e-02
43.480000,-2.587729551e-02
43.490000,-2.770691544e-02
43.500000,-3.481098605e-02
43.510000,-4.656597764e-02
43.520000,-6.161968333e-02
43.530000,-7.716241491e-02
43.540000,-8.854997850e-02
43.550000,-9.096297826e-02
43.560000,-8.269808713e-02
43.570000,-6.699305309e-02
43.580000,-4.996365529e-02
43.590000,-3.622932153e-02
43.600000,-2.628751588e-02
43.610000,-1.771436412e-02
43.620000,-8.570370523e-03
43.630000,1.368542051e-04
43.640000,4.972464780e-03
43.650000,3.252981320e-03
43.660000,-3.878243247e-03
43.670000,-1.175779572e-02
43.680000,-1.616200311e-02
43.690000,-1.713434916e-02
43.700000,-1.871527390e-02
43.710000,-2.492892334e-02
43.720000,-3.612930054e-02
43.730000,-4.887935450e-02
43.740000,-5.867966551e-02
43.750000,-6.258055593e-02
43.760000,-5.971072779e-02
43.770000,-5.010636814e-02
43.780000,-3.360311543e-02
43.790000,-1.031307017e-02
43.800000,1.736675053e-02
43.810000,4.330146637e-02
43.820000,5.914982366e-02
43.830000,5.862565737e-02
43.840000,4.117642322e-02
43.850000,1.221455126e-02
43.860000,-1.975690189e-02
43.870000,-4.678320373e-02
43.880000,-6.379511776e-02
43.890000,-6.868605123e-02
43.900000,-6.093404639e-02
43.910000,-4.118139421e-02
43.920000,-1.287369836e-02
43.930000,1.644710432e-02
43.940000,3.716413780e-02
43.950000,4.226588758e-02
43.960000,3.117958500e-02
43.970000,1.009069057e-02
43.980000,-1.155746525e-02
43.990000,-2.650375340e-02
44.000000,-3.341151150e-02
44.010000,-3.598311105e-02
44.020000,-3.852025739e-02
44.030000,-4.217598379e-02
44.040000,-4.468937672e-02
44.050000,-4.267601861e-02
44.060000,-3.401609515e-02
44.070000,-1.890238883e-02
44.080000,5.423503307e-04
44.090000,2.134148923e-02
44.100000,4.038894109e-02
44.110000,5.453666052e-02
44.120000,6.104911181e-02
44.130000,5.916007189e-02
44.140000,5.139951999e-02
44.150000,4.252124490e-02
44.160000,3.615036740e-02
44.170000,3.201415293e-02
44.180000,2.633668305e-02
44.190000,1.521302296e-02
44.200000,-1.532812373e-03
44.210000,-1.893053263e-02
44.220000,-2.932428772e-02
44.230000,-2.719456089e-02
44.240000,-1.258680033e-02
44.250000,9.435683827e-03
44.260000,3.222430372e-02
44.270000,5.065983376e-02
44.280000,6.197726428e-02
44.290000,6.474008313e-02
44.300000,5.769663957e-02
44.310000,4.006002764e-02
44.320000,1.328803529e-02
44.330000,-1.746365141e-02
44.340000,-4.424432167e-02
44.350000,-5.933374584e-02
44.360000,-5.816433607e-02
44.370000,-4.064229020e-02
44.380000,-1.110176980e-02
44.390000,2.271660849e-02
44.400000,5.178436466e-02
44.410000,6.855957854e-02
44.420000,6.933577488e-02
44.430000,5.548899133e-02
44.440000,3.322908307e-02
44.450000,1.124694705e-02
44.460000,-3.366883204e-03
44.470000,-8.530531453e-03
44.480000,-7.298066475e-03
44.490000,-4.703638590e-03
44.500000,-4.034330011e-03
44.510000,-5.285830294e-03
44.520000,-6.224030177e-03
44.530000,-4.387506472e-03
44.540000,1.607855267e-03
44.550000,1.179637601e-02
44.560000,2.518535864e-02
44.570000,4.012908057e-02
44.580000,5.428130712e-02
44.590000,6.443868504e-02
44.600000,6.751308099e-02
44.610000,6.284880894e-02
44.620000,5.381682080e-02
44.630000,4.657723490e-02
44.640000,4.647323896e-02
44.650000,5.444112302e-02
44.660000,6.579099572e-02
44.670000,7.268136206e-02
44.680000,6.936593955e-02
44.690000,5.648302061e-02
44.700000,4.072825556e-02
44.710000,3.022833451e-02
44.720000,2.954103882e-02
44.730000,3.779356457e-02
44.740000,5.039919810e-02
44.750000,6.221910429e-02
44.760000,6.955287303e-02
44.770000,7.002619851e-02
44.780000,6.175964238e-02
44.790000,4.364666129e-02
44.800000,1.670558377e-02
44.810000,-1.518933321e-02
44.820000,-4.630166256e-02
44.830000,-7.100583829e-02
44.840000,-8.523079700e-02
44.850000,-8.685084291e-02
44.860000,-7.569331155e-02
44.870000,-5.376507696e-02
44.880000,-2.543716979e-02
44.890000,3.054704622e-03
44.900000,2.513284571e-02
44.910000,3.617425248e-02
44.920000,3.551617932e-02
44.930000,2.664968863e-02
44.940000,1.510085501e-02
44.950000,5.485641514e-03
44.960000,-7.322417711e-05
44.970000,-1.443756715e-03
44.980000,9.380806540e-04
44.990000,6.790006931e-03
45.000000,1.535690802e-02
45.010000,2.415501664e-02
45.020000,2.862428573e-02
45.030000,2.381853361e-02
45.040000,7.638636460e-03
45.050000,-1.653299930e-02
45.060000,-4.009032609e-02
45.070000,-5.294784023e-02
45.080000,-4.890029499e-02
45.090000,-2.920848087e-02
45.100000,-1.827903645e-03
45.110000,2.328533600e-02
45.120000,3.939781154e-02
45.130000,4.520968169e-02
45.140000,4.335088697e-02
45.150000,3.740224380e-02
45.160000,2.999615746e-02
45.170000,2.263266339e-02
45.180000,1.626915464e-02
45.190000,1.183876474e-02
45.200000,1.046835778e-02
45.210000,1.316039635e-02
45.220000,1.982127523e-02
45.230000,2.835025469e-02
45.240000,3.478596089e-02
45.250000,3.459947236e-02
45.260000,2.457835728e-02
45.270000,4.845202856e-03
45.280000,-2.000450160e-02
45.290000,-4.230653503e-02
45.300000,-5.526694934e-02
45.310000,-5.656825254e-02
45.320000,-4.880153479e-02
45.330000,-3.697607309e-02
45.340000,-2.547938595e-02
45.350000,-1.636646623e-02
45.360000,-9.640343411e-03
45.370000,-5.120329794e-03
45.380000,-4.215415649e-03
45.390000,-9.686023177e-03
45.400000,-2.339734894e-02
45.410000,-4.414665032e-02
45.420000,-6.741414993e-02
45.430000,-8.709887814e-02
45.440000,-9.813647352e-02
45.450000,-9.865998802e-02
45.460000,-9.046996413e-02
45.470000,-7.747802083e-02
45.480000,-6.341782091e-02
45.490000,-5.064319459e-02
45.500000,-4.040598679e-02
45.510000,-3.360879426e-02
45.520000,-3.128085960e-02
45.530000,-3.468468696e-02
45.540000,-4.480499583e-02
45.550000,-6.111506645e-02
45.560000,-8.055324349e-02
45.570000,-9.786458362e-02
45.580000,-1.071694579e-01
45.590000,-1.037768408e-01
45.600000,-8.586579188e-02
45.610000,-5.596207572e-02
45.620000,-2.123900976e-02
45.630000,8.534098019e-03
45.640000,2.489581313e-02
45.650000,2.425847697e-02
45.660000,9.208760835e-03
45.670000,-1.284403382e-02
45.680000,-3.280527463e-02
45.690000,-4.333187178e-02
45.700000,-4.107842482e-02
45.710000,-2.709789848e-02
45.720000,-5.814930048e-03
45.730000,1.667153561e-02
45.740000,3.437599164e-02
45.750000,4.281759084e-02
45.760000,3.984314330e-02
45.770000,2.618875537e-02
45.780000,5.818786742e-03
45.790000,-1.463480624e-02
45.800000,-2.778754933e-02
45.810000,-2.818879983e-02
45.820000,-1.459907569e-02
45.830000,9.275980669e-03
45.840000,3.621834487e-02
45.850000,5.847935820e-02
45.860000,7.057977246e-02
45.870000,7.063576651e-02
45.880000,6.023065731e-02
45.890000,4.337291712e-02
45.900000,2.500063945e-02
45.910000,9.610353781e-03
45.920000,4.447657830e-04
45.930000,-8.661177476e-04
45.940000,5.559014165e-03
45.950000,1.793943274e-02
45.960000,3.312455041e-02
45.970000,4.709619073e-02
45.980000,5.585001232e-02
45.990000,5.653732522e-02
46.000000,4.832913783e-02
46.010000,3.267236218e-02
46.020000,1.292965180e-02
46.030000,-6.649499339e-03
46.040000,-2.235632400e-02
46.050000,-3.199465660e-02
46.060000,-3.491146549e-02
46.070000,-3.154647044e-02
46.080000,-2.299557906e-02
46.090000,-1.057042580e-02
46.100000,4.460086418e-03
46.110000,2.045445162e-02
46.120000,3.457583954e-02
46.130000,4.277489964e-02
46.140000,4.133400545e-02
46.150000,2.921649253e-02
46.160000,9.599078152e-03
46.170000,-1.060780718e-02
46.180000,-2.343949512e-02
46.190000,-2.377295985e-02
46.200000,-1.217371932e-02
46.210000,5.680137812e-03
46.220000,2.289577630e-02
46.230000,3.532155659e-02
46.240000,4.241260259e-02
46.250000,4.534510709e-02
46.260000,4.508849282e-02
46.270000,4.195081453e-02
46.280000,3.602918798e-02
46.290000,2.777459646e-02
46.300000,1.850240900e-02
46.310000,1.046930815e-02
46.320000,5.986543249e-03
46.330000,6.071528512e-03
46.340000,9.938644291e-03
46.350000,1.566381627e-02
46.360000,2.107350002e-02
46.370000,2.427536148e-02
46.380000,2.418381550e-02
46.390000,2.107111492e-02
46.400000,1.654374249e-02
46.410000,1.280950461e-02
46.420000,1.165762830e-02
46.430000,1.344072418e-02
46.440000,1.662691961e-02
46.450000,1.887899204e-02
46.460000,1.928064678e-02
46.470000,1.941447270e-02
46.480000,2.175966278e-02
46.490000,2.682789140e-02
46.500000,3.178671127e-02
46.510000,3.184110599e-02
46.520000,2.351620773e-02
46.530000,7.720308851e-03
46.540000,-9.767560247e-03
46.550000,-2.138077883e-02
46.560000,-2.255801988e-02
46.570000,-1.451227734e-02
46.580000,-2.860441049e-03
46.590000,6.230494964e-03
46.600000,8.974841137e-03
46.610000,4.438965501e-03
46.620000,-6.379792235e-03
46.630000,-2.126905912e-02
46.640000,-3.670548038e-02
46.650000,-4.744869858e-02
46.660000,-4.729806752e-02
46.670000,-3.225019088e-02
46.680000,-4.628941014e-03
46.690000,2.585644652e-02
46.700000,4.646454095e-02
46.710000,4.840931391e-02
46.720000,3.115906436e-02
46.730000,1.542945237e-03
46.740000,-3.048697197e-02
46.750000,-5.617859062e-02
46.760000,-7.049912866e-02
46.770000,-7.257047027e-02
46.780000,-6.464541880e-02
46.790000,-5.070109294e-02
46.800000,-3.536051845e-02
46.810000,-2.280963858e-02
46.820000,-1.525460977e-02
46.830000,-1.178322421e-02
46.840000,-9.117034153e-03
46.850000,-4.156354538e-03
46.860000,3.694712778e-03
46.870000,1.222780609e-02
46.880000,1.812551520e-02
46.890000,1.928692973e-02
46.900000,1.630017896e-02
46.910000,1.212456636e-02
46.920000,1.010357864e-02
46.930000,1.186864096e-02
46.940000,1.708690369e-02
46.950000,2.507665273e-02
46.960000,3.589302715e-02
46.970000,4.908158011e-02
46.980000,6.160157497e-02
46.990000,6.792450801e-02
47.000000,6.301639787e-02
47.010000,4.605881679e-02
47.020000,2.226118465e-02
47.030000,1.256615358e-03
47.040000,-7.592280067e-03
47.050000,-2.582938438e-04
47.060000,2.012050077e-02
47.070000,4.562545664e-02
47.080000,6.756202019e-02
47.090000,7.924342889e-02
47.100000,7.730635732e-02
47.110000,6.265537648e-02
47.120000,4.093400446e-02
47.130000,2.126061544e-02
47.140000,1.280632602e-02
47.150000,2.059267247e-02
47.160000,4.272046147e-02
47.170000,7.067470082e-02
47.180000,9.302127314e-02
47.190000,1.009943418e-01
47.200000,9.272035968e-02
47.210000,7.307332089e-02
47.220000,4.945858944e-02
47.230000,2.734627850e-02
47.240000,9.063638123e-03
47.250000,-4.385478579e-03
47.260000,-1.144863223e-02
47.270000,-1.037436852e-02
47.280000,-1.535923947e-03
47.290000,1.054791899e-02
47.300000,1.809668759e-02
47.310000,1.433266713e-02
47.320000,-1.850161803e-03
47.330000,-2.484795240e-02
47.340000,-4.582271263e-02
47.350000,-5.769542932e-02
47.360000,-5.816561701e-02
47.370000,-4.949082685e-02
47.380000,-3.587601045e-02
47.390000,-2.060945511e-02
47.400000,-5.265188877e-03
47.410000,8.768217323e-03
47.420000,1.897749168e-02
47.430000,2.283837209e-02
47.440000,2.013803583e-02
47.450000,1.358373813e-02
47.460000,6.910082751e-03
47.470000,2.361650009e-03
47.480000,-3.893037110e-04
47.490000,-3.343084096e-03
47.500000,-8.160322155e-03
47.510000,-1.454192439e-02
47.520000,-2.009722620e-02
47.530000,-2.162353743e-02
47.540000,-1.686062337e-02
47.550000,-5.765857918e-03
47.560000,9.260224699e-03
47.570000,2.420186486e-02
47.580000,3.467499481e-02
47.590000,3.698717169e-02
47.600000,2.918757006e-02
47.610000,1.241415500e-02
47.620000,-8.286159240e-03
47.630000,-2.515393601e-02
47.640000,-3.110315930e-02
47.650000,-2.335739873e-02
47.660000,-4.812162266e-03
47.670000,1.781046366e-02
47.680000,3.758428742e-02
47.690000,5.018934504e-02
47.700000,5.433437120e-02
47.710000,5.043128172e-02
47.720000,3.943379024e-02
47.730000,2.295469504e-02
47.740000,3.974258215e-03
47.750000,-1.335351806e-02
47.760000,-2.530926388e-02
47.770000,-3.053631404e-02
47.780000,-3.069493998e-02
47.790000,-2.926723602e-02
47.800000,-2.938637713e-02
47.810000,-3.224528403e-02
47.820000,-3.708505863e-02
47.830000,-4.235206293e-02
47.840000,-4.664960308e-02
47.850000,-4.873467981e-02
47.860000,-4.723596763e-02
47.870000,-4.112088590e-02
47.880000,-3.092022631e-02
47.890000,-1.964393889e-02
47.900000,-1.214116793e-02
47.910000,-1.263718946e-02
47.920000,-2.197544090e-02
47.930000,-3.693888361e-02
47.940000,-5.237762448e-02
47.950000,-6.430478716e-02
47.960000,-7.151274898e-02
47.970000,-7.473195505e-02
47.980000,-7.418342438e-02
47.990000,-6.777793506e-02
48.000000,-5.227306003e-02
48.010000,-2.712119262e-02
48.020000,2.598515497e-03
48.030000,2.751306061e-02
48.040000,3.876033147e-02
48.050000,3.243387405e-02
48.060000,1.098856522e-02
48.070000,-1.828227023e-02
48.080000,-4.637583520e-02
48.090000,-6.593993075e-02
48.100000,-7.330350326e-02
48.110000,-6.826466682e-02
48.120000,-5.272455871e-02
48.130000,-3.003339803e-02
48.140000,-4.880412697e-03
48.150000,1.801204623e-02
48.160000,3.619727552e-02
48.170000,5.023858904e-02
48.180000,6.165152775e-02
48.190000,7.002506877e-02
48.200000,7.196660123e-02
48.210000,6.279309548e-02
48.220000,4.015442223e-02
48.230000,7.318466827e-03
48.240000,-2.684869314e-02
48.250000,-5.214526638e-02
48.260000,-6.263472901e-02
48.270000,-5.930292875e-02
48.280000,-4.818451476e-02
48.290000,-3.599443213e-02
48.300000,-2.660069703e-02
48.310000,-2.038849241e-02
48.320000,-1.614270195e-02
48.330000,-1.327638651e-02
48.340000,-1.244887718e-02
48.350000,-1.456651840e-02
48.360000,-1.972840008e-02
48.370000,-2.724403583e-02
48.380000,-3.625505280e-02
48.390000,-4.584371930e-02
48.400000,-5.441841137e-02
48.410000,-5.927215690e-02
48.420000,-5.725287350e-02
48.430000,-4.654152782e-02
48.440000,-2.837431720e-02
48.450000,-7.121958001e-03
48.460000,1.174156836e-02
48.470000,2.427325086e-02
48.480000,2.917116141e-02
48.490000,2.685069316e-02
48.500000,1.789859046e-02
48.510000,2.543839252e-03
48.520000,-1.836383275e-02
48.530000,-4.172876768e-02
48.540000,-6.178233788e-02
48.550000,-7.235927778e-02
48.560000,-7.089486551e-02
48.570000,-6.055716901e-02
48.580000,-4.793350434e-02
48.590000,-3.807892461e-02
48.600000,-3.138721295e-02
48.610000,-2.454434740e-02
48.620000,-1.392169779e-02
48.630000,1.494978184e-03
48.640000,1.924516821e-02
48.650000,3.472807129e-02
48.660000,4.380490115e-02
48.670000,4.487556371e-02
48.680000,3.892889180e-02
48.690000,2.802964401e-02
48.700000,1.440194084e-02
48.710000,1.303883090e-03
48.720000,-5.941779321e-03
48.730000,-1.350059910e-03
48.740000,1.794927613e-02
48.750000,4.865851373e-02
48.760000,8.173204620e-02
48.770000,1.061410240e-01
48.780000,1.137123705e-01
48.790000,1.023948691e-01
48.800000,7.629128541e-02
48.810000,4.300793971e-02
48.820000,1.065057313e-02
48.830000,-1.402171975e-02
48.840000,-2.676860207e-02
48.850000,-2.695870952e-02
48.860000,-1.794254434e-02
48.870000,-5.918200956e-03
48.880000,2.753067631e-03
48.890000,5.079245232e-03
48.900000,3.864748079e-03
48.910000,6.400329743e-03
48.920000,1.916392033e-02
48.930000,4.233445665e-02
48.940000,6.879745384e-02
48.950000,8.856596705e-02
48.960000,9.503158883e-02
48.970000,8.831284561e-02
48.980000,7.363852250e-02
48.990000,5.664952858e-02
49.000000,3.965876279e-02
49.010000,2.177912253e-02
49.020000,2.351518117e-03
49.030000,-1.591131099e-02
49.040000,-2.739529132e-02
49.050000,-2.748118945e-02
49.060000,-1.641175047e-02
49.070000,1.447906208e-04
49.080000,1.422850225e-02
49.090000,2.009357429e-02
49.100000,1.690729817e-02
49.110000,7.917221139e-03
49.120000,-2.670327436e-03
49.130000,-1.209888713e-02
49.140000,-1.918222446e-02
49.150000,-2.322658885e-02
49.160000,-2.353780625e-02
49.170000,-1.995166272e-02
49.180000,-1.358761635e-02
49.190000,-6.915763900e-03
49.200000,-2.834195588e-03
49.210000,-3.199904289e-03
49.220000,-7.768271714e-03
49.230000,-1.448194773e-02
49.240000,-2.117024735e-02
49.250000,-2.721868489e-02
49.260000,-3.337394809e-02
49.270000,-3.986898131e-02
49.280000,-4.529652412e-02
49.290000,-4.778140179e-02
49.300000,-4.697887992e-02
49.310000,-4.442509272e-02
49.320000,-4.184040640e-02
49.330000,-3.920435106e-02
49.340000,-3.454514909e-02
49.350000,-2.582001892e-02
49.360000,-1.341157215e-02
49.370000,-1.019996428e-03
49.380000,6.138021201e-03
49.390000,4.703382695e-03
49.400000,-4.441064143e-03
49.410000,-1.676728227e-02
49.420000,-2.728266575e-02
49.430000,-3.351763089e-02
49.440000,-3.570430389e-02
49.450000,-3.453820423e-02
49.460000,-2.947167550e-02
49.470000,-1.950195631e-02
49.480000,-5.298219902e-03
49.490000,9.849084268e-03
49.500000,2.131245125e-02
49.510000,2.569433644e-02
49.520000,2.290248210e-02
49.530000,1.617150605e-02
49.540000,9.657278783e-03
49.550000,5.347907699e-03
49.560000,2.159096011e-03
49.570000,-1.883817540e-03
49.580000,-6.881981083e-03
49.590000,-1.086373912e-02
49.600000,-1.221103477e-02
49.610000,-1.179470119e-02
49.620000,-1.243469608e-02
49.630000,-1.619290816e-02
49.640000,-2.192158211e-02
49.650000,-2.516261297e-02
49.660000,-2.084654570e-02
49.670000,-7.172180381e-03
49.680000,1.241932998e-02
49.690000,3.120890558e-02
49.700000,4.347706857e-02
49.710000,4.710916006e-02
49.720000,4.275371421e-02
49.730000,3.173412610e-02
49.740000,1.547248595e-02
49.750000,-3.611425422e-03
49.760000,-2.159341138e-02
49.770000,-3.400093643e-02
49.780000,-3.786343131e-02
49.790000,-3.368394299e-02
49.800000,-2.577310078e-02
49.810000,-1.997735379e-02
49.820000,-1.991821139e-02
49.830000,-2.468243242e-02
49.840000,-3.004019342e-02
49.850000,-3.214402992e-02
49.860000,-3.042973588e-02
49.870000,-2.732877673e-02
49.880000,-2.540432416e-02
49.890000,-2.476394766e-02
49.900000,-2.313488578e-02
49.910000,-1.833630260e-02
49.920000,-1.058318393e-02
49.930000,-2.409065186e-03
49.940000,3.450433105e-03
49.950000,6.006845527e-03
49.960000,6.275561409e-03
49.970000,6.234015449e-03
49.980000,7.705365742e-03
49.990000,1.175492511e-02
50.000000,1.841876454e-02
50.010000,2.653849069e-02
50.020000,3.377936216e-02
50.030000,3.706349044e-02
50.040000,3.370238351e-02
50.050000,2.327729588e-02
50.060000,9.265634889e-03
50.070000,-1.616247004e-03
50.080000,-3.207811636e-03
50.090000,5.574872129e-03
50.100000,1.947889099e-02
50.110000,3.028876312e-02
50.120000,3.215458785e-02
50.130000,2.490806039e-02
50.140000,1.334892701e-02
50.150000,3.381368552e-03
50.160000,-2.025313665e-03
50.170000,-3.930604200e-03
50.180000,-4.945329344e-03
50.190000,-5.945044593e-03
50.200000,-5.362385267e-03
50.210000,-1.361238838e-03
50.220000,5.929483222e-03
50.230000,1.447984893e-02
50.240000,2.216504994e-02
50.250000,2.818834681e-02
50.260000,3.295154531e-02
50.270000,3.679925023e-02
50.280000,3.887151362e-02
50.290000,3.728372914e-02
50.300000,3.080006018e-02
50.310000,2.038267441e-02
50.320000,8.581220013e-03
50.330000,-3.012733329e-03
50.340000,-1.546023406e-02
50.350000,-3.108662199e-02
50.360000,-5.008454630e-02
50.370000,-6.846627685e-02
50.380000,-7.957459778e-02
50.390000,-7.818132772e-02
50.400000,-6.403201833e-02
50.410000,-4.215574798e-02
50.420000,-1.977097668e-02
50.430000,-2.243965090e-03
50.440000,8.849150688e-03
50.450000,1.460151840e-02
50.460000,1.641845989e-02
50.470000,1.485777855e-02
50.480000,1.025693285e-02
50.490000,3.806350521e-03
50.500000,-2.466713329e-03
50.510000,-7.084473837e-03
50.520000,-1.064978130e-02
50.530000,-1.573042618e-02
50.540000,-2.449025386e-02
50.550000,-3.575749425e-02
50.560000,-4.441114211e-02
50.570000,-4.438202120e-02
50.580000,-3.321313275e-02
50.590000,-1.425320515e-02
50.600000,5.484085977e-03
50.610000,1.970292766e-02
50.620000,2.568795619e-02
50.630000,2.419813979e-02
50.640000,1.781295953e-02
50.650000,9.373441346e-03
50.660000,9.618862195e-04
50.670000,-6.461441793e-03
50.680000,-1.262310281e-02
50.690000,-1.721026079e-02
50.700000,-1.959419322e-02
50.710000,-1.891414958e-02
50.720000,-1.412739728e-02
50.730000,-4.459833525e-03
50.740000,9.321416988e-03
50.750000,2.393607424e-02
50.760000,3.460395604e-02
50.770000,3.785402497e-02
50.780000,3.394757701e-02
50.790000,2.696380460e-02
50.800000,2.229637600e-02
50.810000,2.294021138e-02
50.820000,2.705016416e-02
50.830000,2.894031061e-02
50.840000,2.316685921e-02
50.850000,8.598078596e-03
50.860000,-1.048436931e-02
50.870000,-2.654870285e-02
50.880000,-3.248421599e-02
50.890000,-2.485310389e-02
50.900000,-5.369557807e-03
50.910000,2.000195626e-02
50.920000,4.372313049e-02
50.930000,5.953443730e-02
50.940000,6.423961738e-02
50.950000,5.834185537e-02
50.960000,4.576972809e-02
50.970000,3.234208243e-02
50.980000,2.290055368e-02
50.990000,1.863245056e-02
51.000000,1.680359730e-02
51.010000,1.338636985e-02
51.020000,6.627826226e-03
51.030000,-1.097511146e-03
51.040000,-4.551988805e-03
51.050000,7.293246995e-04
51.060000,1.510717116e-02
51.070000,3.450606872e-02
51.080000,5.311053174e-02
51.090000,6.629437029e-02
51.100000,7.134160951e-02
51.110000,6.646771360e-02
51.120000,5.050269991e-02
51.130000,2.443543585e-02
51.140000,-6.597772179e-03
51.150000,-3.357095278e-02
51.160000,-4.720126834e-02
51.170000,-4.291622912e-02
51.180000,-2.350946247e-02
51.190000,2.496793705e-03
51.200000,2.560056942e-02
51.210000,4.008328122e-02
51.220000,4.586516701e-02
51.230000,4.640865375e-02
51.240000,4.454853665e-02
51.250000,4.001883566e-02
51.260000,3.080783138e-02
51.270000,1.643479310e-02
51.280000,-5.489817087e-04
51.290000,-1.605703174e-02
51.300000,-2.691080732e-02
51.310000,-3.189125952e-02
51.320000,-3.111998919e-02
51.330000,-2.505254713e-02
51.340000,-1.428765878e-02
51.350000,-2.983302564e-04
51.360000,1.391800727e-02
51.370000,2.441923687e-02
51.380000,2.817741854e-02
51.390000,2.485444160e-02
51.400000,1.676890990e-02
51.410000,6.712318968e-03
51.420000,-4.405390057e-03
51.430000,-1.738865125e-02
51.440000,-3.196790339e-02
51.450000,-4.461669448e-02
51.460000,-4.987351590e-02
51.470000,-4.427578902e-02
51.480000,-2.939088226e-02
51.490000,-1.140385059e-02
51.500000,2.571264821e-03
51.510000,8.999620193e-03
51.520000,9.858284247e-03
51.530000,1.018889292e-02
51.540000,1.335865663e-02
51.550000,1.858936817e-02
51.560000,2.294109683e-02
51.570000,2.499967446e-02
51.580000,2.591537927e-02
51.590000,2.699928735e-02
51.600000,2.715238532e-02
51.610000,2.322902531e-02
51.620000,1.299386678e-02
51.630000,-2.173836324e-03
51.640000,-1.732847530e-02
51.650000,-2.700746658e-02
51.660000,-2.897450379e-02
51.670000,-2.543227890e-02
51.680000,-2.060063646e-02
51.690000,-1.702173088e-02
51.700000,-1.406764313e-02
51.710000,-9.828197230e-03
51.720000,-4.387128938e-03
51.730000,-1.179439631e-03
51.740000,-4.634903379e-03
51.750000,-1.584277656e-02
51.760000,-3.050386845e-02
51.770000,-4.169955281e-02
51.780000,-4.510807014e-02
51.790000,-4.170855502e-02
51.800000,-3.580423769e-02
51.810000,-3.090843252e-02
51.820000,-2.743701532e-02
51.830000,-2.368161662e-02
51.840000,-1.857942746e-02
51.850000,-1.365734962e-02
51.860000,-1.224667701e-02
51.870000,-1.635432483e-02
51.880000,-2.420339972e-02
51.890000,-3.133008393e-02
51.900000,-3.432999692e-02
51.910000,-3.325195605e-02
51.920000,-3.037207953e-02
51.930000,-2.721930749e-02
51.940000,-2.309027016e-02
51.950000,-1.622180149e-02
51.960000,-6.268563529e-03
51.970000,4.362160150e-03
51.980000,1.195640734e-02
51.990000,1.471817930e-02
52.000000,1.447991978e-02
52.010000,1.471870090e-02
52.020000,1.662983406e-02
52.030000,1.741340647e-02
52.040000,1.297927248e-02
52.050000,2.837825435e-03
52.060000,-7.612214595e-03
52.070000,-1.017764208e-02
52.080000,-1.797137324e-04
52.090000,1.935575208e-02
52.100000,3.925689787e-02
52.110000,5.026161283e-02
52.120000,4.871911487e-02
52.130000,3.771597459e-02
52.140000,2.349965551e-02
52.150000,1.091007228e-02
52.160000,1.648254443e-03
52.170000,-4.118192366e-03
52.180000,-5.476872345e-03
52.190000,-6.172140231e-04
52.200000,1.095292699e-02
52.210000,2.631841036e-02
52.220000,3.992120184e-02
52.230000,4.695335922e-02
52.240000,4.609347023e-02
52.250000,3.900139291e-02
52.260000,2.764844466e-02
52.270000,1.257887346e-02
52.280000,-6.284889190e-03
52.290000,-2.725924191e-02
52.300000,-4.538333465e-02
52.310000,-5.402874361e-02
52.320000,-4.949470051e-02
52.330000,-3.496194128e-02
52.340000,-1.956938085e-02
52.350000,-1.250650105e-02
52.360000,-1.682129732e-02
52.370000,-2.791341016e-02
52.380000,-3.742450122e-02
52.390000,-3.889680512e-02
52.400000,-3.085789296e-02
52.410000,-1.588725172e-02
52.420000,2.310246014e-03
52.430000,2.079613298e-02
52.440000,3.703779121e-02
52.450000,4.762668228e-02
52.460000,4.841040852e-02
52.470000,3.688266238e-02
52.480000,1.491084507e-02
52.490000,-1.114398922e-02
52.500000,-3.355480933e-02
52.510000,-4.707543385e-02
52.520000,-5.057693093e-02
52.530000,-4.595137980e-02
52.540000,-3.599162400e-02
52.550000,-2.312251953e-02
52.560000,-9.495220771e-03
52.570000,2.503127233e-03
52.580000,1.057811795e-02
52.590000,1.375157233e-02
52.600000,1.308041121e-02
52.610000,1.061014566e-02
52.620000,7.213272552e-03
52.630000,1.597561272e-03
52.640000,-7.970973236e-03
52.650000,-2.046138344e-02
52.660000,-3.065957144e-02
52.670000,-3.169186786e-02
52.680000,-2.005526524e-02
52.690000,9.485299345e-04
52.700000,2.254206686e-02
52.710000,3.592293853e-02
52.720000,3.781635513e-02
52.730000,3.192842517e-02
52.740000,2.527861070e-02
52.750000,2.254071775e-02
52.760000,2.315593804e-02
52.770000,2.330409960e-02
52.780000,2.024363214e-02
52.790000,1.476895005e-02
52.800000,1.004347488e-02
52.810000,8.547672624e-03
52.820000,1.001605404e-02
52.830000,1.195622329e-02
52.840000,1.208156220e-02
52.850000,1.024039820e-02
52.860000,7.908402342e-03
52.870000,6.036650786e-03
52.880000,3.958424777e-03
52.890000,6.880924651e-04
52.900000,-2.971787568e-03
52.910000,-4.068181273e-03
52.920000,4.339056984e-04
52.930000,1.100762712e-02
52.940000,2.478140091e-02
52.950000,3.716694434e-02
52.960000,4.428607323e-02
52.970000,4.436554372e-02
52.980000,3.758116053e-02
52.990000,2.505247845e-02
53.000000,8.277237959e-03
53.010000,-1.011577760e-02
53.020000,-2.526970828e-02
53.030000,-3.109050881e-02
53.040000,-2.400402678e-02
53.050000,-6.511298113e-03
53.060000,1.316670944e-02
53.070000,2.559345815e-02
53.080000,2.540908682e-02
53.090000,1.384911916e-02
53.100000,-2.691443940e-03
53.110000,-1.670899436e-02
53.120000,-2.348367844e-02
53.130000,-2.234003970e-02
53.140000,-1.511079009e-02
53.150000,-4.191153755e-03
53.160000,7.612346817e-03
53.170000,1.620646121e-02
53.180000,1.693364317e-02
53.190000,7.539189538e-03
53.200000,-9.257588842e-03
53.210000,-2.652075851e-02
53.220000,-3.708600877e-02
53.230000,-3.779418040e-02
53.240000,-3.085469437e-02
53.250000,-2.145850429e-02
53.260000,-1.352133786e-02
53.270000,-6.956048667e-03
53.280000,1.201809473e-03
53.290000,1.291719859e-02
53.300000,2.640282405e-02
53.310000,3.719420903e-02
53.320000,4.166938484e-02
53.330000,3.940905253e-02
53.340000,3.264735637e-02
53.350000,2.406652460e-02
53.360000,1.511247606e-02
53.370000,5.984008959e-03
53.380000,-3.076802215e-03
53.390000,-1.068553722e-02
53.400000,-1.466950031e-02
53.410000,-1.349377258e-02
53.420000,-7.227102853e-03
53.430000,2.700007471e-03
53.440000,1.420807818e-02
53.450000,2.477152184e-02
53.460000,3.121311366e-02
53.470000,3.015248918e-02
53.480000,1.971667429e-02
53.490000,1.533362371e-03
53.500000,-1.885052880e-02
53.510000,-3.405584707e-02
53.520000,-3.868615367e-02
53.530000,-3.278724737e-02
53.540000,-2.232825743e-02
53.550000,-1.540583992e-02
53.560000,-1.645866515e-02
53.570000,-2.326721992e-02
53.580000,-2.925887535e-02
53.590000,-2.878626092e-02
53.600000,-2.097643474e-02
53.610000,-9.749606139e-03
53.620000,-7.279871584e-04
53.630000,2.348640629e-03
53.640000,-9.044303888e-04
53.650000,-8.768233873e-03
53.660000,-1.950172662e-02
53.670000,-3.192559831e-02
53.680000,-4.431812192e-02
53.690000,-5.359825539e-02
53.700000,-5.643616805e-02
53.710000,-5.152639374e-02
53.720000,-4.067202851e-02
53.730000,-2.751405016e-02
53.740000,-1.521476535e-02
53.750000,-5.215296229e-03
53.760000,2.199817863e-03
53.770000,6.489095537e-03
53.780000,6.171098129e-03
53.790000,-1.707190301e-04
53.800000,-1.189878892e-02
53.810000,-2.546964037e-02
53.820000,-3.609087899e-02
53.830000,-4.072410230e-02
53.840000,-3.986452979e-02
53.850000,-3.674120639e-02
53.860000,-3.477729375e-02
53.870000,-3.527820453e-02
53.880000,-3.690735005e-02
53.890000,-3.705945761e-02
53.900000,-3.375683804e-02
53.910000,-2.647376204e-02
53.920000,-1.561745249e-02
53.930000,-1.884769394e-03
53.940000,1.327791015e-02
53.950000,2.655335613e-02
53.960000,3.298101341e-02
53.970000,2.869889614e-02
53.980000,1.437868014e-02
53.990000,-4.018927607e-03
54.000000,-1.832160903e-02
54.010000,-2.276123160e-02
54.020000,-1.692162662e-02
54.030000,-5.446666156e-03
54.040000,5.028657850e-03
54.050000,9.700315550e-03
54.060000,7.627311524e-03
54.070000,9.628921135e-04
54.080000,-7.164813369e-03
54.090000,-1.412303245e-02
54.100000,-1.819764828e-02
54.110000,-1.874602629e-02
54.120000,-1.646368180e-02
54.130000,-1.341908541e-02
54.140000,-1.236355695e-02
54.150000,-1.522834133e-02
54.160000,-2.156588530e-02
54.170000,-2.830587357e-02
54.180000,-3.150451933e-02
54.190000,-2.900698777e-02
54.200000,-2.184646254e-02
54.210000,-1.307798348e-02
54.220000,-5.071906463e-03
54.230000,2.101736852e-03
54.240000,9.637022083e-03
54.250000,1.759914085e-02
54.260000,2.380130092e-02
54.270000,2.496540183e-02
54.280000,1.896786334e-02
54.290000,6.494459876e-03
54.300000,-8.888926746e-03
54.310000,-2.250993837e-02
54.320000,-3.131154195e-02
54.330000,-3.540594665e-02
54.340000,-3.705163151e-02
54.350000,-3.827499780e-02
54.360000,-3.958782345e-02
54.370000,-4.037609828e-02
54.380000,-3.955854480e-02
54.390000,-3.583744364e-02
54.400000,-2.830384003e-02
54.410000,-1.752364565e-02
54.420000,-5.934969812e-03
54.430000,3.079973192e-03
54.440000,6.763549754e-03
54.450000,4.372084467e-03
54.460000,-2.121071855e-03
54.470000,-8.729645796e-03
54.480000,-1.179205701e-02
54.490000,-1.046886253e-02
54.500000,-7.178270021e-03
54.510000,-5.440397591e-03
54.520000,-7.013911626e-03
54.530000,-1.071103742e-02
54.540000,-1.353865527e-02
54.550000,-1.287980995e-02
54.560000,-8.095329162e-03
54.570000,-7.568976983e-04
54.580000,6.535942515e-03
54.590000,1.204393745e-02
54.600000,1.588907099e-02
54.610000,1.914295174e-02
54.620000,2.223807938e-02
54.630000,2.479074791e-02
54.640000,2.677866713e-02
54.650000,2.913243169e-02
54.660000,3.290927127e-02
54.670000,3.814643472e-02
54.680000,4.356972041e-02
54.690000,4.736365196e-02
54.700000,4.853390012e-02
54.710000,4.783187091e-02
54.720000,4.722356151e-02
54.730000,4.823222471e-02
54.740000,5.075567077e-02
54.750000,5.333897714e-02
54.760000,5.430872336e-02
54.770000,5.266141676e-02
54.780000,4.824547840e-02
54.790000,4.152633858e-02
54.800000,3.351356984e-02
54.810000,2.602637690e-02
54.820000,2.165948375e-02
54.830000,2.273048001e-02
54.840000,2.961898324e-02
54.850000,3.991867183e-02
54.860000,4.935344724e-02
54.870000,5.393537906e-02
54.880000,5.185557346e-02
54.890000,4.389416795e-02
54.900000,3.235865814e-02
54.910000,1.967461535e-02
54.920000,7.809554437e-03
54.930000,-1.342202048e-03
54.940000,-5.626083117e-03
54.950000,-3.338688896e-03
54.960000,5.324225605e-03
54.970000,1.753477428e-02
54.980000,2.882665883e-02
54.990000,3.529864405e-02
55.000000,3.555469597e-02
55.010000,3.113781965e-02
55.020000,2.514657850e-02
55.030000,1.996521449e-02
55.040000,1.588716317e-02
55.050000,1.172533713e-02
55.060000,6.593983918e-03
55.070000,9.975332592e-04
55.080000,-3.708580509e-03
55.090000,-6.688713772e-03
55.100000,-8.245247455e-03
55.110000,-8.965031186e-03
55.120000,-8.438316817e-03
55.130000,-5.315023100e-03
55.140000,9.850089254e-04
55.150000,8.650868165e-03
55.160000,1.392569232e-02
55.170000,1.372409654e-02
55.180000,8.313248761e-03
55.190000,1.421862763e-03
55.200000,-2.702455973e-03
55.210000,-2.595981493e-03
55.220000,-4.689483935e-05
55.230000,2.391229108e-03
55.240000,4.050118224e-03
55.250000,6.560449871e-03
55.260000,1.201014302e-02
55.270000,2.059662778e-02
55.280000,2.981747658e-02
55.290000,3.605928855e-02
55.300000,3.738478153e-02
55.310000,3.515974427e-02
55.320000,3.306416625e-02
55.330000,3.415749667e-02
55.340000,3.838493527e-02
55.350000,4.274547803e-02
55.360000,4.387856617e-02
55.370000,4.040476973e-02
55.380000,3.303138918e-02
55.390000,2.318920805e-02
55.400000,1.206320915e-02
55.410000,7.173763114e-04
55.420000,-9.174403350e-03
55.430000,-1.500622932e-02
55.440000,-1.438945815e-02
55.450000,-7.528807302e-03
55.460000,1.368993847e-03
55.470000,5.650167502e-03
55.480000,1.082350445e-04
55.490000,-1.549236834e-02
55.500000,-3.579110575e-02
55.510000,-5.277907553e-02
55.520000,-6.043427764e-02
55.530000,-5.761621646e-02
55.540000,-4.729036960e-02
55.550000,-3.355861080e-02
55.560000,-1.943287630e-02
55.570000,-6.568075973e-03
55.580000,4.014525559e-03
55.590000,1.150123770e-02
55.600000,1.540577519e-02
55.610000,1.566346283e-02
55.620000,1.230094394e-02
55.630000,5.062496862e-03
55.640000,-6.298657484e-03
55.650000,-2.101517336e-02
55.660000,-3.649296406e-02
55.670000,-4.878237934e-02
55.680000,-5.447978217e-02
55.690000,-5.277795900e-02
55.700000,-4.587910804e-02
55.710000,-3.728481218e-02
55.720000,-2.941484082e-02
55.730000,-2.246277042e-02
55.740000,-1.514059087e-02
55.750000,-6.594380062e-03
55.760000,1.880841955e-03
55.770000,6.798372464e-03
55.780000,4.654668163e-03
55.790000,-5.179334215e-03
55.800000,-1.946875436e-02
55.810000,-3.299175186e-02
55.820000,-4.151457238e-02
55.830000,-4.348105398e-02
55.840000,-3.975176305e-02
55.850000,-3.233050025e-02
55.860000,-2.317705883e-02
55.870000,-1.361767296e-02
55.880000,-4.304104059e-03
55.890000,4.635240995e-03
55.900000,1.347632965e-02
55.910000,2.264749820e-02
55.920000,3.216055049e-02
55.930000,4.100642912e-02
55.940000,4.713591149e-02
55.950000,4.839377052e-02
55.960000,4.401722825e-02
55.970000,3.558921703e-02
55.980000,2.648486326e-02
55.990000,2.006445127e-02
56.000000,1.798447045e-02
56.010000,1.979279862e-02
56.020000,2.381241222e-02
56.030000,2.843277590e-02
56.040000,3.282390251e-02
56.050000,3.663537095e-02
56.060000,3.918406004e-02
56.070000,3.920172919e-02
56.080000,3.559083055e-02
56.090000,2.838022181e-02
56.100000,1.874237503e-02
56.110000,7.983185664e-03
56.120000,-3.417262578e-03
56.130000,-1.567709952e-02
56.140000,-2.862811216e-02
56.150000,-4.080868789e-02
56.160000,-4.965304686e-02
56.170000,-5.261572515e-02
56.180000,-4.836461009e-02
56.190000,-3.732106163e-02
56.200000,-2.132152241e-02
56.210000,-2.744253340e-03
56.220000,1.603526234e-02
56.230000,3.231965598e-02
56.240000,4.271572162e-02
56.250000,4.412678130e-02
56.260000,3.594047774e-02
56.270000,2.132151445e-02
56.280000,6.023210432e-03
56.290000,-4.521960095e-03
56.300000,-7.767189680e-03
56.310000,-4.895202218e-03
56.320000,1.555779153e-04
56.330000,2.764302046e-03
56.340000,-2.540263886e-04
56.350000,-9.374974487e-03
56.360000,-2.225104384e-02
56.370000,-3.463455768e-02
56.380000,-4.208340245e-02
56.390000,-4.193997987e-02
56.400000,-3.468501872e-02
56.410000,-2.385574188e-02
56.420000,-1.446377619e-02
56.430000,-1.069599228e-02
56.440000,-1.406167387e-02
56.450000,-2.287727678e-02
56.460000,-3.321094901e-02
56.470000,-4.064800757e-02
56.480000,-4.199466707e-02
56.490000,-3.627241586e-02
56.500000,-2.473122908e-02
56.510000,-1.005777789e-02
56.520000,4.648719903e-03
56.530000,1.667475619e-02
56.540000,2.433289996e-02
56.550000,2.756256749e-02
56.560000,2.805683947e-02
56.570000,2.840585129e-02
56.580000,3.054297943e-02
56.590000,3.447262190e-02
56.600000,3.818813533e-02
56.610000,3.904937316e-02
56.620000,3.582922992e-02
56.630000,2.975786946e-02
56.640000,2.351236256e-02
56.650000,1.907192053e-02
56.660000,1.644985012e-02
56.670000,1.431779297e-02
56.680000,1.175336117e-02
56.690000,9.348975307e-03
56.700000,8.384196139e-03
56.710000,8.690320795e-03
56.720000,7.568125063e-03
56.730000,1.266785437e-03
56.740000,-1.215937976e-02
56.750000,-3.092317445e-02
56.760000,-4.961580984e-02
56.770000,-6.125376830e-02
56.780000,-6.059198053e-02
56.790000,-4.711157409e-02
56.800000,-2.567389458e-02
56.810000,-4.301085569e-03
56.820000,9.426909742e-03
56.830000,1.137586830e-02
56.840000,2.143824572e-03
56.850000,-1.353013102e-02
56.860000,-2.878118365e-02
56.870000,-3.726441121e-02
56.880000,-3.547779967e-02
56.890000,-2.381497220e-02
56.900000,-5.898621010e-03
56.910000,1.327328914e-02
56.920000,2.926509990e-02
56.930000,3.941196494e-02
56.940000,4.299974804e-02
56.950000,4.053089823e-02
56.960000,3.272698137e-02
56.970000,2.014003935e-02
56.980000,3.639012269e-03
56.990000,-1.482562856e-02
57.000000,-3.208723948e-02
57.010000,-4.472284334e-02
57.020000,-5.053536224e-02
57.030000,-4.928942586e-02
57.040000,-4.225045951e-02
57.050000,-3.149281198e-02
57.060000,-1.971794785e-02
57.070000,-9.918385692e-03
57.080000,-4.259685391e-03
57.090000,-2.994200643e-03
57.100000,-4.533461511e-03
57.110000,-6.595025864e-03
57.120000,-7.483331456e-03
57.130000,-6.710313659e-03
57.140000,-4.652269061e-03
57.150000,-1.625191516e-03
57.160000,2.646452098e-03
57.170000,8.561622240e-03
57.180000,1.567765234e-02
57.190000,2.224697024e-02
57.200000,2.574652377e-02
57.210000,2.416522424e-02
57.220000,1.734023309e-02
57.230000,7.492743620e-03
57.240000,-1.425684400e-03
57.250000,-5.137020132e-03
57.260000,-4.706059719e-04
57.270000,1.345917018e-02
57.280000,3.442858361e-02
57.290000,5.715244759e-02
57.300000,7.479630264e-02
57.310000,8.166331835e-02
57.320000,7.576020349e-02
57.330000,5.982380562e-02
57.340000,4.013995977e-02
57.350000,2.361000202e-02
57.360000,1.459800016e-02
57.370000,1.344686545e-02
57.380000,1.752176106e-02
57.390000,2.371229586e-02
57.400000,3.021300568e-02
57.410000,3.633494508e-02
57.420000,4.120510799e-02
57.430000,4.319650061e-02
57.440000,4.079555674e-02
57.450000,3.392805299e-02
57.460000,2.446189781e-02
57.470000,1.552398844e-02
57.480000,1.012996272e-02
57.490000,1.000540976e-02
57.500000,1.536235612e-02
57.510000,2.553564102e-02
57.520000,3.943166878e-02
57.530000,5.507239604e-02
57.540000,6.893696686e-02
57.550000,7.644866695e-02
57.560000,7.395691577e-02
57.570000,6.101776027e-02
57.580000,4.114124579e-02
57.590000,2.006614902e-02
57.600000,2.550923006e-03
57.610000,-9.947421004e-03
57.620000,-1.895968764e-02
57.630000,-2.654003477e-02
57.640000,-3.293095147e-02
57.650000,-3.638905883e-02
57.660000,-3.517850373e-02
57.670000,-2.979324652e-02
57.680000,-2.338834102e-02
57.690000,-2.013339427e-02
57.700000,-2.294200393e-02
57.710000,-3.223955626e-02
57.720000,-4.626658076e-02
57.730000,-6.216444313e-02
57.740000,-7.683176958e-02
57.750000,-8.728782398e-02
57.760000,-9.106363126e-02
57.770000,-8.706023020e-02
57.780000,-7.648302284e-02
57.790000,-6.279702642e-02
57.800000,-5.002413795e-02
57.810000,-4.018199625e-02
57.820000,-3.196236475e-02
57.830000,-2.212601202e-02
57.840000,-8.670478654e-03
57.850000,6.961649703e-03
57.860000,2.059345561e-02
57.870000,2.834783071e-02
57.880000,2.940638989e-02
57.890000,2.612049957e-02
57.900000,2.147287225e-02
57.910000,1.638228845e-02
57.920000,9.431653887e-03
57.930000,-9.136487764e-04
57.940000,-1.392893094e-02
57.950000,-2.632062298e-02
57.960000,-3.414600929e-02
57.970000,-3.525546074e-02
57.980000,-3.024046647e-02
57.990000,-2.124132220e-02
58.000000,-1.004204859e-02
58.010000,2.376927954e-03
58.020000,1.445211355e-02
58.030000,2.286911179e-02
58.040000,2.359655941e-02
58.050000,1.459180993e-02
58.060000,-2.173699393e-03
58.070000,-2.115373337e-02
58.080000,-3.608164636e-02
58.090000,-4.342351287e-02
58.100000,-4.381126616e-02
58.110000,-4.025888939e-02
58.120000,-3.506648348e-02
58.130000,-2.859174279e-02
58.140000,-2.063990866e-02
58.150000,-1.222400176e-02
58.160000,-5.544034951e-03
58.170000,-2.399719280e-03
58.180000,-2.788090724e-03
58.190000,-5.082336132e-03
58.200000,-7.774668901e-03
58.210000,-1.126615498e-02
58.220000,-1.773891197e-02
58.230000,-2.868775678e-02
58.240000,-4.225959331e-02
58.250000,-5.338474496e-02
58.260000,-5.725031911e-02
58.270000,-5.312515550e-02
58.280000,-4.486475471e-02
58.290000,-3.761066693e-02
58.300000,-3.381818032e-02
58.310000,-3.207372624e-02
58.320000,-2.933952501e-02
58.330000,-2.431896622e-02
58.340000,-1.896399934e-02
58.350000,-1.691363386e-02
58.360000,-2.029516397e-02
58.370000,-2.770008377e-02
58.380000,-3.509820945e-02
58.390000,-3.883671444e-02
58.400000,-3.800830857e-02
58.410000,-3.419090256e-02
58.420000,-2.924318968e-02
58.430000,-2.364142763e-02
58.440000,-1.681392327e-02
58.450000,-8.525069028e-03
58.460000,5.027525200e-04
58.470000,9.253059100e-03
58.480000,1.736754485e-02
58.490000,2.521333927e-02
58.500000,3.286176314e-02
58.510000,3.892069731e-02
58.520000,4.066041059e-02
58.530000,3.602871000e-02
58.540000,2.606822607e-02
58.550000,1.496815107e-02
58.560000,6.879726775e-03
58.570000,2.382000686e-03
58.580000,-1.595343279e-03
58.590000,-8.144851277e-03
58.600000,-1.660858061e-02
58.610000,-2.215028541e-02
58.620000,-1.915434287e-02
58.630000,-5.968661947e-03
58.640000,1.278198125e-02
58.650000,2.863162515e-02
58.660000,3.481072938e-02
58.670000,3.026507925e-02
58.680000,1.899701392e-02
58.690000,5.970824791e-03
58.700000,-6.413705046e-03
58.710000,-1.844455553e-02
58.720000,-3.053475813e-02
58.730000,-4.116936517e-02
58.740000,-4.756171479e-02
58.750000,-4.803070595e-02
58.760000,-4.341521336e-02
58.770000,-3.611899562e-02
58.780000,-2.776812702e-02
58.790000,-1.782652102e-02
58.800000,-4.860839117e-03
58.810000,1.047153550e-02
58.820000,2.396770433e-02
58.830000,3.014681877e-02
58.840000,2.656292679e-02
58.850000,1.619207928e-02
58.860000,5.646951030e-03
58.870000,6.151451315e-04
58.880000,2.109334877e-03
58.890000,6.348533401e-03
58.900000,8.097900017e-03
58.910000,4.501657981e-03
58.920000,-3.673346813e-03
58.930000,-1.380519712e-02
58.940000,-2.382728854e-02
58.950000,-3.277346305e-02
58.960000,-3.945456941e-02
58.970000,-4.153363770e-02
58.980000,-3.673508953e-02
58.990000,-2.530602064e-02
59.000000,-1.113173756e-02
59.010000,1.106342650e-04
59.020000,4.621923750e-03
59.030000,2.841968767e-03
59.040000,-1.748694927e-03
59.050000,-6.298661322e-03
59.060000,-1.107715154e-02
59.070000,-1.821454129e-02
59.080000,-2.792612930e-02
59.090000,-3.615772657e-02
59.100000,-3.644644757e-02
59.110000,-2.482115035e-02
59.120000,-3.562182483e-03
59.130000,1.955161991e-02
59.140000,3.608161511e-02
59.150000,4.203380982e-02
59.160000,3.924336667e-02
59.170000,3.231638181e-02
59.180000,2.430247435e-02
59.190000,1.500586072e-02
59.200000,2.806835518e-03
59.210000,-1.236472968e-02
59.220000,-2.766971269e-02
59.230000,-3.862830164e-02
59.240000,-4.188848125e-02
59.250000,-3.700867241e-02
59.260000,-2.571826196e-02
59.270000,-1.007578284e-02
59.280000,7.908658948e-03
59.290000,2.517210412e-02
59.300000,3.736397906e-02
59.310000,4.061858985e-02
59.320000,3.404379553e-02
59.330000,2.097708684e-02
59.340000,7.697896919e-03
59.350000,-2.921477010e-04
59.360000,-1.846927897e-03
59.370000,-1.066752179e-04
59.380000,1.440644355e-03
59.390000,2.680587016e-03
59.400000,6.535241196e-03
59.410000,1.521288118e-02
59.420000,2.703200718e-02
59.430000,3.695069151e-02
59.440000,4.043030651e-02
59.450000,3.724590808e-02
59.460000,3.170710704e-02
59.470000,2.882860372e-02
59.480000,2.975062959e-02
59.490000,3.059335423e-02
59.500000,2.594178193e-02
59.510000,1.392132623e-02
59.520000,-1.778456509e-03
59.530000,-1.479881242e-02
59.540000,-2.108399410e-02
59.550000,-2.124709417e-02
59.560000,-1.855878737e-02
59.570000,-1.507567429e-02
59.580000,-9.715872759e-03
59.590000,1.443430940e-04
59.600000,1.517858539e-02
59.610000,3.200712415e-02
59.620000,4.461950453e-02
59.630000,4.821569852e-02
59.640000,4.204532332e-02
59.650000,2.894330222e-02
59.660000,1.253228514e-02
59.670000,-4.969555550e-03
59.680000,-2.238497069e-02
59.690000,-3.750523763e-02
59.700000,-4.617020120e-02
59.710000,-4.435843982e-02
59.720000,-3.175023902e-02
59.730000,-1.317798493e-02
59.740000,3.847126109e-03
59.750000,1.374266696e-02
59.760000,1.596391277e-02
59.770000,1.420062200e-02
59.780000,1.248171798e-02
59.790000,1.178429500e-02
59.800000,1.022386914e-02
59.810000,6.116313808e-03
59.820000,2.833823758e-04
59.830000,-4.746490542e-03
59.840000,-7.398926930e-03
59.850000,-8.585102206e-03
59.860000,-1.051712324e-02
59.870000,-1.394798433e-02
59.880000,-1.659630306e-02
59.890000,-1.458584563e-02
59.900000,-5.862755453e-03
59.910000,7.532784238e-03
59.920000,2.050269342e-02
59.930000,2.828398032e-02
59.940000,2.915211152e-02
59.950000,2.431372714e-02
59.960000,1.570289078e-02
59.970000,4.235544456e-03
59.980000,-9.789099760e-03
59.990000,-2.490693960e-02
60.000000,-3.756910008e-02
60.010000,-4.350551437e-02
60.020000,-4.059707034e-02
60.030000,-3.085150699e-02
60.040000,-1.945946838e-02
60.050000,-1.128017420e-02
60.060000,-7.564030999e-03
60.070000,-5.712498039e-03
60.080000,-2.095485062e-03
60.090000,4.776401710e-03
60.100000,1.336399481e-02
60.110000,2.080545175e-02
60.120000,2.541441681e-02
60.130000,2.776571642e-02
60.140000,2.949346828e-02
60.150000,3.112284073e-02
60.160000,3.138243462e-02
60.170000,2.890654906e-02
60.180000,2.443220783e-02
60.190000,2.089386840e-02
60.200000,2.112568984e-02
60.210000,2.540785318e-02
60.220000,3.111023382e-02
60.230000,3.458298131e-02
60.240000,3.355553138e-02
60.250000,2.818039950e-02
60.260000,2.024008265e-02
60.270000,1.162116644e-02
60.280000,3.644017345e-03
60.290000,-2.281064382e-03
60.300000,-3.932001038e-03
60.310000,9.141969448e-04
60.320000,1.230749640e-02
60.330000,2.666718956e-02
60.340000,3.787934723e-02
60.350000,4.070185501e-02
60.360000,3.430298932e-02
60.370000,2.327372794e-02
60.380000,1.484035478e-02
60.390000,1.395259710e-02
60.400000,2.014172249e-02
60.410000,2.869140140e-02
60.420000,3.461341000e-02
60.430000,3.565577862e-02
60.440000,3.235970465e-02
60.450000,2.627848286e-02
60.460000,1.845563462e-02
60.470000,9.175259419e-03
60.480000,-1.264472788e-03
60.490000,-1.167325846e-02
60.500000,-1.997569300e-02
60.510000,-2.429689343e-02
60.520000,-2.413464387e-02
60.530000,-2.048520550e-02
60.540000,-1.496511966e-02
60.550000,-8.924184945e-03
60.560000,-3.238922430e-03
60.570000,1.392275255e-03
60.580000,4.279492550e-03
60.590000,5.092347226e-03
60.600000,4.404180503e-03
60.610000,3.620515321e-03
60.620000,4.048080349e-03
60.630000,5.904043353e-03
60.640000,8.169401612e-03
60.650000,9.341182627e-03
60.660000,8.499055930e-03
60.670000,5.976098317e-03
60.680000,3.047527971e-03
60.690000,7.388649545e-04
60.700000,-1.154314193e-03
60.710000,-3.802110794e-03
60.720000,-8.116226599e-03
60.730000,-1.379129219e-02
60.740000,-1.940114292e-02
60.750000,-2.330665282e-02
60.760000,-2.453932685e-02
60.770000,-2.303003394e-02
60.780000,-1.932027305e-02
60.790000,-1.434959914e-02
60.800000,-9.443252904e-03
60.810000,-6.038404441e-03
60.820000,-5.000238582e-03
60.830000,-6.023508489e-03
60.840000,-7.594325093e-03
60.850000,-7.603721078e-03
60.860000,-4.494358936e-03
60.870000,1.570047121e-03
60.880000,8.500926377e-03
60.890000,1.356424804e-02
60.900000,1.526662317e-02
60.910000,1.427268812e-02
60.920000,1.266745543e-02
60.930000,1.232207313e-02
60.940000,1.372123889e-02
60.950000,1.605354320e-02
60.960000,1.826205476e-02
60.970000,1.999118931e-02
60.980000,2.156516224e-02
60.990000,2.312651013e-02
61.000000,2.395703374e-02
61.010000,2.290276754e-02
61.020000,1.966348033e-02
61.030000,1.560867229e-02
61.040000,1.310878445e-02
61.050000,1.388609666e-02
61.060000,1.779226280e-02
61.070000,2.284358006e-02
61.080000,2.634711847e-02
61.090000,2.643455805e-02
61.100000,2.307395340e-02
61.110000,1.780630939e-02
61.120000,1.248011465e-02
61.130000,8.181480548e-03
61.140000,5.115295095e-03
61.150000,3.082621473e-03
61.160000,1.902845373e-03
61.170000,1.545317119e-03
61.180000,2.008089840e-03
61.190000,3.098094681e-03
61.200000,4.373548022e-03
61.210000,5.340136700e-03
61.220000,5.682424912e-03
61.230000,5.293719163e-03
61.240000,4.096070488e-03
61.250000,1.883133227e-03
61.260000,-1.495952943e-03
61.270000,-5.678424681e-03
61.280000,-9.710236383e-03
61.290000,-1.276235023e-02
61.300000,-1.500754932e-02
61.310000,-1.765609295e-02
61.320000,-2.198211443e-02
61.330000,-2.807237070e-02
61.340000,-3.426712627e-02
61.350000,-3.795064006e-02
61.360000,-3.737454948e-02
61.370000,-3.303047122e-02
61.380000,-2.723165111e-02
61.390000,-2.224077808e-02
61.400000,-1.858900195e-02
61.410000,-1.487814889e-02
61.420000,-9.099486045e-03
61.430000,-4.471837130e-04
61.440000,9.752692633e-03
61.450000,1.873748364e-02
61.460000,2.406185941e-02
61.470000,2.501589601e-02
61.480000,2.265113240e-02
61.490000,1.850438081e-02
61.500000,1.326447911e-02
61.510000,6.794126914e-03
61.520000,-4.517223449e-04
61.530000,-6.231749035e-03
61.540000,-7.066265883e-03
61.550000,-2.770022934e-04
61.560000,1.400986845e-02
61.570000,3.220334814e-02
61.580000,4.838182009e-02
61.590000,5.681211261e-02
61.600000,5.457792173e-02
61.610000,4.278894754e-02
61.620000,2.578447030e-02
61.630000,9.083261475e-03
61.640000,-2.689258322e-03
61.650000,-7.127136266e-03
61.660000,-4.458017197e-03
61.670000,2.874860608e-03
61.680000,1.138223960e-02
61.690000,1.818969783e-02
61.700000,2.240781733e-02
61.710000,2.516629237e-02
61.720000,2.802497339e-02
61.730000,3.089080504e-02
61.740000,3.125132120e-02
61.750000,2.565139355e-02
61.760000,1.251531934e-02
61.770000,-5.871843506e-03
61.780000,-2.397998346e-02
61.790000,-3.600392134e-02
61.800000,-3.904011480e-02
61.810000,-3.422429162e-02
61.820000,-2.526073821e-02
61.830000,-1.566765842e-02
61.840000,-6.823459088e-03
61.850000,1.800826025e-03
61.860000,1.060142030e-02
61.870000,1.806416152e-02
61.880000,2.125818947e-02
61.890000,1.831969053e-02
61.900000,1.033815264e-02
61.910000,5.978313672e-04
61.920000,-7.914308270e-03
61.930000,-1.408994483e-02
61.940000,-1.818570637e-02
61.950000,-2.041008414e-02
61.960000,-2.025740745e-02
61.970000,-1.705288915e-02
61.980000,-1.111810584e-02
61.990000,-4.476156300e-03
62.000000,-6.470571410e-05
62.010000,3.928888431e-04
62.020000,-2.017349879e-03
62.030000,-4.217649172e-03
62.040000,-3.866817265e-03
62.050000,-1.392096325e-03
62.060000,5.452728743e-04
62.070000,-5.526669454e-04
62.080000,-4.957440220e-03
62.090000,-1.055930817e-02
62.100000,-1.461790348e-02
62.110000,-1.598935940e-02
62.120000,-1.578173775e-02
62.130000,-1.553645029e-02
62.140000,-1.464158185e-02
62.150000,-9.915794456e-03
62.160000,1.835912294e-03
62.170000,2.064125825e-02
62.180000,4.237739557e-02
62.190000,6.061428899e-02
62.200000,6.974108509e-02
62.210000,6.719292350e-02
62.220000,5.352686679e-02
62.230000,3.107406212e-02
62.240000,3.141818947e-03
62.250000,-2.545667923e-02
62.260000,-4.805204044e-02
62.270000,-5.775342783e-02
62.280000,-5.075802973e-02
62.290000,-2.897148238e-02
62.300000,4.042394646e-04
62.310000,2.856634600e-02
62.320000,4.969377340e-02
62.330000,6.307661982e-02
62.340000,7.136155855e-02
62.350000,7.668724116e-02
62.360000,7.814081252e-02
62.370000,7.269670932e-02
62.380000,5.865317877e-02
62.390000,3.828597775e-02
62.400000,1.726669674e-02
62.410000,1.506231873e-03
62.420000,-5.870082793e-03
62.430000,-5.429689746e-03
62.440000,-2.047977700e-04
62.450000,6.342653760e-03
62.460000,1.163672104e-02
62.470000,1.405202717e-02
62.480000,1.264176328e-02
62.490000,7.573070164e-03
62.500000,8.099734327e-04
62.510000,-4.372811198e-03
62.520000,-5.409828035e-03
62.530000,-2.616003170e-03
62.540000,4.278568866e-04
62.550000,-8.877427883e-04
62.560000,-8.615298813e-03
62.570000,-2.017623162e-02
62.580000,-2.986442609e-02
62.590000,-3.295099566e-02
62.600000,-2.898424820e-02
62.610000,-2.159803463e-02
62.620000,-1.528573865e-02
62.630000,-1.210850678e-02
62.640000,-1.098762779e-02
62.650000,-9.689073373e-03
62.660000,-7.360054338e-03
62.670000,-5.371699826e-03
62.680000,-5.981589088e-03
62.690000,-1.029359532e-02
62.700000,-1.748162007e-02
62.710000,-2.574803315e-02
62.720000,-3.356723123e-02
62.730000,-3.976598046e-02
62.740000,-4.284770020e-02
62.750000,-4.102137328e-02
62.760000,-3.333683406e-02
62.770000,-2.087567567e-02
62.780000,-6.801695750e-03
62.790000,5.060240166e-03
62.800000,1.233236782e-02
62.810000,1.524503982e-02
62.820000,1.567211183e-02
62.830000,1.486909263e-02
62.840000,1.222003942e-02
62.850000,6.266881252e-03
62.860000,-3.079287061e-03
62.870000,-1.332287899e-02
62.880000,-2.042636072e-02
62.890000,-2.153396388e-02
62.900000,-1.717074096e-02
62.910000,-1.065722978e-02
62.920000,-4.961896023e-03
62.930000,-2.000657240e-04
62.940000,5.423653584e-03
62.950000,1.234459200e-02
62.960000,1.778198443e-02
62.970000,1.733310000e-02
62.980000,8.589360635e-03
62.990000,-6.234277124e-03
63.000000,-2.091405580e-02
63.010000,-2.914906844e-02
63.020000,-2.906679634e-02
63.030000,-2.442881145e-02
63.040000,-2.133196659e-02
63.050000,-2.341291608e-02
63.060000,-2.965339148e-02
63.070000,-3.604465623e-02
63.080000,-3.909796333e-02
63.090000,-3.822513984e-02
63.100000,-3.533073349e-02
63.110000,-3.239348961e-02
63.120000,-2.961832743e-02
63.130000,-2.602278758e-02
63.140000,-2.149993126e-02
63.150000,-1.768030286e-02
63.160000,-1.645045594e-02
63.170000,-1.789795753e-02
63.180000,-2.020894711e-02
63.190000,-2.179868541e-02
63.200000,-2.331739622e-02
63.210000,-2.708174347e-02
63.220000,-3.410600268e-02
63.230000,-4.159629390e-02
63.240000,-4.375054186e-02
63.250000,-3.582740136e-02
63.260000,-1.834849959e-02
63.270000,2.163657179e-03
63.280000,1.688636702e-02
63.290000,2.025891473e-02
63.300000,1.323269015e-02
63.310000,1.817203079e-03
63.320000,-7.643901733e-03
63.330000,-1.250011228e-02
63.340000,-1.420725609e-02
63.350000,-1.564604554e-02
63.360000,-1.833145914e-02
63.370000,-2.192782360e-02
63.380000,-2.578375406e-02
63.390000,-3.016493920e-02
63.400000,-3.556451416e-02
63.410000,-4.100329923e-02
63.420000,-4.356776891e-02
63.430000,-4.014748905e-02
63.440000,-3.008774268e-02
63.450000,-1.643205433e-02
63.460000,-4.300914883e-03
63.470000,2.648862963e-03
63.480000,4.605539113e-03
63.490000,4.550495095e-03
63.500000,5.017997084e-03
63.510000,6.002026827e-03
63.520000,5.616401572e-03
63.530000,2.310815380e-03
63.540000,-3.360460937e-03
63.550000,-8.705827988e-03
63.560000,-1.075178737e-02
63.570000,-8.494458664e-03
63.580000,-3.210906371e-03
63.590000,3.614945429e-03
63.600000,1.225591026e-02
63.610000,2.407306369e-02
63.620000,3.885389776e-02
63.630000,5.320171932e-02
63.640000,6.199207154e-02
63.650000,6.185005723e-02
63.660000,5.360155006e-02
63.670000,4.145671820e-02
63.680000,2.958992617e-02
63.690000,1.918562204e-02
63.700000,8.577677997e-03
63.710000,-3.850849125e-03
63.720000,-1.692237400e-02
63.730000,-2.670997259e-02
63.740000,-2.933061048e-02
63.750000,-2.402394762e-02
63.760000,-1.393213662e-02
63.770000,-3.986112237e-03
63.780000,2.326999047e-03
63.790000,4.654396718e-03
63.800000,4.694431669e-03
63.810000,3.747252590e-03
63.820000,1.554583801e-03
63.830000,-2.541771642e-03
63.840000,-7.829436599e-03
63.850000,-1.217337275e-02
63.860000,-1.385147528e-02
63.870000,-1.322118196e-02
63.880000,-1.241017672e-02
63.890000,-1.332753908e-02
63.900000,-1.584679505e-02
63.910000,-1.780853564e-02
63.920000,-1.698544797e-02
63.930000,-1.339552430e-02
63.940000,-9.736272906e-03
63.950000,-9.282911087e-03
63.960000,-1.315995001e-02
63.970000,-1.958467753e-02
63.980000,-2.564171763e-02
63.990000,-2.980856866e-02
64.000000,-3.309421044e-02
64.010000,-3.795981486e-02
64.020000,-4.583168062e-02
64.030000,-5.515184280e-02
64.040000,-6.172327780e-02
64.050000,-6.130839847e-02
64.060000,-5.247845057e-02
64.070000,-3.752116350e-02
64.080000,-2.091301154e-02
64.090000,-6.819508670e-03
64.100000,2.388889903e-03
64.110000,5.986808399e-03
64.120000,4.313308612e-03
64.130000,-1.011704454e-03
64.140000,-6.670290240e-03
64.150000,-8.580933229e-03
64.160000,-4.234715325e-03
64.170000,5.463415861e-03
64.180000,1.656910421e-02
64.190000,2.446251025e-02
64.200000,2.642397974e-02
64.210000,2.268592029e-02
64.220000,1.552261455e-02
64.230000,7.425105025e-03
64.240000,-6.146691774e-05
64.250000,-6.138952781e-03
64.260000,-9.962203412e-03
64.270000,-1.055590505e-02
64.280000,-7.725183980e-03
64.290000,-2.860957076e-03
64.300000,1.438671171e-03
64.310000,2.698830838e-03
64.320000,-1.589135230e-04
64.330000,-6.217950217e-03
64.340000,-1.286336505e-02
64.350000,-1.709059043e-02
64.360000,-1.721477464e-02
64.370000,-1.358888221e-02
64.380000,-7.757887273e-03
64.390000,-1.216669662e-03
64.400000,4.868723844e-03
64.410000,9.172113583e-03
64.420000,1.015253744e-02
64.430000,6.952525934e-03
64.440000,5.286850865e-04
64.450000,-6.185263792e-03
64.460000,-9.670464985e-03
64.470000,-8.037470017e-03
64.480000,-2.348078914e-03
64.490000,4.169964227e-03
64.500000,8.438742814e-03
64.510000,9.460849382e-03
64.520000,8.442597748e-03
64.530000,7.385005680e-03
64.540000,7.542389715e-03
64.550000,8.891493229e-03
64.560000,1.076184043e-02
64.570000,1.288896598e-02
64.580000,1.580852230e-02
64.590000,2.008245245e-02
64.600000,2.509857503e-02
64.610000,2.879327534e-02
64.620000,2.876858135e-02
64.630000,2.392543742e-02
64.640000,1.535398534e-02
64.650000,5.861237578e-03
64.660000,-1.574046510e-03
64.670000,-5.444381134e-03
64.680000,-6.412882450e-03
64.690000,-6.725450768e-03
64.700000,-8.829302244e-03
64.710000,-1.396534421e-02
64.720000,-2.132623459e-02
64.730000,-2.813143776e-02
64.740000,-3.066243609e-02
64.750000,-2.590951417e-02
64.760000,-1.319600146e-02
64.770000,4.951298381e-03
64.780000,2.328599103e-02
64.790000,3.576435208e-02
64.800000,3.815369247e-02
64.810000,2.995314866e-02
64.820000,1.449671825e-02
64.830000,-2.728646368e-03
64.840000,-1.638446396e-02
64.850000,-2.300838060e-02
64.860000,-2.175917431e-02
64.870000,-1.420266484e-02
64.880000,-3.217256145e-03
64.890000,8.419074726e-03
64.900000,1.876543562e-02
64.910000,2.648908851e-02
64.920000,3.048134484e-02
64.930000,3.000278864e-02
64.940000,2.506379301e-02
64.950000,1.653168087e-02
64.960000,6.012458703e-03
64.970000,-4.352143171e-03
64.980000,-1.243068624e-02
64.990000,-1.707586156e-02
65.000000,-1.883435683e-02
65.010000,-1.956048701e-02
65.020000,-2.109748648e-02
65.030000,-2.412097031e-02
65.040000,-2.791155445e-02
65.050000,-3.084148529e-02
65.060000,-3.106801220e-02
65.070000,-2.729025447e-02
65.080000,-1.947053977e-02
65.090000,-9.122856329e-03
65.100000,1.142658904e-03
65.110000,8.658225447e-03
65.120000,1.183342783e-02
65.130000,1.082174280e-02
65.140000,7.272013773e-03
65.150000,3.203210030e-03
65.160000,-3.056539971e-04
65.170000,-3.714515460e-03
65.180000,-8.454104709e-03
65.190000,-1.546065518e-02
65.200000,-2.376545775e-02
65.210000,-3.037210940e-02
65.220000,-3.196255519e-02
65.230000,-2.739537513e-02
65.240000,-1.894638857e-02
65.250000,-1.116187599e-02
65.260000,-8.229656952e-03
65.270000,-1.172205262e-02
65.280000,-1.985253869e-02
65.290000,-2.840564154e-02
65.300000,-3.291056228e-02
65.310000,-3.091213637e-02
65.320000,-2.287600717e-02
65.330000,-1.138290170e-02
65.340000,3.080908799e-04
65.350000,9.411618294e-03
65.360000,1.453142663e-02
65.370000,1.624577936e-02
65.380000,1.668318026e-02
65.390000,1.802453350e-02
65.400000,2.096088430e-02
65.410000,2.415662339e-02
65.420000,2.504745744e-02
65.430000,2.168988761e-02
65.440000,1.469035842e-02
65.450000,7.713369789e-03
65.460000,5.752689391e-03
65.470000,1.209526880e-02
65.480000,2.607665327e-02
65.490000,4.323086600e-02
65.500000,5.770164397e-02
65.510000,6.514600928e-02
65.520000,6.418105879e-02
65.530000,5.586851371e-02
65.540000,4.234025538e-02
65.550000,2.594730194e-02
65.560000,9.340749343e-03
65.570000,-4.214661639e-03
65.580000,-1.131354910e-02
65.590000,-9.931446256e-03
65.600000,-1.006442533e-03
65.610000,1.137814242e-02
65.620000,2.171072966e-02
65.630000,2.565301236e-02
65.640000,2.185976972e-02
65.650000,1.206507800e-02
65.660000,-1.755795787e-04
65.670000,-1.095855685e-02
65.680000,-1.700406146e-02
65.690000,-1.625747762e-02
65.700000,-8.480441913e-03
65.710000,4.281469245e-03
65.720000,1.793328951e-02
65.730000,2.773635025e-02
65.740000,3.053095335e-02
65.750000,2.637392248e-02
65.760000,1.814980466e-02
65.770000,9.311551390e-03
65.780000,1.686502766e-03
65.790000,-4.834817909e-03
65.800000,-1.081785857e-02
65.810000,-1.569958623e-02
65.820000,-1.767621239e-02
65.830000,-1.520555583e-02
65.840000,-8.719045535e-03
65.850000,-7.408139137e-04
65.860000,5.976350245e-03
65.870000,1.057185359e-02
65.880000,1.428934953e-02
65.890000,1.861321890e-02
65.900000,2.335417153e-02
65.910000,2.661410051e-02
65.920000,2.657591324e-02
65.930000,2.345471257e-02
65.940000,1.988030874e-02
65.950000,1.911204168e-02
65.960000,2.221206758e-02
65.970000,2.656740486e-02
65.980000,2.737399062e-02
65.990000,2.102203177e-02
66.000000,7.542127159e-03
66.010000,-9.604018257e-03
66.020000,-2.563902496e-02
66.030000,-3.660430578e-02
66.040000,-4.025373740e-02
66.050000,-3.571856569e-02
66.060000,-2.297804192e-02
66.070000,-3.172451170e-03
66.080000,2.050385289e-02
66.090000,4.281726571e-02
66.100000,5.832262502e-02
66.110000,6.398133779e-02
66.120000,6.044584458e-02
66.130000,5.083347657e-02
66.140000,3.803159933e-02
66.150000,2.305556497e-02
66.160000,6.022004386e-03
66.170000,-1.146129588e-02
66.180000,-2.527786512e-02
66.190000,-3.052714897e-02
66.200000,-2.464456630e-02
66.210000,-9.394798571e-03
66.220000,9.771211881e-03
66.230000,2.656198554e-02
66.240000,3.692945095e-02
66.250000,4.027448221e-02
66.260000,3.819449716e-02
66.270000,3.227091123e-02
66.280000,2.302239513e-02
66.290000,1.069136702e-02
66.300000,-3.386581984e-03
66.310000,-1.643940013e-02
66.320000,-2.528752462e-02
66.330000,-2.783845189e-02
66.340000,-2.397852273e-02
66.350000,-1.539262486e-02
66.360000,-4.585541368e-03
66.370000,6.099912861e-03
66.380000,1.484327176e-02
66.390000,2.031074577e-02
66.400000,2.193269902e-02
66.410000,2.057563218e-02
66.420000,1.874654510e-02
66.430000,1.948163427e-02
66.440000,2.422768766e-02
66.450000,3.131054657e-02
66.460000,3.658941030e-02
66.470000,3.613416848e-02
66.480000,2.878564619e-02
66.490000,1.651590136e-02
66.500000,2.629006378e-03
66.510000,-1.030083607e-02
66.520000,-2.101444508e-02
66.530000,-2.861761021e-02
66.540000,-3.157249471e-02
66.550000,-2.812023573e-02
66.560000,-1.802862104e-02
66.570000,-3.923261045e-03
66.580000,9.398869688e-03
66.590000,1.743962835e-02
66.600000,1.838934626e-02
66.610000,1.368503304e-02
66.620000,6.600329852e-03
66.630000,2.892746564e-04
66.640000,-3.189498065e-03
66.650000,-2.630320018e-03
66.660000,2.774011014e-03
66.670000,1.313917895e-02
66.680000,2.702546601e-02
66.690000,4.113701138e-02
66.700000,5.144939863e-02
66.710000,5.529354961e-02
66.720000,5.281749250e-02
66.730000,4.655945773e-02
66.740000,3.940283566e-02
66.750000,3.257195892e-02
66.760000,2.533790720e-02
66.770000,1.665733044e-02
66.780000,7.215694832e-03
66.790000,-1.541953687e-04
66.800000,-2.354250356e-03
66.810000,1.251077892e-03
66.820000,7.687877363e-03
66.830000,1.200363094e-02
66.840000,1.044709803e-02
66.850000,2.661711640e-03
66.860000,-8.581196488e-03
66.870000,-1.939286577e-02
66.880000,-2.670328841e-02
66.890000,-2.900747604e-02
66.900000,-2.618949543e-02
66.910000,-1.932007085e-02
66.920000,-1.074794112e-02
66.930000,-3.863142770e-03
66.940000,-1.881919041e-03
66.950000,-6.071824971e-03
66.960000,-1.475385194e-02
66.970000,-2.406634529e-02
66.980000,-3.014091022e-02
66.990000,-3.122468085e-02
67.000000,-2.831905135e-02
67.010000,-2.404226188e-02
67.020000,-2.070095531e-02
67.030000,-1.899593141e-02
67.040000,-1.817664654e-02
67.050000,-1.725241932e-02
67.060000,-1.597316967e-02
67.070000,-1.468715188e-02
67.080000,-1.358723571e-02
67.090000,-1.250139187e-02
67.100000,-1.147494929e-02
67.110000,-1.138040965e-02
67.120000,-1.385733507e-02
67.130000,-2.040847407e-02
67.140000,-3.097918953e-02
67.150000,-4.305917084e-02
67.160000,-5.243677387e-02
67.170000,-5.530617302e-02
67.180000,-5.000165048e-02
67.190000,-3.723631372e-02
67.200000,-1.939797306e-02
67.210000,1.213686297e-04
67.220000,1.745551003e-02
67.230000,2.908940316e-02
67.240000,3.305691330e-02
67.250000,2.996648281e-02
67.260000,2.305990069e-02
67.270000,1.689323380e-02
67.280000,1.508376577e-02
67.290000,1.832031549e-02
67.300000,2.391791278e-02
67.310000,2.735779822e-02
67.320000,2.486098729e-02
67.330000,1.530334699e-02
67.340000,5.327859146e-04
67.350000,-1.556590440e-02
67.360000,-2.852421847e-02
67.370000,-3.475069948e-02
67.380000,-3.247416989e-02
67.390000,-2.188862441e-02
67.400000,-4.987753562e-03
67.410000,1.445838357e-02
67.420000,3.141874571e-02
67.430000,4.130871265e-02
67.440000,4.200771002e-02
67.450000,3.452656123e-02
67.460000,2.199308025e-02
67.470000,8.044870156e-03
67.480000,-4.381511773e-03
67.490000,-1.353901664e-02
67.500000,-1.866706571e-02
67.510000,-1.957479157e-02
67.520000,-1.671513573e-02
67.530000,-1.166502385e-02
67.540000,-6.997915183e-03
67.550000,-5.022049418e-03
67.560000,-6.278569800e-03
67.570000,-9.173925565e-03
67.580000,-1.111699279e-02
67.590000,-1.021645377e-02
67.600000,-6.206049750e-03
67.610000,-6.286250412e-05
67.620000,6.995334960e-03
67.630000,1.400851308e-02
67.640000,1.995376698e-02
67.650000,2.340811817e-02
67.660000,2.306621767e-02
67.670000,1.889006175e-02
67.680000,1.272188517e-02
67.690000,7.519585115e-03
67.700000,5.595766521e-03
67.710000,7.130688473e-03
67.720000,1.010566454e-02
67.730000,1.178397620e-02
67.740000,1.060856743e-02
67.750000,7.020728717e-03
67.760000,2.775793888e-03
67.770000,-3.575847178e-04
67.780000,-1.534624295e-03
67.790000,-1.097053404e-03
67.800000,-1.499818363e-04
67.810000,3.253554152e-04
67.820000,5.921474255e-05
67.830000,-7.984945700e-04
67.840000,-2.265974596e-03
67.850000,-4.455252398e-03
67.860000,-7.039014782e-03
67.870000,-9.273523229e-03
67.880000,-1.071824131e-02
67.890000,-1.165583581e-02
67.900000,-1.256009595e-02
67.910000,-1.323286788e-02
67.920000,-1.267586178e-02
67.930000,-9.922846675e-03
67.940000,-5.087479122e-03
67.950000,2.707235596e-04
67.960000,3.912898771e-03
67.970000,4.570254546e-03
67.980000,3.312828190e-03
67.990000,3.179327629e-03
68.000000,6.970788214e-03
68.010000,1.504447937e-02
68.020000,2.503363906e-02
68.030000,3.349303787e-02
68.040000,3.783852954e-02
68.050000,3.707824191e-02
68.060000,3.113961285e-02
68.070000,1.989795744e-02
68.080000,3.287796627e-03
68.090000,-1.732404304e-02
68.100000,-3.796225156e-02
68.110000,-5.276814033e-02
68.120000,-5.675665321e-02
68.130000,-4.880304182e-02
68.140000,-3.254708284e-02
68.150000,-1.437934003e-02
68.160000,6.999142876e-05
68.170000,8.482434984e-03
68.180000,1.193272881e-02
68.190000,1.291410885e-02
68.200000,1.318821285e-02
68.210000,1.328830405e-02
68.220000,1.367644113e-02
68.230000,1.562186285e-02
68.240000,2.031156365e-02
68.250000,2.713515900e-02
68.260000,3.324709767e-02
68.270000,3.505851964e-02
68.280000,3.043521055e-02
68.290000,1.999811796e-02
68.300000,6.683441466e-03
68.310000,-6.113613861e-03
68.320000,-1.635779447e-02
68.330000,-2.367644376e-02
68.340000,-2.823202184e-02
68.350000,-2.977715591e-02
68.360000,-2.807811623e-02
68.370000,-2.403641012e-02
68.380000,-1.984833807e-02
68.390000,-1.756733771e-02
68.400000,-1.726250186e-02
68.410000,-1.660139423e-02
68.420000,-1.250940834e-02
68.430000,-3.744187320e-03
68.440000,7.637218578e-03
68.450000,1.718672899e-02
68.460000,2.081453969e-02
68.470000,1.738017988e-02
68.480000,9.261045390e-03
68.490000,7.042858527e-04
68.500000,-4.547027001e-03
68.510000,-4.649398867e-03
68.520000,4.016787356e-04
68.530000,9.470702749e-03
68.540000,2.067178499e-02
68.550000,3.143287281e-02
68.560000,3.896083793e-02
68.570000,4.142434710e-02
68.580000,3.909675405e-02
68.590000,3.432280138e-02
68.600000,3.004839883e-02
68.610000,2.790377529e-02
68.620000,2.726265648e-02
68.630000,2.600676403e-02
68.640000,2.243931390e-02
68.650000,1.677470661e-02
68.660000,1.082098816e-02
68.670000,6.102490210e-03
68.680000,2.336632087e-03
68.690000,-2.087276871e-03
68.700000,-8.101506537e-03
68.710000,-1.451182598e-02
68.720000,-1.857853021e-02
68.730000,-1.811201676e-02
68.740000,-1.323261686e-02
68.750000,-6.307354973e-03
68.760000,-1.975685071e-04
68.770000,3.576945250e-03
68.780000,5.192569980e-03
68.790000,5.364179776e-03
68.800000,4.084319945e-03
68.810000,5.785264970e-04
68.820000,-5.565501410e-03
68.830000,-1.333796104e-02
68.840000,-2.053639862e-02
68.850000,-2.530815475e-02
68.860000,-2.766218808e-02
68.870000,-2.940673740e-02
68.880000,-3.240807005e-02
68.890000,-3.681227216e-02
68.900000,-4.093735769e-02
68.910000,-4.279169240e-02
68.920000,-4.164169262e-02
68.930000,-3.828353709e-02
68.940000,-3.403610418e-02
68.950000,-2.953760639e-02
68.960000,-2.453277622e-02
68.970000,-1.892930026e-02
68.980000,-1.400672489e-02
68.990000,-1.217397576e-02
69.000000,-1.501862346e-02
69.010000,-2.136415393e-02
69.020000,-2.741409333e-02
69.030000,-2.923849436e-02
69.040000,-2.560807930e-02
69.050000,-1.875619103e-02
69.060000,-1.253021504e-02
69.070000,-9.674278150e-03
69.080000,-1.039432915e-02
69.090000,-1.288708808e-02
69.100000,-1.499686454e-02
69.110000,-1.567710810e-02
69.120000,-1.528329433e-02
69.130000,-1.468463291e-02
69.140000,-1.424090056e-02
69.150000,-1.367027619e-02
69.160000,-1.264085298e-02
69.170000,-1.116873941e-02
69.180000,-9.441268780e-03
69.190000,-7.440055814e-03
69.200000,-4.855729195e-03
69.210000,-1.539111665e-03
69.220000,1.756893285e-03
69.230000,3.197388609e-03
69.240000,8.600341299e-04
69.250000,-5.791969187e-03
69.260000,-1.538264364e-02
69.270000,-2.550327217e-02
69.280000,-3.405926474e-02
69.290000,-3.988943354e-02
69.300000,-4.232438545e-02
69.310000,-4.045145449e-02
69.320000,-3.330645893e-02
69.330000,-2.129660355e-02
69.340000,-7.478009284e-03
69.350000,3.088135409e-03
69.360000,5.970873278e-03
69.370000,1.032088865e-04
69.380000,-1.145066648e-02
69.390000,-2.326011705e-02
69.400000,-3.064212424e-02
69.410000,-3.207606388e-02
69.420000,-2.939813182e-02
69.430000,-2.588169067e-02
69.440000,-2.381620806e-02
69.450000,-2.335783032e-02
69.460000,-2.316241162e-02
69.470000,-2.178452496e-02
69.480000,-1.844755434e-02
69.490000,-1.284630079e-02
69.500000,-4.832517889e-03
69.510000,5.233118251e-03
69.520000,1.574757788e-02
69.530000,2.373550573e-02
69.540000,2.592052225e-02
69.550000,2.055158332e-02
69.560000,8.748262671e-03
69.570000,-5.691953059e-03
69.580000,-1.800997246e-02
69.590000,-2.465803240e-02
69.600000,-2.464220886e-02
69.610000,-1.939379495e-02
69.620000,-1.155916778e-02
69.630000,-3.777318032e-03
69.640000,1.824951477e-03
69.650000,3.722945982e-03
69.660000,1.377966775e-03
69.670000,-4.150542804e-03
69.680000,-1.024112648e-02
69.690000,-1.388228214e-02
69.700000,-1.328727546e-02
69.710000,-8.731542039e-03
69.720000,-2.093045674e-03
69.730000,4.398967229e-03
69.740000,9.352864312e-03
69.750000,1.271148062e-02
69.760000,1.530786939e-02
69.770000,1.790033251e-02
69.780000,2.070999952e-02
69.790000,2.391982242e-02
69.800000,2.820453441e-02
69.810000,3.419211119e-02
69.820000,4.122953492e-02
69.830000,4.681987391e-02
69.840000,4.743943830e-02
69.850000,4.033215480e-02
69.860000,2.531755987e-02
69.870000,5.488138005e-03
69.880000,-1.388141800e-02
69.890000,-2.762309006e-02
69.900000,-3.261070957e-02
69.910000,-2.831039621e-02
69.920000,-1.625374604e-02
69.930000,6.701595644e-04
69.940000,1.875835670e-02
69.950000,3.421408578e-02
69.960000,4.424434217e-02
69.970000,4.801482430e-02
69.980000,4.668339462e-02
69.990000,4.234552862e-02
70.000000,3.657342024e-02
70.010000,2.958690757e-02
70.020000,2.069190281e-02
70.030000,9.608063974e-03
70.040000,-2.527237924e-03
70.050000,-1.338745491e-02
70.060000,-2.062412899e-02
70.070000,-2.291908804e-02
70.080000,-2.022987563e-02
70.090000,-1.340666741e-02
70.100000,-3.831532749e-03
70.110000,6.562608600e-03
70.120000,1.521336379e-02
70.130000,1.935789755e-02
70.140000,1.707931348e-02
70.150000,8.468825356e-03
70.160000,-3.898170300e-03
70.170000,-1.583021825e-02
70.180000,-2.356849465e-02
70.190000,-2.570877931e-02
70.200000,-2.353214169e-02
70.210000,-1.959371142e-02
70.220000,-1.584981805e-02
70.230000,-1.276532402e-02
70.240000,-9.832209464e-03
70.250000,-6.712970219e-03
70.260000,-3.786071130e-03
70.270000,-1.630140104e-03
70.280000,-1.421636722e-04
70.290000,1.687587236e-03
70.300000,4.972649814e-03
70.310000,9.672873217e-03
70.320000,1.408067117e-02
70.330000,1.586154408e-02
70.340000,1.394370724e-02
70.350000,9.488006946e-03
70.360000,5.050117345e-03
70.370000,2.804399608e-03
70.380000,3.301184426e-03
70.390000,5.510495539e-03
70.400000,7.893717073e-03
70.410000,9.545544993e-03
70.420000,1.051126374e-02
70.430000,1.129716201e-02
70.440000,1.232503125e-02
70.450000,1.379208080e-02
70.460000,1.575948542e-02
70.470000,1.815158906e-02
70.480000,2.054110044e-02
70.490000,2.187935850e-02
70.500000,2.066923847e-02
70.510000,1.592766920e-02
70.520000,8.366087169e-03
70.530000,5.673778437e-04
70.540000,-4.351524645e-03
70.550000,-4.641100506e-03
70.560000,-8.788201424e-04
70.570000,4.583116074e-03
70.580000,8.990359191e-03
70.590000,1.039987846e-02
70.600000,8.244587468e-03
70.610000,3.149939832e-03
70.620000,-3.791834070e-03
70.630000,-1.165888740e-02
70.640000,-1.973075941e-02
70.650000,-2.718103089e-02
70.660000,-3.298254555e-02
70.670000,-3.602397866e-02
70.680000,-3.522813210e-02
70.690000,-2.983214735e-02
70.700000,-1.989834629e-02
70.710000,-6.665759999e-03
70.720000,7.510637562e-03
70.730000,1.951617249e-02
70.740000,2.620559971e-02
70.750000,2.567337391e-02
70.760000,1.849577265e-02
70.770000,7.777221249e-03
70.780000,-2.465987786e-03
70.790000,-9.572057156e-03
70.800000,-1.341669542e-02
70.810000,-1.565458288e-02
70.820000,-1.785883132e-02
70.830000,-2.017946263e-02
70.840000,-2.135271485e-02
70.850000,-1.974086227e-02
70.860000,-1.462839284e-02
70.870000,-6.932586647e-03
70.880000,1.299621091e-03
70.890000,8.236867283e-03
70.900000,1.311630568e-02
70.910000,1.590850259e-02
70.920000,1.662538696e-02
70.930000,1.525822854e-02
70.940000,1.212509443e-02
70.950000,7.911260733e-03
70.960000,3.362070202e-03
70.970000,-9.686055322e-04
70.980000,-4.732229641e-03
70.990000,-7.563238448e-03
71.000000,-8.761641296e-03
71.010000,-7.356558632e-03
71.020000,-2.890969856e-03
71.030000,3.642353946e-03
71.040000,9.827370799e-03
71.050000,1.318820783e-02
71.060000,1.298363390e-02
71.070000,1.097763821e-02
71.080000,1.035747741e-02
71.090000,1.336090007e-02
71.100000,1.931266605e-02
71.110000,2.461134935e-02
71.120000,2.480942496e-02
71.130000,1.747048990e-02
71.140000,3.950839018e-03
71.150000,-1.112175413e-02
71.160000,-2.237015385e-02
71.170000,-2.645861477e-02
71.180000,-2.339636346e-02
71.190000,-1.594348268e-02
71.200000,-7.939367536e-03
71.210000,-2.588714481e-03
71.220000,-1.374440245e-03
71.230000,-3.839097072e-03
71.240000,-8.091044915e-03
71.250000,-1.173135294e-02
71.260000,-1.296060604e-02
71.270000,-1.150432935e-02
71.280000,-8.725464762e-03
71.290000,-6.580239975e-03
71.300000,-6.077817763e-03
71.310000,-6.590661413e-03
71.320000,-6.707286775e-03
71.330000,-5.795169051e-03
71.340000,-4.719637881e-03
71.350000,-5.090957781e-03
71.360000,-7.851764808e-03
71.370000,-1.241321202e-02
71.380000,-1.691231645e-02
71.390000,-1.944223251e-02
71.400000,-1.954507334e-02
71.410000,-1.881811005e-02
71.420000,-1.984189941e-02
71.430000,-2.407158265e-02
71.440000,-3.048338153e-02
71.450000,-3.613288200e-02
71.460000,-3.797571307e-02
71.470000,-3.441210034e-02
71.480000,-2.577448256e-02
71.490000,-1.398642789e-02
71.500000,-1.766995016e-03
71.510000,8.328957387e-03
71.520000,1.453636281e-02
71.530000,1.595868874e-02
71.540000,1.265575470e-02
71.550000,6.062269816e-03
71.560000,-1.091475190e-03
71.570000,-6.052029776e-03
71.580000,-7.564396955e-03
71.590000,-6.176094832e-03
71.600000,-3.316111126e-03
71.610000,-2.743684037e-04
71.620000,2.272480521e-03
71.630000,4.278229597e-03
71.640000,6.056174875e-03
71.650000,7.939817292e-03
71.660000,1.021372271e-02
71.670000,1.326042875e-02
71.680000,1.738568443e-02
71.690000,2.215958694e-02
71.700000,2.601667780e-02
71.710000,2.696096330e-02
71.720000,2.412759639e-02
71.730000,1.886498189e-02
71.740000,1.422153049e-02
71.750000,1.304318052e-02
71.760000,1.600424415e-02
71.770000,2.099377203e-02
71.780000,2.445810254e-02
71.790000,2.395853694e-02
71.800000,2.009679929e-02
71.810000,1.617515696e-02
71.820000,1.567688520e-02
71.830000,1.948177867e-02
71.840000,2.501952814e-02
71.850000,2.802593873e-02
71.860000,2.548604840e-02
71.870000,1.751297441e-02
71.880000,6.989728811e-03
71.890000,-2.395267668e-03
71.900000,-8.189918861e-03
71.910000,-1.009417891e-02
71.920000,-9.441694139e-03
71.930000,-7.865330927e-03
71.940000,-6.224898593e-03
71.950000,-4.460756589e-03
71.960000,-2.174706332e-03
71.970000,6.981668742e-04
71.980000,3.615780510e-03
71.990000,5.684470970e-03
72.000000,6.204460049e-03
72.010000,5.099682146e-03
72.020000,3.034733457e-03
72.030000,1.243988782e-03
72.040000,1.053000824e-03
72.050000,3.180973643e-03
72.060000,7.298217316e-03
72.070000,1.228700370e-02
72.080000,1.703430092e-02
72.090000,2.111153050e-02
72.100000,2.478964289e-02
72.110000,2.830933281e-02
72.120000,3.097992384e-02
72.130000,3.102576057e-02
72.140000,2.651678563e-02
72.150000,1.669741888e-02
72.160000,2.738107768e-03
72.170000,-1.254233536e-02
72.180000,-2.581695978e-02
72.190000,-3.456228883e-02
72.200000,-3.764838988e-02
72.210000,-3.501528205e-02
72.220000,-2.721889161e-02
72.230000,-1.544038669e-02
72.240000,-1.585816232e-03
72.250000,1.198201011e-02
72.260000,2.289575009e-02
72.270000,2.922086864e-02
72.280000,2.998523410e-02
72.290000,2.555453222e-02
72.300000,1.733441042e-02
72.310000,6.995869258e-03
72.320000,-3.933715521e-03
72.330000,-1.383629767e-02
72.340000,-2.076941752e-02
72.350000,-2.287248942e-02
72.360000,-1.928230010e-02
72.370000,-1.082103233e-02
72.380000,1.817768219e-04
72.390000,1.086888536e-02
72.400000,1.893332891e-02
72.410000,2.314627127e-02
72.420000,2.325238584e-02
72.430000,1.961198397e-02
72.440000,1.303964148e-02
72.450000,4.920788492e-03
72.460000,-2.872459975e-03
72.470000,-8.701011441e-03
72.480000,-1.206154678e-02
72.490000,-1.370388132e-02
72.500000,-1.475100324e-02
72.510000,-1.561097934e-02
72.520000,-1.550633990e-02
72.530000,-1.292701895e-02
72.540000,-6.891090597e-03
72.550000,1.704081885e-03
72.560000,9.907189126e-03
72.570000,1.432721251e-02
72.580000,1.341356497e-02
72.590000,8.437468018e-03
72.600000,2.395678130e-03
72.610000,-2.097341255e-03
72.620000,-4.278260760e-03
72.630000,-5.217661160e-03
72.640000,-6.528589696e-03
72.650000,-8.728498880e-03
72.660000,-1.050328912e-02
72.670000,-9.622844453e-03
72.680000,-4.848760693e-03
72.690000,2.838188990e-03
72.700000,1.071225495e-02
72.710000,1.594480557e-02
72.720000,1.713847199e-02
72.730000,1.488985716e-02
72.740000,1.124684672e-02
72.750000,8.480128581e-03
72.760000,7.873997663e-03
72.770000,9.121045295e-03
72.780000,1.052242794e-02
72.790000,9.889542648e-03
72.800000,5.791646616e-03
72.810000,-1.477313998e-03
72.820000,-9.799991901e-03
72.830000,-1.608197304e-02
72.840000,-1.757692473e-02
72.850000,-1.306185713e-02
72.860000,-3.390367107e-03
72.870000,8.773745466e-03
72.880000,1.992047862e-02
72.890000,2.692328849e-02
72.900000,2.796845385e-02
72.910000,2.286617801e-02
72.920000,1.292347114e-02
72.930000,7.175556754e-04
72.940000,-1.030717831e-02
72.950000,-1.677073671e-02
72.960000,-1.666862645e-02
72.970000,-1.023299390e-02
72.980000,3.380918684e-04
72.990000,1.207357137e-02
73.000000,2.248821977e-02
73.010000,3.020642527e-02
73.020000,3.484456719e-02
73.030000,3.648013172e-02
73.040000,3.515615741e-02
73.050000,3.080497999e-02
73.060000,2.367471326e-02
73.070000,1.483552993e-02
73.080000,6.160298302e-03
73.090000,-3.360264243e-04
73.100000,-3.331859745e-03
73.110000,-2.731080866e-03
73.120000,2.866082480e-04
73.130000,3.727054981e-03
73.140000,5.626660452e-03
73.150000,4.864238897e-03
73.160000,1.485376422e-03
73.170000,-3.573519838e-03
73.180000,-9.131407675e-03
73.190000,-1.440468334e-02
73.200000,-1.924013477e-02
73.210000,-2.369216132e-02
73.220000,-2.717830249e-02
73.230000,-2.801332557e-02
73.240000,-2.413634401e-02
73.250000,-1.486503064e-02
73.260000,-2.230755263e-03
73.270000,9.548366217e-03
73.280000,1.627571546e-02
73.290000,1.606060789e-02
73.300000,1.030441838e-02
73.310000,3.035518419e-03
73.320000,-1.132021279e-03
73.330000,4.338537234e-04
73.340000,6.812378272e-03
73.350000,1.413166423e-02
73.360000,1.794784169e-02
73.370000,1.580074536e-02
73.380000,8.493062790e-03
73.390000,-4.934639550e-04
73.400000,-7.066028718e-03
73.410000,-8.812350311e-03
73.420000,-6.107461786e-03
73.430000,-1.567741551e-03
73.440000,1.547592779e-03
73.450000,1.108954279e-03
73.460000,-2.700646908e-03
73.470000,-7.496962510e-03
73.480000,-1.029215068e-02
73.490000,-9.642273845e-03
73.500000,-6.736882277e-03
73.510000,-4.533596368e-03
73.520000,-5.580257360e-03
73.530000,-1.014317823e-02
73.540000,-1.592170356e-02
73.550000,-1.944360595e-02
73.560000,-1.818139762e-02
73.570000,-1.204463694e-02
73.580000,-3.262207661e-03
73.590000,5.258966495e-03
73.600000,1.178082163e-02
73.610000,1.628522855e-02
73.620000,1.950111134e-02
73.630000,2.158011272e-02
73.640000,2.167413559e-02
73.650000,1.865285403e-02
73.660000,1.226508441e-02
73.670000,3.802725937e-03
73.680000,-4.277977203e-03
73.690000,-9.551678574e-03
73.700000,-1.079270731e-02
73.710000,-8.359143408e-03
73.720000,-3.744935537e-03
73.730000,1.134815763e-03
73.740000,4.455204906e-03
73.750000,4.876148407e-03
73.760000,2.061678195e-03
73.770000,-2.938897530e-03
73.780000,-8.019742376e-03
73.790000,-1.109827418e-02
73.800000,-1.124998215e-02
73.810000,-9.128543163e-03
73.820000,-6.414612002e-03
73.830000,-4.639734725e-03
73.840000,-4.155882654e-03
73.850000,-3.981805851e-03
73.860000,-2.635362334e-03
73.870000,6.595682586e-04
73.880000,5.264254965e-03
73.890000,9.492722177e-03
73.900000,1.186225316e-02
73.910000,1.217986916e-02
73.920000,1.145179737e-02
73.930000,1.081022056e-02
73.940000,1.065428770e-02
73.950000,1.072540558e-02
73.960000,1.065127243e-02
73.970000,1.016468385e-02
73.980000,8.854159560e-03
73.990000,5.914860839e-03
74.000000,4.027689276e-04
74.010000,-7.897435623e-03
74.020000,-1.751203077e-02
74.030000,-2.523461267e-02
74.040000,-2.758845489e-02
74.050000,-2.299288179e-02
74.060000,-1.290205220e-02
74.070000,-1.006274571e-03
74.080000,8.737997150e-03
74.090000,1.383664543e-02
74.100000,1.391160682e-02
74.110000,1.017189681e-02
74.120000,4.203067717e-03
74.130000,-2.883947423e-03
74.140000,-1.025787994e-02
74.150000,-1.673020065e-02
74.160000,-2.077090805e-02
74.170000,-2.122753479e-02
74.180000,-1.794355050e-02
74.190000,-1.191120998e-02
74.200000,-5.090168859e-03
74.210000,2.053334665e-04
74.220000,2.342151495e-03
74.230000,1.100644109e-03
74.240000,-2.556423364e-03
74.250000,-7.230508150e-03
74.260000,-1.145891557e-02
74.270000,-1.374048786e-02
74.280000,-1.292554287e-02
74.290000,-8.980376688e-03
74.300000,-3.274109010e-03
74.310000,2.047653744e-03
74.320000,5.027646162e-03
74.330000,4.515404763e-03
74.340000,4.069480178e-04
74.350000,-6.307530326e-03
74.360000,-1.381057353e-02
74.370000,-2.013775778e-02
74.380000,-2.394080004e-02
74.390000,-2.488700745e-02
74.400000,-2.357840690e-02
74.410000,-2.113644895e-02
74.420000,-1.862961914e-02
74.430000,-1.655665312e-02
74.440000,-1.465979515e-02
74.450000,-1.225067960e-02
74.460000,-8.924481519e-03
74.470000,-5.147712228e-03
74.480000,-2.117889716e-03
74.490000,-8.687021987e-04
74.500000,-1.400284294e-03
74.510000,-2.637667434e-03
74.520000,-3.166202252e-03
74.530000,-2.065173849e-03
74.540000,6.513127363e-04
74.550000,4.096535861e-03
74.560000,7.043054718e-03
74.570000,8.664137041e-03
74.580000,8.961283868e-03
74.590000,8.563724697e-03
74.600000,8.139693329e-03
74.610000,7.931361637e-03
74.620000,7.768861396e-03
74.630000,7.555206300e-03
74.640000,7.792983797e-03
74.650000,9.565757438e-03
74.660000,1.380630233e-02
74.670000,2.036431497e-02
74.680000,2.766142161e-02
74.690000,3.330711241e-02
74.700000,3.522653031e-02
74.710000,3.240195888e-02
74.720000,2.488994195e-02
74.730000,1.364652208e-02
74.740000,5.377015645e-04
74.750000,-1.189308953e-02
74.760000,-2.118842658e-02
74.770000,-2.568318782e-02
74.780000,-2.461453457e-02
74.790000,-1.796749094e-02
74.800000,-6.547183107e-03
74.810000,7.819285621e-03
74.820000,2.230538371e-02
74.830000,3.357020087e-02
74.840000,3.880919569e-02
74.850000,3.700338136e-02
74.860000,2.944966508e-02
74.870000,1.905056799e-02
74.880000,8.961896481e-03
74.890000,1.569302956e-03
74.900000,-1.933443096e-03
74.910000,-1.657693843e-03
74.920000,1.081355974e-03
74.930000,4.251437470e-03
74.940000,5.882955397e-03
74.950000,4.721050195e-03
74.960000,5.330572483e-04
74.970000,-5.793487450e-03
74.980000,-1.239276658e-02
74.990000,-1.709563244e-02
75.000000,-1.848021807e-02
75.010000,-1.651274320e-02
75.020000,-1.231315912e-02
75.030000,-7.451335714e-03
75.040000,-3.340082484e-03
75.050000,-8.294068504e-04
75.060000,1.130365155e-05
75.070000,-2.362820284e-04
75.080000,-8.029362068e-04
75.090000,-1.206182656e-03
75.100000,-1.480655307e-03
75.110000,-2.136472754e-03
75.120000,-3.840876824e-03
75.130000,-6.862149893e-03
75.140000,-1.057224369e-02
75.150000,-1.340998434e-02
75.160000,-1.340190477e-02
75.170000,-8.996204025e-03
75.180000,7.684608020e-05
75.190000,1.223357917e-02
75.200000,2.425680033e-02
75.210000,3.256441711e-02
75.220000,3.485215248e-02
75.230000,3.089488001e-02
75.240000,2.208263955e-02
75.250000,1.045383887e-02
75.260000,-1.916831536e-03
75.270000,-1.309347545e-02
75.280000,-2.136066391e-02
75.290000,-2.542397577e-02
75.300000,-2.477982484e-02
75.310000,-2.013337689e-02
75.320000,-1.348697262e-02
75.330000,-7.594016167e-03
75.340000,-4.951828797e-03
75.350000,-6.806655058e-03
75.360000,-1.255073935e-02
75.370000,-1.977092269e-02
75.380000,-2.507944415e-02
75.390000,-2.547281864e-02
75.400000,-1.961605779e-02
75.410000,-8.540948567e-03
75.420000,4.478553473e-03
75.430000,1.495749821e-02
75.440000,1.892749543e-02
75.450000,1.465669674e-02
75.460000,3.495286226e-03
75.470000,-1.062877787e-02
75.480000,-2.292008292e-02
75.490000,-2.983798057e-02
75.500000,-3.041363801e-02
75.510000,-2.600921140e-02
75.520000,-1.903379512e-02
75.530000,-1.182174614e-02
75.540000,-6.211075077e-03
75.550000,-3.414349615e-03
75.560000,-3.762642674e-03
75.570000,-6.497686056e-03
75.580000,-1.004029374e-02
75.590000,-1.281881928e-02
75.600000,-1.416631459e-02
75.610000,-1.457059690e-02
75.620000,-1.507244415e-02
75.630000,-1.638503367e-02
75.640000,-1.841296305e-02
75.650000,-2.027715382e-02
75.660000,-2.061232856e-02
75.670000,-1.806344160e-02
75.680000,-1.194813286e-02
75.690000,-2.795973665e-03
75.700000,7.569222818e-03
75.710000,1.644717980e-02
75.720000,2.103930955e-02
75.730000,1.948876200e-02
75.740000,1.196444804e-02
75.750000,1.202636582e-03
75.760000,-8.165984604e-03
75.770000,-1.154170020e-02
75.780000,-6.589348004e-03
75.790000,5.592909418e-03
75.800000,2.111904787e-02
75.810000,3.528818880e-02
75.820000,4.457397034e-02
75.830000,4.757033974e-02
75.840000,4.477293141e-02
75.850000,3.773954326e-02
75.860000,2.823041120e-02
75.870000,1.778562033e-02
75.880000,7.923483116e-03
75.890000,4.993255088e-04
75.900000,-2.623855657e-03
75.910000,-6.599851999e-04
75.920000,5.359605827e-03
75.930000,1.306381157e-02
75.940000,1.989910424e-02
75.950000,2.390583641e-02
75.960000,2.396775908e-02
75.970000,2.003738028e-02
75.980000,1.335194330e-02
75.990000,6.196009555e-03
76.000000,1.122199389e-03
76.010000,-4.070834710e-05
76.020000,2.942517186e-03
76.030000,8.397521463e-03
76.040000,1.347937406e-02
76.050000,1.572627474e-02
76.060000,1.419393177e-02
76.070000,9.299635703e-03
76.080000,2.013815855e-03
76.090000,-6.448900770e-03
76.100000,-1.439496230e-02
76.110000,-1.969848793e-02
76.120000,-2.046897868e-02
76.130000,-1.597680258e-02
76.140000,-7.408028671e-03
76.150000,2.045924786e-03
76.160000,8.347643665e-03
76.170000,8.741288395e-03
76.180000,3.287893612e-03
76.190000,-5.485661606e-03
76.200000,-1.430489906e-02
76.210000,-2.069462341e-02
76.220000,-2.359563829e-02
76.230000,-2.329999749e-02
76.240000,-2.102327928e-02
76.250000,-1.827285907e-02
76.260000,-1.631161949e-02
76.270000,-1.588563635e-02
76.280000,-1.698612497e-02
76.290000,-1.859607329e-02
76.300000,-1.896315639e-02
76.310000,-1.674281517e-02
76.320000,-1.230352835e-02
76.330000,-7.961084902e-03
76.340000,-6.653321023e-03
76.350000,-9.833005101e-03
76.360000,-1.609961891e-02
76.370000,-2.177062615e-02
76.380000,-2.320201837e-02
76.390000,-1.912410232e-02
76.400000,-1.112196969e-02
76.410000,-2.060005833e-03
76.420000,5.929503362e-03
76.430000,1.216811821e-02
76.440000,1.664545895e-02
76.450000,1.891633398e-02
76.460000,1.790644739e-02
76.470000,1.279298944e-02
76.480000,4.123007639e-03
76.490000,-5.850626945e-03
76.500000,-1.403670934e-02
76.510000,-1.805577791e-02
76.520000,-1.729826347e-02
76.530000,-1.266606809e-02
76.540000,-5.475941064e-03
76.550000,3.116481307e-03
76.560000,1.159024181e-02
76.570000,1.744979565e-02
76.580000,1.790305412e-02
76.590000,1.175390703e-02
76.600000,8.918986613e-04
76.610000,-1.016638876e-02
76.620000,-1.666822264e-02
76.630000,-1.634773432e-02
76.640000,-1.055845936e-02
76.650000,-3.070907328e-03
76.660000,2.436728900e-03
76.670000,4.289327742e-03
76.680000,3.002977168e-03
76.690000,1.907439077e-04
76.700000,-2.587063011e-03
76.710000,-4.259380410e-03
76.720000,-4.104141971e-03
76.730000,-1.685410254e-03
76.740000,2.679052297e-03
76.750000,7.301403852e-03
76.760000,9.399108743e-03
76.770000,6.706276607e-03
76.780000,-6.660320830e-04
76.790000,-9.849168135e-03
76.800000,-1.686587730e-02
76.810000,-1.910046994e-02
76.820000,-1.673834728e-02
76.830000,-1.217215956e-02
76.840000,-7.954303572e-03
76.850000,-5.020286581e-03
76.860000,-2.607852324e-03
76.870000,3.092920140e-04
76.880000,3.624577639e-03
76.890000,6.053938947e-03
76.900000,6.303495569e-03
76.910000,4.208913515e-03
76.920000,8.160275504e-04
76.930000,-2.526489977e-03
76.940000,-5.088082861e-03
76.950000,-6.790227040e-03
76.960000,-7.442609484e-03
76.970000,-6.211942892e-03
76.980000,-2.138991474e-03
76.990000,4.719069162e-03
77.000000,1.273315280e-02
77.010000,1.938050187e-02
77.020000,2.268109595e-02
77.030000,2.233706780e-02
77.040000,1.967367899e-02
77.050000,1.630984128e-02
77.060000,1.272225578e-02
77.070000,8.210104561e-03
77.080000,2.311401978e-03
77.090000,-3.964610026e-03
77.100000,-8.448696189e-03
77.110000,-9.287017973e-03
77.120000,-6.203925323e-03
77.130000,-6.011914911e-04
77.140000,5.483525029e-03
77.150000,1.068327813e-02
77.160000,1.473498707e-02
77.170000,1.770479690e-02
77.180000,1.895934231e-02
77.190000,1.714510846e-02
77.200000,1.135031223e-02
77.210000,2.341419744e-03
77.220000,-7.402986836e-03
77.230000,-1.505899570e-02
77.240000,-1.910702593e-02
77.250000,-1.987728281e-02
77.260000,-1.868945413e-02
77.270000,-1.660474986e-02
77.280000,-1.401054102e-02
77.290000,-1.123969105e-02
77.300000,-9.288300125e-03
77.310000,-9.550001497e-03
77.320000,-1.252096729e-02
77.330000,-1.671835465e-02
77.340000,-1.919572660e-02
77.350000,-1.759428704e-02
77.360000,-1.203026744e-02
77.370000,-5.154127159e-03
77.380000,-4.053572443e-04
77.390000,7.824089153e-05
77.400000,-3.503104252e-03
77.410000,-9.084197171e-03
77.420000,-1.423695917e-02
77.430000,-1.754477249e-02
77.440000,-1.877007768e-02
77.450000,-1.797150951e-02
77.460000,-1.492317032e-02
77.470000,-9.673853114e-03
77.480000,-3.457872893e-03
77.490000,1.367807556e-03
77.500000,2.589852779e-03
77.510000,-3.778945516e-04
77.520000,-5.976671496e-03
77.530000,-1.142964001e-02
77.540000,-1.449122516e-02
77.550000,-1.465168546e-02
77.560000,-1.289523952e-02
77.570000,-1.049132104e-02
77.580000,-8.064451964e-03
77.590000,-5.598314927e-03
77.600000,-3.040367880e-03
77.610000,-7.923893753e-04
77.620000,4.333254016e-04
77.630000,3.521932505e-04
77.640000,-3.657996998e-04
77.650000,-6.645378202e-04
77.660000,-4.106288212e-04
77.670000,-9.061443809e-04
77.680000,-3.775524307e-03
77.690000,-9.235512738e-03
77.700000,-1.536751862e-02
77.710000,-1.896529925e-02
77.720000,-1.734955871e-02
77.730000,-1.002638889e-02
77.740000,9.223187605e-04
77.750000,1.207245959e-02
77.760000,2.054899077e-02
77.770000,2.508266806e-02
77.780000,2.574246969e-02
77.790000,2.315214669e-02
77.800000,1.813164383e-02
77.810000,1.184678514e-02
77.820000,5.886127426e-03
77.830000,1.848359724e-03
77.840000,6.427254257e-04
77.850000,2.048008790e-03
77.860000,4.904994346e-03
77.870000,7.910429398e-03
77.880000,1.052744212e-02
77.890000,1.322875713e-02
77.900000,1.669160603e-02
77.910000,2.064326057e-02
77.920000,2.357415935e-02
77.930000,2.367593209e-02
77.940000,2.015023553e-02
77.950000,1.383007695e-02
77.960000,6.757780108e-03
77.970000,1.114545675e-03
77.980000,-1.752725085e-03
77.990000,-1.658619671e-03
78.000000,6.993662780e-04
78.010000,4.224124265e-03
78.020000,7.838661831e-03
78.030000,1.074106891e-02
78.040000,1.243323954e-02
78.050000,1.265977113e-02
78.060000,1.146925295e-02
78.070000,9.223250657e-03
78.080000,6.253167310e-03
78.090000,2.504223867e-03
78.100000,-2.212330003e-03
78.110000,-7.604127227e-03
78.120000,-1.282437533e-02
78.130000,-1.708317835e-02
78.140000,-2.009999873e-02
78.150000,-2.185897823e-02
78.160000,-2.208668989e-02
78.170000,-2.010695458e-02
78.180000,-1.526375717e-02
78.190000,-7.679201858e-03
78.200000,1.121792639e-03
78.210000,8.285077470e-03
78.220000,1.065756585e-02
78.230000,6.317907978e-03
78.240000,-4.348074406e-03
78.250000,-1.869268182e-02
78.260000,-3.281804838e-02
78.270000,-4.289805944e-02
78.280000,-4.631185593e-02
78.290000,-4.236748928e-02
78.300000,-3.240367361e-02
78.310000,-1.918649701e-02
78.320000,-5.943154570e-03
78.330000,4.488785181e-03
78.340000,1.027812494e-02
78.350000,1.105415582e-02
78.360000,8.009957346e-03
78.370000,3.379759963e-03
78.380000,-5.645628690e-04
78.390000,-2.437420135e-03
78.400000,-2.099523338e-03
78.410000,-4.034137674e-04
78.420000,1.379418138e-03
78.430000,2.160868237e-03
78.440000,1.557254425e-03
78.450000,1.996718570e-04
78.460000,-4.298179664e-04
78.470000,1.264888925e-03
78.480000,6.005574984e-03
78.490000,1.295440465e-02
78.500000,1.979501635e-02
78.510000,2.372029419e-02
78.520000,2.290324567e-02
78.530000,1.752094227e-02
78.540000,9.576739041e-03
78.550000,1.649396343e-03
78.560000,-4.505827944e-03
78.570000,-8.549309186e-03
78.580000,-1.108599066e-02
78.590000,-1.272271351e-02
78.600000,-1.353031243e-02
78.610000,-1.327245438e-02
78.620000,-1.200852633e-02
78.630000,-1.037567562e-02
78.640000,-9.144985896e-03
78.650000,-8.309125717e-03
78.660000,-6.572296720e-03
78.670000,-1.985075032e-03
78.680000,6.569766277e-03
78.690000,1.822264772e-02
78.700000,3.016132820e-02
78.710000,3.869876704e-02
78.720000,4.064826695e-02
78.730000,3.449694560e-02
78.740000,2.113853199e-02
78.750000,3.907298203e-03
78.760000,-1.231362287e-02
78.770000,-2.274505558e-02
78.780000,-2.447028947e-02
78.790000,-1.754037288e-02
78.800000,-4.981505698e-03
78.810000,8.362743844e-03
78.820000,1.782680291e-02
78.830000,2.086636898e-02
78.840000,1.779042200e-02
78.850000,1.084569973e-02
78.860000,2.527902391e-03
78.870000,-5.482560889e-03
78.880000,-1.219582156e-02
78.890000,-1.664213998e-02
78.900000,-1.763223432e-02
78.910000,-1.425801924e-02
78.920000,-6.650543777e-03
78.930000,3.660868986e-03
78.940000,1.406824362e-02
78.950000,2.174788719e-02
78.960000,2.471980513e-02
78.970000,2.267108745e-02
78.980000,1.713042431e-02
78.990000,1.080927046e-02
79.000000,6.366627890e-03
79.010000,5.273127893e-03
79.020000,7.437364791e-03
79.030000,1.166948714e-02
79.040000,1.643903013e-02
79.050000,2.041692730e-02
79.060000,2.277306548e-02
79.070000,2.335460440e-02
79.080000,2.262664376e-02
79.090000,2.125082086e-02
79.100000,1.955384134e-02
79.110000,1.733732511e-02
79.120000,1.417412256e-02
79.130000,9.868684803e-03
79.140000,4.673581285e-03
79.150000,-7.723338730e-04
79.160000,-5.542587908e-03
79.170000,-8.550760590e-03
79.180000,-8.938053946e-03
79.190000,-6.606394987e-03
79.200000,-2.389441526e-03
79.210000,2.338367684e-03
79.220000,6.287885002e-03
79.230000,8.783225027e-03
79.240000,1.001441101e-02
79.250000,1.078683308e-02
79.260000,1.180308930e-02
79.270000,1.307385201e-02
79.280000,1.397755824e-02
79.290000,1.378793447e-02
79.300000,1.220489543e-02
79.310000,9.649809844e-03
79.320000,7.155368517e-03
79.330000,5.792673628e-03
79.340000,6.051640535e-03
79.350000,7.692286939e-03
79.360000,9.982878317e-03
79.370000,1.193241213e-02
79.380000,1.253328236e-02
79.390000,1.121571334e-02
79.400000,8.295986135e-03
79.410000,4.961329903e-03
79.420000,2.646581921e-03
79.430000,2.094972210e-03
79.440000,2.673213252e-03
79.450000,2.506149630e-03
79.460000,-4.695700550e-04
79.470000,-7.101843511e-03
79.480000,-1.615123902e-02
79.490000,-2.460655061e-02
79.500000,-2.914828393e-02
79.510000,-2.782276440e-02
79.520000,-2.076028819e-02
79.530000,-9.722873511e-03
79.540000,2.725524828e-03
79.550000,1.382871587e-02
79.560000,2.114104607e-02
79.570000,2.306443373e-02
79.580000,1.929779150e-02
79.590000,1.116615683e-02
79.600000,1.678330260e-03
79.610000,-5.252564125e-03
79.620000,-6.569312747e-03
79.630000,-1.713557928e-03
79.640000,7.241147993e-03
79.650000,1.702496699e-02
79.660000,2.485438721e-02
79.670000,2.912902878e-02
79.680000,2.911615505e-02
79.690000,2.452099922e-02
79.700000,1.565411887e-02
79.710000,4.022435686e-03
79.720000,-7.429440196e-03
79.730000,-1.509033321e-02
79.740000,-1.646244386e-02
79.750000,-1.195320283e-02
79.760000,-5.100321777e-03
79.770000,-5.648213727e-04
79.780000,-1.192239668e-03
79.790000,-6.341346248e-03
79.800000,-1.257560510e-02
79.810000,-1.604959305e-02
79.820000,-1.489370344e-02
79.830000,-9.967486419e-03
79.840000,-3.626740162e-03
79.850000,2.111427702e-03
79.860000,6.306051571e-03
79.870000,8.596572265e-03
79.880000,8.665331117e-03
79.890000,6.402083351e-03
79.900000,2.380715456e-03
79.910000,-2.063627389e-03
79.920000,-5.391333196e-03
79.930000,-6.664066283e-03
79.940000,-5.921789277e-03
79.950000,-3.796764792e-03
79.960000,-7.653356364e-04
79.970000,3.205164718e-03
79.980000,8.230870330e-03
79.990000,1.367191014e-02
80.000000,1.778948516e-02
80.010000,1.858526036e-02
80.020000,1.540468335e-02
80.030000,9.861326878e-03
80.040000,4.956819791e-03
80.050000,2.869830068e-03
80.060000,3.240132680e-03
80.070000,3.479676779e-03
80.080000,8.996593999e-04
80.090000,-5.091167916e-03
80.100000,-1.239587697e-02
80.110000,-1.755651372e-02
80.120000,-1.794794110e-02
80.130000,-1.329378676e-02
80.140000,-5.526467762e-03
80.150000,2.668194374e-03
80.160000,9.281523252e-03
80.170000,1.338877584e-02
80.180000,1.474999164e-02
80.190000,1.349613656e-02
80.200000,1.035992871e-02
80.210000,7.011257721e-03
80.220000,5.665912673e-03
80.230000,7.804413114e-03
80.240000,1.296706810e-02
80.250000,1.877714077e-02
80.260000,2.226964219e-02
80.270000,2.154516785e-02
80.280000,1.665581043e-02
80.290000,9.211252680e-03
80.300000,1.107063993e-03
80.310000,-6.462608653e-03
80.320000,-1.290314750e-02
80.330000,-1.756459803e-02
80.340000,-1.965195673e-02
80.350000,-1.889710771e-02
80.360000,-1.618227203e-02
80.370000,-1.337657319e-02
80.380000,-1.234595551e-02
80.390000,-1.375847015e-02
80.400000,-1.665027346e-02
80.410000,-1.926984911e-02
80.420000,-2.052396067e-02
80.430000,-2.064884767e-02
80.440000,-2.048992212e-02
80.450000,-2.022075998e-02
80.460000,-1.888959590e-02
80.470000,-1.531010408e-02
80.480000,-9.449807335e-03
80.490000,-2.942408420e-03
80.500000,1.892072750e-03
80.510000,3.795644547e-03
80.520000,3.586922582e-03
80.530000,3.463407410e-03
80.540000,5.129789932e-03
80.550000,8.385174626e-03
80.560000,1.130486862e-02
80.570000,1.167655796e-02
80.580000,8.484304219e-03
80.590000,2.470410193e-03
80.600000,-4.461625076e-03
80.610000,-1.043537084e-02
80.620000,-1.436399098e-02
80.630000,-1.584066672e-02
80.640000,-1.481229832e-02
80.650000,-1.172906766e-02
80.660000,-7.774628784e-03
80.670000,-4.430734366e-03
80.680000,-2.587640332e-03
80.690000,-2.042325257e-03
80.700000,-1.735372299e-03
80.710000,-5.237973754e-04
80.720000,1.881148333e-03
80.730000,4.507069049e-03
80.740000,5.894501010e-03
80.750000,5.517906071e-03
80.760000,4.359087102e-03
80.770000,4.064243919e-03
80.780000,5.696764838e-03
80.790000,9.168021307e-03
80.800000,1.346798473e-02
80.810000,1.740926164e-02
80.820000,2.047987950e-02
80.830000,2.302732936e-02
80.840000,2.539205733e-02
80.850000,2.695779657e-02
80.860000,2.640302707e-02
80.870000,2.293399460e-02
80.880000,1.709258123e-02
80.890000,1.044561899e-02
80.900000,4.736882317e-03
80.910000,1.233241100e-03
80.920000,4.223240462e-04
80.930000,1.996566412e-03
80.940000,5.092493742e-03
80.950000,8.569683936e-03
80.960000,1.109698010e-02
80.970000,1.133173372e-02
80.980000,8.674063184e-03
80.990000,4.166946762e-03
81.000000,2.865921878e-04
81.010000,-7.127507919e-04
81.020000,1.510260836e-03
81.030000,5.198007552e-03
81.040000,7.778471235e-03
81.050000,7.478377037e-03
81.060000,4.309663229e-03
81.070000,-4.561917431e-05
81.080000,-3.441672149e-03
81.090000,-4.701730252e-03
81.100000,-4.028685725e-03
81.110000,-2.182264120e-03
81.120000,4.321577507e-04
81.130000,3.719585213e-03
81.140000,7.152799910e-03
81.150000,9.368771923e-03
81.160000,8.696756754e-03
81.170000,4.282443085e-03
81.180000,-3.068727069e-03
81.190000,-1.105349550e-02
81.200000,-1.703503213e-02
81.210000,-1.940120557e-02
81.220000,-1.814186901e-02
81.230000,-1.438862891e-02
81.240000,-9.562329434e-03
81.250000,-4.891635451e-03
81.260000,-1.387167316e-03
81.270000,1.611360103e-04
81.280000,-6.211241056e-04
81.290000,-3.503802382e-03
81.300000,-7.641926603e-03
81.310000,-1.170627977e-02
81.320000,-1.418676967e-02
81.330000,-1.396175565e-02
81.340000,-1.086876574e-02
81.350000,-5.741794092e-03
81.360000,1.413088975e-04
81.370000,5.598828546e-03
81.380000,9.665588873e-03
81.390000,1.160293341e-02
81.400000,1.114433683e-02
81.410000,8.708990409e-03
81.420000,5.176589781e-03
81.430000,1.354686539e-03
81.440000,-2.398708504e-03
81.450000,-6.151890467e-03
81.460000,-1.003863749e-02
81.470000,-1.379724887e-02
81.480000,-1.655404578e-02
81.490000,-1.709425103e-02
81.500000,-1.449810394e-02
81.510000,-8.718005306e-03
81.520000,-7.255961093e-04
81.530000,7.790981574e-03
81.540000,1.488316001e-02
81.550000,1.872977956e-02
81.560000,1.804978410e-02
81.570000,1.258350115e-02
81.580000,3.315976670e-03
81.590000,-7.805019775e-03
81.600000,-1.841963278e-02
81.610000,-2.631503889e-02
81.620000,-3.001908986e-02
81.630000,-2.922472031e-02
81.640000,-2.460667068e-02
81.650000,-1.723436561e-02
81.660000,-8.345367200e-03
81.670000,4.473046730e-04
81.680000,7.278234101e-03
81.690000,1.079078940e-02
81.700000,1.090873279e-02
81.710000,8.926241826e-03
81.720000,6.768232694e-03
81.730000,5.774308134e-03
81.740000,5.809163599e-03
81.750000,5.509209175e-03
81.760000,3.556578164e-03
81.770000,-1.343846289e-04
81.780000,-4.301826137e-03
81.790000,-7.261348197e-03
81.800000,-8.064133651e-03
81.810000,-7.005771418e-03
81.820000,-5.125121730e-03
81.830000,-3.194546668e-03
81.840000,-1.211456580e-03
81.850000,1.103128166e-03
81.860000,3.382006416e-03
81.870000,4.323731278e-03
81.880000,2.446465907e-03
81.890000,-2.763331520e-03
81.900000,-1.033272448e-02
81.910000,-1.832298103e-02
81.920000,-2.485863322e-02
81.930000,-2.878327487e-02
81.940000,-2.955698097e-02
81.950000,-2.681080168e-02
81.960000,-2.028983323e-02
81.970000,-1.042923945e-02
81.980000,1.005169464e-03
81.990000,1.107370193e-02
82.000000,1.688949050e-02
82.010000,1.719302667e-02
82.020000,1.305481439e-02
82.030000,7.068704286e-03
82.040000,1.675529660e-03
82.050000,-2.011609976e-03
82.060000,-4.118749718e-03
82.070000,-5.125896871e-03
82.080000,-5.161925576e-03
82.090000,-3.982151516e-03
82.100000,-1.450877039e-03
82.110000,1.980806398e-03
82.120000,5.268296861e-03
82.130000,7.299516220e-03
82.140000,7.461880481e-03
82.150000,5.691637827e-03
82.160000,2.111047896e-03
82.170000,-3.069511872e-03
82.180000,-9.115916281e-03
82.190000,-1.445160532e-02
82.200000,-1.721119036e-02
82.210000,-1.642882717e-02
82.220000,-1.276079164e-02
82.230000,-7.984054831e-03
82.240000,-3.651006422e-03
82.250000,-2.392329874e-05
82.260000,3.827389154e-03
82.270000,8.802724380e-03
82.280000,1.439421102e-02
82.290000,1.839938781e-02
82.300000,1.821139193e-02
82.310000,1.280485857e-02
82.320000,3.766679824e-03
82.330000,-5.559756613e-03
82.340000,-1.212910539e-02
82.350000,-1.483525075e-02
82.360000,-1.469623576e-02
82.370000,-1.380203775e-02
82.380000,-1.397479259e-02
82.390000,-1.597138144e-02
82.400000,-1.951224167e-02
82.410000,-2.383653556e-02
82.420000,-2.815897962e-02
82.430000,-3.167916573e-02
82.440000,-3.350786139e-02
82.450000,-3.308841510e-02
82.460000,-3.089053574e-02
82.470000,-2.839647423e-02
82.480000,-2.701037300e-02
82.490000,-2.686005723e-02
82.500000,-2.666730039e-02
82.510000,-2.472684532e-02
82.520000,-2.012732094e-02
82.530000,-1.341523597e-02
82.540000,-6.324995716e-03
82.550000,-7.132155781e-04
82.560000,2.490227439e-03
82.570000,3.428377841e-03
82.580000,2.663600817e-03
82.590000,6.815439344e-04
82.600000,-1.937323563e-03
82.610000,-4.186733142e-03
82.620000,-4.887539862e-03
82.630000,-3.573409387e-03
82.640000,-1.214486556e-03
82.650000,1.721682048e-04
82.660000,-9.465712713e-04
82.670000,-4.184276736e-03
82.680000,-7.272295529e-03
82.690000,-7.669324058e-03
82.700000,-4.494083817e-03
82.710000,6.959731808e-04
82.720000,4.895745927e-03
82.730000,5.717659893e-03
82.740000,2.953327949e-03
82.750000,-1.534781427e-03
82.760000,-5.292225616e-03
82.770000,-6.776333561e-03
82.780000,-5.854745041e-03
82.790000,-3.308033774e-03
82.800000,-2.091818493e-05
82.810000,3.484563005e-03
82.820000,6.991388035e-03
82.830000,1.030370069e-02
82.840000,1.312727128e-02
82.850000,1.516400245e-02
82.860000,1.613691262e-02
82.870000,1.558462040e-02
82.880000,1.273885772e-02
82.890000,6.992553935e-03
82.900000,-1.099477602e-03
82.910000,-9.230654314e-03
82.920000,-1.416776881e-02
82.930000,-1.377531087e-02
82.940000,-8.639053904e-03
82.950000,-1.731225678e-03
82.960000,3.790919424e-03
82.970000,6.847990522e-03
82.980000,8.855862529e-03
82.990000,1.201490666e-02
83.000000,1.701636801e-02
83.010000,2.211947639e-02
83.020000,2.431922033e-02
83.030000,2.160353974e-02
83.040000,1.445964204e-02
83.050000,5.459308673e-03
83.060000,-2.574509609e-03
83.070000,-8.121659359e-03
83.080000,-1.104044264e-02
83.090000,-1.159780963e-02
83.100000,-9.786272798e-03
83.110000,-5.591245817e-03
83.120000,2.990352794e-04
83.130000,6.253217362e-03
83.140000,1.036696775e-02
83.150000,1.165788355e-02
83.160000,1.075815927e-02
83.170000,9.271671384e-03
83.180000,8.174389977e-03
83.190000,6.778002181e-03
83.200000,3.419892330e-03
83.210000,-2.661478344e-03
83.220000,-1.007266621e-02
83.230000,-1.589745769e-02
83.240000,-1.769831421e-02
83.250000,-1.514848822e-02
83.260000,-1.000151491e-02
83.270000,-4.630503362e-03
83.280000,-5.036848375e-04
83.290000,2.191264377e-03
83.300000,3.736952623e-03
83.310000,3.987602328e-03
83.320000,2.474800110e-03
83.330000,-6.397202890e-04
83.340000,-4.060045881e-03
83.350000,-6.168057945e-03
83.360000,-6.447421040e-03
83.370000,-6.011103039e-03
83.380000,-6.596315860e-03
83.390000,-8.879301926e-03
83.400000,-1.161233676e-02
83.410000,-1.246011797e-02
83.420000,-9.994009695e-03
83.430000,-5.135505276e-03
83.440000,-6.060537565e-04
83.450000,1.281571530e-03
83.460000,5.209283170e-04
83.470000,-7.097348829e-04
83.480000,6.657199016e-06
83.490000,3.357359945e-03
83.500000,7.963056007e-03
83.510000,1.175247792e-02
83.520000,1.365977219e-02
83.530000,1.417101782e-02
83.540000,1.446536454e-02
83.550000,1.517107960e-02
83.560000,1.594756835e-02
83.570000,1.616912660e-02
83.580000,1.584919164e-02
83.590000,1.569950596e-02
83.600000,1.619112076e-02
83.610000,1.669696382e-02
83.620000,1.582409112e-02
83.630000,1.275630888e-02
83.640000,8.259113785e-03
83.650000,4.209658632e-03
83.660000,1.879934437e-03
83.670000,4.933390538e-04
83.680000,-2.395822664e-03
83.690000,-8.700231351e-03
83.700000,-1.768153860e-02
83.710000,-2.602231882e-02
83.720000,-3.016285217e-02
83.730000,-2.879452579e-02
83.740000,-2.338950728e-02
83.750000,-1.660779689e-02
83.760000,-1.020263508e-02
83.770000,-4.165039262e-03
83.780000,2.399666791e-03
83.790000,9.627021275e-03
83.800000,1.605190359e-02
83.810000,1.941161479e-02
83.820000,1.839952818e-02
83.830000,1.375177259e-02
83.840000,7.713475770e-03
83.850000,2.518456183e-03
83.860000,-6.542585769e-04
83.870000,-1.531482751e-03
83.880000,-7.006492057e-05
83.890000,3.650504345e-03
83.900000,8.803441935e-03
83.910000,1.340981982e-02
83.920000,1.506679807e-02
83.930000,1.254735286e-02
83.940000,6.945718577e-03
83.950000,1.192204563e-03
83.960000,-1.924208130e-03
83.970000,-1.713357339e-03
83.980000,1.459941471e-04
83.990000,1.303016831e-03
84.000000,8.865327812e-04
84.010000,1.312563590e-04
84.020000,9.353085387e-04
84.030000,3.796163718e-03
84.040000,7.115198744e-03
84.050000,8.470633219e-03
84.060000,6.651462946e-03
84.070000,2.708759966e-03
84.080000,-8.020419276e-04
84.090000,-1.770359133e-03
84.100000,-7.749033824e-05
84.110000,2.562137824e-03
84.120000,4.192706465e-03
84.130000,4.007675409e-03
84.140000,2.367288534e-03
84.150000,-1.024751306e-04
84.160000,-3.173064771e-03
84.170000,-6.975242386e-03
84.180000,-1.156653151e-02
84.190000,-1.656433008e-02
84.200000,-2.118105960e-02
84.210000,-2.464844253e-02
84.220000,-2.649676714e-02
84.230000,-2.624530006e-02
84.240000,-2.298019572e-02
84.250000,-1.576493125e-02
84.260000,-4.903373831e-03
84.270000,7.180179614e-03
84.280000,1.662254630e-02
84.290000,2.015520334e-02
84.300000,1.701804413e-02
84.310000,9.314973074e-03
84.320000,5.762109241e-04
84.330000,-6.379780609e-03
84.340000,-1.075531963e-02
84.350000,-1.345372003e-02
84.360000,-1.562407938e-02
84.370000,-1.738503088e-02
84.380000,-1.773549955e-02
84.390000,-1.555769556e-02
84.400000,-1.073771429e-02
84.410000,-4.477468521e-03
84.420000,1.343052828e-03
84.430000,5.119035870e-03
84.440000,6.035299013e-03
84.450000,3.989905705e-03
84.460000,-5.599897672e-04
84.470000,-6.409096543e-03
84.480000,-1.142623635e-02
84.490000,-1.312855474e-02
84.500000,-1.005330975e-02
84.510000,-2.927933533e-03
84.520000,5.486783194e-03
84.530000,1.198499489e-02
84.540000,1.484465187e-02
84.550000,1.466805324e-02
84.560000,1.348982118e-02
84.570000,1.287650498e-02
84.580000,1.262559206e-02
84.590000,1.115750436e-02
84.600000,7.096594634e-03
84.610000,4.629540140e-04
84.620000,-7.496963708e-03
84.630000,-1.532494846e-02
84.640000,-2.204795700e-02
84.650000,-2.705928717e-02
84.660000,-2.964835573e-02
84.670000,-2.894593363e-02
84.680000,-2.458162876e-02
84.690000,-1.751194904e-02
84.700000,-1.000936702e-02
84.710000,-4.400625645e-03
84.720000,-1.444678225e-03
84.730000,1.656787081e-04
84.740000,2.600919328e-03
84.750000,6.968316848e-03
84.760000,1.234590038e-02
84.770000,1.662993426e-02
84.780000,1.836689769e-02
84.790000,1.782956543e-02
84.800000,1.645701304e-02
84.810000,1.543857592e-02
84.820000,1.485663963e-02
84.830000,1.404027216e-02
84.840000,1.267926416e-02
84.850000,1.161918903e-02
84.860000,1.242338427e-02
84.870000,1.589759880e-02
84.880000,2.098335787e-02
84.890000,2.521612150e-02
84.900000,2.637263293e-02
84.910000,2.385423494e-02
84.920000,1.878232730e-02
84.930000,1.292012427e-02
84.940000,7.412336648e-03
84.950000,2.463440997e-03
84.960000,-1.882025490e-03
84.970000,-5.023152438e-03
84.980000,-6.255553601e-03
84.990000,-5.854920289e-03
85.000000,-5.275587174e-03
85.010000,-6.026340254e-03
85.020000,-8.336611854e-03
85.030000,-1.083297090e-02
85.040000,-1.144170570e-02
85.050000,-8.867339470e-03
85.060000,-3.614394856e-03
85.070000,2.314034918e-03
85.080000,6.924887261e-03
85.090000,9.656357266e-03
85.100000,1.141722357e-02
85.110000,1.330805999e-02
85.120000,1.534044986e-02
85.130000,1.637973077e-02
85.140000,1.534216709e-02
85.150000,1.249780334e-02
85.160000,9.578236698e-03
85.170000,8.468046493e-03
85.180000,9.617527218e-03
85.190000,1.161560045e-02
85.200000,1.230867247e-02
85.210000,1.046339765e-02
85.220000,6.519879209e-03
85.230000,1.896626854e-03
85.240000,-2.268001688e-03
85.250000,-5.625389430e-03
85.260000,-8.085077681e-03
85.270000,-9.127067001e-03
85.280000,-7.844347515e-03
85.290000,-3.692628066e-03
85.300000,2.783924463e-03
85.310000,9.950631039e-03
85.320000,1.589168547e-02
85.330000,1.942894430e-02
85.340000,2.058842271e-02
85.350000,2.025792197e-02
85.360000,1.941175799e-02
85.370000,1.851949553e-02
85.380000,1.751929685e-02
85.390000,1.620263105e-02
85.400000,1.449537241e-02
85.410000,1.239019495e-02
85.420000,9.841177595e-03
85.430000,6.959007468e-03
85.440000,4.341715213e-03
85.450000,3.073196971e-03
85.460000,4.143676040e-03
85.470000,7.575338919e-03
85.480000,1.200097803e-02
85.490000,1.527581680e-02
85.500000,1.575609812e-02
85.510000,1.316823948e-02
85.520000,8.465474476e-03
85.530000,3.043982821e-03
85.540000,-2.002867144e-03
85.550000,-6.171374889e-03
85.560000,-9.222516713e-03
85.570000,-1.056126357e-02
85.580000,-9.177671477e-03
85.590000,-4.595019208e-03
85.600000,2.071103659e-03
85.610000,8.298627072e-03
85.620000,1.162997319e-02
85.630000,1.107975582e-02
85.640000,7.413400371e-03
85.650000,2.450734404e-03
85.660000,-1.902494892e-03
85.670000,-4.376920522e-03
85.680000,-4.521807940e-03
85.690000,-2.386819362e-03
85.700000,1.783965076e-03
85.710000,7.417116771e-03
85.720000,1.332226306e-02
85.730000,1.787704587e-02
85.740000,1.979734433e-02
85.750000,1.894078293e-02
85.760000,1.645169028e-02
85.770000,1.402159799e-02
85.780000,1.280455655e-02
85.790000,1.286213463e-02
85.800000,1.343441683e-02
85.810000,1.355611626e-02
85.820000,1.251668094e-02
85.830000,1.008340946e-02
85.840000,6.521977144e-03
85.850000,2.436246992e-03
85.860000,-1.408775069e-03
85.870000,-4.194943916e-03
85.880000,-5.288728327e-03
85.890000,-4.676705903e-03
85.900000,-3.208687830e-03
85.910000,-2.251826260e-03
85.920000,-2.905525983e-03
85.930000,-5.374741993e-03
85.940000,-9.005948513e-03
85.950000,-1.291407646e-02
85.960000,-1.654799860e-02
85.970000,-1.963140275e-02
85.980000,-2.168551225e-02
85.990000,-2.185091784e-02
86.000000,-1.934234481e-02
86.010000,-1.412722262e-02
86.020000,-7.154682941e-03
86.030000,1.407905204e-04
86.040000,6.664819733e-03
86.050000,1.208011653e-02
86.060000,1.647026382e-02
86.070000,1.967784769e-02
86.080000,2.104706483e-02
86.090000,1.984333536e-02
86.100000,1.594862965e-02
86.110000,1.017295138e-02
86.120000,3.860861621e-03
86.130000,-1.888686638e-03
86.140000,-6.719087784e-03
86.150000,-1.083925934e-02
86.160000,-1.438214837e-02
86.170000,-1.688498403e-02
86.180000,-1.741676469e-02
86.190000,-1.538567166e-02
86.200000,-1.136532619e-02
86.210000,-7.072963168e-03
86.220000,-4.376176973e-03
86.230000,-4.178217725e-03
86.240000,-6.090581355e-03
86.250000,-8.971496505e-03
86.260000,-1.171476950e-02
86.270000,-1.367835944e-02
86.280000,-1.458985148e-02
86.290000,-1.423875351e-02
86.300000,-1.241547885e-02
86.310000,-9.196934998e-03
86.320000,-5.175806240e-03
86.330000,-1.236374956e-03
86.340000,1.993604901e-03
86.350000,4.494575224e-03
86.360000,6.630839287e-03
86.370000,8.451944765e-03
86.380000,9.107697131e-03
86.390000,7.096711471e-03
86.400000,1.466321152e-03
86.410000,-6.991614080e-03
86.420000,-1.584165653e-02
86.430000,-2.252941022e-02
86.440000,-2.594448688e-02
86.450000,-2.666952111e-02
86.460000,-2.605248474e-02
86.470000,-2.517321167e-02
86.480000,-2.429277498e-02
86.490000,-2.278835761e-02
86.500000,-1.967765467e-02
86.510000,-1.463266572e-02
86.520000,-8.598297678e-03
86.530000,-3.242363228e-03
86.540000,1.995353907e-04
86.550000,1.491038570e-03
86.560000,1.155749133e-03
86.570000,8.421952827e-05
86.580000,-7.578920137e-04
86.590000,-7.319407161e-04
86.600000,1.332841577e-04
86.610000,1.289448736e-03
86.620000,2.207520274e-03
86.630000,2.820286183e-03
86.640000,3.655840626e-03
86.650000,5.668285632e-03
86.660000,9.666913500e-03
86.670000,1.548125042e-02
86.680000,2.154892004e-02
86.690000,2.551678768e-02
86.700000,2.553880857e-02
86.710000,2.130150537e-02
86.720000,1.411523546e-02
86.730000,6.165689463e-03
86.740000,-5.341935955e-04
86.750000,-4.924136145e-03
86.760000,-7.031413314e-03
86.770000,-7.482108863e-03
86.780000,-6.885923224e-03
86.790000,-5.643622219e-03
86.800000,-4.163998465e-03
86.810000,-2.972589821e-03
86.820000,-2.426391628e-03
86.830000,-2.347964076e-03
86.840000,-2.024305097e-03
86.850000,-6.222863450e-04
86.860000,2.278081546e-03
86.870000,6.375038808e-03
86.880000,1.074106184e-02
86.890000,1.423414006e-02
86.900000,1.594732369e-02
86.910000,1.550736516e-02
86.920000,1.321807246e-02
86.930000,1.003161673e-02
86.940000,7.241284916e-03
86.950000,5.900040614e-03
86.960000,6.229022433e-03
86.970000,7.435825493e-03
86.980000,8.211517195e-03
86.990000,7.671347145e-03
87.000000,6.018620930e-03
87.010000,4.347662160e-03
87.020000,3.740180697e-03
87.030000,4.398660675e-03
87.040000,5.502177990e-03
87.050000,5.929616003e-03
87.060000,5.317577445e-03
87.070000,4.528289949e-03
87.080000,5.000821759e-03
87.090000,7.488594374e-03
87.100000,1.129601300e-02
87.110000,1.463570432e-02
87.120000,1.574307876e-02
87.130000,1.390552834e-02
87.140000,9.793995326e-03
87.150000,4.996530110e-03
87.160000,1.114199003e-03
87.170000,-9.785251539e-04
87.180000,-1.290104988e-03
87.190000,-4.112827956e-04
87.200000,7.925527406e-04
87.210000,1.350756892e-03
87.220000,4.906960666e-04
87.230000,-1.850876402e-03
87.240000,-4.756885326e-03
87.250000,-6.720442302e-03
87.260000,-6.509105496e-03
87.270000,-3.901188576e-03
87.280000,1.671478412e-04
87.290000,4.101532191e-03
87.300000,6.461313750e-03
87.310000,6.530089301e-03
87.320000,4.282843241e-03
87.330000,-4.634695055e-05
87.340000,-6.193835728e-03
87.350000,-1.354852736e-02
87.360000,-2.065651212e-02
87.370000,-2.532432945e-02
87.380000,-2.564264667e-02
87.390000,-2.128988805e-02
87.400000,-1.401307427e-02
87.410000,-6.767617519e-03
87.420000,-2.075136540e-03
87.430000,-7.392034240e-04
87.440000,-1.730385982e-03
87.450000,-3.171941203e-03
87.460000,-3.609174063e-03
87.470000,-2.677755803e-03
87.480000,-9.318820210e-04
87.490000,6.778230270e-04
87.500000,1.123743600e-03
87.510000,-5.622791985e-04
87.520000,-4.943285341e-03
87.530000,-1.158305669e-02
87.540000,-1.873107559e-02
87.550000,-2.379863885e-02
87.560000,-2.452518283e-02
87.570000,-2.016507969e-02
87.580000,-1.195996762e-02
87.590000,-2.577840247e-03
87.600000,5.162139842e-03
87.610000,9.466916403e-03
87.620000,9.909196980e-03
87.630000,6.929854842e-03
87.640000,1.276899800e-03
87.650000,-5.955051895e-03
87.660000,-1.296966453e-02
87.670000,-1.745816782e-02
87.680000,-1.763052435e-02
87.690000,-1.342601520e-02
87.700000,-6.923533913e-03
87.710000,-1.420150927e-03
87.720000,4.452290325e-04
87.730000,-1.776090782e-03
87.740000,-6.408661547e-03
87.750000,-1.115024013e-02
87.760000,-1.452092964e-02
87.770000,-1.617198779e-02
87.780000,-1.631971710e-02
87.790000,-1.515561535e-02
87.800000,-1.271171599e-02
87.810000,-9.167721607e-03
87.820000,-5.225164280e-03
87.830000,-1.991671693e-03
87.840000,-1.893646477e-04
87.850000,6.996970577e-04
87.860000,2.369415261e-03
87.870000,6.379308281e-03
87.880000,1.253384778e-02
87.890000,1.849338335e-02
87.900000,2.116760803e-02
87.910000,1.873419274e-02
87.920000,1.166738398e-02
87.930000,2.291365852e-03
87.940000,-6.502738506e-03
87.950000,-1.252844831e-02
87.960000,-1.493785868e-02
87.970000,-1.402743965e-02
87.980000,-1.067983693e-02
87.990000,-6.025950915e-03
88.000000,-1.248217305e-03
88.010000,2.835557650e-03
88.020000,6.160441929e-03
88.030000,9.222909321e-03
88.040000,1.237941303e-02
88.050000,1.525431736e-02
88.060000,1.671361686e-02
88.070000,1.548430712e-02
88.080000,1.114938761e-02
88.090000,4.795837361e-03
88.100000,-1.432894619e-03
88.110000,-5.729097832e-03
88.120000,-7.791438505e-03
88.130000,-8.717792707e-03
88.140000,-9.746330132e-03
88.150000,-1.099201268e-02
88.160000,-1.125475447e-02
88.170000,-9.007943120e-03
88.180000,-3.738910506e-03
88.190000,3.361594408e-03
88.200000,9.808935859e-03
88.210000,1.303213132e-02
88.220000,1.159816042e-02
88.230000,5.704339737e-03
88.240000,-3.237064461e-03
88.250000,-1.340527997e-02
88.260000,-2.311223776e-02
88.270000,-3.092574062e-02
88.280000,-3.568194278e-02
88.290000,-3.661379013e-02
88.300000,-3.350989912e-02
88.310000,-2.675055033e-02
88.320000,-1.722298712e-02
88.330000,-6.236156528e-03
88.340000,4.481163282e-03
88.350000,1.281381054e-02
88.360000,1.664838618e-02
88.370000,1.478103662e-02
88.380000,7.893002273e-03
88.390000,-1.310664402e-03
88.400000,-9.288768632e-03
88.410000,-1.358208827e-02
88.420000,-1.410587669e-02
88.430000,-1.278930261e-02
88.440000,-1.178151975e-02
88.450000,-1.163963236e-02
88.460000,-1.099332620e-02
88.470000,-7.935858370e-03
88.480000,-1.901491015e-03
88.490000,5.526690291e-03
88.500000,1.138861887e-02
88.510000,1.297231320e-02
88.520000,9.171557354e-03
88.530000,8.687181130e-04
88.540000,-9.662225158e-03
88.550000,-1.976072674e-02
88.560000,-2.714268742e-02
88.570000,-3.023711449e-02
88.580000,-2.834020039e-02
88.590000,-2.175361215e-02
88.600000,-1.180290006e-02
88.610000,-5.781967589e-04
88.620000,9.663207163e-03
88.630000,1.727844763e-02
88.640000,2.171206133e-02
88.650000,2.323258268e-02
88.660000,2.226821123e-02
88.670000,1.916531306e-02
88.680000,1.451486864e-02
88.690000,9.291362845e-03
88.700000,4.340720057e-03
88.710000,-2.238763232e-04
88.720000,-4.937878288e-03
88.730000,-1.020264901e-02
88.740000,-1.545380597e-02
88.750000,-1.893020086e-02
88.760000,-1.837498765e-02
88.770000,-1.251076845e-02
88.780000,-2.381213891e-03
88.790000,8.719814680e-03
88.800000,1.706656495e-02
88.810000,2.069169750e-02
88.820000,2.007560367e-02
88.830000,1.694749607e-02
88.840000,1.257831928e-02
88.850000,7.113452998e-03
88.860000,2.695233554e-04
88.870000,-7.464727819e-03
88.880000,-1.429491577e-02
88.890000,-1.785040585e-02
88.900000,-1.670778774e-02
88.910000,-1.147232423e-02
88.920000,-4.446446921e-03
88.930000,1.905854597e-03
88.940000,6.425736098e-03
88.950000,9.487936599e-03
88.960000,1.204610206e-02
88.970000,1.457621640e-02
88.980000,1.674726499e-02
88.990000,1.771589707e-02
89.000000,1.658117850e-02
89.010000,1.278541691e-02
89.020000,6.396235215e-03
89.030000,-1.765552849e-03
89.040000,-1.006867894e-02
89.050000,-1.614877093e-02
89.060000,-1.754998688e-02
89.070000,-1.307385700e-02
89.080000,-3.983418458e-03
89.090000,6.158755711e-03
89.100000,1.323422017e-02
89.110000,1.475910921e-02
89.120000,1.104818007e-02
89.130000,4.683818057e-03
89.140000,-1.213986744e-03
89.150000,-4.672241472e-03
89.160000,-5.408199191e-03
89.170000,-4.155127757e-03
89.180000,-1.731949243e-03
89.190000,1.207190219e-03
89.200000,3.833969801e-03
89.210000,5.044604165e-03
89.220000,4.037911983e-03
89.230000,1.122667246e-03
89.240000,-2.075952923e-03
89.250000,-3.424451873e-03
89.260000,-1.662376515e-03
89.270000,2.693259966e-03
89.280000,7.663223953e-03
89.290000,1.104432124e-02
89.300000,1.158863712e-02
89.310000,9.408961990e-03
89.320000,5.585253523e-03
89.330000,1.422362685e-03
89.340000,-2.067328891e-03
89.350000,-4.165196034e-03
89.360000,-4.212600362e-03
89.370000,-1.690858427e-03
89.380000,3.271147002e-03
89.390000,9.508632194e-03
89.400000,1.516880827e-02
89.410000,1.870144043e-02
89.420000,1.963128855e-02
89.430000,1.837717305e-02
89.440000,1.537590325e-02
89.450000,1.048140268e-02
89.460000,3.257548343e-03
89.470000,-6.111041816e-03
89.480000,-1.612793038e-02
89.490000,-2.425375841e-02
89.500000,-2.815920332e-02
89.510000,-2.709442415e-02
89.520000,-2.229207796e-02
89.530000,-1.606841784e-02
89.540000,-1.028943403e-02
89.550000,-5.366920293e-03
89.560000,-6.117264963e-04
89.570000,4.397235882e-03
89.580000,8.848780043e-03
89.590000,1.115333183e-02
89.600000,1.024298536e-02
89.610000,6.402421163e-03
89.620000,1.115110317e-03
89.630000,-3.677287391e-03
89.640000,-6.400563516e-03
89.650000,-6.409523400e-03
89.660000,-4.034852265e-03
89.670000,-2.029432572e-04
89.680000,3.952336273e-03
89.690000,7.249292599e-03
89.700000,8.599483702e-03
89.710000,7.407063855e-03
89.720000,4.074860595e-03
89.730000,6.824611228e-05
89.740000,-2.780797960e-03
89.750000,-3.300800242e-03
89.760000,-1.539198275e-03
89.770000,1.482613396e-03
89.780000,4.502244465e-03
89.790000,6.725581789e-03
89.800000,8.089883080e-03
89.810000,8.903811214e-03
89.820000,9.236007197e-03
89.830000,8.774335145e-03
89.840000,7.341287394e-03
89.850000,5.401366162e-03
89.860000,3.922905684e-03
89.870000,3.757480784e-03
89.880000,5.153283702e-03
89.890000,7.754388144e-03
89.900000,1.099433211e-02
89.910000,1.453413594e-02
89.920000,1.836301344e-02
89.930000,2.246583473e-02
89.940000,2.641498497e-02
89.950000,2.935467796e-02
89.960000,3.044173407e-02
89.970000,2.936658959e-02
89.980000,2.655395375e-02
89.990000,2.294677860e-02
90.000000,1.956615373e-02
90.010000,1.711659827e-02
90.020000,1.579615755e-02
90.030000,1.531497125e-02
90.040000,1.502713455e-02
90.050000,1.407128136e-02
90.060000,1.153720034e-02
90.070000,6.827192925e-03
90.080000,2.297626128e-04
90.090000,-6.732804195e-03
90.100000,-1.173366498e-02
90.110000,-1.279069767e-02
90.120000,-9.392890994e-03
90.130000,-2.851593429e-03
90.140000,4.322741264e-03
90.150000,9.622038167e-03
90.160000,1.159538277e-02
90.170000,1.018488298e-02
90.180000,6.343960066e-03
90.190000,1.376239764e-03
90.200000,-3.607934590e-03
90.210000,-7.933321083e-03
90.220000,-1.128910217e-02
90.230000,-1.357286809e-02
90.240000,-1.493310763e-02
90.250000,-1.590370267e-02
90.260000,-1.721962638e-02
90.270000,-1.925848910e-02
90.280000,-2.159877241e-02
90.290000,-2.316557501e-02
90.300000,-2.293437471e-02
90.310000,-2.072350817e-02
90.320000,-1.749642996e-02
90.330000,-1.487949689e-02
90.340000,-1.417685577e-02
90.350000,-1.559006839e-02
90.360000,-1.819602674e-02
90.370000,-2.061269823e-02
90.380000,-2.176534261e-02
90.390000,-2.122428659e-02
90.400000,-1.908990220e-02
90.410000,-1.576789041e-02
90.420000,-1.188892389e-02
90.430000,-8.328653922e-03
90.440000,-6.101727613e-03
90.450000,-5.944906918e-03
90.460000,-7.716987983e-03
90.470000,-1.012669509e-02
90.480000,-1.122101197e-02
90.490000,-9.430343314e-03
90.500000,-4.473836711e-03
90.510000,2.418968284e-03
90.520000,9.049059364e-03
90.530000,1.327010348e-02
90.540000,1.396054036e-02
90.550000,1.138809867e-02
90.560000,6.850330012e-03
90.570000,2.045358413e-03
90.580000,-1.374912812e-03
90.590000,-2.125472800e-03
90.600000,2.869271795e-04
90.610000,5.212755519e-03
90.620000,1.099315557e-02
90.630000,1.562279184e-02
90.640000,1.760870920e-02
90.650000,1.669587120e-02
90.660000,1.411761366e-02
90.670000,1.198888400e-02
90.680000,1.199746989e-02
90.690000,1.434766102e-02
90.700000,1.778078413e-02
90.710000,2.046303195e-02
90.720000,2.094950735e-02
90.730000,1.875421046e-02
90.740000,1.443586225e-02
90.750000,9.216488860e-03
90.760000,4.392182740e-03
90.770000,9.906144634e-04
90.780000,-2.414327708e-04
90.790000,1.058856716e-03
90.800000,4.474563684e-03
90.810000,8.585907106e-03
90.820000,1.142370479e-02
90.830000,1.138049453e-02
90.840000,7.905117283e-03
90.850000,1.653381974e-03
90.860000,-5.764514756e-03
90.870000,-1.228391791e-02
90.880000,-1.602982075e-02
90.890000,-1.584496449e-02
90.900000,-1.152860976e-02
90.910000,-3.977245661e-03
90.920000,4.678964108e-03
90.930000,1.140820533e-02
90.940000,1.348568295e-02
90.950000,1.004265848e-02
90.960000,2.781186131e-03
90.970000,-4.808440105e-03
90.980000,-9.333117812e-03
90.990000,-9.398968244e-03
91.000000,-6.375589689e-03
91.010000,-3.453872027e-03
91.020000,-3.575570173e-03
91.030000,-7.713745781e-03
91.040000,-1.463225286e-02
91.050000,-2.192263921e-02
91.060000,-2.725727107e-02
91.070000,-2.912060824e-02
91.080000,-2.700499221e-02
91.090000,-2.133091530e-02
91.100000,-1.326814992e-02
91.110000,-4.520814989e-03
91.120000,3.008624645e-03
91.130000,7.819770860e-03
91.140000,9.521550253e-03
91.150000,9.082223426e-03
91.160000,8.186531631e-03
91.170000,8.012564135e-03
91.180000,8.382974351e-03
91.190000,8.037297539e-03
91.200000,5.802395782e-03
91.210000,1.633393087e-03
91.220000,-3.317989747e-03
91.230000,-7.493951860e-03
91.240000,-9.749224729e-03
91.250000,-9.555458382e-03
91.260000,-6.726335956e-03
91.270000,-1.289448691e-03
91.280000,6.182635816e-03
91.290000,1.418309259e-02
91.300000,2.046708193e-02
91.310000,2.298220252e-02
91.320000,2.100363436e-02
91.330000,1.565694570e-02
91.340000,9.303058148e-03
91.350000,4.077844380e-03
91.360000,6.860758715e-04
91.370000,-1.572153106e-03
91.380000,-3.691026652e-03
91.390000,-5.846901426e-03
91.400000,-7.189330250e-03
91.410000,-6.593434998e-03
91.420000,-3.730888763e-03
91.430000,4.318976412e-04
91.440000,4.200925455e-03
91.450000,6.294728310e-03
91.460000,6.468178048e-03
91.470000,5.184809408e-03
91.480000,2.989297023e-03
91.490000,3.049832704e-04
91.500000,-2.395343077e-03
91.510000,-4.475210147e-03
91.520000,-5.277996711e-03
91.530000,-4.519786743e-03
91.540000,-2.711491006e-03
91.550000,-1.063192400e-03
91.560000,-5.997388988e-04
91.570000,-1.231724711e-03
91.580000,-1.872638120e-03
91.590000,-1.583421686e-03
91.600000,-5.611288834e-04
91.610000,-3.348274875e-05
91.620000,-1.227653080e-03
91.630000,-4.264140088e-03
91.640000,-7.807014559e-03
91.650000,-9.848050232e-03
91.660000,-9.201930117e-03
91.670000,-6.545726786e-03
91.680000,-3.986556618e-03
91.690000,-3.388490629e-03
91.700000,-4.916411270e-03
91.710000,-7.060230658e-03
91.720000,-7.912895309e-03
91.730000,-6.421378852e-03
91.740000,-2.779830665e-03
91.750000,1.886728326e-03
91.760000,6.122400234e-03
91.770000,8.744687521e-03
91.780000,9.174713603e-03
91.790000,7.428444646e-03
91.800000,4.123059190e-03
91.810000,6.175542199e-04
91.820000,-1.284826500e-03
91.830000,-3.997516614e-04
91.840000,2.837190220e-03
91.850000,6.551045689e-03
91.860000,8.748858285e-03
91.870000,8.649773521e-03
91.880000,7.039494976e-03
91.890000,5.531770539e-03
91.900000,5.333181416e-03
91.910000,6.398163865e-03
91.920000,7.612216947e-03
91.930000,7.847623173e-03
91.940000,6.974745807e-03
91.950000,5.941513052e-03
91.960000,5.880206482e-03
91.970000,7.084248385e-03
91.980000,8.801172728e-03
91.990000,9.991531597e-03
92.000000,1.024839481e-02
92.010000,9.936104380e-03
92.020000,9.470560678e-03
92.030000,8.617169855e-03
92.040000,6.683467531e-03
92.050000,3.495511566e-03
92.060000,1.077833085e-04
92.070000,-1.640173441e-03
92.080000,-4.473515998e-04
92.090000,3.412446997e-03
92.100000,8.190336405e-03
92.110000,1.172008476e-02
92.120000,1.262478837e-02
92.130000,1.090994065e-02
92.140000,7.591559000e-03
92.150000,3.685893137e-03
92.160000,-4.980297231e-04
92.170000,-5.083793574e-03
92.180000,-9.799701124e-03
92.190000,-1.363239487e-02
92.200000,-1.533918895e-02
92.210000,-1.425487457e-02
92.220000,-1.070706718e-02
92.230000,-5.834367493e-03
92.240000,-1.012700950e-03
92.250000,2.705568939e-03
92.260000,4.776216459e-03
92.270000,4.994752876e-03
92.280000,3.374430271e-03
92.290000,3.008785038e-04
92.300000,-3.322813746e-03
92.310000,-6.369763495e-03
92.320000,-8.209374995e-03
92.330000,-9.303485148e-03
92.340000,-1.104632221e-02
92.350000,-1.475842649e-02
92.360000,-2.052828294e-02
92.370000,-2.684483847e-02
92.380000,-3.133587403e-02
92.390000,-3.207173626e-02
92.400000,-2.861405358e-02
92.410000,-2.224135332e-02
92.420000,-1.518935891e-02
92.430000,-9.326978851e-03
92.440000,-5.241149287e-03
92.450000,-2.441000518e-03
92.460000,-2.892483433e-04
92.470000,1.375241045e-03
92.480000,2.349877732e-03
92.490000,2.438917909e-03
92.500000,1.583115388e-03
92.510000,-1.743320772e-04
92.520000,-2.602033550e-03
92.530000,-5.110328002e-03
92.540000,-6.783766424e-03
92.550000,-6.742384605e-03
92.560000,-4.636662358e-03
92.570000,-9.630635403e-04
92.580000,3.018530923e-03
92.590000,5.831155333e-03
92.600000,6.582301818e-03
92.610000,5.459511647e-03
92.620000,3.443031880e-03
92.630000,1.477650378e-03
92.640000,-1.212373128e-04
92.650000,-1.607345542e-03
92.660000,-3.321499797e-03
92.670000,-5.179128542e-03
92.680000,-6.442448919e-03
92.690000,-6.096422236e-03
92.700000,-3.753342897e-03
92.710000,-2.766685782e-04
92.720000,2.639337013e-03
92.730000,3.622552087e-03
92.740000,2.459174218e-03
92.750000,3.358171944e-05
92.760000,-2.345518936e-03
92.770000,-3.660661734e-03
92.780000,-3.576908981e-03
92.790000,-2.414567231e-03
92.800000,-8.123477676e-04
92.810000,6.956002159e-04
92.820000,1.948436685e-03
92.830000,3.114084385e-03
92.840000,4.399918364e-03
92.850000,5.809927889e-03
92.860000,7.129466344e-03
92.870000,8.004809546e-03
92.880000,7.981724467e-03
92.890000,6.626827321e-03
92.900000,3.829961409e-03
92.910000,7.602687754e-05
92.920000,-3.611731501e-03
92.930000,-6.108589259e-03
92.940000,-6.764415803e-03
92.950000,-5.736827821e-03
92.960000,-3.846937277e-03
92.970000,-2.118953596e-03
92.980000,-1.364774536e-03
92.990000,-1.947942322e-03
93.000000,-3.656861733e-03
93.010000,-5.732953983e-03
93.020000,-7.151931529e-03
93.030000,-7.034725129e-03
93.040000,-4.948664897e-03
93.050000,-1.029115054e-03
93.060000,4.002780163e-03
93.070000,8.921856192e-03
93.080000,1.230734371e-02
93.090000,1.315093165e-02
93.100000,1.150889210e-02
93.110000,8.659067058e-03
93.120000,6.479684081e-03
93.130000,6.422341070e-03
93.140000,8.768446315e-03
93.150000,1.257858128e-02
93.160000,1.629089099e-02
93.170000,1.858364792e-02
93.180000,1.895547658e-02
93.190000,1.770191604e-02
93.200000,1.548130487e-02
93.210000,1.289034483e-02
93.220000,1.025047864e-02
93.230000,7.608343494e-03
93.240000,4.932502589e-03
93.250000,2.370571196e-03
93.260000,3.015139175e-04
93.270000,-9.102535576e-04
93.280000,-1.237162661e-03
93.290000,-1.084686712e-03
93.300000,-1.046128914e-03
93.310000,-1.486612421e-03
93.320000,-2.318778315e-03
93.330000,-3.170607968e-03
93.340000,-3.700619862e-03
93.350000,-3.679290370e-03
93.360000,-2.870003317e-03
93.370000,-1.060379884e-03
93.380000,1.699621993e-03
93.390000,5.000632697e-03
93.400000,8.318392201e-03
93.410000,1.134569130e-02
93.420000,1.405115296e-02
93.430000,1.641690943e-02
93.440000,1.811092773e-02
93.450000,1.839371393e-02
93.460000,1.641089650e-02
93.470000,1.178912972e-02
93.480000,5.192665666e-03
93.490000,-1.637587752e-03
93.500000,-6.611112828e-03
93.510000,-8.427225134e-03
93.520000,-7.293687454e-03
93.530000,-4.627903624e-03
93.540000,-1.990271802e-03
93.550000,-1.287151392e-04
93.560000,1.171240413e-03
93.570000,2.472114360e-03
93.580000,3.929606012e-03
93.590000,5.025528677e-03
93.600000,4.941107702e-03
93.610000,3.198614372e-03
93.620000,3.730243392e-05
93.630000,-3.726366205e-03
93.640000,-7.154656806e-03
93.650000,-9.545027105e-03
93.660000,-1.046997723e-02
93.670000,-9.663619227e-03
93.680000,-7.049008278e-03
93.690000,-2.954653319e-03
93.700000,1.735513825e-03
93.710000,5.773689678e-03
93.720000,8.076944040e-03
93.730000,8.273667414e-03
93.740000,6.893939161e-03
93.750000,5.085337524e-03
93.760000,4.033922244e-03
93.770000,4.395007803e-03
93.780000,6.033714251e-03
93.790000,8.224671832e-03
93.800000,1.010605046e-02
93.810000,1.098681048e-02
93.820000,1.043315020e-02
93.830000,8.427043924e-03
93.840000,5.631116234e-03
93.850000,3.332487464e-03
93.860000,2.816553773e-03
93.870000,4.528404370e-03
93.880000,7.607083304e-03
93.890000,1.012058820e-02
93.900000,9.958467289e-03
93.910000,5.965471844e-03
93.920000,-1.348113727e-03
93.930000,-9.981762590e-03
93.940000,-1.738032265e-02
93.950000,-2.154387838e-02
93.960000,-2.170168985e-02
93.970000,-1.827952553e-02
93.980000,-1.237915336e-02
93.990000,-5.278904718e-03
94.000000,1.752576091e-03
94.010000,7.525277447e-03
94.020000,1.119033577e-02
94.030000,1.258953183e-02
94.040000,1.225888079e-02
94.050000,1.094162566e-02
94.060000,9.015240195e-03
94.070000,6.333540062e-03
94.080000,2.557844618e-03
94.090000,-2.351254758e-03
94.100000,-7.851303759e-03
94.110000,-1.291917375e-02
94.120000,-1.645231501e-02
94.130000,-1.768415200e-02
94.140000,-1.636863225e-02
94.150000,-1.276503878e-02
94.160000,-7.613574452e-03
94.170000,-2.130216939e-03
94.180000,2.150465720e-03
94.190000,3.771716147e-03
94.200000,1.837060623e-03
94.210000,-3.637413187e-03
94.220000,-1.158755290e-02
94.230000,-2.002149205e-02
94.240000,-2.651086237e-02
94.250000,-2.904512172e-02
94.260000,-2.685204744e-02
94.270000,-2.064866596e-02
94.280000,-1.223096050e-02
94.290000,-3.804518823e-03
94.300000,2.630008695e-03
94.310000,5.875986476e-03
94.320000,6.072620304e-03
94.330000,4.737135634e-03
94.340000,4.014609549e-03
94.350000,5.471249141e-03
94.360000,9.158060472e-03
94.370000,1.347883730e-02
94.380000,1.597836672e-02
94.390000,1.472114076e-02
94.400000,9.466271447e-03
94.410000,1.824530979e-03
94.420000,-5.649248001e-03
94.430000,-1.066175185e-02
94.440000,-1.197549456e-02
94.450000,-9.669614955e-03
94.460000,-4.988150672e-03
94.470000,1.626298493e-04
94.480000,3.904958448e-03
94.490000,4.992573841e-03
94.500000,3.166744633e-03
94.510000,-8.044953482e-04
94.520000,-5.501251244e-03
94.530000,-9.554573075e-03
94.540000,-1.224977691e-02
94.550000,-1.361445485e-02
94.560000,-1.402529565e-02
94.570000,-1.375248969e-02
94.580000,-1.281031311e-02
94.590000,-1.113405093e-02
94.600000,-8.817306532e-03
94.610000,-6.133428437e-03
94.620000,-3.290788492e-03
94.630000,-1.668745837e-04
94.640000,3.596269970e-03
94.650000,8.025590552e-03
94.660000,1.225318164e-02
94.670000,1.464482714e-02
94.680000,1.370991250e-02
94.690000,9.086919463e-03
94.700000,1.851730878e-03
94.710000,-5.964001067e-03
94.720000,-1.223685364e-02
94.730000,-1.553171337e-02
94.740000,-1.547392254e-02
94.750000,-1.259258916e-02
94.760000,-7.840397933e-03
94.770000,-2.236401875e-03
94.780000,3.132975737e-03
94.790000,7.041913813e-03
94.800000,8.424223328e-03
94.810000,6.991704128e-03
94.820000,3.604314583e-03
94.830000,-4.313879049e-05
94.840000,-2.274708049e-03
94.850000,-2.290106711e-03
94.860000,-4.980170264e-04
94.870000,1.900764705e-03
94.880000,3.828690352e-03
94.890000,5.087662600e-03
94.900000,6.360187713e-03
94.910000,8.472594525e-03
94.920000,1.161437928e-02
94.930000,1.524082463e-02
94.940000,1.863219222e-02
94.950000,2.138896124e-02
94.960000,2.339770004e-02
94.970000,2.456705808e-02
94.980000,2.476193912e-02
94.990000,2.388198892e-02
95.000000,2.190038425e-02
95.010000,1.893437939e-02
95.020000,1.534327251e-02
95.030000,1.162359627e-02
95.040000,8.139543143e-03
95.050000,5.073034045e-03
95.060000,2.664991991e-03
95.070000,1.329408523e-03
95.080000,1.413144464e-03
95.090000,2.904410638e-03
95.100000,5.405842186e-03
95.110000,8.295588978e-03
95.120000,1.087918828e-02
95.130000,1.251639378e-02
95.140000,1.275545987e-02
95.150000,1.141460615e-02
95.160000,8.603232295e-03
95.170000,4.773104536e-03
95.180000,7.562463788e-04
95.190000,-2.412956172e-03
95.200000,-3.907851046e-03
95.210000,-3.470253838e-03
95.220000,-1.506226397e-03
95.230000,1.042850988e-03
95.240000,3.013727367e-03
95.250000,3.529203230e-03
95.260000,2.445695343e-03
95.270000,3.248906501e-04
95.280000,-2.055786472e-03
95.290000,-4.156707360e-03
95.300000,-5.782114701e-03
95.310000,-6.997891267e-03
95.320000,-8.039750156e-03
95.330000,-9.154734492e-03
95.340000,-1.037321292e-02
95.350000,-1.139330522e-02
95.360000,-1.169750586e-02
95.370000,-1.084953681e-02
95.380000,-8.842450573e-03
95.390000,-6.288948510e-03
95.400000,-4.221536552e-03
95.410000,-3.534833262e-03
95.420000,-4.472748404e-03
95.430000,-6.570863528e-03
95.440000,-9.055233502e-03
95.450000,-1.130504585e-02
95.460000,-1.299947336e-02
95.470000,-1.394684721e-02
95.480000,-1.390043905e-02
95.490000,-1.258680990e-02
95.500000,-9.928944898e-03
95.510000,-6.326560901e-03
95.520000,-2.749567402e-03
95.530000,-3.504730684e-04
95.540000,2.987839710e-04
95.550000,-3.268280391e-04
95.560000,-1.018000746e-03
95.570000,-5.795344909e-04
95.580000,1.597555829e-03
95.590000,5.283199329e-03
95.600000,9.402967660e-03
95.610000,1.240778230e-02
95.620000,1.299603926e-02
95.630000,1.073688859e-02
95.640000,6.195836306e-03
95.650000,6.286252423e-04
95.660000,-4.472038681e-03
95.670000,-7.801705338e-03
95.680000,-8.583720121e-03
95.690000,-6.799346535e-03
95.700000,-3.249144030e-03
95.710000,6.745480970e-04
95.720000,3.526272512e-03
95.730000,4.430725462e-03
95.740000,3.460627375e-03
95.750000,1.559730119e-03
95.760000,-1.175450109e-05
95.770000,-4.573093458e-04
95.780000,9.128989509e-05
95.790000,8.224672349e-04
95.800000,9.639334777e-04
95.810000,3.167336829e-04
95.820000,-7.614222477e-04
95.830000,-1.758240276e-03
95.840000,-2.423597743e-03
95.850000,-2.915641724e-03
95.860000,-3.574391023e-03
95.870000,-4.490922445e-03
95.880000,-5.255677920e-03
95.890000,-5.167437952e-03
95.900000,-3.797278508e-03
95.910000,-1.465410817e-03
95.920000,8.087763864e-04
95.930000,1.939938308e-03
95.940000,1.551530009e-03
95.950000,2.846299935e-04
95.960000,-6.257909176e-04
95.970000,-2.444794265e-04
95.980000,1.285684076e-03
95.990000,2.643252318e-03
96.000000,2.077413326e-03
96.010000,-1.446110949e-03
96.020000,-7.508301065e-03
96.030000,-1.438668336e-02
96.040000,-1.988884627e-02
96.050000,-2.230167708e-02
96.060000,-2.099846334e-02
96.070000,-1.654041900e-02
96.080000,-1.036832357e-02
96.090000,-4.289951666e-03
96.100000,1.071327051e-04
96.110000,2.030356908e-03
96.120000,1.789891103e-03
96.130000,5.264507986e-04
96.140000,-5.592103363e-04
96.150000,-9.076717891e-04
96.160000,-7.186266528e-04
96.170000,-5.165116113e-04
96.180000,-6.237861956e-04
96.190000,-9.689956029e-04
96.200000,-1.323972910e-03
96.210000,-1.719667680e-03
96.220000,-2.624801660e-03
96.230000,-4.614743738e-03
96.240000,-7.705656483e-03
96.250000,-1.096186572e-02
96.260000,-1.289116098e-02
96.270000,-1.243188055e-02
96.280000,-9.705557963e-03
96.290000,-5.914556883e-03
96.300000,-2.558570899e-03
96.310000,-6.000813901e-04
96.320000,-4.469653049e-05
96.330000,-1.168991586e-04
96.340000,2.658293696e-05
96.350000,5.334217834e-04
96.360000,7.675785044e-04
96.370000,1.147926867e-05
96.380000,-1.821964192e-03
96.390000,-4.159338731e-03
96.400000,-6.202863782e-03
96.410000,-7.287118092e-03
96.420000,-7.078459317e-03
96.430000,-5.710710200e-03
96.440000,-3.677262469e-03
96.450000,-1.470374322e-03
96.460000,5.916131548e-04
96.470000,2.173417724e-03
96.480000,2.838288549e-03
96.490000,2.362795075e-03
96.500000,1.009494775e-03
96.510000,-6.691443376e-04
96.520000,-2.207359985e-03
96.530000,-3.310196913e-03
96.540000,-3.718759194e-03
96.550000,-3.233705246e-03
96.560000,-1.959950513e-03
96.570000,-5.070614708e-04
96.580000,9.275255183e-05
96.590000,-1.168977747e-03
96.600000,-4.576107999e-03
96.610000,-9.179924159e-03
96.620000,-1.307823347e-02
96.630000,-1.452110801e-02
96.640000,-1.302016582e-02
96.650000,-9.550709017e-03
96.660000,-5.796372160e-03
96.670000,-3.133829222e-03
96.680000,-2.009295276e-03
96.690000,-1.956579149e-03
96.700000,-2.168051757e-03
96.710000,-2.167855457e-03
96.720000,-1.997571545e-03
96.730000,-1.826565649e-03
96.740000,-1.547596786e-03
96.750000,-8.309361665e-04
96.760000,5.113213716e-04
96.770000,2.261363779e-03
96.780000,3.820445154e-03
96.790000,4.497646054e-03
96.800000,3.923245915e-03
96.810000,2.301578019e-03
96.820000,2.681408503e-04
96.830000,-1.515565099e-03
96.840000,-2.635134057e-03
96.850000,-2.877712860e-03
96.860000,-2.072995938e-03
96.870000,-1.012350458e-04
96.880000,2.931806911e-03
96.890000,6.588246675e-03
96.900000,1.020328042e-02
96.910000,1.309968065e-02
96.920000,1.473933421e-02
96.930000,1.476806984e-02
96.940000,1.301540953e-02
96.950000,9.517040782e-03
96.960000,4.610789674e-03
96.970000,-9.094895959e-04
96.980000,-5.760798318e-03
96.990000,-8.513192106e-03
97.000000,-8.296792005e-03
97.010000,-5.395434365e-03
97.020000,-1.141034698e-03
97.030000,2.915911741e-03
97.040000,5.877654044e-03
97.050000,7.708993196e-03
97.060000,8.774406990e-03
97.070000,9.277681085e-03
97.080000,9.106156524e-03
97.090000,8.112974523e-03
97.100000,6.499240847e-03
97.110000,4.895678448e-03
97.120000,3.999256132e-03
97.130000,4.036930957e-03
97.140000,4.549616250e-03
97.150000,4.751225216e-03
97.160000,4.175067045e-03
97.170000,2.989094153e-03
97.180000,1.672408283e-03
97.190000,4.535960931e-04
97.200000,-8.353420542e-04
97.210000,-2.384180479e-03
97.220000,-3.988875193e-03
97.230000,-4.986788626e-03
97.240000,-4.544691857e-03
97.250000,-2.152315917e-03
97.260000,1.920874702e-03
97.270000,6.582982343e-03
97.280000,1.041116474e-02
97.290000,1.227024150e-02
97.300000,1.162473920e-02
97.310000,8.579007116e-03
97.320000,3.836598186e-03
97.330000,-1.474754279e-03
97.340000,-6.170104933e-03
97.350000,-9.371734673e-03
97.360000,-1.069274221e-02
97.370000,-1.027415658e-02
97.380000,-8.689771121e-03
97.390000,-6.638499045e-03
97.400000,-4.552498873e-03
97.410000,-2.493250401e-03
97.420000,-4.813942385e-04
97.430000,1.109054044e-03
97.440000,1.592932345e-03
97.450000,4.992812931e-04
97.460000,-1.896179432e-03
97.470000,-4.558628825e-03
97.480000,-6.307830990e-03
97.490000,-6.640022707e-03
97.500000,-6.102082734e-03
97.510000,-5.872087249e-03
97.520000,-6.905013022e-03
97.530000,-9.384360832e-03
97.540000,-1.279178425e-02
97.550000,-1.625125098e-02
97.560000,-1.878290806e-02
97.570000,-1.950236210e-02
97.580000,-1.786399138e-02
97.590000,-1.385618345e-02
97.600000,-8.107552361e-03
97.610000,-1.911969153e-03
97.620000,3.066845985e-03
97.630000,5.584852295e-03
97.640000,5.582442543e-03
97.650000,4.103394369e-03
97.660000,2.354865483e-03
97.670000,8.009839848e-04
97.680000,-9.742918372e-04
97.690000,-3.687094108e-03
97.700000,-7.545947535e-03
97.710000,-1.173865440e-02
97.720000,-1.463887649e-02
97.730000,-1.473698670e-02
97.740000,-1.162528053e-02
97.750000,-6.217423479e-03
97.760000,-1.125563430e-04
97.770000,5.203119143e-03
97.780000,8.709631184e-03
97.790000,9.837075977e-03
97.800000,8.476330334e-03
97.810000,5.108590148e-03
97.820000,8.154586556e-04
97.830000,-3.006909793e-03
97.840000,-5.159012010e-03
97.850000,-5.130249947e-03
97.860000,-3.256557114e-03
97.870000,-3.639479673e-04
97.880000,2.859579939e-03
97.890000,6.179636792e-03
97.900000,9.473956697e-03
97.910000,1.209464731e-02
97.920000,1.273180056e-02
97.930000,1.018944528e-02
97.940000,4.545727519e-03
97.950000,-2.388374550e-03
97.960000,-7.905918397e-03
97.970000,-1.000362644e-02
97.980000,-8.553284760e-03
97.990000,-5.228696479e-03
98.000000,-2.325857103e-03
98.010000,-1.346151945e-03
98.020000,-2.273159003e-03
98.030000,-3.906407265e-03
98.040000,-4.859134431e-03
98.050000,-4.443613415e-03
98.060000,-2.894916571e-03
98.070000,-9.602534657e-04
98.080000,6.748881377e-04
98.090000,1.660875027e-03
98.100000,1.896324595e-03
98.110000,1.397573007e-03
98.120000,3.985289164e-04
98.130000,-4.671739469e-04
98.140000,-3.211323676e-04
98.150000,1.359211591e-03
98.160000,4.199299474e-03
98.170000,7.065482575e-03
98.180000,8.838344422e-03
98.190000,9.097592656e-03
98.200000,8.133031184e-03
98.210000,6.435585332e-03
98.220000,4.293371631e-03
98.230000,1.905121123e-03
98.240000,-1.921650822e-04
98.250000,-1.016473933e-03
98.260000,2.639835409e-04
98.270000,3.455053544e-03
98.280000,7.061454746e-03
98.290000,9.023236708e-03
98.300000,8.008696743e-03
98.310000,4.383150181e-03
98.320000,1.617528042e-04
98.330000,-2.141121762e-03
98.340000,-1.070682909e-03
98.350000,2.897656694e-03
98.360000,7.784879840e-03
98.370000,1.144000495e-02
98.380000,1.277259203e-02
98.390000,1.206780717e-02
98.400000,1.032099758e-02
98.410000,8.315679752e-03
98.420000,6.304152305e-03
98.430000,4.426372563e-03
98.440000,3.208093665e-03
98.450000,3.490720468e-03
98.460000,5.792228091e-03
98.470000,9.638459883e-03
98.480000,1.348527846e-02
98.490000,1.544998659e-02
98.500000,1.437686183e-02
98.510000,1.043417608e-02
98.520000,4.925043989e-03
98.530000,-3.349135768e-04
98.540000,-3.670171273e-03
98.550000,-4.112695609e-03
98.560000,-1.757293984e-03
98.570000,2.318535125e-03
98.580000,6.553695090e-03
98.590000,9.529885094e-03
98.600000,1.048707294e-02
98.610000,9.606147318e-03
98.620000,7.884398370e-03
98.630000,6.510944521e-03
98.640000,6.045701009e-03
98.650000,6.011098200e-03
98.660000,5.276123532e-03
98.670000,2.980173984e-03
98.680000,-7.123596262e-04
98.690000,-4.602291504e-03
98.700000,-7.184024945e-03
98.710000,-7.564970249e-03
98.720000,-5.903779473e-03
98.730000,-3.070520006e-03
98.740000,1.101130935e-04
98.750000,3.289241896e-03
98.760000,6.323031360e-03
98.770000,8.713660212e-03
98.780000,9.474701026e-03
98.790000,7.640479120e-03
98.800000,3.005053390e-03
98.810000,-3.474369782e-03
98.820000,-9.915737772e-03
98.830000,-1.433259650e-02
98.840000,-1.560629648e-02
98.850000,-1.397985205e-02
98.860000,-1.072949476e-02
98.870000,-7.325170932e-03
98.880000,-4.744771604e-03
98.890000,-3.292834661e-03
98.900000,-2.772702399e-03
98.910000,-2.750915733e-03
98.920000,-2.810878617e-03
98.930000,-2.735374589e-03
98.940000,-2.538569219e-03
98.950000,-2.374748384e-03
98.960000,-2.434549150e-03
98.970000,-2.864329566e-03
98.980000,-3.688747545e-03
98.990000,-4.775219454e-03
99.000000,-5.885144777e-03
99.010000,-6.767194600e-03
99.020000,-7.213783649e-03
99.030000,-7.056168762e-03
99.040000,-6.135067196e-03
99.050000,-4.325034297e-03
99.060000,-1.666911904e-03
99.070000,1.469775739e-03
99.080000,4.378345902e-03
99.090000,6.255731707e-03
99.100000,6.583001814e-03
99.110000,5.413382318e-03
99.120000,3.365610904e-03
99.130000,1.285010950e-03
99.140000,-2.271193034e-04
99.150000,-1.082375228e-03
99.160000,-1.578206981e-03
99.170000,-2.002088531e-03
99.180000,-2.308950754e-03
99.190000,-2.131944356e-03
99.200000,-1.089822039e-03
99.210000,8.820236513e-04
99.220000,3.423450174e-03
99.230000,5.896548636e-03
99.240000,7.646495960e-03
99.250000,8.216750465e-03
99.260000,7.447754387e-03
99.270000,5.486415639e-03
99.280000,2.756117803e-03
99.290000,-1.198458563e-04
99.300000,-2.476701543e-03
99.310000,-3.820039178e-03
99.320000,-3.994002030e-03
99.330000,-3.214579236e-03
99.340000,-1.931253805e-03
99.350000,-5.712642701e-04
99.360000,6.667839813e-04
99.370000,1.805965137e-03
99.380000,2.900925366e-03
99.390000,3.874926073e-03
99.400000,4.532329757e-03
99.410000,4.693783970e-03
99.420000,4.315710710e-03
99.430000,3.520074357e-03
99.440000,2.539077845e-03
99.450000,1.616837788e-03
99.460000,9.270435811e-04
99.470000,5.475979869e-04
99.480000,4.781369739e-04
99.490000,6.581862988e-04
99.500000,9.762895938e-04
99.510000,1.293223311e-03
99.520000,1.483158624e-03
99.530000,1.466699596e-03
99.540000,1.221814428e-03
99.550000,7.850719080e-04
99.560000,2.494342367e-04
99.570000,-2.544814925e-04
99.580000,-5.998337806e-04
99.590000,-7.120324105e-04
99.600000,-6.012064654e-04
99.610000,-3.626611837e-04
99.620000,-1.419584818e-04
99.630000,-7.642245248e-05
99.640000,-2.334465928e-04
99.650000,-5.679557939e-04
99.660000,-9.269240119e-04
99.670000,-1.120249038e-03
99.680000,-1.030383187e-03
99.690000,-6.861820923e-04
99.700000,-2.443063132e-04
99.710000,1.071585025e-04
99.720000,2.552625790e-04
99.730000,2.120266022e-04
99.740000,8.146629930e-05
99.750000,-2.453357046e-05
99.760000,-5.364641279e-05
99.770000,-1.972768525e-05
99.780000,3.468570925e-05
99.790000,7.419081337e-05
99.800000,8.214632717e-05
99.810000,5.697951747e-05
99.820000,7.295415775e-06
99.830000,-5.072119308e-05
99.840000,-9.728231212e-05
99.850000,-1.169600950e-04
99.860000,-1.072218001e-04
99.870000,-7.993279348e-05
99.880000,-5.229062124e-05
99.890000,-3.318369102e-05
99.900000,-1.619058425e-05
99.910000,1.400034464e-05
99.920000,6.598581474e-05
99.930000,1.301076914e-04
99.940000,1.822079543e-04
99.950000,2.004722604e-04
99.960000,1.807740726e-04
99.970000,1.377131616e-04
99.980000,9.233740663e-05
99.990000,5.848151589e-05
100.000000,3.795692014e-05
100.010000,2.516320192e-05
100.020000,1.464468102e-05
100.030000,5.209152330e-06
100.040000,-1.245975563e-06
100.050000,-3.502321948e-06
100.060000,-3.212253938e-06
100.070000,-3.722407406e-06
100.080000,-7.327666557e-06
100.090000,-1.376238818e-05
100.100000,-2.080582194e-05
100.110000,-2.593523036e-05
100.120000,-2.771646269e-05
100.130000,-2.628369858e-05
100.140000,-2.296626312e-05
