time_s,acceleration_g
0.000000,6.273952068e-05
0.010000,6.347106096e-05
0.020000,6.420252950e-05
0.030000,6.493377239e-05
0.040000,6.566481960e-05
0.050000,6.639570149e-05
0.060000,6.712639190e-05
0.070000,6.785686445e-05
0.080000,6.858711701e-05
0.090000,6.931714754e-05
0.100000,7.004694314e-05
0.110000,7.077649085e-05
0.120000,7.150578253e-05
0.130000,7.223481006e-05
0.140000,7.296356310e-05
0.150000,7.369203132e-05
0.160000,7.442020531e-05
0.170000,7.514807566e-05
0.180000,7.587563251e-05
0.190000,7.660286597e-05
0.200000,7.732976633e-05
0.210000,7.805632385e-05
0.220000,7.878252872e-05
0.230000,7.950837107e-05
0.240000,8.023384107e-05
0.250000,8.095892887e-05
0.260000,8.168362460e-05
0.270000,8.240791834e-05
0.280000,8.313180018e-05
0.290000,8.385526020e-05
0.300000,8.457828844e-05
0.310000,8.530087493e-05
0.320000,8.602300969e-05
0.330000,8.674468272e-05
0.340000,8.746588399e-05
0.350000,8.818660347e-05
0.360000,8.890683111e-05
0.370000,8.962655683e-05
0.380000,9.034577055e-05
0.390000,9.106446217e-05
0.400000,9.178262155e-05
0.410000,9.250023858e-05
0.420000,9.321730309e-05
0.430000,9.393380492e-05
0.440000,9.464973387e-05
0.450000,9.536507976e-05
0.460000,9.607983236e-05
0.470000,9.679398143e-05
0.480000,9.750751674e-05
0.490000,9.822042802e-05
0.500000,9.893270499e-05
0.510000,9.964433735e-05
0.520000,1.003553148e-04
0.530000,1.010656270e-04
0.540000,1.017752636e-04
0.550000,1.024842143e-04
0.560000,1.031924687e-04
0.570000,1.039000165e-04
0.580000,1.046068471e-04
0.590000,1.053129503e-04
0.600000,1.060183155e-04
0.610000,1.067229323e-04
0.620000,1.074267904e-04
0.630000,1.081298792e-04
0.640000,1.088321882e-04
0.650000,1.095337070e-04
0.660000,1.102344250e-04
0.670000,1.109343317e-04
0.680000,1.116334166e-04
0.690000,1.123316691e-04
0.700000,1.130290787e-04
0.710000,1.137256348e-04
0.720000,1.144213268e-04
0.730000,1.151161441e-04
0.740000,1.158100761e-04
0.750000,1.165031123e-04
0.760000,1.171952418e-04
0.770000,1.178864542e-04
0.780000,1.185767386e-04
0.790000,1.192660846e-04
0.800000,1.199544814e-04
0.810000,1.206419182e-04
0.820000,1.213283844e-04
0.830000,1.220138693e-04
0.840000,1.226983622e-04
0.850000,1.233818522e-04
0.860000,1.240643287e-04
0.870000,1.247457809e-04
0.880000,1.254261980e-04
0.890000,1.261055693e-04
0.900000,1.267838839e-04
0.910000,1.274611311e-04
0.920000,1.281373001e-04
0.930000,1.288123799e-04
0.940000,1.294863599e-04
0.950000,1.301592291e-04
0.960000,1.308309767e-04
0.970000,1.315015919e-04
0.980000,1.321710637e-04
0.990000,1.328393814e-04
1.000000,1.335065339e-04
1.010000,1.341725105e-04
1.020000,1.348373003e-04
1.030000,1.355008922e-04
1.040000,1.361632754e-04
1.050000,1.368244390e-04
1.060000,1.374843721e-04
1.070000,1.381430636e-04
1.080000,1.388005027e-04
1.090000,1.394566784e-04
1.100000,1.401115797e-04
1.110000,1.407651956e-04
1.120000,1.414175152e-04
1.130000,1.420685276e-04
1.140000,1.427182216e-04
1.150000,1.433665863e-04
1.160000,1.440136107e-04
1.170000,1.446592837e-04
1.180000,1.453035945e-04
1.190000,1.459465318e-04
1.200000,1.465880848e-04
1.210000,1.472282424e-04
1.220000,1.478669935e-04
1.230000,1.485043271e-04
1.240000,1.491402321e-04
1.250000,1.497746976e-04
1.260000,1.504077123e-04
1.270000,1.510392653e-04
1.280000,1.516693456e-04
1.290000,1.522979419e-04
1.300000,1.529250433e-04
1.310000,1.535506386e-04
1.320000,1.541747168e-04
1.330000,1.547972668e-04
1.340000,1.554182775e-04
1.350000,1.560377378e-04
1.360000,1.566556366e-04
1.370000,1.572719628e-04
1.380000,1.578867053e-04
1.390000,1.584998529e-04
1.400000,1.591113947e-04
1.410000,1.597213194e-04
1.420000,1.603296159e-04
1.430000,1.609362732e-04
1.440000,1.615412801e-04
1.450000,1.621446255e-04
1.460000,1.627462983e-04
1.470000,1.633462873e-04
1.480000,1.639445815e-04
1.490000,1.645411696e-04
1.500000,1.651360407e-04
1.510000,1.657291834e-04
1.520000,1.663205868e-04
1.530000,1.669102397e-04
1.540000,1.674981310e-04
1.550000,1.680842495e-04
1.560000,1.686685841e-04
1.570000,1.692511237e-04
1.580000,1.698318571e-04
1.590000,1.704107733e-04
1.600000,1.709878612e-04
1.610000,1.715631095e-04
1.620000,1.721365072e-04
1.630000,1.727080431e-04
1.640000,1.732777062e-04
1.650000,1.738454854e-04
1.660000,1.744113695e-04
1.670000,1.749753474e-04
1.680000,1.755374080e-04
1.690000,1.760975402e-04
1.700000,1.766557328e-04
1.710000,1.772119748e-04
1.720000,1.777662549e-04
1.730000,1.783185621e-04
1.740000,1.788688851e-04
1.750000,1.794172131e-04
1.760000,1.799635352e-04
1.770000,1.805078399e-04
1.780000,1.810501159e-04
1.790000,1.815903515e-04
1.800000,1.821285358e-04
1.810000,1.826646586e-04
1.820000,1.831987099e-04
1.830000,1.837306795e-04
1.840000,1.842605557e-04
1.850000,1.847883256e-04
1.860000,1.853139766e-04
1.870000,1.858374981e-04
1.880000,1.863588820e-04
1.890000,1.868781216e-04
1.900000,1.873952080e-04
1.910000,1.879101283e-04
1.920000,1.884228656e-04
1.930000,1.889334032e-04
1.940000,1.894417281e-04
1.950000,1.899478334e-04
1.960000,1.904517153e-04
1.970000,1.909533681e-04
1.980000,1.914527810e-04
1.990000,1.919499385e-04
2.000000,1.924448253e-04
2.010000,1.929374283e-04
2.020000,1.934277362e-04
2.030000,1.939157352e-04
2.040000,1.944014086e-04
2.050000,1.948847416e-04
2.060000,1.953657287e-04
2.070000,1.958443747e-04
2.080000,1.963206842e-04
2.090000,1.967946469e-04
2.100000,1.972662317e-04
2.110000,1.977354021e-04
2.120000,1.982021425e-04
2.130000,1.986664739e-04
2.140000,1.991284360e-04
2.150000,1.995880434e-04
2.160000,2.000452498e-04
2.170000,2.004999592e-04
2.180000,2.009520871e-04
2.190000,2.014016260e-04
2.200000,2.018486575e-04
2.210000,2.022932899e-04
2.220000,2.027355700e-04
2.230000,2.031754468e-04
2.240000,2.036128274e-04
2.250000,2.040476731e-04
2.260000,2.044800332e-04
2.270000,2.049099644e-04
2.280000,2.053373953e-04
2.290000,2.057620872e-04
2.300000,2.061837757e-04
2.310000,2.066024139e-04
2.320000,2.070182929e-04
2.330000,2.074318729e-04
2.340000,2.078433992e-04
2.350000,2.082526150e-04
2.360000,2.086588695e-04
2.370000,2.090616116e-04
2.380000,2.094608842e-04
2.390000,2.098573610e-04
2.400000,2.102518131e-04
2.410000,2.106444144e-04
2.420000,2.110345114e-04
2.430000,2.114211445e-04
2.440000,2.118039339e-04
2.450000,2.121835414e-04
2.460000,2.125612067e-04
2.470000,2.129376624e-04
2.480000,2.133123576e-04
2.490000,2.136837405e-04
2.500000,2.140504472e-04
2.510000,2.144123948e-04
2.520000,2.147708061e-04
2.530000,2.151271389e-04
2.540000,2.154819124e-04
2.550000,2.158345262e-04
2.560000,2.161841890e-04
2.570000,2.165309456e-04
2.580000,2.168756589e-04
2.590000,2.172188968e-04
2.600000,2.175599673e-04
2.610000,2.178974373e-04
2.620000,2.182310249e-04
2.630000,2.185630338e-04
2.640000,2.188973843e-04
2.650000,2.192363096e-04
2.660000,2.195772996e-04
2.670000,2.199133926e-04
2.680000,2.202375201e-04
2.690000,2.205480354e-04
2.700000,2.208509112e-04
2.710000,2.211561825e-04
2.720000,2.214706884e-04
2.730000,2.217923774e-04
2.740000,2.221105530e-04
2.750000,2.224120477e-04
2.760000,2.226890496e-04
2.770000,2.229435427e-04
2.780000,2.231862572e-04
2.790000,2.234317409e-04
2.800000,2.236926338e-04
2.810000,2.239751466e-04
2.820000,2.242762903e-04
2.830000,2.245833913e-04
2.840000,2.248771974e-04
2.850000,2.251392279e-04
2.860000,2.253611036e-04
2.870000,2.255505199e-04
2.880000,2.257288196e-04
2.890000,2.259199817e-04
2.900000,2.261370588e-04
2.910000,2.263743344e-04
2.920000,2.266095778e-04
2.930000,2.268141914e-04
2.940000,2.269655097e-04
2.950000,2.270570468e-04
2.960000,2.271054136e-04
2.970000,2.271520127e-04
2.980000,2.272541487e-04
2.990000,2.274611790e-04
3.000000,2.277823196e-04
3.010000,2.281673754e-04
3.020000,2.285234890e-04
3.030000,2.287696103e-04
3.040000,2.288969588e-04
3.050000,2.289871333e-04
3.060000,2.291619517e-04
3.070000,2.294916941e-04
3.080000,2.299305808e-04
3.090000,2.303382760e-04
3.100000,2.305812925e-04
3.110000,2.306372102e-04
3.120000,2.306122593e-04
3.130000,2.306500866e-04
3.140000,2.308054770e-04
3.150000,2.309956138e-04
3.160000,2.310795904e-04
3.170000,2.310010067e-04
3.180000,2.308627402e-04
3.190000,2.308556164e-04
3.200000,2.310953668e-04
3.210000,2.315149969e-04
3.220000,2.319192278e-04
3.230000,2.321611259e-04
3.240000,2.322808437e-04
3.250000,2.324712931e-04
3.260000,2.328942257e-04
3.270000,2.335192813e-04
3.280000,2.341485354e-04
3.290000,2.346121744e-04
3.300000,2.349391611e-04
3.310000,2.353105889e-04
3.320000,2.358165642e-04
3.330000,2.362647117e-04
3.340000,2.362866636e-04
3.350000,2.357156423e-04
3.360000,2.348988334e-04
3.370000,2.345795686e-04
3.380000,2.353264059e-04
3.390000,2.369335829e-04
3.400000,2.383518498e-04
3.410000,2.383409683e-04
3.420000,2.364213699e-04
3.430000,2.333689500e-04
3.440000,2.307874692e-04
3.450000,2.300249397e-04
3.460000,2.312662617e-04
3.470000,2.335164531e-04
3.480000,2.354504616e-04
3.490000,2.363807304e-04
3.500000,2.365322212e-04
3.510000,2.364781072e-04
3.520000,2.363723926e-04
3.530000,2.357860379e-04
3.540000,2.343313343e-04
3.550000,2.324176679e-04
3.560000,2.312480057e-04
3.570000,2.318387469e-04
3.580000,2.338523164e-04
3.590000,2.354026152e-04
3.600000,2.342741443e-04
3.610000,2.297371365e-04
3.620000,2.234640895e-04
3.630000,2.186449343e-04
3.640000,2.178436938e-04
3.650000,2.212222797e-04
3.660000,2.265123082e-04
3.670000,2.307153520e-04
3.680000,2.321506259e-04
3.690000,2.313069315e-04
3.700000,2.300707393e-04
3.710000,2.302373562e-04
3.720000,2.325804959e-04
3.730000,2.369510308e-04
3.740000,2.428134039e-04
3.750000,2.493883996e-04
3.760000,2.553145919e-04
3.770000,2.585814214e-04
3.780000,2.574215834e-04
3.790000,2.518138172e-04
3.800000,2.442594531e-04
3.810000,2.387129436e-04
3.820000,2.380434417e-04
3.830000,2.419042611e-04
3.840000,2.468766021e-04
3.850000,2.490096884e-04
3.860000,2.468350306e-04
3.870000,2.424237988e-04
3.880000,2.396261865e-04
3.890000,2.409793853e-04
3.900000,2.458501385e-04
3.910000,2.512266870e-04
3.920000,2.542536768e-04
3.930000,2.542445550e-04
3.940000,2.526611274e-04
3.950000,2.515155151e-04
3.960000,2.518887998e-04
3.970000,2.537519646e-04
3.980000,2.567656489e-04
3.990000,2.608437231e-04
4.000000,2.658517688e-04
4.010000,2.711167636e-04
4.020000,2.758321225e-04
4.030000,2.802877531e-04
4.040000,2.863875292e-04
4.050000,2.960739635e-04
4.060000,3.084039069e-04
4.070000,3.181156593e-04
4.080000,3.180915613e-04
4.090000,3.048185366e-04
4.100000,2.824991959e-04
4.110000,2.614873885e-04
4.120000,2.510985665e-04
4.130000,2.521353815e-04
4.140000,2.556186668e-04
4.150000,2.494680459e-04
4.160000,2.279757652e-04
4.170000,1.960810496e-04
4.180000,1.647105674e-04
4.190000,1.414401675e-04
4.200000,1.251792777e-04
4.210000,1.099034706e-04
4.220000,9.363356597e-05
4.230000,8.324658178e-05
4.240000,8.920487669e-05
4.250000,1.142590835e-04
4.260000,1.472866786e-04
4.270000,1.701234787e-04
4.280000,1.733551953e-04
4.290000,1.672134744e-04
4.300000,1.761009318e-04
4.310000,2.192303678e-04
4.320000,2.932595933e-04
4.330000,3.727145149e-04
4.340000,4.292038969e-04
4.350000,4.534900035e-04
4.360000,4.609276670e-04
4.370000,4.749142310e-04
4.380000,5.029591108e-04
4.390000,5.275442456e-04
4.400000,5.211879432e-04
4.410000,4.727952559e-04
4.420000,4.009434159e-04
4.430000,3.405488848e-04
4.440000,3.134668310e-04
4.450000,3.091844843e-04
4.460000,2.938767981e-04
4.470000,2.408294423e-04
4.480000,1.553945090e-04
4.490000,7.210352921e-05
4.500000,2.690396988e-05
4.510000,3.016479731e-05
4.520000,6.459111663e-05
4.530000,1.079096817e-04
4.540000,1.563452959e-04
4.550000,2.245148419e-04
4.560000,3.214063900e-04
4.570000,4.278199409e-04
4.580000,5.019915011e-04
4.590000,5.132267532e-04
4.600000,4.728296244e-04
4.610000,4.286381112e-04
4.620000,4.208504130e-04
4.630000,4.356679161e-04
4.640000,4.023622909e-04
4.650000,2.458022843e-04
4.660000,-4.378379329e-05
4.670000,-3.841563114e-04
4.680000,-6.478269335e-04
4.690000,-7.519106844e-04
4.700000,-7.210290529e-04
4.710000,-6.706708596e-04
4.720000,-7.207222375e-04
4.730000,-9.049666038e-04
4.740000,-1.145881820e-03
4.750000,-1.312277955e-03
4.760000,-1.312978662e-03
4.770000,-1.154981266e-03
4.780000,-9.271734113e-04
4.790000,-7.306161698e-04
4.800000,-6.134004688e-04
4.810000,-5.553698149e-04
4.820000,-5.025417551e-04
4.830000,-4.144921007e-04
4.840000,-2.880079179e-04
4.850000,-1.487859234e-04
4.860000,-2.903920153e-05
4.870000,4.870089288e-05
4.880000,7.674160029e-05
4.890000,6.374984004e-05
4.900000,3.694114268e-05
4.910000,3.825457584e-05
4.920000,1.057434149e-04
4.930000,2.452023586e-04
4.940000,4.142455763e-04
4.950000,5.403826721e-04
4.960000,5.696366302e-04
4.970000,5.127941432e-04
4.980000,4.513619028e-04
4.990000,4.926541375e-04
5.000000,7.012267064e-04
5.010000,1.051598525e-03
5.020000,1.432721922e-03
5.030000,1.701313360e-03
5.040000,1.753614944e-03
5.050000,1.579336843e-03
5.060000,1.274488540e-03
5.070000,1.007421556e-03
5.080000,9.466399863e-04
5.090000,1.173887640e-03
5.100000,1.623508783e-03
5.110000,2.093577618e-03
5.120000,2.344261273e-03
5.130000,2.238836845e-03
5.140000,1.836124650e-03
5.150000,1.359288326e-03
5.160000,1.048554264e-03
5.170000,9.965805199e-04
5.180000,1.088882028e-03
5.190000,1.099146433e-03
5.200000,8.697940312e-04
5.210000,4.369222715e-04
5.220000,7.132734125e-07
5.230000,-2.304619894e-04
5.240000,-1.895153350e-04
5.250000,2.644616632e-05
5.260000,2.617449152e-04
5.270000,4.258905160e-04
5.280000,5.231861714e-04
5.290000,5.811767303e-04
5.300000,5.760059685e-04
5.310000,4.510764876e-04
5.320000,2.170674294e-04
5.330000,1.740680222e-05
5.340000,5.790287836e-05
5.350000,4.311740960e-04
5.360000,9.909737507e-04
5.370000,1.416711178e-03
5.380000,1.447114673e-03
5.390000,1.092694640e-03
5.400000,6.269913852e-04
5.410000,3.407652198e-04
5.420000,2.670117678e-04
5.430000,1.339209918e-04
5.440000,-3.881183520e-04
5.450000,-1.349529513e-03
5.460000,-2.400513907e-03
5.470000,-3.020051197e-03
5.480000,-2.923306112e-03
5.490000,-2.306104074e-03
5.500000,-1.711781425e-03
5.510000,-1.625045540e-03
5.520000,-2.125918999e-03
5.530000,-2.871637099e-03
5.540000,-3.383329504e-03
5.550000,-3.367742114e-03
5.560000,-2.818554283e-03
5.570000,-1.881550696e-03
5.580000,-6.875666010e-04
5.590000,6.576582292e-04
5.600000,1.956742974e-03
5.610000,2.885055038e-03
5.620000,3.175054297e-03
5.630000,2.899588903e-03
5.640000,2.555400969e-03
5.650000,2.767979478e-03
5.660000,3.785680864e-03
5.670000,5.187507702e-03
5.680000,6.117191938e-03
5.690000,5.921284602e-03
5.700000,4.682676115e-03
5.710000,3.178585726e-03
5.720000,2.263701943e-03
5.730000,2.185978554e-03
5.740000,2.425273740e-03
5.750000,2.205626713e-03
5.760000,1.240081827e-03
5.770000,4.736978063e-05
5.780000,-4.560110115e-04
5.790000,2.532539274e-04
5.800000,1.817812580e-03
5.810000,3.244541094e-03
5.820000,3.679942216e-03
5.830000,3.064491227e-03
5.840000,2.129185256e-03
5.850000,1.762929392e-03
5.860000,2.297757967e-03
5.870000,3.290868442e-03
5.880000,3.929236481e-03
5.890000,3.666287230e-03
5.900000,2.564141960e-03
5.910000,1.129940869e-03
5.920000,-1.252499076e-04
5.930000,-1.001967888e-03
5.940000,-1.597112589e-03
5.950000,-2.087886148e-03
5.960000,-2.590225310e-03
5.970000,-3.211878959e-03
5.980000,-4.157681751e-03
5.990000,-5.664504312e-03
6.000000,-7.736247124e-03
6.010000,-9.914309717e-03
6.020000,-1.136946678e-02
6.030000,-1.135606511e-02
6.040000,-9.737307977e-03
6.050000,-7.171492458e-03
6.060000,-4.763240609e-03
6.070000,-3.373471033e-03
6.080000,-3.050052680e-03
6.090000,-2.983590457e-03
6.100000,-2.043752614e-03
6.110000,4.476671435e-04
6.120000,4.223968112e-03
6.130000,8.203686174e-03
6.140000,1.117404850e-02
6.150000,1.257315950e-02
6.160000,1.281850238e-02
6.170000,1.291813866e-02
6.180000,1.362471413e-02
6.190000,1.478651828e-02
6.200000,1.546328717e-02
6.210000,1.478642105e-02
6.220000,1.287983924e-02
6.230000,1.100092050e-02
6.240000,1.063573546e-02
6.250000,1.218722759e-02
6.260000,1.436874692e-02
6.270000,1.496829530e-02
6.280000,1.253934653e-02
6.290000,7.695093864e-03
6.300000,2.856776067e-03
6.310000,5.196164836e-04
6.320000,1.383996727e-03
6.330000,3.900777135e-03
6.340000,5.620615967e-03
6.350000,5.176793949e-03
6.360000,3.174286218e-03
6.370000,1.258869792e-03
6.380000,3.205983467e-04
6.390000,-4.098352539e-04
6.400000,-2.472711507e-03
6.410000,-6.357989066e-03
6.420000,-1.060638813e-02
6.430000,-1.290151718e-02
6.440000,-1.228961624e-02
6.450000,-1.039521957e-02
6.460000,-1.022796136e-02
6.470000,-1.340131733e-02
6.480000,-1.827849622e-02
6.490000,-2.099755522e-02
6.500000,-1.880721717e-02
6.510000,-1.288575690e-02
6.520000,-7.978872280e-03
6.530000,-8.828989128e-03
6.540000,-1.623596069e-02
6.550000,-2.609876440e-02
6.560000,-3.236462456e-02
6.570000,-3.150823768e-02
6.580000,-2.488129380e-02
6.590000,-1.714600354e-02
6.600000,-1.235340959e-02
6.610000,-1.107676182e-02
6.620000,-1.080962270e-02
6.630000,-8.821041465e-03
6.640000,-4.627927715e-03
6.650000,4.939556802e-05
6.660000,3.396840084e-03
6.670000,5.321665975e-03
6.680000,7.160044659e-03
6.690000,9.785517391e-03
6.700000,1.231308494e-02
6.710000,1.292584927e-02
6.720000,1.102961776e-02
6.730000,8.384759452e-03
6.740000,7.756091483e-03
6.750000,1.015722557e-02
6.760000,1.340181716e-02
6.770000,1.365619284e-02
6.780000,8.854425617e-03
6.790000,8.900587710e-04
6.800000,-5.587395570e-03
6.810000,-6.889090466e-03
6.820000,-3.269752257e-03
6.830000,1.472062613e-03
6.840000,3.367697612e-03
6.850000,1.555029288e-03
6.860000,-1.400408845e-03
6.870000,-2.180889601e-03
6.880000,2.715492971e-04
6.890000,4.131391037e-03
6.900000,6.693589605e-03
6.910000,6.748692706e-03
6.920000,5.007370430e-03
6.930000,2.526856582e-03
6.940000,-7.742209674e-04
6.950000,-5.693645093e-03
6.960000,-1.193033412e-02
6.970000,-1.720579071e-02
6.980000,-1.884903746e-02
6.990000,-1.662027876e-02
7.000000,-1.374398597e-02
7.010000,-1.444873173e-02
7.020000,-1.980865025e-02
7.030000,-2.589741990e-02
7.040000,-2.662135796e-02
7.050000,-1.922513893e-02
7.060000,-7.477371638e-03
7.070000,8.562193238e-04
7.080000,5.225691457e-04
7.090000,-6.426392551e-03
7.100000,-1.211923088e-02
7.110000,-9.635995205e-03
7.120000,8.809121571e-04
7.130000,1.233269493e-02
7.140000,1.693973420e-02
7.150000,1.293843433e-02
7.160000,5.549349797e-03
7.170000,1.462049412e-03
7.180000,2.237539965e-03
7.190000,3.057904635e-03
7.200000,-1.928121747e-03
7.210000,-1.290840555e-02
7.220000,-2.311614941e-02
7.230000,-2.461060341e-02
7.240000,-1.586378761e-02
7.250000,-3.819419344e-03
7.260000,1.911839860e-03
7.270000,-2.412487410e-03
7.280000,-1.132032826e-02
7.290000,-1.515472879e-02
7.300000,-8.796212130e-03
7.310000,4.097918870e-03
7.320000,1.521305830e-02
7.330000,1.990719841e-02
7.340000,2.157002112e-02
7.350000,2.773194855e-02
7.360000,4.177651064e-02
7.370000,5.858382152e-02
7.380000,6.876899478e-02
7.390000,6.775356851e-02
7.400000,6.086041618e-02
7.410000,5.904596884e-02
7.420000,6.876457235e-02
7.430000,8.535673778e-02
7.440000,9.643447891e-02
7.450000,9.252109047e-02
7.460000,7.533426862e-02
7.470000,5.614376944e-02
7.480000,4.575946413e-02
7.490000,4.537730466e-02
7.500000,4.654650600e-02
7.510000,3.987114979e-02
7.520000,2.392909442e-02
7.530000,5.985254202e-03
7.540000,-5.779460267e-03
7.550000,-1.054861787e-02
7.560000,-1.534227938e-02
7.570000,-2.719508979e-02
7.580000,-4.484994989e-02
7.590000,-5.842871016e-02
7.600000,-5.789836467e-02
7.610000,-4.255584724e-02
7.620000,-2.247941594e-02
7.630000,-1.027453486e-02
7.640000,-1.055348370e-02
7.650000,-1.675529602e-02
7.660000,-1.801714341e-02
7.670000,-9.419458248e-03
7.680000,3.993423284e-03
7.690000,1.278934845e-02
7.700000,1.245992991e-02
7.710000,7.279090366e-03
7.720000,5.160816139e-03
7.730000,8.933713611e-03
7.740000,1.295654183e-02
7.750000,8.659491716e-03
7.760000,-6.331296142e-03
7.770000,-2.459405734e-02
7.780000,-3.481463534e-02
7.790000,-3.202817455e-02
7.800000,-2.265865970e-02
7.810000,-1.945024769e-02
7.820000,-3.068629805e-02
7.830000,-5.329859239e-02
7.840000,-7.576503888e-02
7.850000,-8.772580381e-02
7.860000,-8.748904946e-02
7.870000,-8.120524823e-02
7.880000,-7.557130585e-02
7.890000,-7.162024122e-02
7.900000,-6.528873058e-02
7.910000,-5.333101526e-02
7.920000,-3.796582215e-02
7.930000,-2.533206128e-02
7.940000,-1.936566589e-02
7.950000,-1.740796366e-02
7.960000,-1.211047925e-02
7.970000,2.084805762e-03
7.980000,2.411076172e-02
7.990000,4.759754647e-02
8.000000,6.675408484e-02
8.010000,8.087620179e-02
8.020000,9.328798112e-02
8.030000,1.063923644e-01
8.040000,1.183795237e-01
8.050000,1.250912001e-01
8.060000,1.248498948e-01
8.070000,1.207440295e-01
8.080000,1.174306331e-01
8.090000,1.154264463e-01
8.100000,1.090240870e-01
8.110000,9.086790078e-02
8.120000,5.959130974e-02
8.130000,2.328973204e-02
8.140000,-5.125740911e-03
8.150000,-1.728120834e-02
8.160000,-1.546899626e-02
8.170000,-1.031265720e-02
8.180000,-1.216116794e-02
8.190000,-2.368724502e-02
8.200000,-3.956041914e-02
8.210000,-5.239398992e-02
8.220000,-5.885729810e-02
8.230000,-6.067191124e-02
8.240000,-6.081367418e-02
8.250000,-5.977587942e-02
8.260000,-5.587105413e-02
8.270000,-4.867126524e-02
8.280000,-4.121658556e-02
8.290000,-3.816928849e-02
8.300000,-4.176600724e-02
8.310000,-5.002210659e-02
8.320000,-5.928989289e-02
8.330000,-6.846200163e-02
8.340000,-8.007015282e-02
8.350000,-9.668317416e-02
8.360000,-1.162761653e-01
8.370000,-1.319951161e-01
8.380000,-1.376275812e-01
8.390000,-1.338892748e-01
8.400000,-1.288486040e-01
8.410000,-1.309559569e-01
8.420000,-1.406283522e-01
8.430000,-1.486220962e-01
8.440000,-1.436361985e-01
8.450000,-1.228126490e-01
8.460000,-9.546043160e-02
8.470000,-7.604636468e-02
8.480000,-7.230346745e-02
8.490000,-7.904609723e-02
8.500000,-8.324043525e-02
8.510000,-7.555408812e-02
8.520000,-5.771276689e-02
8.530000,-3.918477858e-02
8.540000,-2.699200498e-02
8.550000,-1.890193696e-02
8.560000,-6.682161349e-03
8.570000,1.397741396e-02
8.580000,3.701563641e-02
8.590000,4.995263250e-02
8.600000,4.500794405e-02
8.610000,2.687384860e-02
8.620000,9.449933935e-03
8.630000,4.214745817e-03
8.640000,1.087422698e-02
8.650000,1.878658436e-02
8.660000,1.750249837e-02
8.670000,6.351116045e-03
8.680000,-5.705802340e-03
8.690000,-9.187591924e-03
8.700000,-2.936664929e-03
8.710000,5.809923596e-03
8.720000,9.573477015e-03
8.730000,8.207650918e-03
8.740000,7.900905513e-03
8.750000,1.267045305e-02
8.760000,1.753714608e-02
8.770000,1.139424675e-02
8.780000,-1.204946775e-02
8.790000,-4.556408035e-02
8.800000,-7.118365066e-02
8.810000,-7.341802019e-02
8.820000,-5.183083122e-02
8.830000,-2.184688914e-02
8.840000,-2.869177904e-03
8.850000,-3.943837869e-03
8.860000,-1.901702035e-02
8.870000,-3.476955166e-02
8.880000,-4.274720375e-02
8.890000,-4.453123209e-02
8.900000,-4.635338103e-02
8.910000,-5.000956476e-02
8.920000,-4.999387073e-02
8.930000,-3.982028354e-02
8.940000,-2.071503965e-02
8.950000,-3.065940309e-03
8.960000,1.921294307e-03
8.970000,-7.121738757e-03
8.980000,-1.922842652e-02
8.990000,-1.990281089e-02
9.000000,-3.635530542e-03
9.010000,2.122865765e-02
9.020000,3.975438411e-02
9.030000,4.330860652e-02
9.040000,3.671376199e-02
9.050000,3.375391190e-02
9.060000,4.555377179e-02
9.070000,7.217653014e-02
9.080000,1.041060937e-01
9.090000,1.310550798e-01
9.100000,1.495181073e-01
9.110000,1.628474990e-01
9.120000,1.753502985e-01
9.130000,1.871987325e-01
9.140000,1.950432086e-01
9.150000,1.967516782e-01
9.160000,1.945652925e-01
9.170000,1.931516345e-01
9.180000,1.948127874e-01
9.190000,1.972024399e-01
9.200000,1.961787064e-01
9.210000,1.908989885e-01
9.220000,1.857294645e-01
9.230000,1.865655429e-01
9.240000,1.947199247e-01
9.250000,2.041790811e-01
9.260000,2.051698706e-01
9.270000,1.912968072e-01
9.280000,1.643189812e-01
9.290000,1.327701667e-01
9.300000,1.058606182e-01
9.310000,8.757445094e-02
9.320000,7.489064145e-02
9.330000,6.030738961e-02
9.340000,3.615050443e-02
9.350000,-1.659219433e-03
9.360000,-5.121484468e-02
9.370000,-1.041129661e-01
9.380000,-1.480600151e-01
9.390000,-1.731517945e-01
9.400000,-1.791909321e-01
9.410000,-1.784118356e-01
9.420000,-1.893099621e-01
9.430000,-2.236334292e-01
9.440000,-2.753794665e-01
9.450000,-3.213275319e-01
9.460000,-3.349285280e-01
9.470000,-3.045001853e-01
9.480000,-2.419783301e-01
9.490000,-1.750040428e-01
9.500000,-1.281851237e-01
9.510000,-1.079595363e-01
9.520000,-1.021131024e-01
9.530000,-9.260263011e-02
9.540000,-6.980205668e-02
9.550000,-3.670755546e-02
9.560000,-1.983786700e-03
9.570000,2.915737189e-02
9.580000,5.691544386e-02
9.590000,8.137691616e-02
9.600000,9.773639035e-02
9.610000,9.948523537e-02
9.620000,8.724998955e-02
9.630000,7.312815236e-02
9.640000,7.326781902e-02
9.650000,9.326892295e-02
9.660000,1.201047088e-01
9.670000,1.304409127e-01
9.680000,1.104566401e-01
9.690000,7.004402415e-02
9.700000,3.713436166e-02
9.710000,3.488704773e-02
9.720000,6.079833490e-02
9.730000,8.691522963e-02
9.740000,8.273453012e-02
9.750000,4.199173981e-02
9.760000,-1.004252021e-02
9.770000,-3.595251928e-02
9.780000,-1.636856933e-02
9.790000,3.438297410e-02
9.800000,7.990956649e-02
9.810000,9.003745833e-02
9.820000,6.168200060e-02
9.830000,1.612077762e-02
9.840000,-2.213834863e-02
9.850000,-4.444081319e-02
9.860000,-5.872262392e-02
9.870000,-7.422577601e-02
9.880000,-8.757169011e-02
9.890000,-8.509100641e-02
9.900000,-5.924299486e-02
9.910000,-2.202537020e-02
9.920000,-8.304333126e-05
9.930000,-1.345297062e-02
9.940000,-5.637193052e-02
9.950000,-9.847760587e-02
9.960000,-1.074892289e-01
9.970000,-7.536416084e-02
9.980000,-2.606816428e-02
9.990000,1.999773249e-03
10.000000,-1.493872555e-02
10.010000,-6.846447172e-02
10.020000,-1.250049546e-01
10.030000,-1.509066518e-01
10.040000,-1.358093298e-01
10.050000,-9.775733921e-02
10.060000,-6.863044388e-02
10.070000,-7.256960391e-02
10.080000,-1.127934333e-01
10.090000,-1.734893121e-01
10.100000,-2.319175062e-01
10.110000,-2.705563777e-01
10.120000,-2.822949945e-01
10.130000,-2.685085452e-01
10.140000,-2.342428104e-01
10.150000,-1.846324839e-01
10.160000,-1.240821914e-01
10.170000,-5.732199030e-02
10.180000,9.637855593e-03
10.190000,7.037715821e-02
10.200000,1.210578173e-01
10.210000,1.636763331e-01
10.220000,2.062385768e-01
10.230000,2.576770039e-01
10.240000,3.195374783e-01
10.250000,3.808090502e-01
10.260000,4.220344631e-01
10.270000,4.282213540e-01
10.280000,4.015212341e-01
10.290000,3.621826092e-01
10.300000,3.341353653e-01
10.310000,3.248289524e-01
10.320000,3.162649897e-01
10.330000,2.773252497e-01
10.340000,1.900449947e-01
10.350000,6.868255016e-02
10.360000,-4.633261829e-02
10.370000,-1.175397898e-01
10.380000,-1.398300273e-01
10.390000,-1.444447206e-01
10.400000,-1.719557483e-01
10.410000,-2.356935863e-01
10.420000,-3.073526723e-01
10.430000,-3.391382985e-01
10.440000,-3.053848690e-01
10.450000,-2.282883166e-01
10.460000,-1.642005300e-01
10.470000,-1.598689030e-01
10.480000,-2.141889213e-01
10.490000,-2.775656356e-01
10.500000,-2.901081935e-01
10.510000,-2.276462669e-01
10.520000,-1.184371050e-01
10.530000,-1.845183306e-02
10.540000,3.244537385e-02
10.550000,3.673539064e-02
10.560000,2.845339888e-02
10.570000,3.865448311e-02
10.580000,6.944423223e-02
10.590000,9.820392530e-02
10.600000,1.045211046e-01
10.610000,9.212790596e-02
10.620000,8.470629627e-02
10.630000,1.003372308e-01
10.640000,1.299521458e-01
10.650000,1.414847877e-01
10.660000,1.072640371e-01
10.670000,3.002104674e-02
10.680000,-5.670528285e-02
10.690000,-1.151043324e-01
10.700000,-1.333612231e-01
10.710000,-1.327285685e-01
10.720000,-1.451767322e-01
10.730000,-1.818399157e-01
10.740000,-2.207599568e-01
10.750000,-2.251516673e-01
10.760000,-1.761684762e-01
10.770000,-9.119223159e-02
10.780000,-1.124762045e-02
10.790000,3.203239713e-02
10.800000,4.179284843e-02
10.810000,5.214697720e-02
10.820000,9.842272390e-02
10.830000,1.863830915e-01
10.840000,2.857227295e-01
10.850000,3.526257010e-01
10.860000,3.625335321e-01
10.870000,3.269679399e-01
10.880000,2.822554972e-01
10.890000,2.607189275e-01
10.900000,2.676553093e-01
10.910000,2.809874241e-01
10.920000,2.716109443e-01
10.930000,2.269673508e-01
10.940000,1.597709402e-01
10.950000,9.698528260e-02
10.960000,5.959999327e-02
10.970000,4.948008887e-02
10.980000,5.221655301e-02
10.990000,5.155879212e-02
11.000000,4.256022355e-02
11.010000,3.300613222e-02
11.020000,3.319840429e-02
11.030000,4.402353633e-02
11.040000,5.447963125e-02
11.050000,5.135320126e-02
11.060000,3.252221929e-02
11.070000,1.122161111e-02
11.080000,5.726460013e-03
11.090000,2.184253931e-02
11.100000,4.346113269e-02
11.110000,4.167064008e-02
11.120000,-2.156523121e-03
11.130000,-7.753572257e-02
11.140000,-1.480915196e-01
11.150000,-1.778589848e-01
11.160000,-1.611092847e-01
11.170000,-1.299177238e-01
11.180000,-1.296739515e-01
11.190000,-1.797670121e-01
11.200000,-2.521459288e-01
11.210000,-2.890263492e-01
11.220000,-2.493162010e-01
11.230000,-1.469047883e-01
11.240000,-4.669172975e-02
11.250000,-1.687105509e-02
11.260000,-7.320487169e-02
11.270000,-1.612438763e-01
11.280000,-1.945992999e-01
11.290000,-1.220352981e-01
11.300000,2.948852641e-02
11.310000,1.716394846e-01
11.320000,2.196635886e-01
11.330000,1.545762634e-01
11.340000,3.387358754e-02
11.350000,-5.603973890e-02
11.360000,-6.585573263e-02
11.370000,-1.513125543e-02
11.380000,3.229575997e-02
11.390000,2.443824873e-02
11.400000,-3.939619745e-02
11.410000,-1.157463479e-01
11.420000,-1.587979559e-01
11.430000,-1.570838706e-01
11.440000,-1.344632758e-01
11.450000,-1.199153423e-01
11.460000,-1.184510978e-01
11.470000,-1.110542060e-01
11.480000,-8.105252959e-02
11.490000,-3.791251281e-02
11.500000,-1.249712859e-02
11.510000,-2.683299993e-02
11.520000,-6.784115742e-02
11.530000,-9.241466389e-02
11.540000,-6.221828650e-02
11.550000,2.205079718e-02
11.560000,1.183072637e-01
11.570000,1.760228478e-01
11.580000,1.763162410e-01
11.590000,1.447571037e-01
11.600000,1.269857112e-01
11.610000,1.498747788e-01
11.620000,2.020791723e-01
11.630000,2.483665500e-01
11.640000,2.613035500e-01
11.650000,2.404036073e-01
11.660000,2.038821721e-01
11.670000,1.655536944e-01
11.680000,1.221055843e-01
11.690000,6.259659856e-02
11.700000,-1.252661719e-02
11.710000,-8.567969361e-02
11.720000,-1.377976808e-01
11.730000,-1.695419579e-01
11.740000,-2.040822481e-01
11.750000,-2.647234666e-01
11.760000,-3.469958445e-01
11.770000,-4.136973074e-01
11.780000,-4.219981377e-01
11.790000,-3.608884710e-01
11.800000,-2.645653546e-01
11.810000,-1.868623187e-01
11.820000,-1.571519739e-01
11.830000,-1.565696449e-01
11.840000,-1.365610163e-01
11.850000,-6.393916399e-02
11.860000,4.761226068e-02
11.870000,1.476648917e-01
11.880000,1.914004891e-01
11.890000,1.761840696e-01
11.900000,1.405240211e-01
11.910000,1.281789862e-01
11.920000,1.509860157e-01
11.930000,1.831936336e-01
11.940000,1.896777278e-01
11.950000,1.595831079e-01
11.960000,1.141802744e-01
11.970000,8.416171427e-02
11.980000,8.072498648e-02
11.990000,8.872580776e-02
12.000000,8.652010818e-02
12.010000,7.030032323e-02
12.020000,5.739383885e-02
12.030000,6.576794199e-02
12.040000,9.229729609e-02
12.050000,1.140704841e-01
12.060000,1.128535641e-01
12.070000,9.723044841e-02
12.080000,9.691471096e-02
12.090000,1.311737289e-01
12.100000,1.816990062e-01
12.110000,2.000689867e-01
12.120000,1.485109224e-01
12.130000,3.873410604e-02
12.140000,-6.923111509e-02
12.150000,-1.124666958e-01
12.160000,-7.824848550e-02
12.170000,-1.807255603e-02
12.180000,-7.689638130e-03
12.190000,-8.493808581e-02
12.200000,-2.175389881e-01
12.210000,-3.282409994e-01
12.220000,-3.559540337e-01
12.230000,-3.015734676e-01
12.240000,-2.219631050e-01
12.250000,-1.807468737e-01
12.260000,-1.995731363e-01
12.270000,-2.489440243e-01
12.280000,-2.806954113e-01
12.290000,-2.694859128e-01
12.300000,-2.277445802e-01
12.310000,-1.863005020e-01
12.320000,-1.634408545e-01
12.330000,-1.512657296e-01
12.340000,-1.279204928e-01
12.350000,-7.970292082e-02
12.360000,-1.124388523e-02
12.370000,6.257292847e-02
12.380000,1.306054419e-01
12.390000,1.899951929e-01
12.400000,2.394200846e-01
12.410000,2.728537770e-01
12.420000,2.840941945e-01
12.430000,2.779323163e-01
12.440000,2.734654145e-01
12.450000,2.914190158e-01
12.460000,3.347342841e-01
12.470000,3.815265149e-01
12.480000,3.999639148e-01
12.490000,3.736978805e-01
12.500000,3.148857411e-01
12.510000,2.521836250e-01
12.520000,2.045199536e-01
12.530000,1.654564001e-01
12.540000,1.131293520e-01
12.550000,3.583777340e-02
12.560000,-5.238781381e-02
12.570000,-1.223233312e-01
12.580000,-1.562265448e-01
12.590000,-1.638981254e-01
12.600000,-1.711156235e-01
12.610000,-1.909441451e-01
12.620000,-2.068677027e-01
12.630000,-1.869195303e-01
12.640000,-1.178932743e-01
12.650000,-2.695324928e-02
12.660000,3.314116936e-02
12.670000,2.591756137e-02
12.680000,-3.586786541e-02
12.690000,-9.686745259e-02
12.700000,-1.020235217e-01
12.710000,-4.018820836e-02
12.720000,4.813071000e-02
12.730000,1.044173427e-01
12.740000,9.748085180e-02
12.750000,4.270301016e-02
12.760000,-1.759822199e-02
12.770000,-5.147389079e-02
12.780000,-5.868553272e-02
12.790000,-6.075712877e-02
12.800000,-7.417221515e-02
12.810000,-9.422067242e-02
12.820000,-1.029712585e-01
12.830000,-8.965666649e-02
12.840000,-6.081232371e-02
12.850000,-3.044497913e-02
12.860000,-2.566153815e-03
12.870000,3.361783959e-02
12.880000,8.963865912e-02
12.890000,1.596712062e-01
12.900000,2.190406524e-01
12.910000,2.437665343e-01
12.920000,2.333428440e-01
12.930000,2.134234315e-01
12.940000,2.130405779e-01
12.950000,2.359800110e-01
12.960000,2.536773555e-01
12.970000,2.287545611e-01
12.980000,1.499999114e-01
12.990000,4.749894758e-02
13.000000,-2.725356684e-02
13.010000,-4.099631725e-02
13.020000,-5.230984682e-03
13.030000,3.248637687e-02
13.040000,2.528464556e-02
13.050000,-3.789441849e-02
13.060000,-1.256455521e-01
13.070000,-1.888484626e-01
13.080000,-1.957606590e-01
13.090000,-1.512512965e-01
13.100000,-8.900349933e-02
13.110000,-4.610184634e-02
13.120000,-3.947776378e-02
13.130000,-5.852838910e-02
13.140000,-7.532407303e-02
13.150000,-6.363236973e-02
13.160000,-1.530627751e-02
13.170000,5.431592486e-02
13.180000,1.148136234e-01
13.190000,1.391853766e-01
13.200000,1.223702411e-01
13.210000,8.718556706e-02
13.220000,7.096721137e-02
13.230000,9.962277907e-02
13.240000,1.673751150e-01
13.250000,2.388873876e-01
13.260000,2.741263994e-01
13.270000,2.574484840e-01
13.280000,2.075522541e-01
13.290000,1.599362475e-01
13.300000,1.366907204e-01
13.310000,1.296344106e-01
13.320000,1.111116751e-01
13.330000,6.184814387e-02
13.340000,-1.013719345e-02
13.350000,-7.673089847e-02
13.360000,-1.152496022e-01
13.370000,-1.272906547e-01
13.380000,-1.330523744e-01
13.390000,-1.477844553e-01
13.400000,-1.648686366e-01
13.410000,-1.633924149e-01
13.420000,-1.330614964e-01
13.430000,-9.053947614e-02
13.440000,-6.819173837e-02
13.450000,-8.333807685e-02
13.460000,-1.174034474e-01
13.470000,-1.278092608e-01
13.480000,-8.525856594e-02
13.490000,-3.220141710e-03
13.500000,6.928348652e-02
13.510000,8.794694769e-02
13.520000,5.163004993e-02
13.530000,3.983204628e-03
13.540000,-4.411642624e-03
13.550000,3.953908219e-02
13.560000,9.962123545e-02
13.570000,1.214069245e-01
13.580000,7.876729346e-02
13.590000,-4.558337603e-03
13.600000,-7.566282878e-02
13.610000,-9.539366562e-02
13.620000,-6.570491763e-02
13.630000,-2.043748045e-02
13.640000,7.550059018e-03
13.650000,1.108008156e-02
13.660000,5.431368310e-03
13.670000,6.139024433e-03
13.680000,1.320755468e-02
13.690000,1.664414644e-02
13.700000,1.372709362e-02
13.710000,1.605271189e-02
13.720000,3.663633937e-02
13.730000,7.068954403e-02
13.740000,9.295442051e-02
13.750000,7.882828253e-02
13.760000,3.101100514e-02
13.770000,-1.571934908e-02
13.780000,-2.070026257e-02
13.790000,2.600612604e-02
13.800000,8.963009557e-02
13.810000,1.143159666e-01
13.820000,6.619662883e-02
13.830000,-4.005799023e-02
13.840000,-1.531100008e-01
13.850000,-2.239999128e-01
13.860000,-2.390511112e-01
13.870000,-2.213654900e-01
13.880000,-2.046877509e-01
13.890000,-2.058790439e-01
13.900000,-2.187398029e-01
13.910000,-2.287637409e-01
13.920000,-2.296094941e-01
13.930000,-2.249116148e-01
13.940000,-2.178063011e-01
13.950000,-2.040479655e-01
13.960000,-1.787898447e-01
13.970000,-1.492987658e-01
13.980000,-1.363916606e-01
13.990000,-1.577579533e-01
14.000000,-2.067317825e-01
14.010000,-2.488683457e-01
14.020000,-2.446429235e-01
14.030000,-1.815146096e-01
14.040000,-8.697155926e-02
14.050000,-9.080774642e-03
14.060000,2.002163602e-02
14.070000,6.452767891e-03
14.080000,-1.582953093e-02
14.090000,-1.713366643e-02
14.100000,4.058789854e-03
14.110000,2.612639273e-02
14.120000,3.105732729e-02
14.130000,2.557190620e-02
14.140000,3.578695224e-02
14.150000,8.091644171e-02
14.160000,1.519715850e-01
14.170000,2.164130623e-01
14.180000,2.445271298e-01
14.190000,2.326409929e-01
14.200000,2.019770253e-01
14.210000,1.758350891e-01
14.220000,1.582868024e-01
14.230000,1.348726742e-01
14.240000,9.315293890e-02
14.250000,4.110425487e-02
14.260000,3.817302990e-03
14.270000,8.752991300e-04
14.280000,2.623444954e-02
14.290000,5.040712740e-02
14.300000,4.363774590e-02
14.310000,-8.140776709e-04
14.320000,-6.374762751e-02
14.330000,-1.185780465e-01
14.340000,-1.530701758e-01
14.350000,-1.745844141e-01
14.360000,-1.961960502e-01
14.370000,-2.192618349e-01
14.380000,-2.299493152e-01
14.390000,-2.121813872e-01
14.400000,-1.632585536e-01
14.410000,-9.699593262e-02
14.420000,-3.267573712e-02
14.430000,1.817831494e-02
14.440000,5.482428255e-02
14.450000,7.968200587e-02
14.460000,9.063007943e-02
14.470000,8.268831078e-02
14.480000,5.724148138e-02
14.490000,2.769287505e-02
14.500000,1.323056991e-02
14.510000,2.471461807e-02
14.520000,5.569797165e-02
14.530000,8.740511891e-02
14.540000,1.031012811e-01
14.550000,9.862640207e-02
14.560000,8.075116180e-02
14.570000,5.769837326e-02
14.580000,3.299437777e-02
14.590000,8.044453340e-03
14.600000,-1.241377680e-02
14.610000,-2.152255526e-02
14.620000,-1.920811717e-02
14.630000,-1.836049984e-02
14.640000,-3.736351846e-02
14.650000,-8.152694972e-02
14.660000,-1.306119801e-01
14.670000,-1.486938859e-01
14.680000,-1.133769573e-01
14.690000,-4.055551093e-02
14.700000,2.005009403e-02
14.710000,1.997992634e-02
14.720000,-4.912066881e-02
14.730000,-1.462488025e-01
14.740000,-2.111977149e-01
14.750000,-2.099868154e-01
14.760000,-1.576263513e-01
14.770000,-9.988193619e-02
14.780000,-7.166859596e-02
14.790000,-6.949993587e-02
14.800000,-6.110041386e-02
14.810000,-2.061263011e-02
14.820000,4.469020173e-02
14.830000,1.003636931e-01
14.840000,1.159553459e-01
14.850000,9.097519883e-02
14.860000,5.202265753e-02
14.870000,2.611674254e-02
14.880000,1.766630259e-02
14.890000,1.115022548e-02
14.900000,-5.419509378e-03
14.910000,-2.233098656e-02
14.920000,-1.545288013e-02
14.930000,2.759189238e-02
14.940000,8.918405988e-02
14.950000,1.314317271e-01
14.960000,1.265490461e-01
14.970000,7.978480350e-02
14.980000,2.336679599e-02
14.990000,-1.237551593e-02
15.000000,-2.298533784e-02
15.010000,-2.698190970e-02
15.020000,-4.120245687e-02
15.030000,-6.078894711e-02
15.040000,-6.460713241e-02
15.050000,-4.020633050e-02
15.060000,-1.728708227e-03
15.070000,1.929385465e-02
15.080000,2.672524865e-03
15.090000,-4.064144701e-02
15.100000,-7.850602154e-02
15.110000,-8.864846064e-02
15.120000,-8.019934705e-02
15.130000,-8.324018174e-02
15.140000,-1.153449595e-01
15.150000,-1.581754825e-01
15.160000,-1.692876610e-01
15.170000,-1.206167349e-01
15.180000,-2.785962516e-02
15.190000,5.848733657e-02
15.200000,9.425005494e-02
15.210000,7.783094596e-02
15.220000,4.828519112e-02
15.230000,4.734505446e-02
15.240000,8.123325864e-02
15.250000,1.178857118e-01
15.260000,1.211025718e-01
15.270000,8.780697265e-02
15.280000,5.200801592e-02
15.290000,5.167120102e-02
15.300000,9.090314718e-02
15.310000,1.346039837e-01
15.320000,1.413872611e-01
15.330000,1.033807076e-01
15.340000,5.455272337e-02
15.350000,3.941225931e-02
15.360000,7.216970268e-02
15.370000,1.256035825e-01
15.380000,1.599672682e-01
15.390000,1.632610511e-01
15.400000,1.629559086e-01
15.410000,1.969698264e-01
15.420000,2.718869155e-01
15.430000,3.500622335e-01
15.440000,3.803881470e-01
15.450000,3.452227270e-01
15.460000,2.789190129e-01
15.470000,2.386514828e-01
15.480000,2.526615438e-01
15.490000,2.929932140e-01
15.500000,2.984039953e-01
15.510000,2.278693347e-01
15.520000,9.748134697e-02
15.530000,-3.141322860e-02
15.540000,-1.016031885e-01
15.550000,-1.036267305e-01
15.560000,-7.755221472e-02
15.570000,-7.489893948e-02
15.580000,-1.160913702e-01
15.590000,-1.788496357e-01
15.600000,-2.225791821e-01
15.610000,-2.228271376e-01
15.620000,-1.855921901e-01
15.630000,-1.340966919e-01
15.640000,-8.619629072e-02
15.650000,-4.503501689e-02
15.660000,-7.927492458e-03
15.670000,2.089189735e-02
15.680000,2.957939090e-02
15.690000,1.033664869e-02
15.700000,-3.090623349e-02
15.710000,-7.883310877e-02
15.720000,-1.231138904e-01
15.730000,-1.669634448e-01
15.740000,-2.197082434e-01
15.750000,-2.807546832e-01
15.760000,-3.331122555e-01
15.770000,-3.562016537e-01
15.780000,-3.473800079e-01
15.790000,-3.300393356e-01
15.800000,-3.366384967e-01
15.810000,-3.791456419e-01
15.820000,-4.337723535e-01
15.830000,-4.562369654e-01
15.840000,-4.166732770e-01
15.850000,-3.246876769e-01
15.860000,-2.226610117e-01
15.870000,-1.527647547e-01
15.880000,-1.256715076e-01
15.890000,-1.165480099e-01
15.900000,-8.948831787e-02
15.910000,-2.763762439e-02
15.920000,5.616797193e-02
15.930000,1.339612897e-01
15.940000,1.860008641e-01
15.950000,2.117019009e-01
15.960000,2.217262549e-01
15.970000,2.231881462e-01
15.980000,2.140844552e-01
15.990000,1.907548353e-01
16.000000,1.576223271e-01
16.010000,1.268093168e-01
16.020000,1.072364563e-01
16.030000,9.507225121e-02
16.040000,7.671971932e-02
16.050000,4.247601635e-02
16.060000,-2.777238907e-03
16.070000,-4.332854613e-02
16.080000,-6.781333155e-02
16.090000,-8.062356346e-02
16.100000,-9.727669821e-02
16.110000,-1.270979553e-01
16.120000,-1.596769113e-01
16.130000,-1.691298048e-01
16.140000,-1.340575476e-01
16.150000,-5.620883701e-02
16.160000,3.868533488e-02
16.170000,1.188184966e-01
16.180000,1.675663640e-01
16.190000,1.907365454e-01
16.200000,2.059496532e-01
16.210000,2.258450676e-01
16.220000,2.500480576e-01
16.230000,2.702338612e-01
16.240000,2.798747619e-01
16.250000,2.778350440e-01
16.260000,2.639138295e-01
16.270000,2.342178794e-01
16.280000,1.842151193e-01
16.290000,1.176637970e-01
16.300000,5.100516137e-02
16.310000,5.256028815e-03
16.320000,-1.036669716e-02
16.330000,-8.842315729e-03
16.340000,-1.851736109e-02
16.350000,-6.232797137e-02
16.360000,-1.392838690e-01
16.370000,-2.234623164e-01
16.380000,-2.813737385e-01
16.390000,-2.936378139e-01
16.400000,-2.645139239e-01
16.410000,-2.141969516e-01
16.420000,-1.629165335e-01
16.430000,-1.203859344e-01
16.440000,-8.655543416e-02
16.450000,-5.860284742e-02
16.460000,-3.525055788e-02
16.470000,-1.514750773e-02
16.480000,6.115717421e-03
16.490000,3.442404868e-02
16.500000,7.114602250e-02
16.510000,1.092292742e-01
16.520000,1.369890821e-01
16.530000,1.474267377e-01
16.540000,1.443697115e-01
16.550000,1.388817289e-01
16.560000,1.388357260e-01
16.570000,1.417871553e-01
16.580000,1.384677945e-01
16.590000,1.236476153e-01
16.600000,1.033142712e-01
16.610000,9.022607984e-02
16.620000,9.129725934e-02
16.630000,9.898216162e-02
16.640000,9.607014700e-02
16.650000,7.109032645e-02
16.660000,3.101969485e-02
16.670000,-7.851154960e-04
16.680000,-1.107551758e-03
16.690000,3.516523174e-02
16.700000,9.022732370e-02
16.710000,1.353554762e-01
16.720000,1.497396219e-01
16.730000,1.316020876e-01
16.740000,9.475587905e-02
16.750000,5.592579841e-02
16.760000,2.405743779e-02
16.770000,-1.408336221e-03
16.780000,-2.521610462e-02
16.790000,-5.083765440e-02
16.800000,-7.938781215e-02
16.810000,-1.115783261e-01
16.820000,-1.484955554e-01
16.830000,-1.894434805e-01
16.840000,-2.293947128e-01
16.850000,-2.596881198e-01
16.860000,-2.723768135e-01
16.870000,-2.647430551e-01
16.880000,-2.401649098e-01
16.890000,-2.049910111e-01
16.900000,-1.646270650e-01
16.910000,-1.220706097e-01
16.920000,-7.896732934e-02
16.930000,-3.664250521e-02
16.940000,4.591359738e-03
16.950000,4.648772238e-02
16.960000,9.162877272e-02
16.970000,1.397075850e-01
16.980000,1.847641399e-01
16.990000,2.171740383e-01
17.000000,2.300642764e-01
17.010000,2.249871012e-01
17.020000,2.113227620e-01
17.030000,1.991403285e-01
17.040000,1.914553428e-01
17.050000,1.827967097e-01
17.060000,1.653507038e-01
17.070000,1.368850620e-01
17.080000,1.030054731e-01
17.090000,7.176458032e-02
17.100000,4.604369602e-02
17.110000,2.132985980e-02
17.120000,-8.721120426e-03
17.130000,-4.428172341e-02
17.140000,-7.694380971e-02
17.150000,-9.572928155e-02
17.160000,-9.616142688e-02
17.170000,-8.392695372e-02
17.180000,-6.975372555e-02
17.190000,-6.041443092e-02
17.200000,-5.412478528e-02
17.210000,-4.396660147e-02
17.220000,-2.521179392e-02
17.230000,7.517494175e-04
17.240000,2.901689501e-02
17.250000,5.652454212e-02
17.260000,8.395090773e-02
17.270000,1.120956724e-01
17.280000,1.371193150e-01
17.290000,1.506656452e-01
17.300000,1.458772353e-01
17.310000,1.236571058e-01
17.320000,9.244136028e-02
17.330000,6.088668778e-02
17.340000,3.023525746e-02
17.350000,-5.964282920e-03
17.360000,-5.397026061e-02
17.370000,-1.110978440e-01
17.380000,-1.647192838e-01
17.390000,-2.005464636e-01
17.400000,-2.128854192e-01
17.410000,-2.075560814e-01
17.420000,-1.951190853e-01
17.430000,-1.812272102e-01
17.440000,-1.633115760e-01
17.450000,-1.361359873e-01
17.460000,-9.978558012e-02
17.470000,-6.143681061e-02
17.480000,-2.896411218e-02
17.490000,-3.167397882e-03
17.500000,2.285794855e-02
17.510000,5.587319988e-02
17.520000,9.375471175e-02
17.530000,1.249870802e-01
17.540000,1.378131337e-01
17.550000,1.308488745e-01
17.560000,1.149587820e-01
17.570000,1.041498693e-01
17.580000,1.037604702e-01
17.590000,1.069724761e-01
17.600000,1.027063367e-01
17.610000,8.701426016e-02
17.620000,6.701098765e-02
17.630000,5.407460324e-02
17.640000,5.361778854e-02
17.650000,6.165757508e-02
17.660000,7.104941796e-02
17.670000,8.020033709e-02
17.680000,9.456375025e-02
17.690000,1.189270201e-01
17.700000,1.486454430e-01
17.710000,1.699122607e-01
17.720000,1.703688271e-01
17.730000,1.504638698e-01
17.740000,1.241864727e-01
17.750000,1.074988609e-01
17.760000,1.047943664e-01
17.770000,1.060787061e-01
17.780000,9.751066014e-02
17.790000,7.499464395e-02
17.800000,4.753127650e-02
17.810000,2.723732882e-02
17.820000,1.635435982e-02
17.830000,4.743716106e-03
17.840000,-1.909170579e-02
17.850000,-5.431496201e-02
17.860000,-8.567423278e-02
17.870000,-9.637244706e-02
17.880000,-8.424360865e-02
17.890000,-6.540419613e-02
17.900000,-6.085182340e-02
17.910000,-7.775722069e-02
17.920000,-1.026958345e-01
17.930000,-1.132408405e-01
17.940000,-9.736114638e-02
17.950000,-6.305497116e-02
17.960000,-3.016741930e-02
17.970000,-1.310127894e-02
17.980000,-1.098410170e-02
17.990000,-1.351021795e-02
18.000000,-1.479480628e-02
18.010000,-2.008524373e-02
18.020000,-3.837709311e-02
18.030000,-6.931935867e-02
18.040000,-9.942438409e-02
18.050000,-1.133427846e-01
18.060000,-1.098642525e-01
18.070000,-1.059384355e-01
18.080000,-1.227145653e-01
18.090000,-1.654752506e-01
18.100000,-2.166200374e-01
18.110000,-2.495584915e-01
18.120000,-2.516252707e-01
18.130000,-2.348214186e-01
18.140000,-2.238597844e-01
18.150000,-2.322063730e-01
18.160000,-2.485228755e-01
18.170000,-2.465487992e-01
18.180000,-2.094683067e-01
18.190000,-1.460179357e-01
18.200000,-8.325735496e-02
18.210000,-4.284844577e-02
18.220000,-2.305923155e-02
18.230000,-3.012313065e-03
18.240000,3.549107008e-02
18.250000,8.967401924e-02
18.260000,1.382540093e-01
18.270000,1.617351391e-01
18.280000,1.606195290e-01
18.290000,1.541102524e-01
18.300000,1.610698341e-01
18.310000,1.821099910e-01
18.320000,2.002017726e-01
18.330000,1.988051553e-01
18.340000,1.793100165e-01
18.350000,1.603693538e-01
18.360000,1.596408730e-01
18.370000,1.758724125e-01
18.380000,1.890646649e-01
18.390000,1.788659061e-01
18.400000,1.436067248e-01
18.410000,1.016944161e-01
18.420000,7.405078441e-02
18.430000,6.448266458e-02
18.440000,5.678999565e-02
18.450000,3.124345018e-02
18.460000,-1.553044399e-02
18.470000,-6.628639464e-02
18.480000,-9.831088724e-02
18.490000,-1.031954704e-01
18.500000,-9.245860610e-02
18.510000,-8.436887584e-02
18.520000,-8.553730559e-02
18.530000,-8.545141333e-02
18.540000,-6.890926002e-02
18.550000,-3.346644536e-02
18.560000,5.903858338e-03
18.570000,2.998338068e-02
18.580000,3.357113662e-02
18.590000,3.076940305e-02
18.600000,4.159538422e-02
18.610000,7.226307285e-02
18.620000,1.077519204e-01
18.630000,1.237963599e-01
18.640000,1.072747223e-01
18.650000,6.643635661e-02
18.660000,2.234644482e-02
18.670000,-9.536867163e-03
18.680000,-3.036140739e-02
18.690000,-5.235802765e-02
18.700000,-8.381629775e-02
18.710000,-1.198649062e-01
18.720000,-1.473822735e-01
18.730000,-1.578192709e-01
18.740000,-1.543247314e-01
18.750000,-1.463217933e-01
18.760000,-1.381597650e-01
18.770000,-1.246332768e-01
18.780000,-9.868980430e-02
18.790000,-6.326441391e-02
18.800000,-3.382367106e-02
18.810000,-2.690571249e-02
18.820000,-4.448556101e-02
18.830000,-6.970305594e-02
18.840000,-7.982710930e-02
18.850000,-6.588853952e-02
18.860000,-4.104034731e-02
18.870000,-2.911563781e-02
18.880000,-4.283636465e-02
18.890000,-7.105337196e-02
18.900000,-8.683718513e-02
18.910000,-6.981623189e-02
18.920000,-2.349114856e-02
18.930000,2.728671358e-02
18.940000,5.609525255e-02
18.950000,5.481904215e-02
18.960000,3.741040849e-02
18.970000,2.609289558e-02
18.980000,3.327404579e-02
18.990000,5.429244454e-02
19.000000,7.486575845e-02
19.010000,8.412767062e-02
19.020000,8.110867254e-02
19.030000,7.076458745e-02
19.040000,5.606139520e-02
19.050000,3.516399266e-02
19.060000,6.036687200e-03
19.070000,-2.757321370e-02
19.080000,-5.618434261e-02
19.090000,-7.150162698e-02
19.100000,-7.354351050e-02
19.110000,-7.061676624e-02
19.120000,-7.161047922e-02
19.130000,-7.760356687e-02
19.140000,-8.056995286e-02
19.150000,-7.034305843e-02
19.160000,-4.347210733e-02
19.170000,-6.262702969e-03
19.180000,2.999885526e-02
19.190000,5.669437493e-02
19.200000,7.175603574e-02
19.210000,7.763828871e-02
19.220000,7.694495400e-02
19.230000,7.065358846e-02
19.240000,6.017852761e-02
19.250000,4.999229877e-02
19.260000,4.684159361e-02
19.270000,5.527065616e-02
19.280000,7.334623110e-02
19.290000,9.289008953e-02
19.300000,1.046684847e-01
19.310000,1.045381502e-01
19.320000,9.568202303e-02
19.330000,8.544471177e-02
19.340000,7.963764650e-02
19.350000,7.871931066e-02
19.360000,7.814677371e-02
19.370000,7.186067735e-02
19.380000,5.616317029e-02
19.390000,3.185501737e-02
19.400000,4.002801493e-03
19.410000,-2.031025405e-02
19.420000,-3.545318511e-02
19.430000,-4.053792882e-02
19.440000,-4.051316878e-02
19.450000,-4.358246442e-02
19.460000,-5.578682442e-02
19.470000,-7.628140511e-02
19.480000,-9.722797988e-02
19.490000,-1.090884043e-01
19.500000,-1.075393857e-01
19.510000,-9.634380422e-02
19.520000,-8.358444126e-02
19.530000,-7.444245229e-02
19.540000,-6.698624671e-02
19.550000,-5.490696170e-02
19.560000,-3.480220015e-02
19.570000,-1.124473427e-02
19.580000,5.324972689e-03
19.590000,6.348017966e-03
19.600000,-8.218524658e-03
19.610000,-3.017589553e-02
19.620000,-4.978572044e-02
19.630000,-6.274925905e-02
19.640000,-7.154047458e-02
19.650000,-8.083796010e-02
19.660000,-9.222863002e-02
19.670000,-1.033266667e-01
19.680000,-1.113677979e-01
19.690000,-1.166507731e-01
19.700000,-1.217349205e-01
19.710000,-1.273336237e-01
19.720000,-1.298857831e-01
19.730000,-1.243314622e-01
19.740000,-1.099340504e-01
19.750000,-9.302742550e-02
19.760000,-8.287596072e-02
19.770000,-8.363804748e-02
19.780000,-8.999021491e-02
19.790000,-9.123995287e-02
19.800000,-8.074963113e-02
19.810000,-6.190143725e-02
19.820000,-4.462298703e-02
19.830000,-3.554920907e-02
19.840000,-3.145997981e-02
19.850000,-2.284274197e-02
19.860000,-4.523625385e-03
19.870000,1.715190596e-02
19.880000,2.851668718e-02
19.890000,2.136506980e-02
19.900000,2.646671742e-03
19.910000,-8.862115422e-03
19.920000,2.645141498e-03
19.930000,3.622835793e-02
19.940000,7.389237146e-02
19.950000,9.462947335e-02
19.960000,9.093169406e-02
19.970000,7.367490552e-02
19.980000,6.170311856e-02
19.990000,6.590434728e-02
20.000000,8.176913705e-02
20.010000,9.587967551e-02
20.020000,9.891626899e-02
20.030000,9.268785221e-02
20.040000,8.562241786e-02
20.050000,8.274734894e-02
20.060000,8.103055710e-02
20.070000,7.467328464e-02
20.080000,6.419809723e-02
20.090000,5.889554557e-02
20.100000,6.881326594e-02
20.110000,9.349496711e-02
20.120000,1.189737189e-01
20.130000,1.273669812e-01
20.140000,1.113887303e-01
20.150000,8.082014296e-02
20.160000,5.481976304e-02
20.170000,4.669295624e-02
20.180000,5.446187419e-02
20.190000,6.500357066e-02
20.200000,6.699313723e-02
20.210000,6.023715998e-02
20.220000,5.321396245e-02
20.230000,5.232293360e-02
20.240000,5.411332278e-02
20.250000,4.834292995e-02
20.260000,2.876359351e-02
20.270000,8.224659576e-04
20.280000,-2.159471350e-02
20.290000,-2.767684168e-02
20.300000,-1.883769586e-02
20.310000,-7.141719800e-03
20.320000,-4.694181178e-03
20.330000,-1.383824365e-02
20.340000,-2.671846948e-02
20.350000,-3.368475714e-02
20.360000,-3.201257399e-02
20.370000,-2.695138088e-02
20.380000,-2.514800557e-02
20.390000,-2.782325163e-02
20.400000,-3.059504168e-02
20.410000,-2.948210260e-02
20.420000,-2.615198544e-02
20.430000,-2.646083430e-02
20.440000,-3.356830939e-02
20.450000,-4.286556060e-02
20.460000,-4.449864746e-02
20.470000,-3.180188302e-02
20.480000,-7.891859831e-03
20.490000,1.595898554e-02
20.500000,2.900334228e-02
20.510000,2.909647332e-02
20.520000,2.323054081e-02
20.530000,2.068251115e-02
20.540000,2.550460924e-02
20.550000,3.495780992e-02
20.560000,4.419269196e-02
20.570000,5.152020948e-02
20.580000,5.880413029e-02
20.590000,6.721554216e-02
20.600000,7.366254829e-02
20.610000,7.240943354e-02
20.620000,6.068565448e-02
20.630000,4.248368286e-02
20.640000,2.615128399e-02
20.650000,1.754013717e-02
20.660000,1.516171166e-02
20.670000,1.213111867e-02
20.680000,3.140544130e-03
20.690000,-1.023000670e-02
20.700000,-2.093899689e-02
20.710000,-2.312689661e-02
20.720000,-1.741365056e-02
20.730000,-9.766892137e-03
20.740000,-5.341416933e-03
20.750000,-3.673303424e-03
20.760000,-9.536168366e-05
20.770000,8.228469111e-03
20.780000,1.809355377e-02
20.790000,2.254745190e-02
20.800000,1.768549243e-02
20.810000,7.094603497e-03
20.820000,-9.075603772e-04
20.830000,-1.014367708e-03
20.840000,3.756365304e-03
20.850000,4.578029258e-03
20.860000,-4.919252449e-03
20.870000,-2.242743711e-02
20.880000,-3.882701359e-02
20.890000,-4.649040844e-02
20.900000,-4.612790899e-02
20.910000,-4.559437949e-02
20.920000,-5.177741107e-02
20.930000,-6.339020045e-02
20.940000,-7.170373427e-02
20.950000,-6.868305121e-02
20.960000,-5.489333686e-02
20.970000,-3.970033763e-02
20.980000,-3.350721878e-02
20.990000,-3.913956990e-02
21.000000,-5.009042047e-02
21.010000,-5.679753899e-02
21.020000,-5.481022445e-02
21.030000,-4.747649246e-02
21.040000,-4.145075817e-02
21.050000,-4.009469196e-02
21.060000,-4.120450409e-02
21.070000,-4.056189357e-02
21.080000,-3.687815408e-02
21.090000,-3.273007410e-02
21.100000,-3.074834700e-02
21.110000,-2.957067219e-02
21.120000,-2.441102156e-02
21.130000,-1.215885292e-02
21.140000,4.180872550e-03
21.150000,1.677656485e-02
21.160000,1.954972241e-02
21.170000,1.406568357e-02
21.180000,8.826576972e-03
21.190000,1.202160992e-02
21.200000,2.406423236e-02
21.210000,3.672340275e-02
21.220000,3.973860231e-02
21.230000,2.906813781e-02
21.240000,9.656513296e-03
21.250000,-9.207699252e-03
21.260000,-2.129026624e-02
21.270000,-2.699341643e-02
21.280000,-3.069702059e-02
21.290000,-3.535545395e-02
21.300000,-3.985904745e-02
21.310000,-4.119508562e-02
21.320000,-3.837119582e-02
21.330000,-3.360993373e-02
21.340000,-2.967586958e-02
21.350000,-2.653434702e-02
21.360000,-2.124852304e-02
21.370000,-1.145339330e-02
21.380000,1.280757571e-03
21.390000,1.207347884e-02
21.400000,1.720306232e-02
21.410000,1.808075828e-02
21.420000,2.047398624e-02
21.430000,2.927822801e-02
21.440000,4.369467551e-02
21.450000,5.756270434e-02
21.460000,6.475125919e-02
21.470000,6.460190232e-02
21.480000,6.226063236e-02
21.490000,6.357318877e-02
21.500000,6.941392195e-02
21.510000,7.483588501e-02
21.520000,7.377837079e-02
21.530000,6.479552359e-02
21.540000,5.244764570e-02
21.550000,4.326336329e-02
21.560000,4.027313603e-02
21.570000,4.115534017e-02
21.580000,4.124209482e-02
21.590000,3.793734424e-02
21.600000,3.216030586e-02
21.610000,2.594683219e-02
21.620000,1.945840341e-02
21.630000,1.103852732e-02
21.640000,3.215331506e-04
21.650000,-9.313462848e-03
21.660000,-1.237490116e-02
21.670000,-6.174952625e-03
21.680000,5.703831040e-03
21.690000,1.544289728e-02
21.700000,1.746501297e-02
21.710000,1.364175151e-02
21.720000,1.214229474e-02
21.730000,2.049393795e-02
21.740000,3.884033987e-02
21.750000,5.936509839e-02
21.760000,7.233179348e-02
21.770000,7.330842245e-02
21.780000,6.536126889e-02
21.790000,5.493375203e-02
21.800000,4.593332538e-02
21.810000,3.766229763e-02
21.820000,2.783357880e-02
21.830000,1.666963212e-02
21.840000,7.306244310e-03
21.850000,2.018878472e-03
21.860000,-1.422686136e-03
21.870000,-8.742433345e-03
21.880000,-2.370894402e-02
21.890000,-4.343795944e-02
21.900000,-5.957692104e-02
21.910000,-6.504713310e-02
21.920000,-6.035568903e-02
21.930000,-5.336839821e-02
21.940000,-5.234337686e-02
21.950000,-5.845406433e-02
21.960000,-6.474072356e-02
21.970000,-6.256145548e-02
21.980000,-4.963543455e-02
21.990000,-3.229936075e-02
22.000000,-2.004732790e-02
22.010000,-1.760233456e-02
22.020000,-2.184633565e-02
22.030000,-2.603996686e-02
22.040000,-2.675272486e-02
22.050000,-2.660534210e-02
22.060000,-3.040487882e-02
22.070000,-3.896065145e-02
22.080000,-4.713551110e-02
22.090000,-4.831749686e-02
22.100000,-4.089798212e-02
22.110000,-3.014105468e-02
22.120000,-2.329933619e-02
22.130000,-2.259882842e-02
22.140000,-2.303314234e-02
22.150000,-1.734240202e-02
22.160000,-3.479841873e-03
22.170000,1.275282501e-02
22.180000,2.269834165e-02
22.190000,2.288399976e-02
22.200000,1.843810832e-02
22.210000,1.847224751e-02
22.220000,2.761404414e-02
22.230000,4.155971918e-02
22.240000,5.076910466e-02
22.250000,4.882827324e-02
22.260000,3.778021609e-02
22.270000,2.578617631e-02
22.280000,1.973106098e-02
22.290000,1.983937974e-02
22.300000,2.095607655e-02
22.310000,1.851824822e-02
22.320000,1.296843669e-02
22.330000,8.445608259e-03
22.340000,7.670410715e-03
22.350000,8.772843471e-03
22.360000,7.557475726e-03
22.370000,2.772736922e-03
22.380000,-1.473685215e-03
22.390000,7.118845708e-04
22.400000,1.054774026e-02
22.410000,2.176353570e-02
22.420000,2.492607550e-02
22.430000,1.556408557e-02
22.440000,-1.281812116e-03
22.450000,-1.458341162e-02
22.460000,-1.611870256e-02
22.470000,-6.844032886e-03
22.480000,4.653933641e-03
22.490000,9.909321512e-03
22.500000,7.368145266e-03
22.510000,2.378474848e-03
22.520000,1.133551415e-03
22.530000,4.790049615e-03
22.540000,9.234904948e-03
22.550000,1.005239997e-02
22.560000,7.152209972e-03
22.570000,4.234950337e-03
22.580000,3.864911435e-03
22.590000,3.611218082e-03
22.600000,-2.271040815e-03
22.610000,-1.684802035e-02
22.620000,-3.611684866e-02
22.630000,-5.100259599e-02
22.640000,-5.448884222e-02
22.650000,-4.750562598e-02
22.660000,-3.806750595e-02
22.670000,-3.431980543e-02
22.680000,-3.776302917e-02
22.690000,-4.265459506e-02
22.700000,-4.176101550e-02
22.710000,-3.285136564e-02
22.720000,-2.001618989e-02
22.730000,-9.138121862e-03
22.740000,-2.391725888e-03
22.750000,2.840426372e-03
22.760000,1.001836383e-02
22.770000,1.894318427e-02
22.780000,2.552759369e-02
22.790000,2.606742305e-02
22.800000,2.146919520e-02
22.810000,1.681388509e-02
22.820000,1.639171081e-02
22.830000,1.915005954e-02
22.840000,1.939652087e-02
22.850000,1.247268022e-02
22.860000,-2.944903098e-05
22.870000,-1.086477283e-02
22.880000,-1.343503354e-02
22.890000,-8.020220774e-03
22.900000,-1.890621730e-03
22.910000,-2.833127943e-03
22.920000,-1.188627617e-02
22.930000,-2.204009106e-02
22.940000,-2.427466664e-02
22.950000,-1.555421850e-02
22.960000,-1.581130442e-03
22.970000,8.074155231e-03
22.980000,7.952308008e-03
22.990000,6.963343104e-04
23.000000,-6.081683612e-03
23.010000,-6.622674685e-03
23.020000,-1.117004862e-03
23.030000,6.168506129e-03
23.040000,1.203648019e-02
23.050000,1.723032175e-02
23.060000,2.431221787e-02
23.070000,3.325077845e-02
23.080000,3.987609523e-02
23.090000,3.936896187e-02
23.100000,3.154173158e-02
23.110000,2.235333228e-02
23.120000,1.940747365e-02
23.130000,2.507641225e-02
23.140000,3.363711170e-02
23.150000,3.553177990e-02
23.160000,2.543066649e-02
23.170000,7.133386137e-03
23.180000,-9.061375244e-03
23.190000,-1.434719188e-02
23.200000,-7.990398038e-03
23.210000,2.865916977e-03
23.220000,9.544272441e-03
23.230000,8.585676760e-03
23.240000,3.387693913e-03
23.250000,1.332604117e-04
23.260000,2.300015562e-03
23.270000,8.582345895e-03
23.280000,1.529481782e-02
23.290000,2.017197099e-02
23.300000,2.376114802e-02
23.310000,2.754634322e-02
23.320000,3.131428050e-02
23.330000,3.276663515e-02
23.340000,2.977466556e-02
23.350000,2.281458406e-02
23.360000,1.493082281e-02
23.370000,9.140107135e-03
23.380000,5.821034773e-03
23.390000,2.662565629e-03
23.400000,-2.807324407e-03
23.410000,-1.062100225e-02
23.420000,-1.820913930e-02
23.430000,-2.274444422e-02
23.440000,-2.365416330e-02
23.450000,-2.293131221e-02
23.460000,-2.311125540e-02
23.470000,-2.498873152e-02
23.480000,-2.720938264e-02
23.490000,-2.788695708e-02
23.500000,-2.645840581e-02
23.510000,-2.398558750e-02
23.520000,-2.187932715e-02
23.530000,-2.061840544e-02
23.540000,-1.981843449e-02
23.550000,-1.932747661e-02
23.560000,-1.980339725e-02
23.570000,-2.184887623e-02
23.580000,-2.458426025e-02
23.590000,-2.549857082e-02
23.600000,-2.231109682e-02
23.610000,-1.537723114e-02
23.620000,-8.181271563e-03
23.630000,-4.943624749e-03
23.640000,-7.115338782e-03
23.650000,-1.187682850e-02
23.660000,-1.420808039e-02
23.670000,-1.092751743e-02
23.680000,-3.241318729e-03
23.690000,4.391449425e-03
23.700000,7.992983484e-03
23.710000,7.043788155e-03
23.720000,4.183369655e-03
23.730000,2.235748032e-03
23.740000,1.590587523e-03
23.750000,4.296420800e-04
23.760000,-2.631596675e-03
23.770000,-6.345281680e-03
23.780000,-7.502448669e-03
23.790000,-4.023668362e-03
23.800000,2.508367349e-03
23.810000,7.532841714e-03
23.820000,7.120673454e-03
23.830000,1.400850115e-03
23.840000,-5.303652499e-03
23.850000,-7.865189371e-03
23.860000,-4.397614646e-03
23.870000,2.427574470e-03
23.880000,7.732409750e-03
23.890000,8.268167775e-03
23.900000,4.524164621e-03
23.910000,-3.165039264e-04
23.920000,-3.222275127e-03
23.930000,-3.368470173e-03
23.940000,-1.991504230e-03
23.950000,-8.036472317e-04
23.960000,-7.498446523e-04
23.970000,-2.018566475e-03
23.980000,-4.666298610e-03
23.990000,-8.691780265e-03
24.000000,-1.333569798e-02
24.010000,-1.660796436e-02
24.020000,-1.609429502e-02
24.030000,-1.078832752e-02
24.040000,-2.373598992e-03
24.050000,5.469517544e-03
24.060000,9.486580246e-03
24.070000,9.109861288e-03
24.080000,6.668417563e-03
24.090000,5.385752690e-03
24.100000,6.881320744e-03
24.110000,1.021219637e-02
24.120000,1.302432650e-02
24.130000,1.355285905e-02
24.140000,1.169688774e-02
24.150000,8.528407639e-03
24.160000,5.121801437e-03
24.170000,1.992111530e-03
24.180000,-5.407075004e-04
24.190000,-1.900239487e-03
24.200000,-1.589445665e-03
24.210000,-8.641600829e-05
24.220000,8.803987932e-04
24.230000,-5.368059450e-04
24.240000,-4.476826538e-03
24.250000,-8.600631140e-03
24.260000,-9.475974508e-03
24.270000,-5.254744145e-03
24.280000,2.631312462e-03
24.290000,1.040863052e-02
24.300000,1.490694172e-02
24.310000,1.599191006e-02
24.320000,1.630308324e-02
24.330000,1.851299868e-02
24.340000,2.261820661e-02
24.350000,2.578624117e-02
24.360000,2.492998719e-02
24.370000,1.962877338e-02
24.380000,1.266212348e-02
24.390000,7.622584186e-03
24.400000,5.787792268e-03
24.410000,5.128691673e-03
24.420000,2.359598249e-03
24.430000,-3.866867465e-03
24.440000,-1.155015847e-02
24.450000,-1.697709718e-02
24.460000,-1.786985153e-02
24.470000,-1.518910143e-02
24.480000,-1.205057524e-02
24.490000,-1.088011065e-02
24.500000,-1.145869839e-02
24.510000,-1.154128244e-02
24.520000,-9.272758876e-03
24.530000,-5.016687777e-03
24.540000,-9.118635712e-04
24.550000,1.284952023e-03
24.560000,1.907102903e-03
24.570000,2.993857453e-03
24.580000,6.227862434e-03
24.590000,1.118775613e-02
24.600000,1.554650380e-02
24.610000,1.697919214e-02
24.620000,1.499577670e-02
24.630000,1.110242069e-02
24.640000,7.332994151e-03
24.650000,4.655790390e-03
24.660000,2.689032259e-03
24.670000,7.378318438e-04
24.680000,-1.124592328e-03
24.690000,-2.103010069e-03
24.700000,-1.724442312e-03
24.710000,-6.550646042e-04
24.720000,-3.034059788e-04
24.730000,-1.523176155e-03
24.740000,-3.729535354e-03
24.750000,-5.397384022e-03
24.760000,-5.538454162e-03
24.770000,-4.722886399e-03
24.780000,-4.578928217e-03
24.790000,-6.159895348e-03
24.800000,-8.710708429e-03
24.810000,-1.006741889e-02
24.820000,-8.430874964e-03
24.830000,-3.969208578e-03
24.840000,1.167561733e-03
24.850000,4.422590313e-03
24.860000,4.620695638e-03
24.870000,2.501042444e-03
24.880000,-2.689413891e-04
24.890000,-2.534316281e-03
24.900000,-4.252179091e-03
24.910000,-5.930411232e-03
24.920000,-7.731581812e-03
24.930000,-9.254240129e-03
24.940000,-1.012986759e-02
24.950000,-1.062591682e-02
24.960000,-1.144558981e-02
24.970000,-1.285063265e-02
24.980000,-1.408288493e-02
24.990000,-1.387270204e-02
25.000000,-1.171893949e-02
25.010000,-8.705898966e-03
25.020000,-6.880809861e-03
25.030000,-7.523906765e-03
25.040000,-9.802503928e-03
25.050000,-1.114668171e-02
25.060000,-9.233571394e-03
25.070000,-3.983187332e-03
25.080000,2.169845433e-03
25.090000,6.054684362e-03
25.100000,6.166248864e-03
25.110000,3.716235514e-03
25.120000,1.506178524e-03
25.130000,1.625767506e-03
25.140000,3.897097755e-03
25.150000,6.247782540e-03
25.160000,6.532094358e-03
25.170000,4.202113564e-03
25.180000,5.417477098e-04
25.190000,-2.500718942e-03
25.200000,-3.739533642e-03
25.210000,-3.302681293e-03
25.220000,-2.115511295e-03
25.230000,-1.036337218e-03
25.240000,-4.485700344e-04
25.250000,-4.546856754e-04
25.260000,-1.180052610e-03
25.270000,-2.708767150e-03
25.280000,-4.730788203e-03
25.290000,-6.415764904e-03
25.300000,-6.847121219e-03
25.310000,-5.732670289e-03
25.320000,-3.716574665e-03
25.330000,-1.902050300e-03
25.340000,-9.208696196e-04
25.350000,-3.565300487e-04
25.360000,9.325926172e-04
25.370000,3.821963425e-03
25.380000,8.086979401e-03
25.390000,1.242766788e-02
25.400000,1.533073042e-02
25.410000,1.607154348e-02
25.420000,1.509972316e-02
25.430000,1.360608957e-02
25.440000,1.270788299e-02
25.450000,1.287673947e-02
25.460000,1.389813344e-02
25.470000,1.518346540e-02
25.480000,1.608790270e-02
25.490000,1.608026772e-02
25.500000,1.485904492e-02
25.510000,1.251207402e-02
25.520000,9.614499452e-03
25.530000,7.052053740e-03
25.540000,5.541308343e-03
25.550000,5.144836945e-03
25.560000,5.196199062e-03
25.570000,4.774921015e-03
25.580000,3.405282829e-03
25.590000,1.418038652e-03
25.600000,-3.382438210e-04
25.610000,-1.205001665e-03
25.620000,-1.247348602e-03
25.630000,-1.173936281e-03
25.640000,-1.737983656e-03
25.650000,-3.147838583e-03
25.660000,-4.969258593e-03
25.670000,-6.544146763e-03
25.680000,-7.511271134e-03
25.690000,-7.976802959e-03
25.700000,-8.246175458e-03
25.710000,-8.436625262e-03
25.720000,-8.368445997e-03
25.730000,-7.830104590e-03
25.740000,-6.930492435e-03
25.750000,-6.156805923e-03
25.760000,-6.035370986e-03
25.770000,-6.676762772e-03
25.780000,-7.613569583e-03
25.790000,-8.096298086e-03
25.800000,-7.628476517e-03
25.810000,-6.331458890e-03
25.820000,-4.871943349e-03
25.830000,-4.018203168e-03
25.840000,-4.147903378e-03
25.850000,-5.036503754e-03
25.860000,-6.037434038e-03
25.870000,-6.503989785e-03
25.880000,-6.176637532e-03
25.890000,-5.314884048e-03
25.900000,-4.514889106e-03
25.910000,-4.324980191e-03
25.920000,-4.883471030e-03
25.930000,-5.805316377e-03
25.940000,-6.411047479e-03
25.950000,-6.173821214e-03
25.960000,-5.092406316e-03
25.970000,-3.717486865e-03
25.980000,-2.789066262e-03
25.990000,-2.735063856e-03
26.000000,-3.401372022e-03
26.010000,-4.211239679e-03
26.020000,-4.611785785e-03
26.030000,-4.439930657e-03
26.040000,-3.923996445e-03
26.050000,-3.360722102e-03
26.060000,-2.787062042e-03
26.070000,-1.951268440e-03
26.080000,-5.942139974e-04
26.090000,1.242295564e-03
26.100000,3.179923034e-03
26.110000,4.770288503e-03
26.120000,5.802249241e-03
26.130000,6.359827281e-03
26.140000,6.600195262e-03
26.150000,6.510156705e-03
26.160000,5.920360569e-03
26.170000,4.775421003e-03
26.180000,3.358502564e-03
26.190000,2.172635743e-03
26.200000,1.512843509e-03
26.210000,1.109445650e-03
26.220000,2.288046864e-04
26.230000,-1.766073471e-03
26.240000,-4.836694364e-03
26.250000,-8.191422690e-03
26.260000,-1.082354804e-02
26.270000,-1.223273304e-02
26.280000,-1.271394001e-02
26.290000,-1.296864270e-02
26.300000,-1.339689803e-02
26.310000,-1.371607189e-02
26.320000,-1.325091260e-02
26.330000,-1.161854653e-02
26.340000,-9.163482810e-03
26.350000,-6.726765142e-03
26.360000,-4.949935275e-03
26.370000,-3.749602678e-03
26.380000,-2.451492785e-03
26.390000,-4.734053937e-04
26.400000,2.063717189e-03
26.410000,4.368700819e-03
26.420000,5.653483977e-03
26.430000,5.858110520e-03
26.440000,5.775588383e-03
26.450000,6.440706647e-03
26.460000,8.281474797e-03
26.470000,1.073445940e-02
26.480000,1.263459470e-02
26.490000,1.305317050e-02
26.500000,1.191584455e-02
26.510000,9.952715577e-03
26.520000,8.090685958e-03
26.530000,6.805919146e-03
26.540000,5.904578409e-03
26.550000,4.805481676e-03
26.560000,3.027919085e-03
26.570000,5.178428611e-04
26.580000,-2.344636807e-03
26.590000,-4.962157928e-03
26.600000,-6.782303609e-03
26.610000,-7.504934890e-03
26.620000,-7.215176000e-03
26.630000,-6.401214988e-03
26.640000,-5.772864622e-03
26.650000,-5.875480159e-03
26.660000,-6.689072893e-03
26.670000,-7.524308470e-03
26.680000,-7.393025927e-03
26.690000,-5.680039226e-03
26.700000,-2.649550481e-03
26.710000,6.298954699e-04
26.720000,2.943812687e-03
26.730000,3.712411576e-03
26.740000,3.315966869e-03
26.750000,2.733326622e-03
26.760000,2.790622938e-03
26.770000,3.597637555e-03
26.780000,4.566743416e-03
26.790000,4.933697548e-03
26.800000,4.330088973e-03
26.810000,2.983228090e-03
26.820000,1.478215873e-03
26.830000,3.655352005e-04
26.840000,-6.125125536e-05
26.850000,2.603258434e-04
26.860000,1.264129155e-03
26.870000,2.756029419e-03
26.880000,4.337639382e-03
26.890000,5.440897470e-03
26.900000,5.585537531e-03
26.910000,4.721070364e-03
26.920000,3.352998911e-03
26.930000,2.274124007e-03
26.940000,2.046273495e-03
26.950000,2.616541471e-03
26.960000,3.376996012e-03
26.970000,3.633572531e-03
26.980000,3.121986639e-03
26.990000,2.173460708e-03
27.000000,1.422495833e-03
27.010000,1.316558735e-03
27.020000,1.822170180e-03
27.030000,2.524196629e-03
27.040000,2.980087677e-03
27.050000,3.015202459e-03
27.060000,2.754244282e-03
27.070000,2.439245015e-03
27.080000,2.242472256e-03
27.090000,2.224663113e-03
27.100000,2.410275064e-03
27.110000,2.842544126e-03
27.120000,3.535661839e-03
27.130000,4.379000886e-03
27.140000,5.115709145e-03
27.150000,5.449194211e-03
27.160000,5.203118281e-03
27.170000,4.404742847e-03
27.180000,3.231990709e-03
27.190000,1.889711459e-03
27.200000,5.351033466e-04
27.210000,-6.972003828e-04
27.220000,-1.637603692e-03
27.230000,-2.097637743e-03
27.240000,-1.983036857e-03
27.250000,-1.410057280e-03
27.260000,-7.021075828e-04
27.270000,-2.350251313e-04
27.280000,-2.275508646e-04
27.290000,-6.235929938e-04
27.300000,-1.143172372e-03
27.310000,-1.454303962e-03
27.320000,-1.344834762e-03
27.330000,-7.998113059e-04
27.340000,2.827389938e-05
27.350000,9.097821525e-04
27.360000,1.637224451e-03
27.370000,2.103428977e-03
27.380000,2.338673278e-03
27.390000,2.484470366e-03
27.400000,2.696607658e-03
27.410000,3.018125133e-03
27.420000,3.310299500e-03
27.430000,3.315036836e-03
27.440000,2.828190715e-03
27.450000,1.860080529e-03
27.460000,6.507956820e-04
27.470000,-4.781864512e-04
27.480000,-1.312766151e-03
27.490000,-1.818896427e-03
27.500000,-2.058704490e-03
27.510000,-2.066631797e-03
27.520000,-1.839929600e-03
27.530000,-1.465896323e-03
27.540000,-1.231943523e-03
27.550000,-1.534244535e-03
27.560000,-2.578563378e-03
27.570000,-4.103202027e-03
27.580000,-5.411219268e-03
27.590000,-5.780212989e-03
27.600000,-4.983798944e-03
27.610000,-3.507051845e-03
27.620000,-2.236361789e-03
27.630000,-1.818894192e-03
27.640000,-2.176822242e-03
27.650000,-2.567310156e-03
27.660000,-2.157022555e-03
27.670000,-6.693443960e-04
27.680000,1.394590913e-03
27.690000,3.114771657e-03
27.700000,3.788969977e-03
27.710000,3.356423042e-03
27.720000,2.330676654e-03
27.730000,1.367830094e-03
27.740000,8.443796756e-04
27.750000,7.344037394e-04
27.760000,7.824589225e-04
27.770000,7.462317319e-04
27.780000,5.042927084e-04
27.790000,1.577749501e-05
27.800000,-7.354617665e-04
27.810000,-1.712506071e-03
27.820000,-2.757109682e-03
27.830000,-3.606250056e-03
27.840000,-4.040541204e-03
27.850000,-4.055510520e-03
27.860000,-3.883696233e-03
27.870000,-3.811579715e-03
27.880000,-3.932240352e-03
27.890000,-4.056784395e-03
27.900000,-3.879202453e-03
27.910000,-3.260222394e-03
27.920000,-2.381736702e-03
27.930000,-1.636138918e-03
27.940000,-1.349665545e-03
27.950000,-1.574739213e-03
27.960000,-2.103906300e-03
27.970000,-2.652724096e-03
27.980000,-3.032843430e-03
27.990000,-3.191102236e-03
28.000000,-3.143145388e-03
28.010000,-2.919300702e-03
28.020000,-2.587712585e-03
28.030000,-2.295867484e-03
28.040000,-2.222262445e-03
28.050000,-2.426119745e-03
28.060000,-2.731571076e-03
28.070000,-2.806499840e-03
28.080000,-2.429897367e-03
28.090000,-1.731212960e-03
28.100000,-1.156273029e-03
28.110000,-1.132629763e-03
28.120000,-1.689398763e-03
28.130000,-2.364541272e-03
28.140000,-2.511735067e-03
28.150000,-1.780215909e-03
28.160000,-3.838252651e-04
28.170000,1.054535097e-03
28.180000,1.946014171e-03
28.190000,2.106030455e-03
28.200000,1.783510713e-03
28.210000,1.388090048e-03
28.220000,1.189410699e-03
28.230000,1.227679958e-03
28.240000,1.435384055e-03
28.250000,1.774903267e-03
28.260000,2.229618249e-03
28.270000,2.692175564e-03
28.280000,2.939675419e-03
28.290000,2.800171847e-03
28.300000,2.377084513e-03
28.310000,2.071069355e-03
28.320000,2.293355520e-03
28.330000,3.077301030e-03
28.340000,3.951998060e-03
28.350000,4.254613879e-03
28.360000,3.668394259e-03
28.370000,2.535731206e-03
28.380000,1.649558414e-03
28.390000,1.661455292e-03
28.400000,2.583323581e-03
28.410000,3.791665360e-03
28.420000,4.518398760e-03
28.430000,4.404646225e-03
28.440000,3.665284800e-03
28.450000,2.778512170e-03
28.460000,2.034581632e-03
28.470000,1.368001612e-03
28.480000,5.880157948e-04
28.490000,-2.782676526e-04
28.500000,-9.151442043e-04
28.510000,-1.010990020e-03
28.520000,-6.170042424e-04
28.530000,-1.841485721e-04
28.540000,-1.942176620e-04
28.550000,-7.077291975e-04
28.560000,-1.264224327e-03
28.570000,-1.265559194e-03
28.580000,-5.220248786e-04
28.590000,5.325775581e-04
28.600000,1.170597060e-03
28.610000,9.705057264e-04
28.620000,1.639543490e-04
28.630000,-5.710464963e-04
28.640000,-6.791904544e-04
28.650000,-1.536377692e-04
28.660000,5.386081021e-04
28.670000,9.226789670e-04
28.680000,9.186949437e-04
28.690000,8.190879625e-04
28.700000,9.035828153e-04
28.710000,1.098803589e-03
28.720000,1.029454805e-03
28.730000,4.148466213e-04
28.740000,-5.799967215e-04
28.750000,-1.397269418e-03
28.760000,-1.523269195e-03
28.770000,-9.215960684e-04
28.780000,-6.758699182e-05
28.790000,4.491154727e-04
28.800000,3.952881294e-04
28.810000,2.316922423e-05
28.820000,-2.323488670e-04
28.830000,-1.824622289e-04
28.840000,-3.448951024e-05
28.850000,-1.395330951e-04
28.860000,-6.003696046e-04
28.870000,-1.127628616e-03
28.880000,-1.285810574e-03
28.890000,-8.946658453e-04
28.900000,-2.040618458e-04
28.910000,3.243442805e-04
28.920000,4.265555487e-04
28.930000,2.594613309e-04
28.940000,2.372481069e-04
28.950000,6.374549902e-04
28.960000,1.337175994e-03
28.970000,1.909769045e-03
28.980000,1.981132210e-03
28.990000,1.523143131e-03
29.000000,8.431024399e-04
29.010000,3.151589769e-04
29.020000,1.147882812e-04
29.030000,1.731281256e-04
29.040000,3.352213472e-04
29.050000,5.245271262e-04
29.060000,7.512971921e-04
29.070000,9.949147144e-04
29.080000,1.130780174e-03
29.090000,1.016648454e-03
29.100000,6.639383444e-04
29.110000,3.001598082e-04
29.120000,2.160267549e-04
29.130000,5.089645351e-04
29.140000,9.633949402e-04
29.150000,1.204923540e-03
29.160000,1.015346841e-03
29.170000,5.336514377e-04
29.180000,1.546131807e-04
29.190000,2.013179098e-04
29.200000,6.524712560e-04
29.210000,1.160634426e-03
29.220000,1.340629787e-03
29.230000,1.071963819e-03
29.240000,5.588549756e-04
29.250000,1.193708387e-04
29.260000,-8.540666825e-05
29.270000,-1.375904732e-04
29.280000,-2.089651935e-04
29.290000,-3.381454705e-04
29.300000,-3.611391307e-04
29.310000,-5.868158680e-05
29.320000,6.271121326e-04
29.330000,1.515008939e-03
29.340000,2.313886586e-03
29.350000,2.829222960e-03
29.360000,3.055047502e-03
29.370000,3.086888772e-03
29.380000,2.973457959e-03
29.390000,2.676563288e-03
29.400000,2.180013741e-03
29.410000,1.613976323e-03
29.420000,1.225661472e-03
29.430000,1.177743202e-03
29.440000,1.350086126e-03
29.450000,1.359204330e-03
29.460000,8.329779411e-04
29.470000,-2.653378772e-04
29.480000,-1.549320717e-03
29.490000,-2.464362742e-03
29.500000,-2.698024424e-03
29.510000,-2.410722000e-03
29.520000,-2.091090489e-03
29.530000,-2.153048450e-03
29.540000,-2.607499227e-03
29.550000,-3.074282533e-03
29.560000,-3.110370007e-03
29.570000,-2.569955829e-03
29.580000,-1.701074510e-03
29.590000,-9.210068065e-04
29.600000,-4.850242478e-04
29.610000,-3.347422604e-04
29.620000,-2.322698896e-04
29.630000,-2.639812076e-05
29.640000,2.068272985e-04
29.650000,2.689284844e-04
29.660000,6.818667983e-05
29.670000,-2.623822051e-04
29.680000,-4.787382257e-04
29.690000,-4.623759552e-04
29.700000,-3.473215156e-04
29.710000,-4.040550367e-04
29.720000,-7.761778287e-04
29.730000,-1.312329499e-03
29.740000,-1.661134450e-03
29.750000,-1.563195745e-03
29.760000,-1.090397619e-03
29.770000,-6.168593691e-04
29.780000,-5.324779246e-04
29.790000,-9.325476066e-04
29.800000,-1.541613356e-03
29.810000,-1.934282666e-03
29.820000,-1.867779947e-03
29.830000,-1.452748947e-03
29.840000,-1.032828175e-03
29.850000,-8.903081748e-04
29.860000,-1.030398381e-03
29.870000,-1.212058663e-03
29.880000,-1.175219247e-03
29.890000,-8.559787356e-04
29.900000,-4.118007062e-04
29.910000,-5.776692214e-05
29.920000,1.223127181e-04
29.930000,2.207755209e-04
29.940000,3.832693845e-04
29.950000,6.492353777e-04
29.960000,9.102926277e-04
29.970000,1.021352555e-03
29.980000,9.537130899e-04
29.990000,8.413196703e-04
30.000000,8.715728890e-04
30.010000,1.116194910e-03
30.020000,1.453843385e-03
30.030000,1.654588205e-03
30.040000,1.553473913e-03
30.050000,1.166017976e-03
30.060000,6.557245401e-04
30.070000,1.950996918e-04
30.080000,-1.524271964e-04
30.090000,-4.338180212e-04
30.100000,-7.079736954e-04
30.110000,-9.529167678e-04
30.120000,-1.070391764e-03
30.130000,-9.824569547e-04
30.140000,-7.267895247e-04
30.150000,-4.584676764e-04
30.160000,-3.506983057e-04
30.170000,-4.752136967e-04
30.180000,-7.571700934e-04
30.190000,-1.033368026e-03
30.200000,-1.160769421e-03
30.210000,-1.094302887e-03
30.220000,-8.915664309e-04
30.230000,-6.613714775e-04
30.240000,-5.013203292e-04
30.250000,-4.566420355e-04
30.260000,-5.069856228e-04
30.270000,-5.776218185e-04
30.280000,-5.748974151e-04
30.290000,-4.412456666e-04
30.300000,-2.038518364e-04
30.310000,2.472277999e-05
30.320000,1.144924338e-04
30.330000,1.831355443e-05
30.340000,-1.762789721e-04
30.350000,-3.029461884e-04
30.360000,-2.527401637e-04
30.370000,-8.108718714e-05
30.380000,1.889929056e-05
30.390000,-1.249375844e-04
30.400000,-4.988227262e-04
30.410000,-8.830444718e-04
30.420000,-1.016053727e-03
30.430000,-8.184534279e-04
30.440000,-4.839087136e-04
30.450000,-3.431413834e-04
30.460000,-5.993367840e-04
30.470000,-1.152249150e-03
30.480000,-1.663092994e-03
30.490000,-1.812310217e-03
30.500000,-1.539012409e-03
30.510000,-1.066832138e-03
30.520000,-7.029147487e-04
30.530000,-5.873029851e-04
30.540000,-6.044667604e-04
30.550000,-5.195654264e-04
30.560000,-2.039571431e-04
30.570000,2.551185704e-04
30.580000,6.485609475e-04
30.590000,8.407993536e-04
30.600000,8.783435440e-04
30.610000,9.164807046e-04
30.620000,1.047457984e-03
30.630000,1.206082637e-03
30.640000,1.248383985e-03
30.650000,1.124095026e-03
30.660000,9.643118546e-04
30.670000,9.813103168e-04
30.680000,1.259951256e-03
30.690000,1.636399771e-03
30.700000,1.795240908e-03
30.710000,1.522415295e-03
30.720000,9.022672680e-04
30.730000,2.813054091e-04
30.740000,1.571144083e-05
30.750000,2.054594148e-04
30.760000,6.309962270e-04
30.770000,9.375070607e-04
30.780000,9.075479057e-04
30.790000,6.006709746e-04
30.800000,2.638096822e-04
30.810000,1.107099222e-04
30.820000,1.634516860e-04
30.830000,2.737359374e-04
30.840000,2.778433743e-04
30.850000,1.361548352e-04
30.860000,-5.455672163e-05
30.870000,-1.621144320e-04
30.880000,-1.269607786e-04
30.890000,1.285979745e-05
30.900000,1.779870477e-04
30.910000,3.126888380e-04
30.920000,3.985532029e-04
30.930000,4.259808514e-04
30.940000,3.775945780e-04
30.950000,2.527319887e-04
30.960000,1.010727219e-04
30.970000,9.533618748e-06
30.980000,3.190238864e-05
30.990000,1.204764132e-04
31.000000,1.367275878e-04
31.010000,-4.522331003e-05
31.020000,-4.196749407e-04
31.030000,-8.226047825e-04
31.040000,-1.035998933e-03
31.050000,-9.491388909e-04
31.060000,-6.467662544e-04
31.070000,-3.488157083e-04
31.080000,-2.471023414e-04
31.090000,-3.676623828e-04
31.100000,-5.636179678e-04
31.110000,-6.359992412e-04
31.120000,-4.816734644e-04
31.130000,-1.572933450e-04
31.140000,1.749188947e-04
31.150000,3.620763081e-04
31.160000,3.469864871e-04
31.170000,1.783807565e-04
31.180000,-3.729266296e-05
31.190000,-1.944191366e-04
31.200000,-2.263268947e-04
31.210000,-1.227467619e-04
31.220000,6.552968222e-05
31.230000,2.402516519e-04
31.240000,2.986238417e-04
31.250000,1.963954962e-04
31.260000,-7.842082975e-06
31.270000,-1.700924467e-04
31.280000,-1.440898703e-04
31.290000,1.218879012e-04
31.300000,5.477194304e-04
31.310000,9.756854025e-04
31.320000,1.275211724e-03
31.330000,1.416364054e-03
31.340000,1.458978429e-03
31.350000,1.476250470e-03
31.360000,1.483075264e-03
31.370000,1.427696482e-03
31.380000,1.245264786e-03
31.390000,9.198982573e-04
31.400000,5.023993830e-04
31.410000,7.694357366e-05
31.420000,-2.862199299e-04
31.430000,-5.531932396e-04
31.440000,-7.188889873e-04
31.450000,-7.936207706e-04
31.460000,-8.030639952e-04
31.470000,-7.925178874e-04
31.480000,-8.114732105e-04
31.490000,-8.747818825e-04
31.500000,-9.325974788e-04
31.510000,-8.894925929e-04
31.520000,-6.745287090e-04
31.530000,-3.102162698e-04
31.540000,8.518999028e-05
31.550000,3.778478320e-04
31.560000,5.218630678e-04
31.570000,5.962514752e-04
31.580000,7.346950605e-04
31.590000,1.000672198e-03
31.600000,1.314822371e-03
31.610000,1.502638941e-03
31.620000,1.428070293e-03
31.630000,1.102262511e-03
31.640000,6.755915681e-04
31.650000,3.204889610e-04
31.660000,1.058579482e-04
31.670000,-3.138463011e-05
31.680000,-2.004130310e-04
31.690000,-4.406106945e-04
31.700000,-6.828224743e-04
31.710000,-8.199089079e-04
31.720000,-8.169576777e-04
31.730000,-7.557292894e-04
31.740000,-7.688403460e-04
31.750000,-9.207252061e-04
31.760000,-1.143037939e-03
31.770000,-1.285594448e-03
31.780000,-1.241142109e-03
31.790000,-1.035842323e-03
31.800000,-8.073169615e-04
31.810000,-6.906360710e-04
31.820000,-7.111242893e-04
31.830000,-7.733621547e-04
31.840000,-7.498848801e-04
31.850000,-5.884028916e-04
31.860000,-3.461370280e-04
31.870000,-1.290297684e-04
31.880000,2.759403511e-06
31.890000,7.742788820e-05
31.900000,1.688138851e-04
31.910000,3.132340115e-04
31.920000,4.651124078e-04
31.930000,5.331135382e-04
31.940000,4.642685937e-04
31.950000,2.990581198e-04
31.960000,1.450822760e-04
31.970000,8.880878960e-05
31.980000,1.203182486e-04
31.990000,1.365901608e-04
32.000000,2.333979768e-05
32.010000,-2.501878941e-04
32.020000,-6.002244504e-04
32.030000,-8.864735061e-04
32.040000,-1.012872190e-03
32.050000,-9.915931790e-04
32.060000,-9.215720487e-04
32.070000,-9.017208807e-04
32.080000,-9.502121007e-04
32.090000,-9.945410614e-04
32.100000,-9.387615843e-04
32.110000,-7.511726546e-04
32.120000,-4.986083619e-04
32.130000,-2.971316381e-04
32.140000,-2.188756802e-04
32.150000,-2.333384798e-04
32.160000,-2.350185200e-04
32.170000,-1.378298119e-04
32.180000,4.123362600e-05
32.190000,1.820352938e-04
32.200000,1.515832795e-04
32.210000,-8.398670866e-05
32.220000,-4.169818220e-04
32.230000,-6.649206458e-04
32.240000,-6.993356497e-04
32.250000,-5.374368583e-04
32.260000,-3.243575512e-04
32.270000,-2.197099093e-04
32.280000,-2.778992515e-04
32.290000,-4.149853220e-04
32.300000,-4.834946148e-04
32.310000,-3.903114764e-04
32.320000,-1.627180654e-04
32.330000,8.412401336e-05
32.340000,2.425119029e-04
32.350000,2.880294098e-04
32.360000,2.783760517e-04
32.370000,2.872507606e-04
32.380000,3.374959423e-04
32.390000,3.902427898e-04
32.400000,3.917439490e-04
32.410000,3.288324019e-04
32.420000,2.415904511e-04
32.430000,1.859388321e-04
32.440000,1.857174182e-04
32.450000,2.197651192e-04
32.460000,2.518352820e-04
32.470000,2.690542360e-04
32.480000,2.891588099e-04
32.490000,3.309885629e-04
32.500000,3.811205342e-04
32.510000,3.943238635e-04
32.520000,3.321902669e-04
32.530000,2.047535788e-04
32.540000,7.273894609e-05
32.550000,2.315219014e-06
32.560000,9.025220893e-06
32.570000,4.030102133e-05
32.580000,1.368116881e-05
32.590000,-1.199973520e-04
32.600000,-3.396357975e-04
32.610000,-5.709100151e-04
32.620000,-7.401404012e-04
32.630000,-8.204671393e-04
32.640000,-8.373335956e-04
32.650000,-8.371238421e-04
32.660000,-8.507300286e-04
32.670000,-8.802638367e-04
32.680000,-9.105201077e-04
32.690000,-9.252354135e-04
32.700000,-9.108429958e-04
32.710000,-8.505074243e-04
32.720000,-7.250452175e-04
32.730000,-5.293624127e-04
32.740000,-2.920549827e-04
32.750000,-7.549959737e-05
32.760000,5.282994152e-05
32.770000,6.142505896e-05
32.780000,-2.210580427e-05
32.790000,-1.250151187e-04
32.800000,-1.725062309e-04
32.810000,-1.306169263e-04
32.820000,-2.087793227e-05
32.830000,9.960599833e-05
32.840000,1.754160503e-04
32.850000,1.824790942e-04
32.860000,1.354916506e-04
32.870000,7.459074590e-05
32.880000,4.226272005e-05
32.890000,6.202670852e-05
32.900000,1.271769413e-04
32.910000,2.046086872e-04
32.920000,2.540086443e-04
32.930000,2.543401239e-04
32.940000,2.214096194e-04
32.950000,2.013274539e-04
32.960000,2.393926145e-04
32.970000,3.440053783e-04
32.980000,4.735330458e-04
32.990000,5.600594740e-04
33.000000,5.557465608e-04
33.010000,4.676649779e-04
33.020000,3.535588802e-04
33.030000,2.807471973e-04
33.040000,2.794490587e-04
33.050000,3.258820376e-04
33.060000,3.659834476e-04
33.070000,3.582977250e-04
33.080000,3.014734087e-04
33.090000,2.276535473e-04
33.100000,1.723422966e-04
33.110000,1.482364952e-04
33.120000,1.423615992e-04
33.130000,1.332232180e-04
33.140000,1.093980404e-04
33.150000,7.499048529e-05
33.160000,4.300104596e-05
33.170000,2.749144250e-05
33.180000,4.099117187e-05
33.190000,9.316693764e-05
33.200000,1.845024379e-04
33.210000,2.976337566e-04
33.220000,3.976401793e-04
33.230000,4.486089949e-04
33.240000,4.383055663e-04
33.250000,3.906387421e-04
33.260000,3.512593475e-04
33.270000,3.536503189e-04
33.280000,3.925117819e-04
33.290000,4.281420998e-04
33.300000,4.196167625e-04
33.310000,3.584243271e-04
33.320000,2.728235632e-04
33.330000,1.993909727e-04
33.340000,1.486065217e-04
33.350000,9.727861627e-05
33.360000,1.546009636e-05
33.370000,-9.791946035e-05
33.380000,-2.062917086e-04
33.390000,-2.647897184e-04
33.400000,-2.622972422e-04
33.410000,-2.364064984e-04
33.420000,-2.440462819e-04
33.430000,-3.107637264e-04
33.440000,-4.030860048e-04
33.450000,-4.504661268e-04
33.460000,-4.007310205e-04
33.470000,-2.633186649e-04
33.480000,-1.044263968e-04
33.490000,1.422610345e-06
33.500000,2.364295985e-05
33.510000,-8.659036202e-06
33.520000,-3.576156180e-05
33.530000,-1.408200342e-05
33.540000,5.638748530e-05
33.550000,1.404116371e-04
33.560000,1.980791769e-04
33.570000,2.106799472e-04
33.580000,1.858310941e-04
33.590000,1.459062455e-04
33.600000,1.133904824e-04
33.610000,1.013167175e-04
33.620000,1.081770626e-04
33.630000,1.160560377e-04
33.640000,9.608337554e-05
33.650000,2.537256136e-05
33.660000,-9.088632072e-05
33.670000,-2.103211201e-04
33.680000,-2.727093653e-04
33.690000,-2.415380240e-04
33.700000,-1.373456069e-04
33.710000,-3.067510147e-05
33.720000,8.334055773e-06
33.730000,-3.218198042e-05
33.740000,-8.966792202e-05
33.750000,-7.273373437e-05
33.760000,6.282146742e-05
33.770000,2.686613565e-04
33.780000,4.298165855e-04
33.790000,4.455071017e-04
33.800000,3.026552418e-04
33.810000,8.460604727e-05
33.820000,-9.051701708e-05
33.830000,-1.519390361e-04
33.840000,-1.159246256e-04
33.850000,-5.855581863e-05
33.860000,-5.209440756e-05
33.870000,-1.194518363e-04
33.880000,-2.369292775e-04
33.890000,-3.694513888e-04
33.900000,-4.984677542e-04
33.910000,-6.192057220e-04
33.920000,-7.199257833e-04
33.930000,-7.738395711e-04
33.940000,-7.575930882e-04
33.950000,-6.777391993e-04
33.960000,-5.734815078e-04
33.970000,-4.857165162e-04
33.980000,-4.184796206e-04
33.990000,-3.320441045e-04
34.000000,-1.804556944e-04
34.010000,3.718103096e-05
34.020000,2.605391147e-04
34.030000,4.077570497e-04
34.040000,4.402739042e-04
34.050000,3.952920832e-04
34.060000,3.538034945e-04
34.070000,3.693341015e-04
34.080000,4.199418105e-04
34.090000,4.279202401e-04
34.100000,3.321678796e-04
34.110000,1.498729847e-04
34.120000,-2.873322012e-05
34.130000,-1.110469415e-04
34.140000,-7.877270410e-05
34.150000,-4.469134395e-06
34.160000,7.409774487e-06
34.170000,-9.388439709e-05
34.180000,-2.642382029e-04
34.190000,-4.007057078e-04
34.200000,-4.225184805e-04
34.210000,-3.294921447e-04
34.220000,-1.932347485e-04
34.230000,-9.497269196e-05
34.240000,-6.557596348e-05
34.250000,-7.477547413e-05
34.260000,-7.010106514e-05
34.270000,-2.526401789e-05
34.280000,4.352458487e-05
34.290000,1.005078168e-04
34.300000,1.245670437e-04
34.310000,1.217851233e-04
34.320000,1.093876923e-04
34.330000,9.261171802e-05
34.340000,6.002085485e-05
34.350000,1.050780801e-06
34.360000,-7.427704887e-05
34.370000,-1.356755370e-04
34.380000,-1.544707686e-04
34.390000,-1.265643791e-04
34.400000,-7.472069221e-05
34.410000,-2.855610850e-05
34.420000,-1.632903507e-06
34.430000,1.354286800e-05
34.440000,3.040008652e-05
34.450000,5.033217483e-05
34.460000,6.056462601e-05
34.470000,4.936576970e-05
34.480000,2.213100720e-05
34.490000,1.118634027e-06
34.500000,8.312738190e-06
34.510000,4.775308094e-05
34.520000,1.039126384e-04
34.530000,1.566912461e-04
34.540000,1.975938637e-04
34.550000,2.313857789e-04
34.560000,2.630752368e-04
34.570000,2.857729553e-04
34.580000,2.842710415e-04
34.590000,2.518582158e-04
34.600000,2.019407304e-04
34.610000,1.594824357e-04
34.620000,1.379541213e-04
34.630000,1.242196570e-04
34.640000,8.858463805e-05
34.650000,1.393766207e-05
34.660000,-8.170482399e-05
34.670000,-1.518654873e-04
34.680000,-1.555093971e-04
34.690000,-9.117505803e-05
34.700000,-1.854991786e-06
34.710000,5.505866813e-05
34.720000,4.886244688e-05
34.730000,-5.121402795e-06
34.740000,-6.124363913e-05
34.750000,-7.792143153e-05
34.760000,-4.132392549e-05
34.770000,3.730771186e-05
34.780000,1.406939921e-04
34.790000,2.582082094e-04
34.800000,3.806705151e-04
34.810000,4.875491132e-04
34.820000,5.462381477e-04
34.830000,5.302475362e-04
34.840000,4.414991921e-04
34.850000,3.141894444e-04
34.860000,1.928886513e-04
34.870000,1.017421305e-04
34.880000,3.123533825e-05
34.890000,-4.612673289e-05
34.900000,-1.460549072e-04
34.910000,-2.560268935e-04
34.920000,-3.464824179e-04
34.930000,-3.975966370e-04
34.940000,-4.150107467e-04
34.950000,-4.192662344e-04
34.960000,-4.201666412e-04
34.970000,-4.029230972e-04
34.980000,-3.416940602e-04
34.990000,-2.284003399e-04
35.000000,-8.795972415e-05
35.010000,3.724784146e-05
35.020000,1.212927443e-04
35.030000,1.756825206e-04
35.040000,2.367850689e-04
35.050000,3.300364106e-04
35.060000,4.435596881e-04
35.070000,5.358806696e-04
35.080000,5.709803654e-04
35.090000,5.482970846e-04
35.100000,4.999315558e-04
35.110000,4.582386512e-04
35.120000,4.250850878e-04
35.130000,3.725543446e-04
35.140000,2.748942265e-04
35.150000,1.411873108e-04
35.160000,1.643296461e-05
35.170000,-5.223223338e-05
35.180000,-5.446276403e-05
35.190000,-2.529515531e-05
35.200000,-1.521332363e-05
35.210000,-4.843553525e-05
35.220000,-1.061099509e-04
35.230000,-1.473617158e-04
35.240000,-1.467458461e-04
35.250000,-1.136901373e-04
35.260000,-7.870263537e-05
35.270000,-6.286456322e-05
35.280000,-6.106624566e-05
35.290000,-5.333014083e-05
35.300000,-2.946548279e-05
35.310000,4.083601610e-07
35.320000,2.069401018e-05
35.330000,3.352021419e-05
35.340000,6.268056940e-05
35.350000,1.296223808e-04
35.360000,2.231822073e-04
35.370000,2.955844283e-04
35.380000,2.953005840e-04
35.390000,2.115423360e-04
35.400000,8.981086289e-05
35.410000,2.811805090e-07
35.420000,-1.723950000e-05
35.430000,1.516962568e-05
35.440000,3.400069937e-05
35.450000,-9.971089566e-06
35.460000,-1.089647768e-04
35.470000,-2.056379203e-04
35.480000,-2.435437194e-04
35.490000,-2.154945809e-04
35.500000,-1.672809046e-04
35.510000,-1.546674100e-04
35.520000,-1.930528586e-04
35.530000,-2.443950911e-04
35.540000,-2.513875645e-04
35.550000,-1.868445281e-04
35.560000,-7.463987364e-05
35.570000,3.374167941e-05
35.580000,1.027597201e-04
35.590000,1.363415903e-04
35.600000,1.628222339e-04
35.610000,1.998786003e-04
35.620000,2.352595005e-04
35.630000,2.411875891e-04
35.640000,2.060859738e-04
35.650000,1.504732782e-04
35.660000,1.101319139e-04
35.670000,1.023245991e-04
35.680000,1.080755110e-04
35.690000,8.888590016e-05
35.700000,2.362437596e-05
35.710000,-6.845814423e-05
35.720000,-1.406908279e-04
35.730000,-1.571448519e-04
35.740000,-1.220035591e-04
35.750000,-7.422394616e-05
35.760000,-5.317515573e-05
35.770000,-6.653855044e-05
35.780000,-8.814299152e-05
35.790000,-8.512062946e-05
35.800000,-4.779466234e-05
35.810000,4.478956166e-06
35.820000,4.421498913e-05
35.830000,6.146430410e-05
35.840000,6.968326209e-05
35.850000,8.775931347e-05
35.860000,1.173324362e-04
35.870000,1.384612793e-04
35.880000,1.282346238e-04
35.890000,8.429325794e-05
35.900000,3.018458306e-05
35.910000,-3.419845210e-06
35.920000,-4.935182356e-06
35.930000,8.148815654e-06
35.940000,4.429325324e-06
35.950000,-3.448367487e-05
35.960000,-9.834584829e-05
35.970000,-1.562106325e-04
35.980000,-1.796384071e-04
35.990000,-1.613055124e-04
36.000000,-1.155561704e-04
36.010000,-6.405830301e-05
36.020000,-2.077274506e-05
36.030000,1.249837532e-05
36.040000,4.033447968e-05
36.050000,6.637593582e-05
36.060000,9.150758913e-05
36.070000,1.167298870e-04
36.080000,1.448340865e-04
36.090000,1.775759705e-04
36.100000,2.115110734e-04
36.110000,2.382494428e-04
36.120000,2.504174752e-04
36.130000,2.479626023e-04
36.140000,2.382150798e-04
36.150000,2.291681720e-04
36.160000,2.225060064e-04
36.170000,2.133227062e-04
36.180000,1.965770801e-04
36.190000,1.733369610e-04
36.200000,1.501976298e-04
36.210000,1.326279768e-04
36.220000,1.196747771e-04
36.230000,1.062309047e-04
36.240000,9.084428197e-05
36.250000,8.032800118e-05
36.260000,8.484310944e-05
36.270000,1.070439964e-04
36.280000,1.362785162e-04
36.290000,1.553388190e-04
36.300000,1.552494911e-04
36.310000,1.445671099e-04
36.320000,1.431594571e-04
36.330000,1.643060585e-04
36.340000,2.006910062e-04
36.350000,2.278425538e-04
36.360000,2.234476149e-04
36.370000,1.860850309e-04
36.380000,1.364438956e-04
36.390000,9.933613322e-05
36.400000,8.224559354e-05
36.410000,6.965783371e-05
36.420000,3.837869523e-05
36.430000,-1.996055205e-05
36.440000,-8.964065738e-05
36.450000,-1.433571287e-04
36.460000,-1.653952204e-04
36.470000,-1.648956423e-04
36.480000,-1.676972618e-04
36.490000,-1.943350107e-04
36.500000,-2.435274912e-04
36.510000,-2.947021850e-04
36.520000,-3.257286321e-04
36.530000,-3.291801520e-04
36.540000,-3.133753711e-04
36.550000,-2.895529109e-04
36.560000,-2.592840670e-04
36.570000,-2.149041603e-04
36.580000,-1.521113364e-04
36.590000,-8.127534992e-05
36.600000,-2.466888295e-05
36.610000,-2.970012163e-07
36.620000,-6.436629069e-06
36.630000,-2.148176010e-05
36.640000,-2.049649982e-05
36.650000,4.977208625e-06
36.660000,4.044686568e-05
36.670000,6.069879709e-05
36.680000,5.045608368e-05
36.690000,1.648316727e-05
36.700000,-1.830586338e-05
36.710000,-3.319147193e-05
36.720000,-2.519592179e-05
36.730000,-9.863158585e-06
36.740000,-7.937691922e-06
36.750000,-2.945245946e-05
36.760000,-6.725753974e-05
36.770000,-1.032186012e-04
36.780000,-1.205381867e-04
36.790000,-1.125787974e-04
36.800000,-8.318153735e-05
36.810000,-4.066453992e-05
36.820000,8.475226147e-06
36.830000,6.165207582e-05
36.840000,1.179523902e-04
36.850000,1.747257704e-04
36.860000,2.262703639e-04
36.870000,2.656199051e-04
36.880000,2.880419329e-04
36.890000,2.938698714e-04
36.900000,2.888244310e-04
36.910000,2.813664737e-04
36.920000,2.782324916e-04
36.930000,2.805404349e-04
36.940000,2.829265759e-04
36.950000,2.765830800e-04
36.960000,2.544831424e-04
36.970000,2.153376351e-04
36.980000,1.635493163e-04
36.990000,1.054262417e-04
37.000000,4.492196119e-05
37.010000,-1.746325965e-05
37.020000,-8.183394525e-05
37.030000,-1.449718215e-04
37.040000,-1.992710155e-04
37.050000,-2.359040057e-04
37.060000,-2.497667533e-04
37.070000,-2.422096744e-04
37.080000,-2.195719022e-04
37.090000,-1.890987000e-04
37.100000,-1.556813737e-04
37.110000,-1.215076469e-04
37.120000,-8.770804344e-05
37.130000,-5.549203899e-05
37.140000,-2.556289282e-05
37.150000,2.847063159e-06
37.160000,3.115599264e-05
37.170000,5.868200751e-05
37.180000,8.060361049e-05
37.190000,8.958788160e-05
37.200000,8.093215964e-05
37.210000,5.722949229e-05
37.220000,2.798429109e-05
37.230000,3.487204999e-06
37.240000,-1.252189581e-05
37.250000,-2.513869646e-05
37.260000,-4.305899493e-05
37.270000,-6.978434959e-05
37.280000,-9.868356823e-05
37.290000,-1.164482770e-04
37.300000,-1.124780948e-04
37.310000,-8.663415169e-05
37.320000,-4.905603074e-05
37.330000,-1.224953113e-05
37.340000,1.809906445e-05
37.350000,4.624909477e-05
37.360000,8.118157326e-05
37.370000,1.274703120e-04
37.380000,1.796806133e-04
37.390000,2.247068361e-04
37.400000,2.500788713e-04
37.410000,2.517659938e-04
37.420000,2.358237072e-04
37.430000,2.133019832e-04
37.440000,1.928225022e-04
37.450000,1.763457979e-04
37.460000,1.605489342e-04
37.470000,1.417744890e-04
37.480000,1.201204522e-04
37.490000,9.941488571e-05
37.500000,8.338923880e-05
37.510000,7.155077458e-05
37.520000,5.861566781e-05
37.530000,3.851454725e-05
37.540000,1.002292801e-05
37.550000,-2.079203103e-05
37.560000,-4.404558289e-05
37.570000,-5.343043281e-05
37.580000,-5.184445125e-05
37.590000,-5.023139423e-05
37.600000,-5.965312105e-05
37.610000,-8.229968821e-05
37.620000,-1.087317797e-04
37.630000,-1.242797156e-04
37.640000,-1.201918468e-04
37.650000,-1.007594361e-04
37.660000,-8.033871694e-05
37.670000,-7.231084185e-05
37.680000,-7.891750781e-05
37.690000,-9.041228683e-05
37.700000,-9.411409785e-05
37.710000,-8.541462316e-05
37.720000,-7.113775510e-05
37.730000,-6.250054317e-05
37.740000,-6.430473763e-05
37.750000,-7.044937076e-05
37.760000,-7.006496915e-05
37.770000,-5.861343464e-05
37.780000,-4.334670567e-05
37.790000,-3.741458306e-05
37.800000,-4.744374602e-05
37.810000,-6.592504980e-05
37.820000,-7.596173622e-05
37.830000,-6.489105919e-05
37.840000,-3.493604994e-05
37.850000,-1.267565053e-06
37.860000,2.099328415e-05
37.870000,2.928929966e-05
37.880000,3.451963634e-05
37.890000,4.975645920e-05
37.900000,7.733611939e-05
37.910000,1.062954251e-04
37.920000,1.224957224e-04
37.930000,1.219087754e-04
37.940000,1.144389929e-04
37.950000,1.143663140e-04
37.960000,1.260697300e-04
37.970000,1.384366701e-04
37.980000,1.337191838e-04
37.990000,1.034353078e-04
38.000000,5.723414546e-05
38.010000,1.661310248e-05
38.020000,-1.293858850e-06
38.030000,4.054650410e-06
38.040000,1.851397128e-05
38.050000,2.677975751e-05
38.060000,2.504339298e-05
38.070000,2.188489407e-05
38.080000,2.775156269e-05
38.090000,4.365059656e-05
38.100000,5.974809194e-05
38.110000,6.482761292e-05
38.120000,5.730277863e-05
38.130000,4.712819127e-05
38.140000,4.655301104e-05
38.150000,5.813286425e-05
38.160000,7.109746265e-05
38.170000,6.967752115e-05
38.180000,4.626977068e-05
38.190000,8.076374925e-06
38.200000,-2.833668475e-05
38.210000,-4.976328720e-05
38.220000,-5.581222348e-05
38.230000,-5.792041605e-05
38.240000,-6.965900589e-05
38.250000,-9.662399042e-05
38.260000,-1.333574279e-04
38.270000,-1.682161748e-04
38.280000,-1.910734876e-04
38.290000,-1.979576534e-04
38.300000,-1.906875721e-04
38.310000,-1.738619711e-04
38.320000,-1.525053204e-04
38.330000,-1.314145957e-04
38.340000,-1.148585228e-04
38.350000,-1.052828544e-04
38.360000,-1.016255380e-04
38.370000,-9.917012462e-05
38.380000,-9.186151377e-05
38.390000,-7.570764088e-05
38.400000,-5.080584335e-05
38.410000,-2.079566794e-05
38.420000,9.281198869e-06
38.430000,3.489734545e-05
38.440000,5.297271952e-05
38.450000,6.242248143e-05
38.460000,6.486688303e-05
38.470000,6.479944783e-05
38.480000,6.790742962e-05
38.490000,7.755730348e-05
38.500000,9.172901948e-05
38.510000,1.034277552e-04
38.520000,1.053521640e-04
38.530000,9.577978995e-05
38.540000,8.074990907e-05
38.550000,7.004844563e-05
38.560000,6.972143002e-05
38.570000,7.727903782e-05
38.580000,8.389690788e-05
38.590000,8.198530041e-05
38.600000,7.168133476e-05
38.610000,6.060227026e-05
38.620000,5.706822537e-05
38.630000,6.277716110e-05
38.640000,7.139833625e-05
38.650000,7.426079043e-05
38.660000,6.796858100e-05
38.670000,5.708184680e-05
38.680000,4.950046394e-05
38.690000,4.880612319e-05
38.700000,5.055725900e-05
38.710000,4.593290322e-05
38.720000,2.949887347e-05
38.730000,4.225871059e-06
38.740000,-2.057244183e-05
38.750000,-3.642397073e-05
38.760000,-4.171879909e-05
38.770000,-4.163781556e-05
38.780000,-4.260198722e-05
38.790000,-4.648612502e-05
38.800000,-4.961455955e-05
38.810000,-4.701360519e-05
38.820000,-3.775670023e-05
38.830000,-2.651859823e-05
38.840000,-2.003107802e-05
38.850000,-2.163667908e-05
38.860000,-2.862506944e-05
38.870000,-3.446706417e-05
38.880000,-3.393782522e-05
38.890000,-2.698454702e-05
38.900000,-1.854342551e-05
38.910000,-1.484876430e-05
38.920000,-1.924211951e-05
38.930000,-3.035417141e-05
38.940000,-4.339781155e-05
38.950000,-5.317392329e-05
38.960000,-5.672705433e-05
38.970000,-5.434548354e-05
38.980000,-4.877891524e-05
38.990000,-4.334884074e-05
39.000000,-3.992414674e-05
39.010000,-3.771094029e-05
39.020000,-3.350455200e-05
39.030000,-2.340607900e-05
39.040000,-5.184646942e-06
39.050000,2.002528082e-05
39.060000,4.772328075e-05
39.070000,7.182265072e-05
39.080000,8.729189021e-05
39.090000,9.229729425e-05
39.100000,8.879268316e-05
39.110000,8.131830105e-05
39.120000,7.465588289e-05
39.130000,7.152946169e-05
39.140000,7.152781250e-05
39.150000,7.186298259e-05
39.160000,6.961851814e-05
39.170000,6.412819591e-05
39.180000,5.773206163e-05
39.190000,5.402656547e-05
39.200000,5.464442894e-05
39.210000,5.716881551e-05
39.220000,5.639543358e-05
39.230000,4.859033977e-05
39.240000,3.549728535e-05
39.250000,2.431093237e-05
39.260000,2.273967182e-05
39.270000,3.261773548e-05
39.280000,4.745717999e-05
39.290000,5.664187924e-05
39.300000,5.347281871e-05
39.310000,4.061176338e-05
39.320000,2.810421656e-05
39.330000,2.514644824e-05
39.340000,3.219819503e-05
39.350000,4.011152983e-05
39.360000,3.724025952e-05
39.370000,1.874148652e-05
39.380000,-9.614174752e-06
39.390000,-3.609257022e-05
39.400000,-5.188317762e-05
39.410000,-5.668612571e-05
39.420000,-5.683364202e-05
39.430000,-5.856971146e-05
39.440000,-6.304879662e-05
39.450000,-6.727018014e-05
39.460000,-6.907743383e-05
39.470000,-7.049194185e-05
39.480000,-7.566522117e-05
39.490000,-8.551003394e-05
39.500000,-9.482428487e-05
39.510000,-9.560982608e-05
39.520000,-8.418133687e-05
39.530000,-6.547746565e-05
39.540000,-5.003094159e-05
39.550000,-4.570552816e-05
39.560000,-5.135475832e-05
39.570000,-5.808720100e-05
39.580000,-5.701739656e-05
39.590000,-4.652601655e-05
39.600000,-3.263430340e-05
39.610000,-2.258435021e-05
39.620000,-1.799506410e-05
39.630000,-1.410606013e-05
39.640000,-5.554210427e-06
39.650000,7.270633348e-06
39.660000,1.778939405e-05
39.670000,1.938563368e-05
39.680000,1.225359445e-05
39.690000,4.136160652e-06
39.700000,3.850394232e-06
39.710000,1.342403849e-05
39.720000,2.618086722e-05
39.730000,3.268351804e-05
39.740000,2.913354909e-05
39.750000,2.052338870e-05
39.760000,1.572574642e-05
39.770000,1.920976384e-05
39.780000,2.713937952e-05
39.790000,3.137796871e-05
39.800000,2.744378193e-05
39.810000,1.883655751e-05
39.820000,1.375167059e-05
39.830000,1.746506437e-05
39.840000,2.765367629e-05
39.850000,3.694579513e-05
39.860000,4.007214076e-05
39.870000,3.873523303e-05
39.880000,3.964257855e-05
39.890000,4.768059784e-05
39.900000,6.070436289e-05
39.910000,7.075468264e-05
39.920000,7.046290776e-05
39.930000,5.876394976e-05
39.940000,4.104328181e-05
39.950000,2.424475169e-05
39.960000,1.192603602e-05
39.970000,3.602882405e-06
39.980000,-2.024600491e-06
39.990000,-4.229598013e-06
40.000000,-1.189200034e-06
40.010000,6.405212881e-06
40.020000,1.344050986e-05
40.030000,1.314858048e-05
40.040000,2.716168418e-06
40.050000,-1.346396394e-05
40.060000,-2.647010694e-05
40.070000,-2.967734389e-05
40.080000,-2.393134317e-05
40.090000,-1.652101693e-05
40.100000,-1.487522278e-05
40.110000,-2.053209235e-05
40.120000,-2.847030950e-05
40.130000,-3.192073725e-05
40.140000,-2.799412608e-05
40.150000,-1.920329461e-05
40.160000,-1.018049867e-05
40.170000,-3.352264374e-06
40.180000,2.209639462e-06
40.190000,8.216934929e-06
40.200000,1.418752194e-05
40.210000,1.752047482e-05
40.220000,1.657395991e-05
40.230000,1.331581352e-05
40.240000,1.239984911e-05
40.250000,1.719324327e-05
40.260000,2.657397734e-05
40.270000,3.579112783e-05
40.280000,4.073485577e-05
40.290000,4.151096770e-05
40.300000,4.178199511e-05
40.310000,4.448752249e-05
40.320000,4.824508254e-05
40.330000,4.824161904e-05
40.340000,4.106316919e-05
40.350000,2.886208475e-05
40.360000,1.858981353e-05
40.370000,1.659958981e-05
40.380000,2.339275307e-05
40.390000,3.329289404e-05
40.400000,3.932828270e-05
40.410000,3.886169504e-05
40.420000,3.496974806e-05
40.430000,3.265011058e-05
40.440000,3.371606601e-05
40.450000,3.523853950e-05
40.460000,3.277733057e-05
40.470000,2.498114395e-05
40.480000,1.495417082e-05
40.490000,7.145675617e-06
40.500000,3.006829557e-06
40.510000,-1.751333907e-07
40.520000,-6.094205860e-06
40.530000,-1.510071824e-05
40.540000,-2.313696508e-05
40.550000,-2.518894087e-05
40.560000,-2.008616266e-05
40.570000,-1.207778851e-05
40.580000,-7.595652270e-06
40.590000,-1.010302563e-05
40.600000,-1.762135307e-05
40.610000,-2.490167010e-05
40.620000,-2.791795690e-05
40.630000,-2.652505982e-05
40.640000,-2.329617858e-05
40.650000,-2.035501356e-05
40.660000,-1.764736942e-05
40.670000,-1.413360753e-05
40.680000,-1.008313089e-05
40.690000,-7.525240311e-06
40.700000,-8.088401210e-06
40.710000,-1.056770556e-05
40.720000,-1.120942339e-05
40.730000,-7.027338253e-06
40.740000,8.875093613e-07
40.750000,7.587403491e-06
40.760000,8.359693715e-06
40.770000,3.134476533e-06
40.780000,-3.035109388e-06
40.790000,-4.193908667e-06
40.800000,1.285647624e-06
40.810000,9.295099289e-06
40.820000,1.378382278e-05
40.830000,1.226964789e-05
40.840000,7.928709775e-06
40.850000,6.328131506e-06
40.860000,9.928795136e-06
40.870000,1.560328545e-05
40.880000,1.755036408e-05
40.890000,1.285463295e-05
40.900000,4.433245736e-06
40.910000,-1.382659832e-06
40.920000,-2.917646652e-07
40.930000,6.630176763e-06
40.940000,1.464406781e-05
40.950000,2.015845853e-05
40.960000,2.379504111e-05
40.970000,2.879384509e-05
40.980000,3.660154000e-05
40.990000,4.433807727e-05
41.000000,4.695375073e-05
41.010000,4.212517082e-05
41.020000,3.301183163e-05
41.030000,2.586946023e-05
41.040000,2.448103367e-05
41.050000,2.662819665e-05
41.060000,2.611791387e-05
41.070000,1.868304978e-05
41.080000,6.308086215e-06
41.090000,-4.142855196e-06
41.100000,-6.860163515e-06
41.110000,-2.195102240e-06
41.120000,3.695793466e-06
41.130000,4.270442054e-06
41.140000,-1.886874353e-06
41.150000,-1.033083853e-05
41.160000,-1.512481592e-05
41.170000,-1.401828442e-05
41.180000,-9.715709752e-06
41.190000,-6.499219580e-06
41.200000,-5.889045221e-06
41.210000,-5.664405672e-06
41.220000,-2.974919573e-06
41.230000,1.888594179e-06
41.240000,5.105418338e-06
41.250000,2.881273652e-06
41.260000,-4.546853089e-06
41.270000,-1.255138204e-05
41.280000,-1.602141374e-05
41.290000,-1.399056000e-05
41.300000,-1.062435568e-05
41.310000,-1.155399041e-05
41.320000,-1.886988131e-05
41.330000,-2.929123198e-05
41.340000,-3.701675189e-05
41.350000,-3.846289216e-05
41.360000,-3.457876255e-05
41.370000,-2.899077498e-05
41.380000,-2.424503859e-05
41.390000,-1.997198638e-05
41.400000,-1.452483211e-05
41.410000,-7.969224640e-06
41.420000,-2.959621454e-06
41.430000,-2.333392143e-06
41.440000,-5.808258462e-06
41.450000,-9.342462650e-06
41.460000,-8.241677208e-06
41.470000,-1.345557817e-06
41.480000,7.682599041e-06
41.490000,1.338805590e-05
41.500000,1.323589592e-05
41.510000,9.686634157e-06
41.520000,7.726301909e-06
41.530000,1.018524001e-05
41.540000,1.522925667e-05
41.550000,1.831222209e-05
41.560000,1.664606867e-05
41.570000,1.190056651e-05
41.580000,8.589172888e-06
41.590000,9.724509067e-06
41.600000,1.389947965e-05
41.610000,1.656200403e-05
41.620000,1.427364795e-05
41.630000,7.955219024e-06
41.640000,2.116415874e-06
41.650000,8.409695912e-07
41.660000,4.269664968e-06
41.670000,8.738939051e-06
41.680000,1.024765754e-05
41.690000,7.902632086e-06
41.700000,4.238241964e-06
41.710000,2.418963952e-06
41.720000,3.231358974e-06
41.730000,4.736982982e-06
41.740000,4.692399656e-06
41.750000,3.133015998e-06
41.760000,2.471405953e-06
41.770000,5.020077090e-06
41.780000,1.042956414e-05
41.790000,1.560759893e-05
41.800000,1.724760512e-05
41.810000,1.458446486e-05
41.820000,9.834999089e-06
41.830000,6.038105626e-06
41.840000,4.437335546e-06
41.850000,3.828463149e-06
41.860000,2.256725788e-06
41.870000,-8.340296609e-07
41.880000,-4.185833281e-06
41.890000,-6.324458640e-06
41.900000,-7.344968071e-06
41.910000,-8.897952409e-06
41.920000,-1.230842847e-05
41.930000,-1.678284311e-05
41.940000,-1.970471293e-05
41.950000,-1.897842549e-05
41.960000,-1.524399909e-05
41.970000,-1.170543175e-05
41.980000,-1.148215521e-05
41.990000,-1.478576471e-05
42.000000,-1.852445837e-05
42.010000,-1.878821075e-05
42.020000,-1.405641982e-05
42.030000,-6.337098333e-06
42.040000,6.406028866e-07
42.050000,4.420580681e-06
42.060000,5.326993837e-06
42.070000,5.384242920e-06
42.080000,6.012074896e-06
42.090000,6.841966979e-06
42.100000,6.662198659e-06
42.110000,5.273477967e-06
42.120000,4.155017892e-06
42.130000,5.128175340e-06
42.140000,8.328548347e-06
42.150000,1.161941627e-05
42.160000,1.224901980e-05
42.170000,9.339219572e-06
42.180000,4.864407687e-06
42.190000,2.101263225e-06
42.200000,2.888898311e-06
42.210000,6.185346014e-06
42.220000,9.221470228e-06
42.230000,1.013851219e-05
42.240000,9.626432131e-06
42.250000,1.004214362e-05
42.260000,1.286423150e-05
42.270000,1.690063978e-05
42.280000,1.896900668e-05
42.290000,1.649569501e-05
42.300000,9.740503249e-06
42.310000,1.706525686e-06
42.320000,-4.147696307e-06
42.330000,-6.403892322e-06
42.340000,-6.343065378e-06
42.350000,-6.424360338e-06
42.360000,-8.087183013e-06
42.370000,-1.074917387e-05
42.380000,-1.259850401e-05
42.390000,-1.218575012e-05
42.400000,-9.358911254e-06
42.410000,-4.978267742e-06
42.420000,-4.463854270e-08
42.430000,4.791860857e-06
42.440000,9.064789127e-06
42.450000,1.222213525e-05
42.460000,1.385993917e-05
42.470000,1.431985498e-05
42.480000,1.486497368e-05
42.490000,1.690513066e-05
42.500000,2.072558649e-05
42.510000,2.486791401e-05
42.520000,2.691738054e-05
42.530000,2.522897021e-05
42.540000,2.019432593e-05
42.550000,1.393886285e-05
42.560000,8.669010171e-06
42.570000,5.086267474e-06
42.580000,2.222166350e-06
42.590000,-1.254914617e-06
42.600000,-5.543326077e-06
42.610000,-9.411653024e-06
42.620000,-1.130595900e-05
42.630000,-1.075285398e-05
42.640000,-8.741691631e-06
42.650000,-6.792795987e-06
42.660000,-5.657690560e-06
42.670000,-4.888246670e-06
42.680000,-3.614809383e-06
42.690000,-1.673896638e-06
42.700000,1.048700689e-07
42.710000,7.754490894e-07
42.720000,4.249136403e-07
42.730000,3.620479058e-07
42.740000,2.017007459e-06
42.750000,5.520402214e-06
42.760000,9.340550468e-06
42.770000,1.143457077e-05
42.780000,1.095102236e-05
42.790000,8.947370301e-06
42.800000,7.423218050e-06
42.810000,7.479878221e-06
42.820000,8.230557698e-06
42.830000,7.456053179e-06
42.840000,3.478488850e-06
42.850000,-3.338494417e-06
42.860000,-1.072481234e-05
42.870000,-1.612573413e-05
42.880000,-1.843062926e-05
42.890000,-1.843497698e-05
42.900000,-1.783014075e-05
42.910000,-1.775189457e-05
42.920000,-1.813890931e-05
42.930000,-1.826084262e-05
42.940000,-1.768980491e-05
42.950000,-1.671568470e-05
42.960000,-1.589843344e-05
42.970000,-1.534874812e-05
42.980000,-1.455511746e-05
42.990000,-1.295852140e-05
43.000000,-1.066100906e-05
43.010000,-8.465375237e-06
43.020000,-7.094370178e-06
43.030000,-6.308131300e-06
43.040000,-4.853888573e-06
43.050000,-1.474440999e-06
43.060000,3.806591902e-06
43.070000,9.276386698e-06
43.080000,1.250166853e-05
43.090000,1.201975572e-05
43.100000,8.434614591e-06
43.110000,4.030110253e-06
43.120000,1.191042930e-06
43.130000,8.541346788e-07
43.140000,2.130909888e-06
43.150000,3.267554516e-06
43.160000,3.074356204e-06
43.170000,1.693158034e-06
43.180000,2.197033070e-07
43.190000,-3.467323248e-07
43.200000,1.028638785e-07
43.210000,8.273682147e-07
43.220000,9.279425635e-07
43.230000,2.592060834e-08
43.240000,-1.604620104e-06
43.250000,-3.435744734e-06
43.260000,-5.159864281e-06
43.270000,-6.802828975e-06
43.280000,-8.448834691e-06
43.290000,-9.936170609e-06
43.300000,-1.088431931e-05
43.310000,-1.105615156e-05
43.320000,-1.070751872e-05
43.330000,-1.056193252e-05
43.340000,-1.137073094e-05
43.350000,-1.338392061e-05
43.360000,-1.615033830e-05
43.370000,-1.881170519e-05
43.380000,-2.066410281e-05
43.390000,-2.155300561e-05
43.400000,-2.180892512e-05
43.410000,-2.179684151e-05
43.420000,-2.145193572e-05
43.430000,-2.018792569e-05
43.440000,-1.729151016e-05
43.450000,-1.254856283e-05
43.460000,-6.642557796e-06
43.470000,-9.852975568e-07
43.480000,2.976592607e-06
43.490000,4.553890982e-06
43.500000,4.180328752e-06
43.510000,3.093860067e-06
43.520000,2.536436759e-06
43.530000,3.007717687e-06
43.540000,4.066836484e-06
43.550000,4.779103930e-06
43.560000,4.442489938e-06
43.570000,3.050554784e-06
43.580000,1.183157612e-06
43.590000,-5.287082925e-07
43.600000,-1.901432391e-06
43.610000,-3.264382730e-06
43.620000,-5.078767913e-06
43.630000,-7.467305291e-06
43.640000,-1.005632847e-05
43.650000,-1.222428682e-05
43.660000,-1.348702650e-05
43.670000,-1.367189516e-05
43.680000,-1.279616786e-05
43.690000,-1.088814780e-05
43.700000,-8.034727308e-06
43.710000,-4.654184463e-06
43.720000,-1.664863998e-06
43.730000,-2.052529114e-07
43.740000,-9.394169720e-07
43.750000,-3.446330356e-06
43.760000,-6.284889295e-06
43.770000,-7.865050423e-06
43.780000,-7.565914425e-06
43.790000,-6.229040010e-06
43.800000,-5.560329676e-06
43.810000,-6.822495609e-06
43.820000,-9.802986912e-06
43.830000,-1.287618278e-05
43.840000,-1.414186604e-05
43.850000,-1.277627182e-05
43.860000,-9.567921681e-06
43.870000,-6.265394959e-06
43.880000,-4.295308516e-06
43.890000,-3.854037945e-06
43.900000,-4.002998272e-06
43.910000,-3.560766713e-06
43.920000,-1.997290144e-06
43.930000,3.494025744e-07
43.940000,2.761788118e-06
43.950000,4.783614126e-06
43.960000,6.438946541e-06
43.970000,7.939600141e-06
43.980000,9.279198680e-06
43.990000,1.015961074e-05
44.000000,1.031056702e-05
44.010000,9.849849420e-06
44.020000,9.287278068e-06
44.030000,9.131150747e-06
44.040000,9.459026842e-06
44.050000,9.868730684e-06
44.060000,9.871603419e-06
44.070000,9.367690397e-06
44.080000,8.756727349e-06
44.090000,8.569625759e-06
44.100000,8.942950827e-06
44.110000,9.404884326e-06
44.120000,9.171446128e-06
44.130000,7.715949113e-06
44.140000,5.156904312e-06
44.150000,2.180116380e-06
44.160000,-4.077968387e-07
44.170000,-2.138701521e-06
44.180000,-3.048119894e-06
44.190000,-3.501257120e-06
44.200000,-3.866591164e-06
44.210000,-4.262817801e-06
44.220000,-4.487683257e-06
44.230000,-4.115608014e-06
44.240000,-2.712172129e-06
44.250000,-1.071192440e-07
44.260000,3.381646264e-06
44.270000,6.935041394e-06
44.280000,9.534148240e-06
44.290000,1.047483868e-05
44.300000,9.785072483e-06
44.310000,8.226274189e-06
44.320000,6.821351562e-06
44.330000,6.208168057e-06
44.340000,6.271040184e-06
44.350000,6.297445005e-06
44.360000,5.498521147e-06
44.370000,3.472898151e-06
44.380000,3.083444723e-07
44.390000,-3.620578006e-06
44.400000,-7.848220318e-06
44.410000,-1.179875236e-05
44.420000,-1.468211153e-05
44.430000,-1.563171499e-05
44.440000,-1.420747745e-05
44.450000,-1.093614285e-05
44.460000,-7.325087720e-06
44.470000,-5.096192628e-06
44.480000,-5.060854471e-06
44.490000,-6.498361507e-06
44.500000,-7.633598373e-06
44.510000,-6.966098660e-06
44.520000,-4.461425583e-06
44.530000,-1.640593256e-06
44.540000,-4.438461231e-07
44.550000,-1.743264976e-06
44.560000,-4.691274274e-06
44.570000,-7.421821367e-06
44.580000,-8.511847953e-06
44.590000,-8.002533119e-06
44.600000,-7.185815634e-06
44.610000,-7.413210461e-06
44.620000,-8.966436676e-06
44.630000,-1.089832941e-05
44.640000,-1.187933018e-05
44.650000,-1.125894295e-05
44.660000,-9.460739627e-06
44.670000,-7.482652829e-06
44.680000,-6.047159228e-06
44.690000,-5.163830186e-06
44.700000,-4.395562212e-06
44.710000,-3.450980303e-06
44.720000,-2.489038407e-06
44.730000,-1.891008964e-06
44.740000,-1.814432684e-06
44.750000,-2.030338081e-06
44.760000,-2.203642225e-06
44.770000,-2.284657437e-06
44.780000,-2.551222869e-06
44.790000,-3.212756974e-06
44.800000,-3.982734010e-06
44.810000,-4.126986645e-06
44.820000,-3.062956146e-06
44.830000,-1.014482666e-06
44.840000,9.215717103e-07
44.850000,1.479092331e-06
44.860000,1.905465396e-07
44.870000,-2.181324737e-06
44.880000,-4.151392623e-06
44.890000,-4.591754331e-06
44.900000,-3.532266740e-06
44.910000,-2.057877161e-06
44.920000,-1.419849197e-06
44.930000,-2.100186020e-06
44.940000,-3.558483572e-06
44.950000,-4.789019418e-06
44.960000,-5.156792491e-06
44.970000,-4.812431448e-06
44.980000,-4.406821130e-06
44.990000,-4.435579868e-06
45.000000,-4.814927670e-06
45.010000,-5.027262517e-06
45.020000,-4.650391350e-06
45.030000,-3.771161796e-06
45.040000,-2.930759852e-06
45.050000,-2.684918443e-06
45.060000,-3.185954602e-06
45.070000,-4.140720982e-06
45.080000,-5.150152626e-06
45.090000,-6.109696758e-06
45.100000,-7.313944466e-06
45.110000,-9.173156929e-06
45.120000,-1.178090126e-05
45.130000,-1.469754687e-05
45.140000,-1.714158177e-05
45.150000,-1.845978013e-05
45.160000,-1.853338356e-05
45.170000,-1.782549648e-05
45.180000,-1.703708137e-05
45.190000,-1.662012761e-05
45.200000,-1.649690315e-05
45.210000,-1.618155522e-05
45.220000,-1.520189018e-05
45.230000,-1.349458915e-05
45.240000,-1.147003863e-05
45.250000,-9.701462832e-06
45.260000,-8.489134568e-06
45.270000,-7.651068231e-06
45.280000,-6.713142412e-06
45.290000,-5.349650774e-06
45.300000,-3.713870822e-06
45.310000,-2.373270024e-06
45.320000,-1.878213688e-06
45.330000,-2.299891091e-06
45.340000,-3.116605541e-06
45.350000,-3.557727747e-06
45.360000,-3.144925696e-06
45.370000,-2.008901045e-06
45.380000,-7.459532372e-07
45.390000,4.574048424e-08
45.400000,1.672186621e-07
45.410000,-1.363265119e-07
45.420000,-4.578587835e-07
45.430000,-5.508699831e-07
45.440000,-4.264419334e-07
45.450000,-2.089142798e-07
45.460000,4.129191777e-08
45.470000,3.378950314e-07
45.480000,6.277910164e-07
45.490000,7.050453470e-07
45.500000,3.436430978e-07
45.510000,-4.302107902e-07
45.520000,-1.200619642e-06
45.530000,-1.364440147e-06
45.540000,-5.815487169e-07
45.550000,8.796818083e-07
45.560000,2.225352338e-06
45.570000,2.645295010e-06
45.580000,1.885776134e-06
45.590000,4.415116026e-07
45.600000,-7.931472186e-07
45.610000,-1.153791137e-06
45.620000,-6.452259208e-07
45.630000,1.199059771e-07
45.640000,4.069610251e-07
45.650000,-1.064465881e-07
45.660000,-1.120620174e-06
45.670000,-1.933324011e-06
45.680000,-1.892463816e-06
45.690000,-7.686587340e-07
45.700000,1.158289975e-06
45.710000,3.299102884e-06
45.720000,5.088082558e-06
45.730000,6.260307873e-06
45.740000,6.938291135e-06
45.750000,7.491877773e-06
45.760000,8.248338007e-06
45.770000,9.224555485e-06
45.780000,1.006782462e-05
45.790000,1.027529235e-05
45.800000,9.558757094e-06
45.810000,8.082845886e-06
45.820000,6.370586537e-06
45.830000,4.922434229e-06
45.840000,3.840643928e-06
45.850000,2.774807006e-06
45.860000,1.257161986e-06
45.870000,-8.365699931e-07
45.880000,-3.094548236e-06
45.890000,-4.825276056e-06
45.900000,-5.555598357e-06
45.910000,-5.345604353e-06
45.920000,-4.657054088e-06
45.930000,-3.912655233e-06
45.940000,-3.158840994e-06
45.950000,-2.138679560e-06
45.960000,-6.873865193e-07
45.970000,9.525741994e-07
45.980000,2.231701359e-06
45.990000,2.744572039e-06
46.000000,2.612543735e-06
46.010000,2.415530622e-06
46.020000,2.700430393e-06
46.030000,3.498958797e-06
46.040000,4.300380505e-06
46.050000,4.516833299e-06
46.060000,4.021424728e-06
46.070000,3.262728990e-06
46.080000,2.845772579e-06
46.090000,2.965058475e-06
46.100000,3.216830580e-06
46.110000,2.969302201e-06
46.120000,1.952138323e-06
46.130000,5.216841607e-07
46.140000,-6.413226543e-07
46.150000,-1.119517301e-06
46.160000,-1.091485305e-06
46.170000,-1.115479602e-06
46.180000,-1.584471953e-06
46.190000,-2.368602736e-06
46.200000,-2.968517948e-06
46.210000,-3.013971933e-06
46.220000,-2.621195178e-06
46.230000,-2.268721603e-06
46.240000,-2.319229807e-06
46.250000,-2.654887642e-06
46.260000,-2.781067089e-06
46.270000,-2.299402165e-06
46.280000,-1.294768038e-06
46.290000,-2.648263742e-07
46.300000,3.363808077e-07
46.310000,4.952368419e-07
46.320000,5.883696866e-07
46.330000,9.355094592e-07
46.340000,1.398659679e-06
46.350000,1.435569537e-06
46.360000,5.819740968e-07
46.370000,-1.080153580e-06
46.380000,-2.914721007e-06
46.390000,-4.214651374e-06
46.400000,-4.755555523e-06
46.410000,-4.928654887e-06
46.420000,-5.337984888e-06
46.430000,-6.226391917e-06
46.440000,-7.239159602e-06
46.450000,-7.718170313e-06
46.460000,-7.244294253e-06
46.470000,-5.947496195e-06
46.480000,-4.345719865e-06
46.490000,-2.907674673e-06
46.500000,-1.753546453e-06
46.510000,-7.288322107e-07
46.520000,2.898949914e-07
46.530000,1.200176155e-06
46.540000,1.780659124e-06
46.550000,1.959696758e-06
46.560000,1.934067999e-06
46.570000,1.982207944e-06
46.580000,2.140926792e-06
46.590000,2.082281278e-06
46.600000,1.359711978e-06
46.610000,-1.628770989e-07
46.620000,-2.087855258e-06
46.630000,-3.698460293e-06
46.640000,-4.461201487e-06
46.650000,-4.406692356e-06
46.660000,-4.076292840e-06
46.670000,-4.083927555e-06
46.680000,-4.650757550e-06
46.690000,-5.469568116e-06
46.700000,-5.969449708e-06
46.710000,-5.739901749e-06
46.720000,-4.789567801e-06
46.730000,-3.490431082e-06
46.740000,-2.309812727e-06
46.750000,-1.551132352e-06
46.760000,-1.254406143e-06
46.770000,-1.257484359e-06
46.780000,-1.328562507e-06
46.790000,-1.290011614e-06
46.800000,-1.098910000e-06
46.810000,-8.640581428e-07
46.820000,-7.753508643e-07
46.830000,-9.573458821e-07
46.840000,-1.337375204e-06
46.850000,-1.654987347e-06
46.860000,-1.654100602e-06
46.870000,-1.331541254e-06
46.880000,-1.019242262e-06
46.890000,-1.177088247e-06
46.900000,-2.020234665e-06
46.910000,-3.286463839e-06
46.920000,-4.374716333e-06
46.930000,-4.783100745e-06
46.940000,-4.498118618e-06
46.950000,-3.999031735e-06
46.960000,-3.858395972e-06
46.970000,-4.272627134e-06
46.980000,-4.924254832e-06
46.990000,-5.287141106e-06
47.000000,-5.092898106e-06
47.010000,-4.538688325e-06
47.020000,-4.061890022e-06
47.030000,-3.910084008e-06
47.040000,-3.921049975e-06
47.050000,-3.721629207e-06
47.060000,-3.147382253e-06
47.070000,-2.462216793e-06
47.080000,-2.138917375e-06
47.090000,-2.386984744e-06
47.100000,-2.880180496e-06
47.110000,-2.975739414e-06
47.120000,-2.263366212e-06
47.130000,-9.553733749e-07
47.140000,2.541630423e-07
47.150000,7.637767353e-07
47.160000,5.752775312e-07
47.170000,2.842814874e-07
47.180000,5.503026794e-07
47.190000,1.510613110e-06
47.200000,2.653732484e-06
47.210000,3.258683020e-06
47.220000,3.005621646e-06
47.230000,2.222085568e-06
47.240000,1.566403713e-06
47.250000,1.452412974e-06
47.260000,1.733179605e-06
47.270000,1.904598916e-06
47.280000,1.611583783e-06
47.290000,9.808858127e-07
47.300000,4.894892284e-07
47.310000,5.165202539e-07
47.320000,1.007501595e-06
47.330000,1.554257346e-06
47.340000,1.796246445e-06
47.350000,1.756542355e-06
47.360000,1.802616152e-06
47.370000,2.282266145e-06
47.380000,3.183986851e-06
47.390000,4.134602298e-06
47.400000,4.723180493e-06
47.410000,4.841521207e-06
47.420000,4.732821416e-06
47.430000,4.725547000e-06
47.440000,4.920394574e-06
47.450000,5.123725289e-06
47.460000,5.070520401e-06
47.470000,4.703198468e-06
47.480000,4.233115351e-06
47.490000,3.935578893e-06
47.500000,3.890162951e-06
47.510000,3.923733055e-06
47.520000,3.807928903e-06
47.530000,3.511579404e-06
47.540000,3.254768063e-06
47.550000,3.303786711e-06
47.560000,3.697685625e-06
47.570000,4.166615842e-06
47.580000,4.325339813e-06
47.590000,3.971908790e-06
47.600000,3.228715027e-06
47.610000,2.411220505e-06
47.620000,1.754586557e-06
47.630000,1.244492819e-06
47.640000,6.878488204e-07
47.650000,-6.490294452e-08
47.660000,-9.604841884e-07
47.670000,-1.780845913e-06
47.680000,-2.317720699e-06
47.690000,-2.506676564e-06
47.700000,-2.409450802e-06
47.710000,-2.097839583e-06
47.720000,-1.582367579e-06
47.730000,-8.600628411e-07
47.740000,-1.105043524e-08
47.750000,7.891257957e-07
47.760000,1.386512021e-06
47.770000,1.790987208e-06
47.780000,2.188218025e-06
47.790000,2.778166826e-06
47.800000,3.572083024e-06
47.810000,4.342104906e-06
47.820000,4.791321357e-06
47.830000,4.805876871e-06
47.840000,4.560760993e-06
47.850000,4.372519599e-06
47.860000,4.421283949e-06
47.870000,4.590210952e-06
47.880000,4.572065963e-06
47.890000,4.155142627e-06
47.900000,3.438205021e-06
47.910000,2.784204878e-06
47.920000,2.551167915e-06
47.930000,2.829987346e-06
47.940000,3.403851585e-06
47.950000,3.943516178e-06
47.960000,4.253017566e-06
47.970000,4.358253097e-06
47.980000,4.393176739e-06
47.990000,4.424463378e-06
48.000000,4.392220499e-06
48.010000,4.208308243e-06
48.020000,3.888473414e-06
48.030000,3.565308621e-06
48.040000,3.359844117e-06
48.050000,3.243548928e-06
48.060000,3.042728432e-06
48.070000,2.601051317e-06
48.080000,1.954284938e-06
48.090000,1.343216605e-06
48.100000,1.031756854e-06
48.110000,1.081063170e-06
48.120000,1.283198376e-06
48.130000,1.323375104e-06
48.140000,1.037701227e-06
48.150000,5.473826908e-07
48.160000,1.573315216e-07
48.170000,1.095020092e-07
48.180000,4.001124034e-07
48.190000,8.054643236e-07
48.200000,1.077412290e-06
48.210000,1.132045320e-06
48.220000,1.079183280e-06
48.230000,1.090894123e-06
48.240000,1.241719122e-06
48.250000,1.458146163e-06
48.260000,1.602214381e-06
48.270000,1.596401734e-06
48.280000,1.477204834e-06
48.290000,1.346330536e-06
48.300000,1.282042424e-06
48.310000,1.291668938e-06
48.320000,1.328595626e-06
48.330000,1.335882122e-06
48.340000,1.273425347e-06
48.350000,1.124564576e-06
48.360000,9.048550526e-07
48.370000,6.779735419e-07
48.380000,5.481210461e-07
48.390000,6.000200210e-07
48.400000,8.128816768e-07
48.410000,1.029110390e-06
48.420000,1.038614142e-06
48.430000,7.412941236e-07
48.440000,2.599756822e-07
48.450000,-1.093655198e-07
48.460000,-9.684733985e-08
48.470000,3.416773436e-07
48.480000,9.920801005e-07
48.490000,1.552406827e-06
48.500000,1.866993526e-06
48.510000,2.025352602e-06
48.520000,2.244805531e-06
48.530000,2.648682215e-06
48.540000,3.144085024e-06
48.550000,3.509448238e-06
48.560000,3.607381559e-06
48.570000,3.521333088e-06
48.580000,3.484799223e-06
48.590000,3.665835345e-06
48.600000,4.006583082e-06
48.610000,4.267797590e-06
48.620000,4.237723593e-06
48.630000,3.912188414e-06
48.640000,3.481627927e-06
48.650000,3.143395751e-06
48.660000,2.921617897e-06
48.670000,2.666648456e-06
48.680000,2.231372782e-06
48.690000,1.649495829e-06
48.700000,1.137409424e-06
48.710000,9.106395307e-07
48.720000,9.862384205e-07
48.730000,1.160777795e-06
48.740000,1.190809375e-06
48.750000,1.011621564e-06
48.760000,7.913210668e-07
48.770000,7.688254589e-07
48.780000,1.025152206e-06
48.790000,1.399151490e-06
48.800000,1.624101703e-06
48.810000,1.558044021e-06
48.820000,1.298848146e-06
48.830000,1.087392014e-06
48.840000,1.098303814e-06
48.850000,1.312502400e-06
48.860000,1.575556781e-06
48.870000,1.764316751e-06
48.880000,1.889056521e-06
48.890000,2.038045880e-06
48.900000,2.240008957e-06
48.910000,2.404651180e-06
48.920000,2.416787537e-06
48.930000,2.292075172e-06
48.940000,2.223196851e-06
48.950000,2.440702630e-06
48.960000,2.996978253e-06
48.970000,3.676228266e-06
48.980000,4.136872262e-06
48.990000,4.184307164e-06
49.000000,3.942970751e-06
49.010000,3.771976885e-06
49.020000,3.986505202e-06
49.030000,4.613961544e-06
49.040000,5.381993481e-06
49.050000,5.936553940e-06
49.060000,6.100928211e-06
49.070000,5.971229776e-06
49.080000,5.799534687e-06
49.090000,5.791535699e-06
49.100000,5.988350598e-06
49.110000,6.295828341e-06
49.120000,6.589007853e-06
49.130000,6.781623599e-06
49.140000,6.825006254e-06
49.150000,6.689801287e-06
49.160000,6.388605496e-06
49.170000,6.020804304e-06
49.180000,5.760284738e-06
49.190000,5.745888497e-06
49.200000,5.945532197e-06
49.210000,6.128654440e-06
49.220000,6.011513962e-06
49.230000,5.482740366e-06
49.240000,4.720101842e-06
49.250000,4.080256587e-06
49.260000,3.833961846e-06
49.270000,3.961116346e-06
49.280000,4.177827417e-06
49.290000,4.171261334e-06
49.300000,3.841178850e-06
49.310000,3.348592232e-06
49.320000,2.948104905e-06
49.330000,2.768570287e-06
49.340000,2.736940487e-06
49.350000,2.692805069e-06
49.360000,2.561657129e-06
49.370000,2.413192428e-06
49.380000,2.358850874e-06
49.390000,2.407747544e-06
49.400000,2.438447625e-06
49.410000,2.321245509e-06
49.420000,2.067050920e-06
49.430000,1.844690658e-06
49.440000,1.835809520e-06
49.450000,2.062093123e-06
49.460000,2.357416819e-06
49.470000,2.523371419e-06
49.480000,2.526395451e-06
49.490000,2.545464490e-06
49.500000,2.814961694e-06
49.510000,3.402462051e-06
49.520000,4.129234644e-06
49.530000,4.713800716e-06
49.540000,5.012423202e-06
49.550000,5.138030415e-06
49.560000,5.348725269e-06
49.570000,5.807779409e-06
49.580000,6.433115448e-06
49.590000,6.969025772e-06
49.600000,7.208294358e-06
49.610000,7.160694844e-06
49.620000,7.023361113e-06
49.630000,6.996088899e-06
49.640000,7.119687587e-06
49.650000,7.276500229e-06
49.660000,7.328834449e-06
49.670000,7.246824286e-06
49.680000,7.106581204e-06
49.690000,6.981634912e-06
49.700000,6.857988108e-06
49.710000,6.669408907e-06
49.720000,6.413261401e-06
49.730000,6.211238567e-06
49.740000,6.227347120e-06
49.750000,6.504442180e-06
49.760000,6.879906190e-06
49.770000,7.082692449e-06
49.780000,6.944987861e-06
49.790000,6.543724772e-06
49.800000,6.139247378e-06
49.810000,5.958523615e-06
49.820000,6.011925034e-06
49.830000,6.102783330e-06
49.840000,6.014725219e-06
49.850000,5.704492602e-06
49.860000,5.330811175e-06
49.870000,5.104936565e-06
49.880000,5.107892314e-06
49.890000,5.237345009e-06
49.900000,5.315875526e-06
49.910000,5.243840567e-06
49.920000,5.054014987e-06
49.930000,4.836002711e-06
49.940000,4.627798885e-06
49.950000,4.391700561e-06
49.960000,4.090328449e-06
49.970000,3.766670261e-06
49.980000,3.527384535e-06
49.990000,3.435865567e-06
50.000000,3.427832552e-06
50.010000,3.351826621e-06
50.020000,3.112501584e-06
50.030000,2.779928728e-06
50.040000,2.545831832e-06
50.050000,2.551220053e-06
50.060000,2.742814898e-06
50.070000,2.903080311e-06
50.080000,2.842619402e-06
50.090000,2.587328310e-06
50.100000,2.386001244e-06
50.110000,2.519705502e-06
50.120000,3.072215179e-06
50.130000,3.857826212e-06
50.140000,4.564497824e-06
50.150000,4.983103813e-06
50.160000,5.127662229e-06
50.170000,5.161999570e-06
50.180000,5.225830865e-06
50.190000,5.329977761e-06
50.200000,5.401923621e-06
50.210000,5.406362750e-06
50.220000,5.398780615e-06
50.230000,5.454410502e-06
50.240000,5.557224967e-06
50.250000,5.584038936e-06
50.260000,5.422212683e-06
50.270000,5.111979806e-06
50.280000,4.859112599e-06
50.290000,4.876849889e-06
50.300000,5.185762281e-06
50.310000,5.560107223e-06
50.320000,5.690201105e-06
50.330000,5.434000797e-06
50.340000,4.939888139e-06
50.350000,4.528059228e-06
50.360000,4.429503343e-06
50.370000,4.607289438e-06
50.380000,4.809692241e-06
50.390000,4.797909294e-06
50.400000,4.541350523e-06
50.410000,4.213935935e-06
50.420000,4.012436905e-06
50.430000,3.976397466e-06
50.440000,3.974676203e-06
50.450000,3.857559890e-06
50.460000,3.617696615e-06
50.470000,3.403411577e-06
50.480000,3.377012658e-06
50.490000,3.560926518e-06
50.500000,3.822325729e-06
50.510000,4.008514703e-06
50.520000,4.097312108e-06
50.530000,4.212791767e-06
50.540000,4.489243307e-06
50.550000,4.915520191e-06
50.560000,5.313738203e-06
50.570000,5.480057194e-06
50.580000,5.361390202e-06
50.590000,5.105566249e-06
50.600000,4.937500352e-06
50.610000,4.972566022e-06
50.620000,5.133427897e-06
50.630000,5.239171515e-06
50.640000,5.178906758e-06
50.650000,5.011173830e-06
50.660000,4.905962128e-06
50.670000,4.991635817e-06
50.680000,5.248711380e-06
50.690000,5.539126993e-06
50.700000,5.731914583e-06
50.710000,5.805584104e-06
50.720000,5.842384449e-06
50.730000,5.936555055e-06
50.740000,6.112148488e-06
50.750000,6.321863970e-06
50.760000,6.510670583e-06
50.770000,6.668204491e-06
50.780000,6.817516283e-06
50.790000,6.962576476e-06
50.800000,7.061484658e-06
50.810000,7.061325336e-06
50.820000,6.959792016e-06
50.830000,6.824780258e-06
50.840000,6.743155075e-06
50.850000,6.743410162e-06
50.860000,6.768207051e-06
50.870000,6.727937885e-06
50.880000,6.587933284e-06
50.890000,6.406880430e-06
50.900000,6.288240906e-06
50.910000,6.288551622e-06
50.920000,6.367447917e-06
50.930000,6.424366284e-06
50.940000,6.384792555e-06
50.950000,6.254100585e-06
50.960000,6.092120318e-06
50.970000,5.940683020e-06
50.980000,5.780817652e-06
50.990000,5.562717377e-06
51.000000,5.275035551e-06
51.010000,4.978365501e-06
51.020000,4.763403540e-06
51.030000,4.671634638e-06
51.040000,4.657153356e-06
51.050000,4.630159823e-06
51.060000,4.542453295e-06
51.070000,4.432521910e-06
51.080000,4.385972225e-06
51.090000,4.449793367e-06
51.100000,4.585351265e-06
51.110000,4.708160291e-06
51.120000,4.776295695e-06
51.130000,4.837904604e-06
51.140000,4.984945748e-06
51.150000,5.252897523e-06
51.160000,5.564808716e-06
51.170000,5.782043130e-06
51.180000,5.823556006e-06
51.190000,5.745335973e-06
51.200000,5.701236431e-06
51.210000,5.812609016e-06
51.220000,6.060299097e-06
51.230000,6.297311280e-06
51.240000,6.374490189e-06
51.250000,6.270134391e-06
51.260000,6.110202263e-06
51.270000,6.062731230e-06
51.280000,6.200301284e-06
51.290000,6.449294051e-06
51.300000,6.664437844e-06
51.310000,6.756288883e-06
51.320000,6.757556934e-06
51.330000,6.775803154e-06
51.340000,6.884648303e-06
51.350000,7.056619736e-06
51.360000,7.195338995e-06
51.370000,7.230211754e-06
51.380000,7.182000105e-06
51.390000,7.139961772e-06
51.400000,7.176227476e-06
51.410000,7.280118039e-06
51.420000,7.372811922e-06
51.430000,7.385240692e-06
51.440000,7.323853877e-06
51.450000,7.263398302e-06
51.460000,7.276245882e-06
51.470000,7.366020627e-06
51.480000,7.466045785e-06
51.490000,7.500469911e-06
51.500000,7.448496829e-06
51.510000,7.352741817e-06
51.520000,7.267961788e-06
51.530000,7.202368251e-06
51.540000,7.108289622e-06
51.550000,6.930129314e-06
51.560000,6.663145058e-06
51.570000,6.367314241e-06
51.580000,6.122975032e-06
51.590000,5.967806667e-06
51.600000,5.869847653e-06
51.610000,5.757702149e-06
51.620000,5.579835141e-06
51.630000,5.343546019e-06
51.640000,5.105962452e-06
51.650000,4.930867707e-06
51.660000,4.849084345e-06
51.670000,4.849339399e-06
51.680000,4.896722676e-06
51.690000,4.956812207e-06
51.700000,5.008903402e-06
51.710000,5.048482103e-06
51.720000,5.086177652e-06
51.730000,5.143700755e-06
51.740000,5.241109861e-06
51.750000,5.376698598e-06
51.760000,5.514823361e-06
51.770000,5.599567510e-06
51.780000,5.593586477e-06
51.790000,5.514800352e-06
51.800000,5.435588915e-06
51.810000,5.434535600e-06
51.820000,5.533148607e-06
51.830000,5.671252485e-06
51.840000,5.749509201e-06
51.850000,5.711337499e-06
51.860000,5.597363765e-06
51.870000,5.521954390e-06
51.880000,5.584578384e-06
51.890000,5.786266945e-06
51.900000,6.021777423e-06
51.910000,6.157419973e-06
51.920000,6.132808429e-06
51.930000,6.003735351e-06
51.940000,5.892177362e-06
51.950000,5.886921849e-06
51.960000,5.978138736e-06
51.970000,6.077708847e-06
51.980000,6.102501658e-06
51.990000,6.045367145e-06
52.000000,5.973396875e-06
52.010000,5.960183734e-06
52.020000,6.017258690e-06
52.030000,6.087470493e-06
52.040000,6.103611681e-06
52.050000,6.054611771e-06
52.060000,5.995203592e-06
52.070000,5.988688931e-06
52.080000,6.036502657e-06
52.090000,6.063108574e-06
52.100000,5.975614377e-06
52.110000,5.748397749e-06
52.120000,5.457003116e-06
52.130000,5.227411568e-06
52.140000,5.140440347e-06
52.150000,5.171413210e-06
52.160000,5.216056062e-06
52.170000,5.179873781e-06
52.180000,5.054629103e-06
52.190000,4.918640494e-06
52.200000,4.864809478e-06
52.210000,4.921796910e-06
52.220000,5.036478150e-06
52.230000,5.129474644e-06
52.240000,5.171213350e-06
52.250000,5.209924500e-06
52.260000,5.327627548e-06
52.270000,5.564223504e-06
52.280000,5.876355994e-06
52.290000,6.165098883e-06
52.300000,6.346206339e-06
52.310000,6.402681958e-06
52.320000,6.379587378e-06
52.330000,6.333907676e-06
52.340000,6.288988734e-06
52.350000,6.232233096e-06
52.360000,6.150064344e-06
52.370000,6.059418742e-06
52.380000,6.001897330e-06
52.390000,6.006086287e-06
52.400000,6.056316911e-06
52.410000,6.101010753e-06
52.420000,6.095956602e-06
52.430000,6.043423405e-06
52.440000,5.989957528e-06
52.450000,5.983073488e-06
52.460000,6.025429136e-06
52.470000,6.068684078e-06
52.480000,6.054237942e-06
52.490000,5.965966317e-06
52.500000,5.848778516e-06
52.510000,5.776271770e-06
52.520000,5.794491648e-06
52.530000,5.888279036e-06
52.540000,5.995904684e-06
52.550000,6.056557213e-06
52.560000,6.050163003e-06
52.570000,5.999993488e-06
52.580000,5.942948704e-06
52.590000,5.898474384e-06
52.600000,5.862965626e-06
52.610000,5.829009363e-06
52.620000,5.805242350e-06
52.630000,5.814456235e-06
52.640000,5.871056712e-06
52.650000,5.960364818e-06
52.660000,6.041436168e-06
52.670000,6.073706134e-06
52.680000,6.046050060e-06
52.690000,5.984252274e-06
52.700000,5.931022021e-06
52.710000,5.914960286e-06
52.720000,5.932244606e-06
52.730000,5.952791037e-06
52.740000,5.943541387e-06
52.750000,5.891117193e-06
52.760000,5.809919046e-06
52.770000,5.733414806e-06
52.780000,5.696013002e-06
52.790000,5.715649955e-06
52.800000,5.784648074e-06
52.810000,5.872410249e-06
52.820000,5.939502134e-06
52.830000,5.957624629e-06
52.840000,5.924935814e-06
52.850000,5.866139186e-06
52.860000,5.815401363e-06
52.870000,5.793202010e-06
52.880000,5.794720224e-06
52.890000,5.799606615e-06
52.900000,5.795255501e-06
52.910000,5.792701094e-06
52.920000,5.819034636e-06
52.930000,5.890986978e-06
52.940000,5.993358075e-06
52.950000,6.084603973e-06
52.960000,6.128837004e-06
52.970000,6.128252664e-06
52.980000,6.126132841e-06
52.990000,6.173886265e-06
53.000000,6.287328108e-06
53.010000,6.429459388e-06
53.020000,6.536787039e-06
53.030000,6.569444985e-06
53.040000,6.543769877e-06
53.050000,6.519296319e-06
53.060000,6.549833518e-06
53.070000,6.638363547e-06
53.080000,6.732406340e-06
53.090000,6.763069686e-06
53.100000,6.695687822e-06
53.110000,6.552210804e-06
53.120000,6.390641661e-06
53.130000,6.262070870e-06
53.140000,6.181181929e-06
53.150000,6.130500044e-06
53.160000,6.088225326e-06
53.170000,6.051396755e-06
53.180000,6.034510878e-06
53.190000,6.048641421e-06
53.200000,6.083917651e-06
53.210000,6.113369702e-06
53.220000,6.114769924e-06
53.230000,6.089975931e-06
53.240000,6.063751455e-06
53.250000,6.062696078e-06
53.260000,6.092423071e-06
53.270000,6.132384487e-06
53.280000,6.152374213e-06
53.290000,6.136440065e-06
53.300000,6.094227526e-06
53.310000,6.050781888e-06
53.320000,6.023584734e-06
53.330000,6.005541103e-06
53.340000,5.967675123e-06
53.350000,5.880171889e-06
53.360000,5.736712483e-06
53.370000,5.564375621e-06
53.380000,5.411087098e-06
53.390000,5.317799595e-06
53.400000,5.293272025e-06
53.410000,5.308540371e-06
53.420000,5.315942477e-06
53.430000,5.281194398e-06
53.440000,5.207333602e-06
53.450000,5.133710385e-06
53.460000,5.109763253e-06
53.470000,5.161213822e-06
53.480000,5.272602165e-06
53.490000,5.398987909e-06
53.500000,5.498105375e-06
53.510000,5.558458775e-06
53.520000,5.602050050e-06
53.530000,5.661011187e-06
53.540000,5.748579586e-06
53.550000,5.848529481e-06
53.560000,5.930231684e-06
53.570000,5.974080189e-06
53.580000,5.984061252e-06
53.590000,5.977493988e-06
53.600000,5.963850345e-06
53.610000,5.934645498e-06
53.620000,5.875151754e-06
53.630000,5.786502173e-06
53.640000,5.694812558e-06
53.650000,5.634754648e-06
53.660000,5.619775321e-06
53.670000,5.626614092e-06
53.680000,5.611669481e-06
53.690000,5.548397151e-06
53.700000,5.453885099e-06
53.710000,5.379522913e-06
53.720000,5.370951704e-06
53.730000,5.430060385e-06
53.740000,5.511757154e-06
53.750000,5.559508883e-06
53.760000,5.550670035e-06
53.770000,5.514153720e-06
53.780000,5.506397346e-06
53.790000,5.566256073e-06
53.800000,5.685568447e-06
53.810000,5.817045604e-06
53.820000,5.909510552e-06
53.830000,5.940061749e-06
53.840000,5.919560924e-06
53.850000,5.873342103e-06
53.860000,5.819064597e-06
53.870000,5.761101467e-06
53.880000,5.700931186e-06
53.890000,5.646814359e-06
53.900000,5.609347122e-06
53.910000,5.587469676e-06
53.920000,5.562491538e-06
53.930000,5.511386135e-06
53.940000,5.430524680e-06
53.950000,5.347224322e-06
53.960000,5.304062810e-06
53.970000,5.324861066e-06
53.980000,5.390157281e-06
53.990000,5.445515137e-06
54.000000,5.440095173e-06
54.010000,5.366977718e-06
54.020000,5.273098679e-06
54.030000,5.229181201e-06
54.040000,5.280755634e-06
54.050000,5.415750819e-06
54.060000,5.571370358e-06
54.070000,5.673955249e-06
54.080000,5.682984113e-06
54.090000,5.610177735e-06
54.100000,5.504513995e-06
54.110000,5.417304869e-06
54.120000,5.371959266e-06
54.130000,5.356109081e-06
54.140000,5.337266199e-06
54.150000,5.289038236e-06
54.160000,5.210634800e-06
54.170000,5.128216947e-06
54.180000,5.077992714e-06
54.190000,5.081780449e-06
54.200000,5.130676253e-06
54.210000,5.188362183e-06
54.220000,5.213577399e-06
54.230000,5.187796119e-06
54.240000,5.128683947e-06
54.250000,5.078384019e-06
54.260000,5.073981291e-06
54.270000,5.122005723e-06
54.280000,5.196755532e-06
54.290000,5.263596945e-06
54.300000,5.307847552e-06
54.310000,5.344813152e-06
54.320000,5.402171017e-06
54.330000,5.489850210e-06
54.340000,5.584440898e-06
54.350000,5.643611301e-06
54.360000,5.639805466e-06
54.370000,5.584471366e-06
54.380000,5.521004561e-06
54.390000,5.491214568e-06
54.400000,5.503197386e-06
54.410000,5.527593701e-06
54.420000,5.524893253e-06
54.430000,5.479874641e-06
54.440000,5.413744826e-06
54.450000,5.364793656e-06
54.460000,5.356059966e-06
54.470000,5.378774301e-06
54.480000,5.404636485e-06
54.490000,5.413520400e-06
54.500000,5.410353451e-06
54.510000,5.416720932e-06
54.520000,5.447278939e-06
54.530000,5.495012664e-06
54.540000,5.539809145e-06
54.550000,5.571185871e-06
54.560000,5.601294944e-06
54.570000,5.653192031e-06
54.580000,5.733921154e-06
54.590000,5.818702183e-06
54.600000,5.864419408e-06
54.610000,5.843856403e-06
54.620000,5.771149188e-06
54.630000,5.694064149e-06
54.640000,5.656883596e-06
54.650000,5.664361613e-06
54.660000,5.678096839e-06
54.670000,5.649757565e-06
54.680000,5.563748988e-06
54.690000,5.453133476e-06
54.700000,5.375077001e-06
54.710000,5.366432994e-06
54.720000,5.416466274e-06
54.730000,5.478389851e-06
54.740000,5.508327557e-06
54.750000,5.498235631e-06
54.760000,5.476437272e-06
54.770000,5.478323301e-06
54.780000,5.514675735e-06
54.790000,5.564769549e-06
54.800000,5.597668534e-06
54.810000,5.600236719e-06
54.820000,5.586345676e-06
54.830000,5.580697636e-06
54.840000,5.594130848e-06
54.850000,5.613842094e-06
54.860000,5.616662259e-06
54.870000,5.591516548e-06
54.880000,5.549201594e-06
54.890000,5.510558490e-06
54.900000,5.485108595e-06
54.910000,5.461195580e-06
54.920000,5.417505407e-06
54.930000,5.345482389e-06
54.940000,5.261760787e-06
54.950000,5.198639368e-06
54.960000,5.180302549e-06
54.970000,5.204982652e-06
54.980000,5.247689405e-06
54.990000,5.280124271e-06
55.000000,5.290343222e-06
55.010000,5.286658034e-06
55.020000,5.285272449e-06
55.030000,5.294885305e-06
55.040000,5.311904572e-06
55.050000,5.328102610e-06
55.060000,5.340751440e-06
55.070000,5.354553136e-06
55.080000,5.374465128e-06
55.090000,5.398148318e-06
55.100000,5.416658857e-06
55.110000,5.422910159e-06
55.120000,5.418957264e-06
55.130000,5.413956340e-06
55.140000,5.414064483e-06
55.150000,5.414260313e-06
55.160000,5.401106792e-06
55.170000,5.365176142e-06
55.180000,5.311983930e-06
55.190000,5.260667292e-06
55.200000,5.230428765e-06
55.210000,5.226071476e-06
55.220000,5.235219734e-06
55.230000,5.239691528e-06
55.240000,5.231053261e-06
55.250000,5.216874929e-06
55.260000,5.212725473e-06
55.270000,5.227639668e-06
55.280000,5.256133929e-06
55.290000,5.283347899e-06
55.300000,5.297948406e-06
55.310000,5.301010721e-06
55.320000,5.303515688e-06
55.330000,5.315654549e-06
55.340000,5.337988680e-06
55.350000,5.361879838e-06
55.360000,5.377641776e-06
55.370000,5.382191310e-06
55.380000,5.379457510e-06
55.390000,5.374345714e-06
55.400000,5.367095364e-06
55.410000,5.353824541e-06
55.420000,5.332405986e-06
55.430000,5.307317915e-06
55.440000,5.288091875e-06
55.450000,5.282312121e-06
55.460000,5.289535844e-06
55.470000,5.301801242e-06
55.480000,5.310368217e-06
55.490000,5.312745526e-06
55.500000,5.313976122e-06
55.510000,5.321399049e-06
55.520000,5.337765015e-06
55.530000,5.358674135e-06
55.540000,5.376176252e-06
55.550000,5.385001407e-06
55.560000,5.386040247e-06
55.570000,5.384619889e-06
55.580000,5.385739850e-06
55.590000,5.390554058e-06
55.600000,5.396585891e-06
55.610000,5.400646577e-06
55.620000,5.401490078e-06
55.630000,5.400189844e-06
55.640000,5.398622625e-06
55.650000,5.397902086e-06
55.660000,5.398079044e-06
55.670000,5.398875002e-06
55.680000,5.400321702e-06
55.690000,5.402636459e-06
55.700000,5.405706342e-06
55.710000,5.408974136e-06
55.720000,5.411956673e-06
55.730000,5.414823767e-06
55.740000,5.418348065e-06
55.750000,5.423203577e-06
55.760000,5.429287925e-06
55.770000,5.435730676e-06
55.780000,5.441574207e-06
55.790000,5.446488197e-06
55.800000,5.450902861e-06
55.810000,5.455528568e-06
55.820000,5.460763173e-06
55.830000,5.466493615e-06
55.840000,5.472353503e-06
55.850000,5.478088365e-06
55.860000,5.483683781e-06
55.870000,5.489243451e-06
55.880000,5.494849767e-06
55.890000,5.500550659e-06
