time_s,acceleration_g
0.000000,-3.458105064e-04
0.005000,-3.453607164e-04
0.010000,-3.449097463e-04
0.015000,-3.444572809e-04
0.020000,-3.440031397e-04
0.025000,-3.435472673e-04
0.030000,-3.430896894e-04
0.035000,-3.426304600e-04
0.040000,-3.421696217e-04
0.045000,-3.417071907e-04
0.050000,-3.412431602e-04
0.055000,-3.407775131e-04
0.060000,-3.403102347e-04
0.065000,-3.398413177e-04
0.070000,-3.393707629e-04
0.075000,-3.388985750e-04
0.080000,-3.384247586e-04
0.085000,-3.379493160e-04
0.090000,-3.374722471e-04
0.095000,-3.369935503e-04
0.100000,-3.365132236e-04
0.105000,-3.360312657e-04
0.110000,-3.355476762e-04
0.115000,-3.350624550e-04
0.120000,-3.345756026e-04
0.125000,-3.340871189e-04
0.130000,-3.335970039e-04
0.135000,-3.331052573e-04
0.140000,-3.326118785e-04
0.145000,-3.321168673e-04
0.150000,-3.316202234e-04
0.155000,-3.311219465e-04
0.160000,-3.306220365e-04
0.165000,-3.301204932e-04
0.170000,-3.296173165e-04
0.175000,-3.291125061e-04
0.180000,-3.286060618e-04
0.185000,-3.280979834e-04
0.190000,-3.275882707e-04
0.195000,-3.270769236e-04
0.200000,-3.265639418e-04
0.205000,-3.260493253e-04
0.210000,-3.255330738e-04
0.215000,-3.250151872e-04
0.220000,-3.244956654e-04
0.225000,-3.239745082e-04
0.230000,-3.234517154e-04
0.235000,-3.229272870e-04
0.240000,-3.224012227e-04
0.245000,-3.218735226e-04
0.250000,-3.213441864e-04
0.255000,-3.208132141e-04
0.260000,-3.202806056e-04
0.265000,-3.197463607e-04
0.270000,-3.192104794e-04
0.275000,-3.186729617e-04
0.280000,-3.181338073e-04
0.285000,-3.175930163e-04
0.290000,-3.170505886e-04
0.295000,-3.165065241e-04
0.300000,-3.159608227e-04
0.305000,-3.154134845e-04
0.310000,-3.148645094e-04
0.315000,-3.143138973e-04
0.320000,-3.137616482e-04
0.325000,-3.132077621e-04
0.330000,-3.126522390e-04
0.335000,-3.120950789e-04
0.340000,-3.115362817e-04
0.345000,-3.109758475e-04
0.350000,-3.104137762e-04
0.355000,-3.098500680e-04
0.360000,-3.092847227e-04
0.365000,-3.087177405e-04
0.370000,-3.081491213e-04
0.375000,-3.075788652e-04
0.380000,-3.070069723e-04
0.385000,-3.064334426e-04
0.390000,-3.058582761e-04
0.395000,-3.052814729e-04
0.400000,-3.047030331e-04
0.405000,-3.041229568e-04
0.410000,-3.035412440e-04
0.415000,-3.029578949e-04
0.420000,-3.023729094e-04
0.425000,-3.017862878e-04
0.430000,-3.011980301e-04
0.435000,-3.006081365e-04
0.440000,-3.000166070e-04
0.445000,-2.994234419e-04
0.450000,-2.988286411e-04
0.455000,-2.982322049e-04
0.460000,-2.976341334e-04
0.465000,-2.970344268e-04
0.470000,-2.964330851e-04
0.475000,-2.958301087e-04
0.480000,-2.952254976e-04
0.485000,-2.946192520e-04
0.490000,-2.940113722e-04
0.495000,-2.934018582e-04
0.500000,-2.927907103e-04
0.505000,-2.921779287e-04
0.510000,-2.915635136e-04
0.515000,-2.909474652e-04
0.520000,-2.903297838e-04
0.525000,-2.897104695e-04
0.530000,-2.890895226e-04
0.535000,-2.884669434e-04
0.540000,-2.878427321e-04
0.545000,-2.872168889e-04
0.550000,-2.865894141e-04
0.555000,-2.859603080e-04
0.560000,-2.853295707e-04
0.565000,-2.846972027e-04
0.570000,-2.840632041e-04
0.575000,-2.834275753e-04
0.580000,-2.827903166e-04
0.585000,-2.821514284e-04
0.590000,-2.815109110e-04
0.595000,-2.808687648e-04
0.600000,-2.802249900e-04
0.605000,-2.795795871e-04
0.610000,-2.789325561e-04
0.615000,-2.782838973e-04
0.620000,-2.776336110e-04
0.625000,-2.769816975e-04
0.630000,-2.763281570e-04
0.635000,-2.756729901e-04
0.640000,-2.750161971e-04
0.645000,-2.743577786e-04
0.650000,-2.736977352e-04
0.655000,-2.730360675e-04
0.660000,-2.723727762e-04
0.665000,-2.717078621e-04
0.670000,-2.710413259e-04
0.675000,-2.703731679e-04
0.680000,-2.697033881e-04
0.685000,-2.690319861e-04
0.690000,-2.683589611e-04
0.695000,-2.676843126e-04
0.700000,-2.670080404e-04
0.705000,-2.663301452e-04
0.710000,-2.656506283e-04
0.715000,-2.649694914e-04
0.720000,-2.642867360e-04
0.725000,-2.636023628e-04
0.730000,-2.629163718e-04
0.735000,-2.622287623e-04
0.740000,-2.615395337e-04
0.745000,-2.608486862e-04
0.750000,-2.601562210e-04
0.755000,-2.594621403e-04
0.760000,-2.587664462e-04
0.765000,-2.580691404e-04
0.770000,-2.573702235e-04
0.775000,-2.566696948e-04
0.780000,-2.559675537e-04
0.785000,-2.552638011e-04
0.790000,-2.545584404e-04
0.795000,-2.538514784e-04
0.800000,-2.531429236e-04
0.805000,-2.524327829e-04
0.810000,-2.517210579e-04
0.815000,-2.510077415e-04
0.820000,-2.502928170e-04
0.825000,-2.495762600e-04
0.830000,-2.488580454e-04
0.835000,-2.481381541e-04
0.840000,-2.474165815e-04
0.845000,-2.466933406e-04
0.850000,-2.459684616e-04
0.855000,-2.452419852e-04
0.860000,-2.445139533e-04
0.865000,-2.437843991e-04
0.870000,-2.430533393e-04
0.875000,-2.423207723e-04
0.880000,-2.415866803e-04
0.885000,-2.408510358e-04
0.890000,-2.401138078e-04
0.895000,-2.393749674e-04
0.900000,-2.386344891e-04
0.905000,-2.378923501e-04
0.910000,-2.371485300e-04
0.915000,-2.364030128e-04
0.920000,-2.356557928e-04
0.925000,-2.349068833e-04
0.930000,-2.341563227e-04
0.935000,-2.334041737e-04
0.940000,-2.326505119e-04
0.945000,-2.318954053e-04
0.950000,-2.311388907e-04
0.955000,-2.303809574e-04
0.960000,-2.296215437e-04
0.965000,-2.288605509e-04
0.970000,-2.280978688e-04
0.975000,-2.273334036e-04
0.980000,-2.265671003e-04
0.985000,-2.257989536e-04
0.990000,-2.250290074e-04
0.995000,-2.242573458e-04
1.000000,-2.234840808e-04
1.005000,-2.227093357e-04
1.010000,-2.219332279e-04
1.015000,-2.211558478e-04
1.020000,-2.203772396e-04
1.025000,-2.195973857e-04
1.030000,-2.188161965e-04
1.035000,-2.180335070e-04
1.040000,-2.172490780e-04
1.045000,-2.164626059e-04
1.050000,-2.156737543e-04
1.055000,-2.148822183e-04
1.060000,-2.140878273e-04
1.065000,-2.132906674e-04
1.070000,-2.124911758e-04
1.075000,-2.116901497e-04
1.080000,-2.108886281e-04
1.085000,-2.100876518e-04
1.090000,-2.092879692e-04
1.095000,-2.084897911e-04
1.100000,-2.076926909e-04
1.105000,-2.068956879e-04
1.110000,-2.060974713e-04
1.115000,-2.052966645e-04
1.120000,-2.044920294e-04
1.125000,-2.036825681e-04
1.130000,-2.028675576e-04
1.135000,-2.020466015e-04
1.140000,-2.012197596e-04
1.145000,-2.003877362e-04
1.150000,-1.995520171e-04
1.155000,-1.987148105e-04
1.160000,-1.978787081e-04
1.165000,-1.970461122e-04
1.170000,-1.962186097e-04
1.175000,-1.953965303e-04
1.180000,-1.945788610e-04
1.185000,-1.937635385e-04
1.190000,-1.929479774e-04
1.195000,-1.921296171e-04
1.200000,-1.913063145e-04
1.205000,-1.904765485e-04
1.210000,-1.896395308e-04
1.215000,-1.887953555e-04
1.220000,-1.879452260e-04
1.225000,-1.870916347e-04
1.230000,-1.862382496e-04
1.235000,-1.853892953e-04
1.240000,-1.845484233e-04
1.245000,-1.837173657e-04
1.250000,-1.828948944e-04
1.255000,-1.820766074e-04
1.260000,-1.812557993e-04
1.265000,-1.804252254e-04
1.270000,-1.795791710e-04
1.275000,-1.787150850e-04
1.280000,-1.778342345e-04
1.285000,-1.769412934e-04
1.290000,-1.760432434e-04
1.295000,-1.751481864e-04
1.300000,-1.742645121e-04
1.305000,-1.734004285e-04
1.310000,-1.725634492e-04
1.315000,-1.717593148e-04
1.320000,-1.709901705e-04
1.325000,-1.702524414e-04
1.330000,-1.695353926e-04
1.335000,-1.688214241e-04
1.340000,-1.680886130e-04
1.345000,-1.673150716e-04
1.350000,-1.664838446e-04
1.355000,-1.655867838e-04
1.360000,-1.646262962e-04
1.365000,-1.636147973e-04
1.370000,-1.625725641e-04
1.375000,-1.615249746e-04
1.380000,-1.604997082e-04
1.385000,-1.595237234e-04
1.390000,-1.586193476e-04
1.395000,-1.577991113e-04
1.400000,-1.570600181e-04
1.405000,-1.563792131e-04
1.410000,-1.557136389e-04
1.415000,-1.550056416e-04
1.420000,-1.541946038e-04
1.425000,-1.532322427e-04
1.430000,-1.520973061e-04
1.435000,-1.508049438e-04
1.440000,-1.494073287e-04
1.445000,-1.479846889e-04
1.450000,-1.466287963e-04
1.455000,-1.454231040e-04
1.460000,-1.444244734e-04
1.465000,-1.436507187e-04
1.470000,-1.430764855e-04
1.475000,-1.426379363e-04
1.480000,-1.422449462e-04
1.485000,-1.417983246e-04
1.490000,-1.412089718e-04
1.495000,-1.404156977e-04
1.500000,-1.393985239e-04
1.505000,-1.381846788e-04
1.510000,-1.368453783e-04
1.515000,-1.354830579e-04
1.520000,-1.342109355e-04
1.525000,-1.331291387e-04
1.530000,-1.323031998e-04
1.535000,-1.317505770e-04
1.540000,-1.314385813e-04
1.545000,-1.312933029e-04
1.550000,-1.312153982e-04
1.555000,-1.310967824e-04
1.560000,-1.308334601e-04
1.565000,-1.303333786e-04
1.570000,-1.295221887e-04
1.575000,-1.283514725e-04
1.580000,-1.268118066e-04
1.585000,-1.249477452e-04
1.590000,-1.228665302e-04
1.595000,-1.207308472e-04
1.600000,-1.187304491e-04
1.605000,-1.170368078e-04
1.610000,-1.157547495e-04
1.615000,-1.148897769e-04
1.620000,-1.143459403e-04
1.625000,-1.139574416e-04
1.630000,-1.135427676e-04
1.635000,-1.129601018e-04
1.640000,-1.121423723e-04
1.645000,-1.111001145e-04
1.650000,-1.098956723e-04
1.655000,-1.086054335e-04
1.660000,-1.072910596e-04
1.665000,-1.059937886e-04
1.670000,-1.047513891e-04
1.675000,-1.036228560e-04
1.680000,-1.026994214e-04
1.685000,-1.020860730e-04
1.690000,-1.018535911e-04
1.695000,-1.019796217e-04
1.700000,-1.023088035e-04
1.705000,-1.025593049e-04
1.710000,-1.023856279e-04
1.715000,-1.014821017e-04
1.720000,-9.968999879e-05
1.725000,-9.706497205e-05
1.730000,-9.387534573e-05
1.735000,-9.053065878e-05
1.740000,-8.747043488e-05
1.745000,-8.506001393e-05
1.750000,-8.353405024e-05
1.755000,-8.300130924e-05
1.760000,-8.349049512e-05
1.765000,-8.499455719e-05
1.770000,-8.747348248e-05
1.775000,-9.080303403e-05
1.780000,-9.469512958e-05
1.785000,-9.864327758e-05
1.790000,-1.019466761e-04
1.795000,-1.038361519e-04
1.800000,-1.036772882e-04
1.805000,-1.011839269e-04
1.810000,-9.655987354e-05
1.815000,-9.050651674e-05
1.820000,-8.408098917e-05
1.825000,-7.844313025e-05
1.830000,-7.456764963e-05
1.835000,-7.300666689e-05
1.840000,-7.376682961e-05
1.845000,-7.632587019e-05
1.850000,-7.977218630e-05
1.855000,-8.302167610e-05
1.860000,-8.505502594e-05
1.865000,-8.512432359e-05
1.870000,-8.289354864e-05
1.875000,-7.849556593e-05
1.880000,-7.250351543e-05
1.885000,-6.582542349e-05
1.890000,-5.953879712e-05
1.895000,-5.468906092e-05
1.900000,-5.208278883e-05
1.905000,-5.211217411e-05
1.910000,-5.464761867e-05
1.915000,-5.902742996e-05
1.920000,-6.415668000e-05
1.925000,-6.870438420e-05
1.930000,-7.136526940e-05
1.935000,-7.113578285e-05
1.940000,-6.754755177e-05
1.945000,-6.080590264e-05
1.950000,-5.179502261e-05
1.955000,-4.193371638e-05
1.960000,-3.289578874e-05
1.965000,-2.624438065e-05
1.970000,-2.306253854e-05
1.975000,-2.367968334e-05
1.980000,-2.758152590e-05
1.985000,-3.354393606e-05
1.990000,-3.996032269e-05
1.995000,-4.526422987e-05
2.000000,-4.831558221e-05
2.005000,-4.863849570e-05
2.010000,-4.646257543e-05
2.015000,-4.259521234e-05
2.020000,-3.820006975e-05
2.025000,-3.455527845e-05
2.030000,-3.282531584e-05
2.035000,-3.384077764e-05
2.040000,-3.787780297e-05
2.045000,-4.447200609e-05
2.050000,-5.235828548e-05
2.055000,-5.964350531e-05
2.060000,-6.425568777e-05
2.065000,-6.458292106e-05
2.070000,-6.008322740e-05
2.075000,-5.159822669e-05
2.080000,-4.118921659e-05
2.085000,-3.151087091e-05
2.090000,-2.495117969e-05
2.095000,-2.288146636e-05
2.100000,-2.530915752e-05
2.105000,-3.103148548e-05
2.110000,-3.815541669e-05
2.115000,-4.470461117e-05
2.120000,-4.905159146e-05
2.125000,-5.006912881e-05
2.130000,-4.708480069e-05
2.135000,-3.982733954e-05
2.140000,-2.851260522e-05
2.145000,-1.406561352e-05
2.150000,1.681931772e-06
2.155000,1.603496306e-05
2.160000,2.584923353e-05
2.165000,2.826628047e-05
2.170000,2.154955228e-05
2.175000,5.736466197e-06
2.180000,-1.711358202e-05
2.185000,-4.314786835e-05
2.190000,-6.735380097e-05
2.195000,-8.444682139e-05
2.200000,-8.985474128e-05
2.205000,-8.065988238e-05
2.210000,-5.635886545e-05
2.215000,-1.927064061e-05
2.220000,2.558902452e-05
2.225000,7.128168419e-05
2.230000,1.103132626e-04
2.235000,1.363108318e-04
2.240000,1.455485057e-04
2.245000,1.378419556e-04
2.250000,1.165088494e-04
2.255000,8.740721183e-05
2.260000,5.737912133e-05
2.265000,3.260339225e-05
2.270000,1.732955083e-05
2.275000,1.326314305e-05
2.280000,1.961367431e-05
2.285000,3.362434749e-05
2.290000,5.134171726e-05
2.295000,6.843427874e-05
2.300000,8.095737717e-05
2.305000,8.601581905e-05
2.310000,8.227281991e-05
2.315000,7.022725990e-05
2.320000,5.218356511e-05
2.325000,3.189595062e-05
2.330000,1.395737723e-05
2.335000,3.067491318e-06
2.340000,3.310177762e-06
2.345000,1.750794058e-05
2.350000,4.665533074e-05
2.355000,8.943412268e-05
2.360000,1.418993770e-04
2.365000,1.975430813e-04
2.370000,2.479843084e-04
2.375000,2.844113479e-04
2.380000,2.996090346e-04
2.385000,2.900552291e-04
2.390000,2.573489413e-04
2.395000,2.083015151e-04
2.400000,1.534227552e-04
2.405000,1.041394229e-04
2.410000,6.963950809e-05
2.415000,5.447234135e-05
2.420000,5.780186943e-05
2.425000,7.456694281e-05
2.430000,9.800950748e-05
2.435000,1.224456800e-04
2.440000,1.450627000e-04
2.445000,1.659974163e-04
2.450000,1.867903226e-04
2.455000,2.081207016e-04
2.460000,2.281081367e-04
2.465000,2.422007798e-04
2.470000,2.448653017e-04
2.475000,2.323378918e-04
2.480000,2.050819434e-04
2.485000,1.686644351e-04
2.490000,1.325025508e-04
2.495000,1.069766571e-04
2.500000,1.002092339e-04
2.505000,1.159406918e-04
2.510000,1.533194953e-04
2.515000,2.084018341e-04
2.520000,2.762897391e-04
2.525000,3.526026933e-04
2.530000,4.334936504e-04
2.535000,5.143767328e-04
2.540000,5.883746708e-04
2.545000,6.457382657e-04
2.550000,6.750060159e-04
2.555000,6.657425548e-04
2.560000,6.118411086e-04
2.565000,5.140510215e-04
2.570000,3.807312160e-04
2.575000,2.266002321e-04
2.580000,7.001658296e-05
2.585000,-7.029222099e-05
2.590000,-1.782327385e-04
2.595000,-2.426607105e-04
2.600000,-2.589667255e-04
2.605000,-2.300072274e-04
2.610000,-1.662907141e-04
2.615000,-8.507874074e-05
2.620000,-7.997669703e-06
2.625000,4.294897152e-05
2.630000,5.046739377e-05
2.635000,6.979170257e-06
2.640000,-8.204625285e-05
2.645000,-1.978903222e-04
2.650000,-3.122154547e-04
2.655000,-3.940212389e-04
2.660000,-4.181689376e-04
2.665000,-3.729111710e-04
2.670000,-2.639050712e-04
2.675000,-1.131876951e-04
2.680000,4.672883257e-05
2.685000,1.817466297e-04
2.690000,2.650849900e-04
2.695000,2.833114272e-04
2.700000,2.378622339e-04
2.705000,1.422780554e-04
2.710000,1.700252367e-05
2.715000,-1.157797846e-04
2.720000,-2.354083693e-04
2.725000,-3.237285300e-04
2.730000,-3.648875182e-04
2.735000,-3.457037955e-04
2.740000,-2.578335546e-04
2.745000,-1.015304582e-04
2.750000,1.107085471e-04
2.755000,3.530021225e-04
2.760000,5.892192502e-04
2.765000,7.804354300e-04
2.770000,8.947196277e-04
2.775000,9.159153694e-04
2.780000,8.481355368e-04
2.785000,7.142121499e-04
2.790000,5.486953914e-04
2.795000,3.881289566e-04
2.800000,2.622582267e-04
2.805000,1.891106377e-04
2.810000,1.748607979e-04
2.815000,2.170516326e-04
2.820000,3.082832022e-04
2.825000,4.376968748e-04
2.830000,5.894097458e-04
2.835000,7.395217960e-04
2.840000,8.549943821e-04
2.845000,8.974511612e-04
2.850000,8.326376099e-04
2.855000,6.429452234e-04
2.860000,3.378498910e-04
2.865000,-4.308802446e-05
2.870000,-4.374187037e-04
2.875000,-7.756195501e-04
2.880000,-9.999987649e-04
2.885000,-1.079605140e-03
2.890000,-1.015789414e-03
2.895000,-8.372155856e-04
2.900000,-5.875878412e-04
2.905000,-3.119139613e-04
2.910000,-4.664753992e-05
2.915000,1.839014070e-04
2.920000,3.660770638e-04
2.925000,4.936831342e-04
2.930000,5.662124027e-04
2.935000,5.894429529e-04
2.940000,5.768218977e-04
2.945000,5.488964294e-04
2.950000,5.289983844e-04
2.955000,5.358278165e-04
2.960000,5.759608512e-04
2.965000,6.401042689e-04
2.970000,7.055518007e-04
2.975000,7.444476594e-04
2.980000,7.346570269e-04
2.985000,6.687659724e-04
2.990000,5.576111785e-04
2.995000,4.272436286e-04
3.000000,3.110270077e-04
3.005000,2.402868837e-04
3.010000,2.368734280e-04
3.015000,3.094781662e-04
3.020000,4.535812758e-04
3.025000,6.536158772e-04
3.030000,8.858815642e-04
3.035000,1.121646877e-03
3.040000,1.330868220e-03
3.045000,1.487132793e-03
3.050000,1.573522809e-03
3.055000,1.587662833e-03
3.060000,1.543355977e-03
3.065000,1.466868787e-03
3.070000,1.388148802e-03
3.075000,1.330023225e-03
3.080000,1.300090681e-03
3.085000,1.289297941e-03
3.090000,1.278069940e-03
3.095000,1.246815479e-03
3.100000,1.184957212e-03
3.105000,1.093129792e-03
3.110000,9.769656409e-04
3.115000,8.360717017e-04
3.120000,6.554304318e-04
3.125000,4.061496717e-04
3.130000,5.793063142e-05
3.135000,-4.010142532e-04
3.140000,-9.459866278e-04
3.145000,-1.509721192e-03
3.150000,-1.993416197e-03
3.155000,-2.292230836e-03
3.160000,-2.325588982e-03
3.165000,-2.060124459e-03
3.170000,-1.516460347e-03
3.175000,-7.585201985e-04
3.180000,1.281293751e-04
3.185000,1.058223832e-03
3.190000,1.959708756e-03
3.195000,2.774165774e-03
3.200000,3.448428110e-03
3.205000,3.925676370e-03
3.210000,4.144199699e-03
3.215000,4.047508131e-03
3.220000,3.603126769e-03
3.225000,2.822475142e-03
3.230000,1.773043409e-03
3.235000,5.768889865e-04
3.240000,-6.053885305e-04
3.245000,-1.601125210e-03
3.250000,-2.255774270e-03
3.255000,-2.460134854e-03
3.260000,-2.169921547e-03
3.265000,-1.415237084e-03
3.270000,-2.990169952e-04
3.275000,1.015747350e-03
3.280000,2.329377067e-03
3.285000,3.437082248e-03
3.290000,4.163743178e-03
3.295000,4.394612057e-03
3.300000,4.094390916e-03
3.305000,3.309860493e-03
3.310000,2.156257033e-03
3.315000,7.927001282e-04
3.320000,-6.054110515e-04
3.325000,-1.870314721e-03
3.330000,-2.859503338e-03
3.335000,-3.468713105e-03
3.340000,-3.643553393e-03
3.345000,-3.390845967e-03
3.350000,-2.786311026e-03
3.355000,-1.971931717e-03
3.360000,-1.137164623e-03
3.365000,-4.836951221e-04
3.370000,-1.811220093e-04
3.375000,-3.265241476e-04
3.380000,-9.208981429e-04
3.385000,-1.869571654e-03
3.390000,-3.004857380e-03
3.395000,-4.121968947e-03
3.400000,-5.016962239e-03
3.405000,-5.518465546e-03
3.410000,-5.510440417e-03
3.415000,-4.947333467e-03
3.420000,-3.863384992e-03
3.425000,-2.375105746e-03
3.430000,-6.728934119e-04
3.435000,1.002462663e-03
3.440000,2.398861167e-03
3.445000,3.301765461e-03
3.450000,3.581586345e-03
3.455000,3.226499917e-03
3.460000,2.350616041e-03
3.465000,1.173939045e-03
3.470000,-2.192273693e-05
3.475000,-9.522965025e-04
3.480000,-1.389081917e-03
3.485000,-1.208395797e-03
3.490000,-4.160638250e-04
3.495000,8.540505385e-04
3.500000,2.367505072e-03
3.505000,3.835057047e-03
3.510000,4.965374246e-03
3.515000,5.513022279e-03
3.520000,5.313531229e-03
3.525000,4.302826393e-03
3.530000,2.523027754e-03
3.535000,1.182927040e-04
3.540000,-2.677334376e-03
3.545000,-5.561268397e-03
3.550000,-8.195758231e-03
3.555000,-1.025413291e-02
3.560000,-1.147544138e-02
3.565000,-1.171696866e-02
3.570000,-1.099076523e-02
3.575000,-9.471887765e-03
3.580000,-7.472350268e-03
3.585000,-5.383562085e-03
3.590000,-3.598293799e-03
3.595000,-2.428668935e-03
3.600000,-2.038329268e-03
3.605000,-2.404739216e-03
3.610000,-3.321935234e-03
3.615000,-4.445476709e-03
3.620000,-5.371178148e-03
3.625000,-5.729784693e-03
3.630000,-5.274275151e-03
3.635000,-3.937586792e-03
3.640000,-1.846715671e-03
3.645000,7.081753543e-04
3.650000,3.338502455e-03
3.655000,5.637037275e-03
3.660000,7.253314247e-03
3.665000,7.950704480e-03
3.670000,7.639053389e-03
3.675000,6.383188113e-03
3.680000,4.390485782e-03
3.685000,1.980563815e-03
3.690000,-4.607403900e-04
3.695000,-2.540314548e-03
3.700000,-3.923881011e-03
3.705000,-4.399199949e-03
3.710000,-3.922918721e-03
3.715000,-2.637555834e-03
3.720000,-8.497544398e-04
3.725000,1.030005114e-03
3.730000,2.574816092e-03
3.735000,3.434831271e-03
3.740000,3.411868178e-03
3.745000,2.494633581e-03
3.750000,8.462697072e-04
3.755000,-1.248523065e-03
3.760000,-3.457231174e-03
3.765000,-5.471010214e-03
3.770000,-7.056974794e-03
3.775000,-8.085964260e-03
3.780000,-8.540108365e-03
3.785000,-8.506695931e-03
3.790000,-8.159813193e-03
3.795000,-7.725174906e-03
3.800000,-7.424303968e-03
3.805000,-7.404821288e-03
3.810000,-7.678852097e-03
3.815000,-8.100103466e-03
3.820000,-8.402046777e-03
3.825000,-8.294241159e-03
3.830000,-7.582635634e-03
3.835000,-6.260813185e-03
3.840000,-4.526362140e-03
3.845000,-2.709593419e-03
3.850000,-1.144672823e-03
3.855000,-4.256152299e-05
3.860000,5.759962579e-04
3.865000,8.607940744e-04
3.870000,1.043640536e-03
3.875000,1.331405781e-03
3.880000,1.834301963e-03
3.885000,2.557109753e-03
3.890000,3.442746301e-03
3.895000,4.429691478e-03
3.900000,5.482372923e-03
3.905000,6.575736081e-03
3.910000,7.646953080e-03
3.915000,8.549540283e-03
3.920000,9.046160137e-03
3.925000,8.856989639e-03
3.930000,7.752181937e-03
3.935000,5.654031631e-03
3.940000,2.706824053e-03
3.945000,-7.181182731e-04
3.950000,-4.092832095e-03
3.955000,-6.863095453e-03
3.960000,-8.601247155e-03
3.965000,-9.132721567e-03
3.970000,-8.591892595e-03
3.975000,-7.383284954e-03
3.980000,-6.055778174e-03
3.985000,-5.129297818e-03
3.990000,-4.932483965e-03
3.995000,-5.506595111e-03
4.000000,-6.605597877e-03
4.005000,-7.785832631e-03
4.010000,-8.547329081e-03
4.015000,-8.476199194e-03
4.020000,-7.346687863e-03
4.025000,-5.164189973e-03
4.030000,-2.153069767e-03
4.035000,1.295097064e-03
4.040000,4.697587706e-03
4.045000,7.571078275e-03
4.050000,9.528373452e-03
4.055000,1.036697390e-02
4.060000,1.012618192e-02
4.065000,9.087161482e-03
4.070000,7.701983951e-03
4.075000,6.462117900e-03
4.080000,5.744046104e-03
4.085000,5.685901903e-03
4.090000,6.144197336e-03
4.095000,6.753230564e-03
4.100000,7.071048736e-03
4.105000,6.760351432e-03
4.110000,5.735424915e-03
4.115000,4.215541587e-03
4.120000,2.659519198e-03
4.125000,1.603225685e-03
4.130000,1.462884552e-03
4.135000,2.383457559e-03
4.140000,4.193319722e-03
4.145000,6.479318997e-03
4.150000,8.740912775e-03
4.155000,1.054613766e-02
4.160000,1.161610313e-02
4.165000,1.180873608e-02
4.170000,1.103374598e-02
4.175000,9.173986562e-03
4.180000,6.085993375e-03
4.185000,1.702411107e-03
4.190000,-3.811430524e-03
4.195000,-9.943032492e-03
4.200000,-1.585079862e-02
4.205000,-2.054356612e-02
4.210000,-2.316530891e-02
4.215000,-2.326781886e-02
4.220000,-2.095284057e-02
4.225000,-1.682483681e-02
4.230000,-1.178312669e-02
4.235000,-6.749957124e-03
4.240000,-2.445352771e-03
4.245000,7.210050962e-04
4.250000,2.637031367e-03
4.255000,3.403653133e-03
4.260000,3.241367837e-03
4.265000,2.427471159e-03
4.270000,1.265785695e-03
4.275000,6.562415937e-05
4.280000,-8.926756861e-04
4.285000,-1.408369910e-03
4.290000,-1.408451935e-03
4.295000,-9.673468403e-04
4.300000,-2.821665897e-04
4.305000,3.934020825e-04
4.310000,8.369687254e-04
4.315000,9.401186440e-04
4.320000,7.603762980e-04
4.325000,5.236456126e-04
4.330000,5.688270549e-04
4.335000,1.241702633e-03
4.340000,2.764835337e-03
4.345000,5.127400505e-03
4.350000,8.041930449e-03
4.355000,1.099539123e-02
4.360000,1.338356329e-02
4.365000,1.467844956e-02
4.370000,1.456176760e-02
4.375000,1.297653158e-02
4.380000,1.009467554e-02
4.385000,6.243909185e-03
4.390000,1.851624442e-03
4.395000,-2.563617765e-03
4.400000,-6.374343144e-03
4.405000,-8.861134669e-03
4.410000,-9.320590999e-03
4.415000,-7.267219211e-03
4.420000,-2.659933413e-03
4.425000,3.960520578e-03
4.430000,1.151911798e-02
4.435000,1.865720131e-02
4.440000,2.410630753e-02
4.445000,2.704156514e-02
4.450000,2.727808619e-02
4.455000,2.524761720e-02
4.460000,2.179180590e-02
4.465000,1.787921219e-02
4.470000,1.436198356e-02
4.475000,1.183938975e-02
4.480000,1.062565606e-02
4.485000,1.077219184e-02
4.490000,1.209271280e-02
4.495000,1.417514718e-02
4.500000,1.640508921e-02
4.505000,1.804047224e-02
4.510000,1.835522680e-02
4.515000,1.682607111e-02
4.520000,1.330050536e-02
4.525000,8.079163600e-03
4.530000,1.875486583e-03
4.535000,-4.336760694e-03
4.540000,-9.537665618e-03
4.545000,-1.287233096e-02
4.550000,-1.380743811e-02
4.555000,-1.220951192e-02
4.560000,-8.347107445e-03
4.565000,-2.832697933e-03
4.570000,3.478591065e-03
4.575000,9.619736700e-03
4.580000,1.465931715e-02
4.585000,1.784919248e-02
4.590000,1.875061864e-02
4.595000,1.731561554e-02
4.600000,1.390544899e-02
4.605000,9.238417095e-03
4.610000,4.271412736e-03
4.615000,3.122949618e-05
4.620000,-2.578630415e-03
4.625000,-2.962064071e-03
4.630000,-9.675924477e-04
4.635000,3.056194300e-03
4.640000,8.308586637e-03
4.645000,1.368649443e-02
4.650000,1.800724212e-02
4.655000,2.025455491e-02
4.660000,1.979155381e-02
4.665000,1.649567056e-02
4.670000,1.079343807e-02
4.675000,3.597613602e-03
4.680000,-3.834333151e-03
4.685000,-1.009567247e-02
4.690000,-1.385601928e-02
4.695000,-1.409316632e-02
4.700000,-1.030143087e-02
4.705000,-2.637839774e-03
4.710000,8.036067715e-03
4.715000,2.024814607e-02
4.720000,3.214845364e-02
4.725000,4.184552723e-02
4.730000,4.777550721e-02
4.735000,4.901634748e-02
4.740000,4.546831347e-02
4.745000,3.785508179e-02
4.750000,2.754634381e-02
4.755000,1.624846315e-02
4.760000,5.641679682e-03
4.765000,-2.947118600e-03
4.770000,-8.759701052e-03
4.775000,-1.166580218e-02
4.780000,-1.206608808e-02
4.785000,-1.068184473e-02
4.790000,-8.304325593e-03
4.795000,-5.582491498e-03
4.800000,-2.906669299e-03
4.805000,-4.051538968e-04
4.810000,1.972443231e-03
4.815000,4.338767551e-03
4.820000,6.773412427e-03
4.825000,9.278776675e-03
4.830000,1.178317125e-02
4.835000,1.416281032e-02
4.840000,1.625231714e-02
4.845000,1.783301997e-02
4.850000,1.861583331e-02
4.855000,1.825250378e-02
4.860000,1.640329906e-02
4.865000,1.286194425e-02
4.870000,7.703366442e-03
4.875000,1.395084151e-03
4.880000,-5.187449217e-03
4.885000,-1.087514590e-02
4.890000,-1.443936048e-02
4.895000,-1.489120435e-02
4.900000,-1.176204918e-02
4.905000,-5.277765853e-03
4.910000,3.635565997e-03
4.915000,1.352945527e-02
4.920000,2.275382475e-02
4.925000,2.983456365e-02
4.930000,3.380151431e-02
4.935000,3.437481139e-02
4.940000,3.196211637e-02
4.945000,2.747872450e-02
4.950000,2.205528089e-02
4.955000,1.672571713e-02
4.960000,1.218373755e-02
4.965000,8.665425658e-03
4.970000,5.972517060e-03
4.975000,3.610713043e-03
4.980000,9.901732701e-04
4.985000,-2.375190572e-03
4.990000,-6.726888214e-03
4.995000,-1.201557768e-02
5.000000,-1.795272509e-02
5.005000,-2.412756576e-02
5.010000,-3.013109085e-02
5.015000,-3.562787797e-02
5.020000,-4.034615550e-02
5.025000,-4.400592511e-02
5.030000,-4.624862071e-02
5.035000,-4.664172189e-02
5.040000,-4.479575665e-02
5.045000,-4.056411407e-02
5.050000,-3.423511391e-02
5.055000,-2.660932956e-02
5.060000,-1.889844072e-02
5.065000,-1.246468666e-02
5.070000,-8.496681997e-03
5.075000,-7.744290770e-03
5.080000,-1.039825056e-02
5.085000,-1.612379228e-02
5.090000,-2.418889545e-02
5.095000,-3.360632039e-02
5.100000,-4.324038449e-02
5.105000,-5.188545700e-02
5.110000,-5.836049440e-02
5.115000,-6.165625789e-02
5.120000,-6.112666165e-02
5.125000,-5.666723152e-02
5.130000,-4.880713523e-02
5.135000,-3.866784449e-02
5.140000,-2.779214154e-02
5.145000,-1.788893323e-02
5.150000,-1.055083174e-02
5.155000,-6.987554836e-03
5.160000,-7.802538518e-03
5.165000,-1.284222479e-02
5.170000,-2.116335231e-02
5.175000,-3.116715359e-02
5.180000,-4.091485702e-02
5.185000,-4.856725023e-02
5.190000,-5.281807036e-02
5.195000,-5.316718624e-02
5.200000,-4.993376600e-02
5.205000,-4.402266588e-02
5.210000,-3.656749778e-02
5.215000,-2.861482353e-02
5.220000,-2.096000863e-02
5.225000,-1.413250695e-02
5.230000,-8.433560415e-03
5.235000,-3.918709058e-03
5.240000,-2.993314235e-04
5.245000,3.147609695e-03
5.250000,7.513401805e-03
5.255000,1.394096303e-02
5.260000,2.311289045e-02
5.265000,3.475501525e-02
5.270000,4.742374687e-02
5.275000,5.875181364e-02
5.280000,6.611954029e-02
5.285000,6.750689354e-02
5.290000,6.218240743e-02
5.295000,5.095398637e-02
5.300000,3.590481731e-02
5.305000,1.975783183e-02
5.310000,5.142979474e-03
5.315000,-5.969518359e-03
5.320000,-1.253046703e-02
5.325000,-1.438066793e-02
5.330000,-1.204006479e-02
5.335000,-6.442358723e-03
5.340000,1.308346048e-03
5.345000,1.013765172e-02
5.350000,1.915703551e-02
5.355000,2.775991328e-02
5.360000,3.562291532e-02
5.365000,4.259168541e-02
5.370000,4.848348072e-02
5.375000,5.289987453e-02
5.380000,5.516478495e-02
5.385000,5.445768488e-02
5.390000,5.011393158e-02
5.395000,4.196646287e-02
5.400000,3.056480176e-02
5.405000,1.715595248e-02
5.410000,3.423966873e-03
5.415000,-8.901207363e-03
5.420000,-1.840302322e-02
5.425000,-2.417976680e-02
5.430000,-2.586111414e-02
5.435000,-2.351198854e-02
5.440000,-1.753564267e-02
5.445000,-8.648007802e-03
5.450000,2.092900910e-03
5.455000,1.329291858e-02
5.460000,2.335991527e-02
5.465000,3.080008399e-02
5.470000,3.459111989e-02
5.475000,3.447633013e-02
5.480000,3.103388110e-02
5.485000,2.547316861e-02
5.490000,1.924412464e-02
5.495000,1.363844728e-02
5.500000,9.558096915e-03
5.505000,7.525121208e-03
5.510000,7.864913568e-03
5.515000,1.089495588e-02
5.520000,1.695294190e-02
5.525000,2.620351748e-02
5.530000,3.831272523e-02
5.535000,5.218699190e-02
5.540000,6.597393496e-02
5.545000,7.740857994e-02
5.550000,8.441667366e-02
5.555000,8.574517868e-02
5.560000,8.135288135e-02
5.565000,7.238297550e-02
5.570000,6.071391917e-02
5.575000,4.826397049e-02
5.580000,3.632780961e-02
5.585000,2.520728995e-02
5.590000,1.427398860e-02
5.595000,2.425721068e-03
5.600000,-1.125324942e-02
5.605000,-2.688909176e-02
5.610000,-4.350083095e-02
5.615000,-5.908289781e-02
5.620000,-7.105705806e-02
5.625000,-7.694176522e-02
5.630000,-7.502868160e-02
5.635000,-6.487069513e-02
5.640000,-4.745618154e-02
5.645000,-2.503896035e-02
5.650000,-6.816803101e-04
5.655000,2.236734741e-02
5.660000,4.131472647e-02
5.665000,5.433464176e-02
5.670000,6.084264135e-02
5.675000,6.147996565e-02
5.680000,5.783334322e-02
5.685000,5.198507173e-02
5.690000,4.602668596e-02
5.695000,4.165865841e-02
5.700000,3.994244804e-02
5.705000,4.119947610e-02
5.710000,4.500587500e-02
5.715000,5.023987994e-02
5.720000,5.519249062e-02
5.725000,5.780689090e-02
5.730000,5.611244061e-02
5.735000,4.883736679e-02
5.740000,3.604864552e-02
5.745000,1.955559283e-02
5.750000,2.811070538e-03
5.755000,-9.810253231e-03
5.760000,-1.422596654e-02
5.765000,-7.977370747e-03
5.770000,8.806829354e-03
5.775000,3.320412346e-02
5.780000,6.016488944e-02
5.785000,8.383474651e-02
5.790000,9.907292730e-02
5.795000,1.026619764e-01
5.800000,9.386562204e-02
5.805000,7.427205430e-02
5.810000,4.712328387e-02
5.815000,1.646391780e-02
5.820000,-1.359405699e-02
5.825000,-3.935256425e-02
5.830000,-5.779667435e-02
5.835000,-6.679619206e-02
5.840000,-6.536257257e-02
5.845000,-5.396327085e-02
5.850000,-3.475426265e-02
5.855000,-1.152016857e-02
5.860000,1.083518078e-02
5.865000,2.723776151e-02
5.870000,3.361531982e-02
5.875000,2.793236820e-02
5.880000,1.072862411e-02
5.885000,-1.504045196e-02
5.890000,-4.480961561e-02
5.895000,-7.357047298e-02
5.900000,-9.700300192e-02
5.905000,-1.122353838e-01
5.910000,-1.180845878e-01
5.915000,-1.148485246e-01
5.920000,-1.038629015e-01
5.925000,-8.704837812e-02
5.930000,-6.657805132e-02
5.935000,-4.466792576e-02
5.940000,-2.341354357e-02
5.945000,-4.600395968e-03
5.950000,1.051821261e-02
5.955000,2.141163883e-02
5.960000,2.834143006e-02
5.965000,3.225335783e-02
5.970000,3.450028839e-02
5.975000,3.646252527e-02
5.980000,3.916016854e-02
5.985000,4.295056866e-02
5.990000,4.738677554e-02
5.995000,5.128698382e-02
6.000000,5.302396736e-02
6.005000,5.098053738e-02
6.010000,4.404484903e-02
6.015000,3.197556595e-02
6.020000,1.549347004e-02
6.025000,-3.935985252e-03
6.030000,-2.451792755e-02
6.035000,-4.452625156e-02
6.040000,-6.248230218e-02
6.045000,-7.705067689e-02
6.050000,-8.678340273e-02
6.055000,-8.997567609e-02
6.060000,-8.487150049e-02
6.065000,-7.026986692e-02
6.070000,-4.632643189e-02
6.075000,-1.516738622e-02
6.080000,1.905716754e-02
6.085000,5.084297218e-02
6.090000,7.457632655e-02
6.095000,8.594707289e-02
6.100000,8.304125780e-02
6.105000,6.675203686e-02
6.110000,4.041522462e-02
6.115000,8.858189407e-03
6.120000,-2.277063702e-02
6.125000,-5.000822031e-02
6.130000,-6.966584858e-02
6.135000,-7.995053764e-02
6.140000,-8.025453031e-02
6.145000,-7.084241346e-02
6.150000,-5.263738636e-02
6.155000,-2.718174499e-02
6.160000,3.309512500e-03
6.165000,3.598245931e-02
6.170000,6.762589585e-02
6.175000,9.522122672e-02
6.180000,1.165927477e-01
6.185000,1.308683996e-01
6.190000,1.384964241e-01
6.195000,1.407626001e-01
6.200000,1.390186483e-01
6.205000,1.340108573e-01
6.210000,1.256691010e-01
6.215000,1.134755580e-01
6.220000,9.720563782e-02
6.225000,7.760981420e-02
6.230000,5.662217273e-02
6.235000,3.693735405e-02
6.240000,2.114577717e-02
6.245000,1.085402583e-02
6.250000,6.207724366e-03
6.255000,5.994166561e-03
6.260000,8.185990176e-03
6.265000,1.058810424e-02
6.270000,1.127672857e-02
6.275000,8.731943524e-03
6.280000,1.807745498e-03
6.285000,-1.020977408e-02
6.290000,-2.730332152e-02
6.295000,-4.826421479e-02
6.300000,-7.036022123e-02
6.305000,-8.946252652e-02
6.310000,-1.007970269e-01
6.315000,-1.001945133e-01
6.320000,-8.545185302e-02
6.325000,-5.731506407e-02
6.330000,-1.970000382e-02
6.335000,2.097799113e-02
6.340000,5.720136896e-02
6.345000,8.209053496e-02
6.350000,9.101821863e-02
6.355000,8.268415607e-02
6.360000,5.939465609e-02
6.365000,2.650154639e-02
6.370000,-8.836384208e-03
6.375000,-3.924676807e-02
6.380000,-5.869708412e-02
6.385000,-6.364833231e-02
6.390000,-5.358072141e-02
6.395000,-3.084765118e-02
6.400000,1.170732951e-05
6.405000,3.326443932e-02
6.410000,6.302978183e-02
6.415000,8.418999026e-02
6.420000,9.306867035e-02
6.425000,8.785135128e-02
6.430000,6.875111822e-02
6.435000,3.791466777e-02
6.440000,-9.460884056e-04
6.445000,-4.319124854e-02
6.450000,-8.409057295e-02
6.455000,-1.197084176e-01
6.460000,-1.476199480e-01
6.465000,-1.672464704e-01
6.470000,-1.796881588e-01
6.475000,-1.870887407e-01
6.480000,-1.917312627e-01
6.485000,-1.951666174e-01
6.490000,-1.976682025e-01
6.495000,-1.981860285e-01
6.500000,-1.947921380e-01
6.505000,-1.854436707e-01
6.510000,-1.688049352e-01
6.515000,-1.448852050e-01
6.520000,-1.153346296e-01
6.525000,-8.334206990e-02
6.530000,-5.315486348e-02
6.535000,-2.928811338e-02
6.540000,-1.553676907e-02
6.545000,-1.397070641e-02
6.550000,-2.416772325e-02
6.555000,-4.296756210e-02
6.560000,-6.495048056e-02
6.565000,-8.363965650e-02
6.570000,-9.315697684e-02
6.575000,-8.984519907e-02
6.580000,-7.332301213e-02
6.585000,-4.660786620e-02
6.590000,-1.526331478e-02
6.595000,1.413666900e-02
6.600000,3.572818030e-02
6.605000,4.576089724e-02
6.610000,4.335123348e-02
6.615000,3.048934616e-02
6.620000,1.140324227e-02
6.625000,-8.510404606e-03
6.630000,-2.395172349e-02
6.635000,-3.094580230e-02
6.640000,-2.780165422e-02
6.645000,-1.558127110e-02
6.650000,2.080601753e-03
6.655000,1.982593156e-02
6.660000,3.191648858e-02
6.665000,3.371618927e-02
6.670000,2.288321398e-02
6.675000,-8.001538357e-05
6.680000,-3.206138337e-02
6.685000,-6.824168196e-02
6.690000,-1.033437626e-01
6.695000,-1.328300867e-01
6.700000,-1.537182947e-01
6.705000,-1.648552875e-01
6.710000,-1.666906032e-01
6.715000,-1.607455720e-01
6.720000,-1.490362720e-01
6.725000,-1.336630798e-01
6.730000,-1.166533771e-01
6.735000,-9.999297781e-02
6.740000,-8.567473278e-02
6.745000,-7.558378736e-02
6.750000,-7.114008082e-02
6.755000,-7.278599122e-02
6.760000,-7.955413313e-02
6.765000,-8.898884073e-02
6.770000,-9.758400592e-02
6.775000,-1.016767837e-01
6.780000,-9.850587519e-02
6.785000,-8.702639867e-02
6.790000,-6.814409375e-02
6.795000,-4.427047422e-02
6.800000,-1.839922205e-02
6.805000,6.882842431e-03
6.810000,3.001798104e-02
6.815000,5.049022057e-02
6.820000,6.829334268e-02
6.825000,8.319254723e-02
6.830000,9.421897219e-02
6.835000,9.970989921e-02
6.840000,9.791440929e-02
6.845000,8.787354173e-02
6.850000,7.011999753e-02
6.855000,4.681872275e-02
6.860000,2.125440294e-02
6.865000,-3.083622847e-03
6.870000,-2.335541875e-02
6.875000,-3.774667277e-02
6.880000,-4.524344974e-02
6.885000,-4.506138586e-02
6.890000,-3.622638826e-02
6.895000,-1.774564688e-02
6.900000,1.054452151e-02
6.905000,4.682993306e-02
6.910000,8.654931276e-02
6.915000,1.226313626e-01
6.920000,1.469437551e-01
6.925000,1.525701111e-01
6.930000,1.360776243e-01
6.935000,9.886392535e-02
6.940000,4.702397386e-02
6.945000,-1.021753266e-02
6.950000,-6.290191539e-02
6.955000,-1.026950087e-01
6.960000,-1.244742875e-01
6.965000,-1.268221819e-01
6.970000,-1.115648739e-01
6.975000,-8.278975944e-02
6.980000,-4.580309493e-02
6.985000,-6.303578273e-03
6.990000,3.020451034e-02
6.995000,5.890223225e-02
7.000000,7.619973279e-02
7.005000,8.034760864e-02
7.010000,7.195390573e-02
7.015000,5.413774976e-02
7.020000,3.208682013e-02
7.025000,1.196716489e-02
7.030000,-6.097321708e-04
7.035000,-2.138641369e-03
7.040000,7.708099677e-03
7.045000,2.586916502e-02
7.050000,4.664244257e-02
7.055000,6.316405530e-02
7.060000,6.915151666e-02
7.065000,6.039619280e-02
7.070000,3.563920867e-02
7.075000,-3.276362082e-03
7.080000,-5.184777454e-02
7.085000,-1.037079446e-01
7.090000,-1.515624933e-01
7.095000,-1.881634319e-01
7.100000,-2.072983713e-01
7.105000,-2.047718616e-01
7.110000,-1.792755474e-01
7.115000,-1.329537821e-01
7.120000,-7.144711344e-02
7.125000,-3.272369030e-03
7.130000,6.144724706e-02
7.135000,1.127129339e-01
7.140000,1.425125455e-01
7.145000,1.464143543e-01
7.150000,1.245068535e-01
7.155000,8.140727195e-02
7.160000,2.526397608e-02
7.165000,-3.405277775e-02
7.170000,-8.711592433e-02
7.175000,-1.268627078e-01
7.180000,-1.497363695e-01
7.185000,-1.557915206e-01
7.190000,-1.478906433e-01
7.195000,-1.304285574e-01
7.200000,-1.081035222e-01
7.205000,-8.508037257e-02
7.210000,-6.458484534e-02
7.215000,-4.872765487e-02
7.220000,-3.832843456e-02
7.225000,-3.268974294e-02
7.230000,-2.950846401e-02
7.235000,-2.521157128e-02
7.240000,-1.586452157e-02
7.245000,1.510000826e-03
7.250000,2.765530264e-02
7.255000,6.037754189e-02
7.260000,9.475418088e-02
7.265000,1.242278397e-01
7.270000,1.422202778e-01
7.275000,1.437490244e-01
7.280000,1.266007538e-01
7.285000,9.182429496e-02
7.290000,4.352253049e-02
7.295000,-1.193532772e-02
7.300000,-6.709134451e-02
7.305000,-1.147380263e-01
7.310000,-1.491586295e-01
7.315000,-1.670103998e-01
7.320000,-1.676756643e-01
7.325000,-1.530724747e-01
7.330000,-1.270945995e-01
7.335000,-9.493121288e-02
7.340000,-6.243963114e-02
7.345000,-3.556195045e-02
7.350000,-1.963306390e-02
7.355000,-1.845980989e-02
7.360000,-3.327506828e-02
7.365000,-6.194697978e-02
7.370000,-9.893744868e-02
7.375000,-1.363152758e-01
7.380000,-1.656859644e-01
7.385000,-1.804319011e-01
7.390000,-1.774395199e-01
7.395000,-1.576716302e-01
7.400000,-1.254425243e-01
7.405000,-8.680638262e-02
7.410000,-4.778732080e-02
7.415000,-1.311877888e-02
7.420000,1.420529315e-02
7.425000,3.270634558e-02
7.430000,4.194342209e-02
7.435000,4.220509174e-02
7.440000,3.457052472e-02
7.445000,2.124043049e-02
7.450000,5.825181771e-03
7.455000,-6.760227712e-03
7.460000,-1.100489837e-02
7.465000,-2.070528937e-03
7.470000,2.269823676e-02
7.475000,6.252946893e-02
7.480000,1.127673225e-01
7.485000,1.655169651e-01
7.490000,2.113175405e-01
7.495000,2.413481244e-01
7.500000,2.494183492e-01
7.505000,2.330655838e-01
7.510000,1.934755207e-01
7.515000,1.344784528e-01
7.520000,6.126425652e-02
7.525000,-2.051620272e-02
7.530000,-1.049509023e-01
7.535000,-1.855755388e-01
7.540000,-2.551646443e-01
7.545000,-3.061630242e-01
7.550000,-3.319300540e-01
7.555000,-3.284502996e-01
7.560000,-2.958212612e-01
7.565000,-2.388516932e-01
7.570000,-1.664547476e-01
7.575000,-8.998318730e-02
7.580000,-2.098964229e-02
7.585000,3.101245943e-02
7.590000,6.031432607e-02
7.595000,6.599767754e-02
7.600000,5.197462922e-02
7.605000,2.603646459e-02
7.610000,-1.963251063e-03
7.615000,-2.242314445e-02
7.620000,-2.821043768e-02
7.625000,-1.612883974e-02
7.630000,1.278859571e-02
7.635000,5.414123380e-02
7.640000,1.017044729e-01
7.645000,1.489775244e-01
7.650000,1.902169333e-01
7.655000,2.208503317e-01
7.660000,2.375573000e-01
7.665000,2.384205905e-01
7.670000,2.233307037e-01
7.675000,1.944478194e-01
7.680000,1.562806329e-01
7.685000,1.150336441e-01
7.690000,7.726777626e-02
7.695000,4.835968306e-02
7.700000,3.142996396e-02
7.705000,2.719458258e-02
7.710000,3.469109734e-02
7.715000,5.234497737e-02
7.720000,7.867077029e-02
7.725000,1.121566963e-01
7.730000,1.504132954e-01
7.735000,1.891694555e-01
7.740000,2.218862550e-01
7.745000,2.405235054e-01
7.750000,2.374538226e-01
7.755000,2.079407355e-01
7.760000,1.522535468e-01
7.765000,7.653634956e-02
7.770000,-8.037535960e-03
7.775000,-8.767997416e-02
7.780000,-1.492522008e-01
7.785000,-1.833494777e-01
7.790000,-1.862507974e-01
7.795000,-1.602080328e-01
7.800000,-1.121605092e-01
7.805000,-5.149842544e-02
7.810000,1.226481086e-02
7.815000,7.120106749e-02
7.820000,1.197765106e-01
7.825000,1.549433998e-01
7.830000,1.759391578e-01
7.835000,1.841292572e-01
7.840000,1.829125326e-01
7.845000,1.774074836e-01
7.850000,1.735910655e-01
7.855000,1.768315903e-01
7.860000,1.901873596e-01
7.865000,2.131486376e-01
7.870000,2.414552665e-01
7.875000,2.682074441e-01
7.880000,2.859144939e-01
7.885000,2.887103866e-01
7.890000,2.739300027e-01
7.895000,2.425869454e-01
7.900000,1.988064771e-01
7.905000,1.486557866e-01
7.910000,9.889336084e-02
7.915000,5.595198192e-02
7.920000,2.516989384e-02
7.925000,1.011643340e-02
7.930000,1.192647625e-02
7.935000,2.878505811e-02
7.940000,5.589135414e-02
7.945000,8.619994876e-02
7.950000,1.119504524e-01
7.955000,1.265931439e-01
7.960000,1.264342831e-01
7.965000,1.113514735e-01
7.970000,8.429482357e-02
7.975000,4.983026393e-02
7.980000,1.242319451e-02
7.985000,-2.473508776e-02
7.990000,-5.985952248e-02
7.995000,-9.173024692e-02
8.000000,-1.184836891e-01
8.005000,-1.368584845e-01
8.010000,-1.424878699e-01
8.015000,-1.312610929e-01
8.020000,-1.011687892e-01
8.025000,-5.373191816e-02
8.030000,5.730874262e-03
8.035000,6.919511031e-02
8.040000,1.279354756e-01
8.045000,1.746048241e-01
8.050000,2.046042883e-01
8.055000,2.164044722e-01
8.060000,2.110271670e-01
8.065000,1.912305362e-01
8.070000,1.608906404e-01
8.075000,1.247214305e-01
8.080000,8.809167781e-02
8.085000,5.655167585e-02
8.090000,3.487196342e-02
8.095000,2.578681630e-02
8.100000,2.895860265e-02
8.105000,4.071370277e-02
8.110000,5.481359042e-02
8.115000,6.408269498e-02
8.120000,6.236560011e-02
8.125000,4.619828043e-02
8.130000,1.574859337e-02
8.135000,-2.513238534e-02
8.140000,-6.966805667e-02
8.145000,-1.095256759e-01
8.150000,-1.365628430e-01
8.155000,-1.446728359e-01
8.160000,-1.313669042e-01
8.165000,-9.867031520e-02
8.170000,-5.297872024e-02
8.175000,-3.776692608e-03
8.180000,3.850850924e-02
8.185000,6.492869298e-02
8.190000,7.002859402e-02
8.195000,5.294691161e-02
8.200000,1.744770802e-02
8.205000,-2.894573174e-02
8.210000,-7.638328192e-02
8.215000,-1.143857316e-01
8.220000,-1.336203986e-01
8.225000,-1.276229017e-01
8.230000,-9.426812704e-02
8.235000,-3.666777643e-02
8.240000,3.687686875e-02
8.245000,1.141009691e-01
8.250000,1.810948796e-01
8.255000,2.252497784e-01
8.260000,2.380963469e-01
8.265000,2.172707989e-01
8.270000,1.670646979e-01
8.275000,9.740827381e-02
8.280000,2.156853415e-02
8.285000,-4.681474185e-02
8.290000,-9.657229727e-02
8.295000,-1.210131671e-01
8.300000,-1.186675438e-01
8.305000,-9.275777821e-02
8.310000,-4.980073929e-02
8.315000,2.031384220e-03
8.320000,5.423992444e-02
8.325000,9.880796484e-02
8.330000,1.286933358e-01
8.335000,1.384389801e-01
8.340000,1.251997106e-01
8.345000,9.003856706e-02
8.350000,3.886073279e-02
8.355000,-1.782450267e-02
8.360000,-6.679387767e-02
8.365000,-9.539811723e-02
8.370000,-9.522844411e-02
8.375000,-6.478633711e-02
8.380000,-1.007424255e-02
8.385000,5.714695332e-02
8.390000,1.227358810e-01
8.395000,1.738840854e-01
8.400000,2.018826806e-01
8.405000,2.032291696e-01
8.410000,1.791421369e-01
8.415000,1.341461914e-01
8.420000,7.455799101e-02
8.425000,7.458258828e-03
8.430000,-5.972083107e-02
8.435000,-1.192755714e-01
8.440000,-1.634546740e-01
8.445000,-1.852302428e-01
8.450000,-1.797277201e-01
8.455000,-1.460270289e-01
8.460000,-8.868268376e-02
8.465000,-1.814637104e-02
8.470000,5.054686603e-02
8.475000,1.009151342e-01
8.480000,1.193024951e-01
8.485000,9.894305092e-02
8.490000,4.230037095e-02
8.495000,-3.932377012e-02
8.500000,-1.288784359e-01
8.505000,-2.082224776e-01
8.510000,-2.626318762e-01
8.515000,-2.836573016e-01
8.520000,-2.697392390e-01
8.525000,-2.250511983e-01
8.530000,-1.576608149e-01
8.535000,-7.796942825e-02
8.540000,2.304866434e-03
8.545000,7.105565564e-02
8.550000,1.172920491e-01
8.555000,1.334152672e-01
8.560000,1.176454297e-01
8.565000,7.539844251e-02
8.570000,1.854525391e-02
8.575000,-3.765322127e-02
8.580000,-7.900917903e-02
8.585000,-9.658659021e-02
8.590000,-8.897236363e-02
8.595000,-6.185931889e-02
8.600000,-2.532276381e-02
8.605000,9.942746282e-03
8.610000,3.593845530e-02
8.615000,4.917508577e-02
8.620000,5.069620152e-02
8.625000,4.471028559e-02
8.630000,3.658838722e-02
8.635000,3.099036840e-02
8.640000,3.066769327e-02
8.645000,3.619614562e-02
8.650000,4.659040193e-02
8.655000,6.047002674e-02
8.660000,7.723339939e-02
8.665000,9.765248701e-02
8.670000,1.235147864e-01
8.675000,1.563809143e-01
8.680000,1.960088043e-01
8.685000,2.392483371e-01
8.690000,2.800505217e-01
8.695000,3.107095692e-01
8.700000,3.238432771e-01
8.705000,3.142700439e-01
8.710000,2.800627826e-01
8.715000,2.225661737e-01
8.720000,1.457286726e-01
8.725000,5.536678665e-02
8.730000,-4.120966200e-02
8.735000,-1.352771425e-01
8.740000,-2.169910562e-01
8.745000,-2.764566036e-01
8.750000,-3.057268590e-01
8.755000,-3.012107033e-01
8.760000,-2.654629123e-01
8.765000,-2.073217543e-01
8.770000,-1.399352847e-01
8.775000,-7.713073295e-02
8.780000,-2.938548556e-02
8.785000,-9.377684057e-04
8.790000,1.083852956e-02
8.795000,1.360887559e-02
8.800000,1.665067724e-02
8.805000,2.731429455e-02
8.810000,4.880954851e-02
8.815000,8.003323656e-02
8.820000,1.171256165e-01
8.825000,1.556340789e-01
8.830000,1.919910122e-01
8.835000,2.235685385e-01
8.840000,2.475455717e-01
8.845000,2.596554394e-01
8.850000,2.540736871e-01
8.855000,2.251031938e-01
8.860000,1.702234237e-01
8.865000,9.310292828e-02
8.870000,4.900893032e-03
8.875000,-7.719724659e-02
8.880000,-1.340522470e-01
8.885000,-1.499145372e-01
8.890000,-1.171504996e-01
8.895000,-3.876846118e-02
8.900000,7.191594772e-02
8.905000,1.941187845e-01
8.910000,3.039377224e-01
8.915000,3.791198566e-01
8.920000,4.034047658e-01
8.925000,3.698699855e-01
8.930000,2.827937963e-01
8.935000,1.575264753e-01
8.940000,1.798329792e-02
8.945000,-1.081551448e-01
8.950000,-1.956861002e-01
8.955000,-2.280065952e-01
8.960000,-2.013064231e-01
8.965000,-1.254852113e-01
8.970000,-2.148147117e-02
8.975000,8.412506046e-02
8.980000,1.655653862e-01
8.985000,2.035650483e-01
8.990000,1.889151202e-01
8.995000,1.233958119e-01
9.000000,1.829900225e-02
9.005000,-1.086952435e-01
9.010000,-2.373539527e-01
9.015000,-3.485815559e-01
9.020000,-4.273379823e-01
9.025000,-4.644594694e-01
9.030000,-4.573673318e-01
9.035000,-4.098869944e-01
9.040000,-3.314740391e-01
9.045000,-2.360222589e-01
9.050000,-1.401975364e-01
9.055000,-6.109689603e-02
9.060000,-1.316628144e-02
9.065000,-4.756623749e-03
9.070000,-3.524958076e-02
9.075000,-9.397520721e-02
9.080000,-1.618625534e-01
9.085000,-2.158815932e-01
9.090000,-2.351845958e-01
9.095000,-2.069927621e-01
9.100000,-1.301794825e-01
9.105000,-1.529656712e-02
9.110000,1.188553826e-01
9.115000,2.507177374e-01
9.120000,3.614866927e-01
9.125000,4.388652199e-01
9.130000,4.782284421e-01
9.135000,4.815169239e-01
9.140000,4.549470453e-01
9.145000,4.067390144e-01
9.150000,3.455869665e-01
9.155000,2.798973816e-01
9.160000,2.173299355e-01
9.165000,1.641431411e-01
9.170000,1.242331946e-01
9.175000,9.826479382e-02
9.180000,8.356244089e-02
9.185000,7.523737083e-02
9.190000,6.842351112e-02
9.195000,6.080132491e-02
9.200000,5.421339542e-02
9.205000,5.439874258e-02
9.210000,6.866421714e-02
9.215000,1.023163890e-01
9.220000,1.553835333e-01
9.225000,2.211652743e-01
9.230000,2.874011184e-01
9.235000,3.396887135e-01
9.240000,3.657780281e-01
9.245000,3.590162197e-01
9.250000,3.196768950e-01
9.255000,2.539145986e-01
9.260000,1.711145150e-01
9.265000,8.096309945e-02
9.270000,-8.558497660e-03
9.275000,-9.170114956e-02
9.280000,-1.642138037e-01
9.285000,-2.220963395e-01
9.290000,-2.606886813e-01
9.295000,-2.746811541e-01
9.300000,-2.591928676e-01
9.305000,-2.116342523e-01
9.310000,-1.337430048e-01
9.315000,-3.299948426e-02
9.320000,7.735947517e-02
9.325000,1.802199064e-01
9.330000,2.582579443e-01
9.335000,2.985153123e-01
9.340000,2.963721637e-01
9.345000,2.573045226e-01
9.350000,1.954554529e-01
9.355000,1.292777621e-01
9.360000,7.579204873e-02
9.365000,4.568949453e-02
9.370000,4.117888292e-02
9.375000,5.723240647e-02
9.380000,8.532966606e-02
9.385000,1.177284806e-01
9.390000,1.502462805e-01
9.395000,1.824984535e-01
9.400000,2.159481323e-01
9.405000,2.512008860e-01
9.410000,2.861832925e-01
9.415000,3.161528146e-01
9.420000,3.353689017e-01
9.425000,3.393702295e-01
9.430000,3.266076833e-01
9.435000,2.986970002e-01
9.440000,2.594001759e-01
9.445000,2.131051027e-01
9.450000,1.637035696e-01
9.455000,1.143664957e-01
9.460000,6.807876939e-02
9.465000,2.831599147e-02
9.470000,-8.189479870e-04
9.475000,-1.532668635e-02
9.480000,-1.268650276e-02
9.485000,6.782708164e-03
9.490000,3.932129501e-02
9.495000,7.832416081e-02
9.500000,1.160130077e-01
9.505000,1.455345647e-01
9.510000,1.625957444e-01
9.515000,1.659407584e-01
9.520000,1.565339029e-01
9.525000,1.359737603e-01
9.530000,1.050865764e-01
9.535000,6.357579095e-02
9.540000,1.103061595e-02
9.545000,-5.120937493e-02
9.550000,-1.184384944e-01
9.555000,-1.823517893e-01
9.560000,-2.327060259e-01
9.565000,-2.604025270e-01
9.570000,-2.606969598e-01
9.575000,-2.350493669e-01
9.580000,-1.907065029e-01
9.585000,-1.381706844e-01
9.590000,-8.769255987e-02
9.595000,-4.631066798e-02
9.600000,-1.656961770e-02
9.605000,2.862885425e-03
9.610000,1.536500204e-02
9.615000,2.441861798e-02
9.620000,3.243078158e-02
9.625000,4.054658857e-02
9.630000,4.905889711e-02
9.635000,5.779149151e-02
9.640000,6.607462834e-02
9.645000,7.241326415e-02
9.650000,7.430570989e-02
9.655000,6.865525975e-02
9.660000,5.284609841e-02
9.665000,2.607927438e-02
9.670000,-9.703816077e-03
9.675000,-4.987008124e-02
9.680000,-8.823925640e-02
9.685000,-1.189273203e-01
9.690000,-1.381556448e-01
9.695000,-1.452966620e-01
9.700000,-1.427512787e-01
9.705000,-1.347394343e-01
9.710000,-1.255253072e-01
9.715000,-1.178224440e-01
9.720000,-1.120491238e-01
9.725000,-1.067522442e-01
9.730000,-1.000098737e-01
9.735000,-9.115400921e-02
9.740000,-8.193965808e-02
9.745000,-7.646541945e-02
9.750000,-7.970154297e-02
9.755000,-9.518439663e-02
9.760000,-1.229482348e-01
9.765000,-1.587870988e-01
9.770000,-1.953955999e-01
9.775000,-2.250520394e-01
9.780000,-2.427159109e-01
9.785000,-2.481339896e-01
9.790000,-2.459531674e-01
9.795000,-2.437371312e-01
9.800000,-2.487327839e-01
9.805000,-2.647698630e-01
9.810000,-2.905700463e-01
9.815000,-3.200879182e-01
9.820000,-3.446503642e-01
9.825000,-3.559911379e-01
9.830000,-3.490333905e-01
9.835000,-3.234722812e-01
9.840000,-2.837019991e-01
9.845000,-2.372117892e-01
9.850000,-1.920698947e-01
9.855000,-1.544006437e-01
9.860000,-1.267564917e-01
9.865000,-1.079624918e-01
9.870000,-9.443200047e-02
9.875000,-8.232061251e-02
9.880000,-6.949275828e-02
9.885000,-5.636294173e-02
9.890000,-4.525967340e-02
9.895000,-3.876891497e-02
9.900000,-3.808982579e-02
9.905000,-4.240905518e-02
9.910000,-4.964344458e-02
9.915000,-5.799309864e-02
9.920000,-6.716599471e-02
9.925000,-7.829389808e-02
9.930000,-9.241069169e-02
9.935000,-1.083938788e-01
9.940000,-1.218022881e-01
9.945000,-1.256787737e-01
9.950000,-1.132849130e-01
9.955000,-8.153961115e-02
9.960000,-3.338024790e-02
9.965000,2.228586385e-02
9.970000,7.316632160e-02
9.975000,1.075668954e-01
9.980000,1.180225620e-01
9.985000,1.031548409e-01
9.990000,6.732612500e-02
9.995000,1.868685863e-02
10.000000,-3.329002208e-02
10.005000,-7.987465720e-02
10.010000,-1.144061542e-01
10.015000,-1.330307615e-01
10.020000,-1.351074883e-01
10.025000,-1.232996990e-01
10.030000,-1.031110118e-01
10.035000,-8.164662499e-02
10.040000,-6.573584476e-02
10.045000,-5.999341008e-02
10.050000,-6.558079844e-02
10.055000,-8.017539115e-02
10.060000,-9.909302845e-02
10.065000,-1.169838159e-01
10.070000,-1.293500345e-01
10.075000,-1.333899106e-01
10.080000,-1.281408757e-01
10.085000,-1.142524283e-01
10.090000,-9.375199258e-02
10.095000,-6.991989813e-02
10.100000,-4.709974997e-02
10.105000,-3.017884403e-02
10.110000,-2.364633843e-02
10.115000,-3.043346662e-02
10.120000,-5.093525329e-02
10.125000,-8.257389402e-02
10.130000,-1.200394232e-01
10.135000,-1.561074697e-01
10.140000,-1.828350987e-01
10.145000,-1.929788296e-01
10.150000,-1.815347290e-01
10.155000,-1.472326115e-01
10.160000,-9.362004749e-02
10.165000,-2.920704577e-02
10.170000,3.377562332e-02
10.175000,8.202830802e-02
10.180000,1.046419299e-01
10.185000,9.625486737e-02
10.190000,5.872795126e-02
10.195000,6.368555722e-04
10.200000,-6.528141287e-02
10.205000,-1.257897637e-01
10.210000,-1.705992909e-01
10.215000,-1.944825162e-01
10.220000,-1.975749365e-01
10.225000,-1.841407290e-01
10.230000,-1.605870408e-01
10.235000,-1.335900421e-01
10.240000,-1.088911112e-01
10.245000,-9.085069336e-02
10.250000,-8.246493062e-02
10.255000,-8.542111211e-02
10.260000,-9.990849016e-02
10.265000,-1.241971813e-01
10.270000,-1.542762629e-01
10.275000,-1.839524201e-01
10.280000,-2.056884894e-01
10.285000,-2.121546332e-01
10.290000,-1.981135187e-01
10.295000,-1.620363197e-01
10.300000,-1.068701731e-01
10.305000,-3.965509511e-02
10.310000,2.990398817e-02
10.315000,9.145936224e-02
10.320000,1.360607681e-01
10.325000,1.577624013e-01
10.330000,1.546060302e-01
10.335000,1.290041919e-01
10.340000,8.758991598e-02
10.345000,4.049034882e-02
10.350000,-1.232601171e-04
10.355000,-2.228037385e-02
10.360000,-1.700863541e-02
10.365000,1.897278293e-02
10.370000,8.157293890e-02
10.375000,1.594355763e-01
10.380000,2.360596429e-01
10.385000,2.934290348e-01
10.390000,3.160870828e-01
10.395000,2.944857741e-01
10.400000,2.268197241e-01
10.405000,1.191821283e-01
10.410000,-1.560179740e-02
10.415000,-1.599455879e-01
10.420000,-2.939351321e-01
10.425000,-3.981479136e-01
10.430000,-4.568324563e-01
10.435000,-4.611415761e-01
10.440000,-4.116653956e-01
10.445000,-3.192546190e-01
10.450000,-2.033713950e-01
10.455000,-8.798250233e-02
10.460000,4.001270777e-03
10.465000,5.604184807e-02
10.470000,6.135121358e-02
10.475000,2.337753910e-02
10.480000,-4.642141317e-02
10.485000,-1.323822056e-01
10.490000,-2.185449915e-01
10.495000,-2.915644451e-01
10.500000,-3.422851318e-01
10.505000,-3.663162012e-01
10.510000,-3.641471069e-01
10.515000,-3.410555979e-01
10.520000,-3.065739355e-01
10.525000,-2.730206063e-01
10.530000,-2.528294101e-01
10.535000,-2.550369395e-01
10.540000,-2.819557394e-01
10.545000,-3.273366362e-01
10.550000,-3.769859394e-01
10.555000,-4.119654684e-01
10.560000,-4.135484483e-01
10.565000,-3.684644889e-01
10.570000,-2.728944563e-01
10.575000,-1.341378670e-01
10.580000,3.038470330e-02
10.585000,1.964239046e-01
10.590000,3.376477830e-01
10.595000,4.308099603e-01
10.600000,4.603277513e-01
10.605000,4.214081954e-01
10.610000,3.211104030e-01
10.615000,1.770919884e-01
10.620000,1.424158718e-02
10.625000,-1.401345351e-01
10.630000,-2.615628562e-01
10.635000,-3.329855968e-01
10.640000,-3.477536438e-01
10.645000,-3.104894073e-01
10.650000,-2.357288837e-01
10.655000,-1.446540322e-01
10.660000,-6.053646136e-02
10.665000,-3.741004449e-03
10.670000,1.271410086e-02
10.675000,-1.397213042e-02
10.680000,-7.588301187e-02
10.685000,-1.565567199e-01
10.690000,-2.354137183e-01
10.695000,-2.932934016e-01
10.700000,-3.175142301e-01
10.705000,-3.049483941e-01
10.710000,-2.622248396e-01
10.715000,-2.031304109e-01
10.720000,-1.441963849e-01
10.725000,-9.997647074e-02
10.730000,-7.946005546e-02
10.735000,-8.449422223e-02
10.740000,-1.102907069e-01
10.745000,-1.474159204e-01
10.750000,-1.843544244e-01
10.755000,-2.098524361e-01
10.760000,-2.146434542e-01
10.765000,-1.925810593e-01
10.770000,-1.414279130e-01
10.775000,-6.348425155e-02
10.780000,3.403352613e-02
10.785000,1.392274876e-01
10.790000,2.367894018e-01
10.795000,3.104755656e-01
10.800000,3.464563948e-01
10.805000,3.367074670e-01
10.810000,2.813674009e-01
10.815000,1.891784238e-01
10.820000,7.571382618e-02
10.825000,-4.014988064e-02
10.830000,-1.404609651e-01
10.835000,-2.118760237e-01
10.840000,-2.478325935e-01
10.845000,-2.488385301e-01
10.850000,-2.211422229e-01
10.855000,-1.744719363e-01
10.860000,-1.196243339e-01
10.865000,-6.648588559e-02
10.870000,-2.274055705e-02
10.875000,6.777613153e-03
10.880000,2.027997524e-02
10.885000,1.894920392e-02
10.890000,6.658726618e-03
10.895000,-1.059029616e-02
10.900000,-2.565680074e-02
10.905000,-3.174339197e-02
10.910000,-2.422932845e-02
10.915000,-2.417609166e-03
10.920000,2.944945371e-02
10.925000,6.251543779e-02
10.930000,8.521767011e-02
10.935000,8.640906838e-02
10.940000,5.873560975e-02
10.945000,1.067194486e-03
10.950000,-8.092267441e-02
10.955000,-1.761787567e-01
10.960000,-2.709913816e-01
10.965000,-3.518532655e-01
10.970000,-4.074345074e-01
10.975000,-4.293753254e-01
10.980000,-4.124072515e-01
10.985000,-3.546905798e-01
10.990000,-2.589195698e-01
10.995000,-1.338801114e-01
11.000000,4.687294273e-03
11.005000,1.352535042e-01
11.010000,2.343141373e-01
11.015000,2.821445555e-01
11.020000,2.685691081e-01
11.025000,1.964232668e-01
11.030000,8.112583182e-02
11.035000,-5.366092512e-02
11.040000,-1.826872540e-01
11.045000,-2.856128762e-01
11.050000,-3.511245385e-01
11.055000,-3.776449642e-01
11.060000,-3.710851785e-01
11.065000,-3.411443629e-01
11.070000,-2.978696541e-01
11.075000,-2.496115676e-01
11.080000,-2.025775282e-01
11.085000,-1.614125842e-01
11.090000,-1.299492139e-01
11.095000,-1.114799264e-01
11.100000,-1.083824306e-01
11.105000,-1.213652267e-01
11.110000,-1.488016061e-01
11.115000,-1.865550149e-01
11.120000,-2.284734519e-01
11.125000,-2.674842944e-01
11.130000,-2.970445349e-01
11.135000,-3.126129132e-01
11.140000,-3.127857434e-01
11.145000,-2.997602457e-01
11.150000,-2.788747847e-01
11.155000,-2.571608138e-01
11.160000,-2.411357260e-01
11.165000,-2.344065346e-01
11.170000,-2.359003230e-01
11.175000,-2.395213311e-01
11.180000,-2.356588000e-01
11.185000,-2.142976404e-01
11.190000,-1.687626275e-01
11.195000,-9.870189685e-02
11.200000,-1.105931065e-02
11.205000,8.147760866e-02
11.210000,1.640255779e-01
11.215000,2.236657290e-01
11.220000,2.526076619e-01
11.225000,2.492891564e-01
11.230000,2.173699365e-01
11.235000,1.635343040e-01
11.240000,9.538545264e-02
11.245000,2.032630132e-02
11.250000,-5.453126831e-02
11.255000,-1.221341689e-01
11.260000,-1.757933945e-01
11.265000,-2.103658768e-01
11.270000,-2.238307055e-01
11.275000,-2.182471742e-01
11.280000,-1.992492402e-01
11.285000,-1.740340372e-01
11.290000,-1.487369395e-01
11.295000,-1.265317945e-01
11.300000,-1.074291312e-01
11.305000,-8.976609646e-02
11.310000,-7.239174119e-02
11.315000,-5.616957583e-02
11.320000,-4.388329150e-02
11.325000,-3.864597061e-02
11.330000,-4.184419603e-02
11.335000,-5.192920408e-02
11.340000,-6.484725364e-02
11.345000,-7.592106617e-02
11.350000,-8.215110789e-02
11.355000,-8.367976316e-02
11.360000,-8.364289442e-02
11.365000,-8.650694524e-02
11.370000,-9.575869611e-02
11.375000,-1.120956273e-01
11.380000,-1.329721038e-01
11.385000,-1.536922795e-01
11.390000,-1.695392930e-01
11.395000,-1.779827589e-01
11.400000,-1.799597160e-01
11.405000,-1.795733037e-01
11.410000,-1.821781049e-01
11.415000,-1.915181887e-01
11.420000,-2.070975553e-01
11.425000,-2.230470743e-01
11.430000,-2.292821776e-01
11.435000,-2.148291212e-01
11.440000,-1.721953713e-01
11.445000,-1.010529681e-01
11.450000,-9.646131330e-03
11.455000,8.677414046e-02
11.460000,1.699452695e-01
11.465000,2.234929408e-01
11.470000,2.369659894e-01
11.475000,2.078046991e-01
11.480000,1.410554742e-01
11.485000,4.753103810e-02
11.490000,-5.855939270e-02
11.495000,-1.617665165e-01
11.500000,-2.471627470e-01
11.505000,-3.019292143e-01
11.510000,-3.169744380e-01
11.515000,-2.884500617e-01
11.520000,-2.186885257e-01
11.525000,-1.160575325e-01
11.530000,6.429446357e-03
11.535000,1.334056075e-01
11.540000,2.496731598e-01
11.545000,3.423165903e-01
11.550000,4.021013112e-01
11.555000,4.242219885e-01
11.560000,4.086173272e-01
11.565000,3.599446149e-01
11.570000,2.870746364e-01
11.575000,2.018769994e-01
11.580000,1.172536211e-01
11.585000,4.475652627e-02
11.590000,-7.556048497e-03
11.595000,-3.634873010e-02
11.600000,-4.297084719e-02
11.605000,-3.230056238e-02
11.610000,-1.102504140e-02
11.615000,1.398817141e-02
11.620000,3.679010341e-02
11.625000,5.285220876e-02
11.630000,5.920440705e-02
11.635000,5.452448350e-02
11.640000,3.935467801e-02
11.645000,1.637875115e-02
11.650000,-9.498847574e-03
11.655000,-3.156312741e-02
11.660000,-4.233243032e-02
11.665000,-3.511404471e-02
11.670000,-5.677649888e-03
11.675000,4.649664204e-02
11.680000,1.178703679e-01
11.685000,2.015759411e-01
11.690000,2.889771909e-01
11.695000,3.714638567e-01
11.700000,4.418002625e-01
11.705000,4.946114540e-01
11.710000,5.260784013e-01
11.715000,5.333526570e-01
11.720000,5.143182868e-01
11.725000,4.680386076e-01
11.730000,3.957049945e-01
11.735000,3.014977811e-01
11.740000,1.927557948e-01
11.745000,7.924560946e-02
11.750000,-2.815473859e-02
11.755000,-1.187732430e-01
11.760000,-1.830667753e-01
11.765000,-2.132522034e-01
11.770000,-2.041403495e-01
11.775000,-1.545665061e-01
11.780000,-6.918027466e-02
11.785000,4.040305651e-02
11.790000,1.563710922e-01
11.795000,2.581020252e-01
11.800000,3.275780534e-01
11.805000,3.549143343e-01
11.810000,3.415826166e-01
11.815000,2.996505924e-01
11.820000,2.470875756e-01
11.825000,2.010312768e-01
11.830000,1.718780856e-01
11.835000,1.606209377e-01
11.840000,1.602568342e-01
11.845000,1.601855433e-01
11.850000,1.513025215e-01
11.855000,1.295004626e-01
11.860000,9.638714266e-02
11.865000,5.751136394e-02
11.870000,1.946805226e-02
11.875000,-1.253467397e-02
11.880000,-3.566040767e-02
11.885000,-4.894665978e-02
11.890000,-5.205899763e-02
11.895000,-4.428547616e-02
11.900000,-2.447872101e-02
11.905000,7.941364127e-03
11.910000,5.141743906e-02
11.915000,1.009805281e-01
11.920000,1.481353671e-01
11.925000,1.823859940e-01
11.930000,1.942226441e-01
11.935000,1.786764183e-01
11.940000,1.380764797e-01
11.945000,8.268456670e-02
11.950000,2.852760368e-02
11.955000,-7.182002935e-03
11.960000,-1.158803260e-02
11.965000,1.931228267e-02
11.970000,7.896339303e-02
11.975000,1.520724405e-01
11.980000,2.193398866e-01
11.985000,2.633836078e-01
11.990000,2.737545942e-01
11.995000,2.493992771e-01
12.000000,1.979783706e-01
12.005000,1.326303978e-01
12.010000,6.759559095e-02
12.015000,1.431502361e-02
12.020000,-2.080796192e-02
12.025000,-3.661116863e-02
12.030000,-3.580836735e-02
12.035000,-2.304701093e-02
12.040000,-3.395804435e-03
12.045000,1.819951041e-02
12.050000,3.666026958e-02
12.055000,4.645701522e-02
12.060000,4.207054689e-02
12.065000,1.960497303e-02
12.070000,-2.089553354e-02
12.075000,-7.358889817e-02
12.080000,-1.267400967e-01
12.085000,-1.650709392e-01
12.090000,-1.740921513e-01
12.095000,-1.448688931e-01
12.100000,-7.725579683e-02
12.105000,1.981915642e-02
12.110000,1.311697292e-01
12.115000,2.400490272e-01
12.120000,3.327546253e-01
12.125000,4.013796443e-01
12.130000,4.439720966e-01
12.135000,4.626204443e-01
12.140000,4.608165481e-01
12.145000,4.414908286e-01
12.150000,4.064593787e-01
12.155000,3.571163838e-01
12.160000,2.955636964e-01
12.165000,2.252895289e-01
12.170000,1.509405033e-01
12.175000,7.736017276e-02
12.180000,8.519103725e-03
12.185000,-5.299285867e-02
12.190000,-1.055946305e-01
12.195000,-1.476878675e-01
12.200000,-1.766459906e-01
12.205000,-1.885948154e-01
12.210000,-1.794485903e-01
12.215000,-1.470398713e-01
12.220000,-9.351404729e-02
12.225000,-2.678419061e-02
12.230000,3.999093714e-02
12.235000,9.121374360e-02
12.240000,1.132269812e-01
12.245000,9.871397615e-02
12.250000,4.936368542e-02
12.255000,-2.435173088e-02
12.260000,-1.062628016e-01
12.265000,-1.792373772e-01
12.270000,-2.297344609e-01
12.275000,-2.506006535e-01
12.280000,-2.414768387e-01
12.285000,-2.072777202e-01
12.290000,-1.558708565e-01
12.295000,-9.603348022e-02
12.300000,-3.616891060e-02
12.305000,1.640940592e-02
12.310000,5.611689061e-02
12.315000,7.993206941e-02
12.320000,8.819886255e-02
12.325000,8.481379134e-02
12.330000,7.630802809e-02
12.335000,6.985329798e-02
12.340000,7.083957193e-02
12.345000,8.099238599e-02
12.350000,9.781401419e-02
12.355000,1.155564511e-01
12.360000,1.272964318e-01
12.365000,1.273080896e-01
12.370000,1.129427274e-01
12.375000,8.552056151e-02
12.380000,5.010090154e-02
12.385000,1.426871552e-02
12.390000,-1.376080828e-02
12.395000,-2.729506518e-02
12.400000,-2.303502726e-02
12.405000,-2.090258036e-03
12.410000,3.026931431e-02
12.415000,6.612193060e-02
12.420000,9.714180259e-02
12.425000,1.167124081e-01
12.430000,1.210866365e-01
12.435000,1.092653541e-01
12.440000,8.194458414e-02
12.445000,4.035667890e-02
12.450000,-1.419084625e-02
12.455000,-7.979160314e-02
12.460000,-1.528454724e-01
12.465000,-2.272611085e-01
12.470000,-2.947495733e-01
12.475000,-3.464356883e-01
12.480000,-3.752813205e-01
12.485000,-3.783282700e-01
12.490000,-3.577799477e-01
12.495000,-3.204175253e-01
12.500000,-2.755225224e-01
12.505000,-2.320321093e-01
12.510000,-1.958796404e-01
12.515000,-1.683486637e-01
12.520000,-1.459065671e-01
12.525000,-1.215335250e-01
12.530000,-8.714273474e-02
12.535000,-3.638317683e-02
12.540000,3.300141850e-02
12.545000,1.179569116e-01
12.550000,2.103793020e-01
12.555000,2.986918824e-01
12.560000,3.701683287e-01
12.565000,4.132999167e-01
12.570000,4.197091030e-01
12.575000,3.854983248e-01
12.580000,3.122073098e-01
12.585000,2.075074251e-01
12.590000,8.539971876e-02
12.595000,-3.471034037e-02
12.600000,-1.307204371e-01
12.605000,-1.824259146e-01
12.610000,-1.771155088e-01
12.615000,-1.143619101e-01
12.620000,-7.944650388e-03
12.625000,1.164289344e-01
12.630000,2.274199169e-01
12.635000,2.965333630e-01
12.640000,3.059406964e-01
12.645000,2.529849493e-01
12.650000,1.499810330e-01
12.655000,1.971855707e-02
12.660000,-1.114198981e-01
12.665000,-2.202179310e-01
12.670000,-2.912203750e-01
12.675000,-3.183028489e-01
12.680000,-3.036326778e-01
12.685000,-2.552508861e-01
12.690000,-1.845917239e-01
12.695000,-1.047288146e-01
12.700000,-2.936880620e-02
12.705000,2.796897917e-02
12.710000,5.526274855e-02
12.715000,4.408207771e-02
12.720000,-7.900564105e-03
12.725000,-9.492549919e-02
12.730000,-2.027975321e-01
12.735000,-3.108806245e-01
12.740000,-3.962961611e-01
12.745000,-4.392546224e-01
12.750000,-4.278770971e-01
12.755000,-3.609509207e-01
12.760000,-2.478075760e-01
12.765000,-1.055774815e-01
12.770000,4.503384193e-02
12.775000,1.839902951e-01
12.780000,2.950776058e-01
12.785000,3.675824815e-01
12.790000,3.967833409e-01
12.795000,3.837855582e-01
12.800000,3.350223143e-01
12.805000,2.613422107e-01
12.810000,1.763980808e-01
12.815000,9.425325136e-02
12.820000,2.662258919e-02
12.825000,-1.939825023e-02
12.830000,-4.225544639e-02
12.835000,-4.517223264e-02
12.840000,-3.414197887e-02
12.845000,-1.570133156e-02
12.850000,4.499427678e-03
12.855000,2.191809727e-02
12.860000,3.256154920e-02
12.865000,3.260409088e-02
12.870000,1.899961645e-02
12.875000,-8.857569246e-03
12.880000,-4.728972995e-02
12.885000,-8.765856301e-02
12.890000,-1.178704319e-01
12.895000,-1.260310293e-01
12.900000,-1.049853058e-01
12.905000,-5.575467209e-02
12.910000,1.187525517e-02
12.915000,8.219673157e-02
12.920000,1.388779194e-01
12.925000,1.705675089e-01
12.930000,1.744620120e-01
12.935000,1.564019620e-01
12.940000,1.276508858e-01
12.945000,1.000050579e-01
12.950000,8.155177741e-02
12.955000,7.491734230e-02
12.960000,7.847748815e-02
12.965000,8.945043588e-02
12.970000,1.068587163e-01
12.975000,1.325140227e-01
12.980000,1.693565407e-01
12.985000,2.180382178e-01
12.990000,2.737407838e-01
12.995000,3.252613681e-01
13.000000,3.573378328e-01
13.005000,3.555641426e-01
13.010000,3.119003061e-01
13.015000,2.283971643e-01
13.020000,1.175101366e-01
13.025000,-1.137996489e-03
13.030000,-1.062149036e-01
13.035000,-1.802545496e-01
13.040000,-2.134511150e-01
13.045000,-2.047260282e-01
13.050000,-1.602880377e-01
13.055000,-9.073824977e-02
13.060000,-7.994168679e-03
13.065000,7.701612104e-02
13.070000,1.555176322e-01
13.075000,2.210635878e-01
13.080000,2.691685226e-01
13.085000,2.968874782e-01
13.090000,3.026930331e-01
13.095000,2.867709727e-01
13.100000,2.515925310e-01
13.105000,2.023914054e-01
13.110000,1.470692338e-01
13.115000,9.516766204e-02
13.120000,5.590021065e-02
13.125000,3.571960687e-02
13.130000,3.627417905e-02
13.135000,5.364293847e-02
13.140000,7.934069548e-02
13.145000,1.028912869e-01
13.150000,1.151010682e-01
13.155000,1.108619437e-01
13.160000,9.053009203e-02
13.165000,5.954639898e-02
13.170000,2.666282104e-02
13.175000,1.570643382e-03
13.180000,-7.278700263e-03
13.185000,5.775411104e-03
13.190000,4.268321790e-02
13.195000,1.011688466e-01
13.200000,1.744777569e-01
13.205000,2.515423109e-01
13.210000,3.179683272e-01
13.215000,3.582054329e-01
13.220000,3.588631754e-01
13.225000,3.125230292e-01
13.230000,2.208784786e-01
13.235000,9.591914380e-02
13.240000,-4.168823924e-02
13.245000,-1.669754767e-01
13.250000,-2.567317524e-01
13.255000,-2.954367758e-01
13.260000,-2.791588284e-01
13.265000,-2.161414519e-01
13.270000,-1.239557977e-01
13.275000,-2.431256445e-02
13.280000,6.260079296e-02
13.285000,1.223927660e-01
13.290000,1.482406063e-01
13.295000,1.401938221e-01
13.300000,1.030182442e-01
13.305000,4.395690423e-02
13.310000,-2.858839239e-02
13.315000,-1.052983062e-01
13.320000,-1.757592521e-01
13.325000,-2.288428498e-01
13.330000,-2.542580827e-01
13.335000,-2.450815107e-01
13.340000,-2.002876113e-01
13.345000,-1.260150636e-01
13.350000,-3.470687149e-02
13.355000,5.783903329e-02
13.360000,1.365402148e-01
13.365000,1.907641768e-01
13.370000,2.164569063e-01
13.375000,2.161338416e-01
13.380000,1.970964479e-01
13.385000,1.688501552e-01
13.390000,1.407781589e-01
13.395000,1.207171451e-01
13.400000,1.144709875e-01
13.405000,1.258314642e-01
13.410000,1.565653518e-01
13.415000,2.060650304e-01
13.420000,2.707518773e-01
13.425000,3.436260413e-01
13.430000,4.144197140e-01
13.435000,4.706333610e-01
13.440000,4.994329832e-01
13.445000,4.901034945e-01
13.450000,4.365738770e-01
13.455000,3.394624539e-01
13.460000,2.071091869e-01
13.465000,5.516215832e-02
13.470000,-9.549786786e-02
13.475000,-2.223463806e-01
13.480000,-3.056985994e-01
13.485000,-3.330416096e-01
13.490000,-3.019980283e-01
13.495000,-2.209488139e-01
13.500000,-1.069954791e-01
13.505000,1.821104187e-02
13.510000,1.335439299e-01
13.515000,2.228823936e-01
13.520000,2.777885814e-01
13.525000,2.978485941e-01
13.530000,2.889269110e-01
13.535000,2.601587493e-01
13.540000,2.207165858e-01
13.545000,1.772614579e-01
13.550000,1.326672207e-01
13.555000,8.622658319e-02
13.560000,3.518020428e-02
13.565000,-2.293062737e-02
13.570000,-8.786700005e-02
13.575000,-1.551482284e-01
13.580000,-2.160847933e-01
13.585000,-2.596033591e-01
13.590000,-2.753685032e-01
13.595000,-2.570987642e-01
13.600000,-2.047980694e-01
13.605000,-1.250238229e-01
13.610000,-2.913170861e-02
13.615000,6.973033819e-02
13.620000,1.596875034e-01
13.625000,2.322574083e-01
13.630000,2.831455661e-01
13.635000,3.119952027e-01
13.640000,3.216622447e-01
13.645000,3.174026720e-01
13.650000,3.059338914e-01
13.655000,2.940710396e-01
13.660000,2.868201273e-01
13.665000,2.853593593e-01
13.670000,2.858573905e-01
13.675000,2.801007730e-01
13.680000,2.582456731e-01
13.685000,2.129358471e-01
13.690000,1.431373964e-01
13.695000,5.590550997e-02
13.700000,-3.490137774e-02
13.705000,-1.125708184e-01
13.710000,-1.625306885e-01
13.715000,-1.763478566e-01
13.720000,-1.532906001e-01
13.725000,-9.928029290e-02
13.730000,-2.427326872e-02
13.735000,6.037580157e-02
13.740000,1.434291478e-01
13.745000,2.140265683e-01
13.750000,2.615062881e-01
13.755000,2.759073338e-01
13.760000,2.497680987e-01
13.765000,1.808400790e-01
13.770000,7.446560109e-02
13.775000,-5.583486758e-02
13.780000,-1.903954908e-01
13.785000,-3.077364122e-01
13.790000,-3.897841891e-01
13.795000,-4.261034256e-01
13.800000,-4.156478793e-01
13.805000,-3.655856200e-01
13.810000,-2.879500996e-01
13.815000,-1.956571454e-01
13.820000,-9.946926147e-02
13.825000,-6.818614162e-03
13.830000,7.760872026e-02
13.835000,1.504574511e-01
13.840000,2.086424219e-01
13.845000,2.494128685e-01
13.850000,2.714805517e-01
13.855000,2.763753511e-01
13.860000,2.689168918e-01
13.865000,2.560960029e-01
13.870000,2.445523332e-01
13.875000,2.377340981e-01
13.880000,2.342125920e-01
13.885000,2.282245269e-01
13.890000,2.124741945e-01
13.895000,1.820582011e-01
13.900000,1.377005152e-01
13.905000,8.669793313e-02
13.910000,4.100923801e-02
13.915000,1.326464827e-02
13.920000,1.243672070e-02
13.925000,4.100737952e-02
13.930000,9.466449520e-02
13.935000,1.643203614e-01
13.940000,2.392352507e-01
13.945000,3.097580457e-01
13.950000,3.687246435e-01
13.955000,4.114899010e-01
13.960000,4.353192009e-01
13.965000,4.390074979e-01
13.970000,4.231175041e-01
13.975000,3.905195598e-01
13.980000,3.464875106e-01
13.985000,2.977626554e-01
13.990000,2.506450792e-01
13.995000,2.088812286e-01
14.000000,1.724130395e-01
14.005000,1.377215818e-01
14.010000,9.971628590e-02
14.015000,5.434449396e-02
14.020000,7.671078591e-04
14.025000,-5.777654995e-02
14.030000,-1.146114294e-01
14.035000,-1.613066490e-01
14.040000,-1.896250046e-01
14.045000,-1.931337277e-01
14.050000,-1.682791160e-01
14.055000,-1.150621833e-01
14.060000,-3.749089528e-02
14.065000,5.624571563e-02
14.070000,1.542006522e-01
14.075000,2.420442415e-01
14.080000,3.054526285e-01
14.085000,3.330794756e-01
14.090000,3.192742024e-01
14.095000,2.656389443e-01
14.100000,1.808491211e-01
14.105000,7.875112758e-02
14.110000,-2.467476021e-02
14.115000,-1.145778559e-01
14.120000,-1.798493484e-01
14.125000,-2.145221361e-01
14.130000,-2.178355891e-01
14.135000,-1.932355868e-01
14.140000,-1.468177617e-01
14.145000,-8.576651058e-02
14.150000,-1.721157329e-02
14.155000,5.232716760e-02
14.160000,1.170214815e-01
14.165000,1.716693953e-01
14.170000,2.118462443e-01
14.175000,2.344602589e-01
14.180000,2.385780617e-01
14.185000,2.260806015e-01
14.190000,2.016149953e-01
14.195000,1.715303990e-01
14.200000,1.419651837e-01
14.205000,1.167605012e-01
14.210000,9.612290336e-02
14.215000,7.675675938e-02
14.220000,5.357190339e-02
14.225000,2.231562258e-02
14.230000,-1.803450997e-02
14.235000,-6.425396576e-02
14.240000,-1.097676966e-01
14.245000,-1.470914258e-01
14.250000,-1.706888875e-01
14.255000,-1.789005675e-01
14.260000,-1.740614497e-01
14.265000,-1.608427889e-01
14.270000,-1.437528468e-01
14.275000,-1.251360685e-01
14.280000,-1.046980103e-01
14.285000,-8.071976794e-02
14.290000,-5.218187080e-02
14.295000,-2.051491123e-02
14.300000,1.008794533e-02
14.305000,3.404677971e-02
14.310000,4.675810511e-02
14.315000,4.669146749e-02
14.320000,3.611299222e-02
14.325000,2.007639900e-02
14.330000,4.231537761e-03
14.335000,-7.436503771e-03
14.340000,-1.389071065e-02
14.345000,-1.690048029e-02
14.350000,-1.977105313e-02
14.355000,-2.570035903e-02
14.360000,-3.649318344e-02
14.365000,-5.196841961e-02
14.370000,-6.995843174e-02
14.375000,-8.661095385e-02
14.380000,-9.682506993e-02
14.385000,-9.489811159e-02
14.390000,-7.555905868e-02
14.395000,-3.537865343e-02
14.400000,2.581379638e-02
14.405000,1.041301404e-01
14.410000,1.919636630e-01
14.415000,2.795266488e-01
14.420000,3.570556839e-01
14.425000,4.168101053e-01
14.430000,4.541161944e-01
14.435000,4.672486313e-01
14.440000,4.565685016e-01
14.445000,4.236721080e-01
14.450000,3.711502492e-01
14.455000,3.030253505e-01
14.460000,2.253696316e-01
14.465000,1.463706127e-01
14.470000,7.535169550e-02
14.475000,2.083355973e-02
14.480000,-1.170101320e-02
14.485000,-2.142707098e-02
14.490000,-1.247927144e-02
14.495000,7.222682086e-03
14.500000,2.818808301e-02
14.505000,4.180821517e-02
14.510000,4.225237252e-02
14.515000,2.733096731e-02
14.520000,-1.700998427e-03
14.525000,-4.105943044e-02
14.530000,-8.557807347e-02
14.535000,-1.296934870e-01
14.540000,-1.681228511e-01
14.545000,-1.963463767e-01
14.550000,-2.111327221e-01
14.555000,-2.112684831e-01
14.560000,-1.984009179e-01
14.565000,-1.776074944e-01
14.570000,-1.571491722e-01
14.575000,-1.469931673e-01
14.580000,-1.561266686e-01
14.585000,-1.892804811e-01
14.590000,-2.441710117e-01
14.595000,-3.104744417e-01
14.600000,-3.713296960e-01
14.605000,-4.073190340e-01
14.610000,-4.019068907e-01
14.615000,-3.466339931e-01
14.620000,-2.442842868e-01
14.625000,-1.088483674e-01
14.630000,3.780805053e-02
14.635000,1.715158046e-01
14.640000,2.718046136e-01
14.645000,3.264583305e-01
14.650000,3.333722540e-01
14.655000,2.995029204e-01
14.660000,2.377118665e-01
14.665000,1.628775490e-01
14.670000,8.859613404e-02
14.675000,2.522331518e-02
14.680000,-2.073317711e-02
14.685000,-4.639059973e-02
14.690000,-5.204806446e-02
14.695000,-4.082890014e-02
14.700000,-1.828750491e-02
14.705000,8.366216470e-03
14.710000,3.162943253e-02
14.715000,4.544416465e-02
14.720000,4.670189169e-02
14.725000,3.583041814e-02
14.730000,1.612708373e-02
14.735000,-7.895398939e-03
14.740000,-3.237688355e-02
14.745000,-5.531472899e-02
14.750000,-7.660375219e-02
14.755000,-9.705082286e-02
14.760000,-1.170442582e-01
14.765000,-1.356958348e-01
14.770000,-1.509485630e-01
14.775000,-1.605624948e-01
14.780000,-1.633908319e-01
14.785000,-1.602076181e-01
14.790000,-1.536041345e-01
14.795000,-1.469724011e-01
14.800000,-1.430698751e-01
14.805000,-1.428770358e-01
14.810000,-1.453279008e-01
14.815000,-1.480823608e-01
14.820000,-1.490014826e-01
14.825000,-1.476030509e-01
14.830000,-1.456969836e-01
14.835000,-1.467058052e-01
14.840000,-1.537846884e-01
14.845000,-1.675253230e-01
14.850000,-1.844217249e-01
14.855000,-1.971188364e-01
14.860000,-1.967195510e-01
14.865000,-1.763837439e-01
14.870000,-1.346418396e-01
14.875000,-7.676298877e-02
14.880000,-1.332159864e-02
14.885000,4.354236217e-02
14.890000,8.447627984e-02
14.895000,1.058294732e-01
14.900000,1.098088673e-01
14.905000,1.020045560e-01
14.910000,8.777537358e-02
14.915000,6.948631884e-02
14.920000,4.596450406e-02
14.925000,1.419264276e-02
14.930000,-2.798688958e-02
14.935000,-7.980187182e-02
14.940000,-1.371679174e-01
14.945000,-1.939080077e-01
14.950000,-2.435700743e-01
14.955000,-2.807095917e-01
14.960000,-3.011607390e-01
14.965000,-3.017219585e-01
14.970000,-2.801483322e-01
14.975000,-2.360330999e-01
14.980000,-1.723073433e-01
14.985000,-9.632741116e-02
14.990000,-1.944275557e-02
14.995000,4.533380047e-02
15.000000,8.683113676e-02
15.005000,9.891149297e-02
15.010000,8.192936270e-02
15.015000,4.191278333e-02
15.020000,-1.193366607e-02
15.025000,-7.007309638e-02
15.030000,-1.245680903e-01
15.035000,-1.695880050e-01
15.040000,-2.008800352e-01
15.045000,-2.150896112e-01
15.050000,-2.096740057e-01
15.055000,-1.835651246e-01
15.060000,-1.381449967e-01
15.065000,-7.787170106e-02
15.070000,-1.010605957e-02
15.075000,5.588277579e-02
15.080000,1.104242547e-01
15.085000,1.450901782e-01
15.090000,1.542228700e-01
15.095000,1.362011181e-01
15.100000,9.424434593e-02
15.105000,3.640362437e-02
15.110000,-2.564361355e-02
15.115000,-7.909762751e-02
15.120000,-1.133709693e-01
15.125000,-1.232032047e-01
15.130000,-1.102956837e-01
15.135000,-8.260780560e-02
15.140000,-5.137716844e-02
15.145000,-2.695361349e-02
15.150000,-1.514688170e-02
15.155000,-1.563166810e-02
15.160000,-2.306161028e-02
15.165000,-3.031932079e-02
15.170000,-3.235153072e-02
15.175000,-2.877250794e-02
15.180000,-2.399363850e-02
15.185000,-2.478836696e-02
15.190000,-3.640272311e-02
15.195000,-5.902678628e-02
15.200000,-8.633131593e-02
15.205000,-1.068907712e-01
15.210000,-1.080475394e-01
15.215000,-8.068505117e-02
15.220000,-2.295751702e-02
15.225000,5.853777085e-02
15.230000,1.505639255e-01
15.235000,2.371957357e-01
15.240000,3.042699249e-01
15.245000,3.426549727e-01
15.250000,3.493898361e-01
15.255000,3.268191336e-01
15.260000,2.807088524e-01
15.265000,2.185371672e-01
15.270000,1.486715023e-01
15.275000,8.031128259e-02
15.280000,2.342747941e-02
15.285000,-1.213259679e-02
15.290000,-1.864746458e-02
15.295000,6.931269497e-03
15.300000,6.103840944e-02
15.305000,1.332814596e-01
15.310000,2.084075210e-01
15.315000,2.699581264e-01
15.320000,3.043970657e-01
15.325000,3.043558470e-01
15.330000,2.700985562e-01
15.335000,2.090562439e-01
15.340000,1.339031926e-01
15.345000,5.987460660e-02
15.350000,1.879554133e-03
15.355000,-2.829991558e-02
15.360000,-2.453136330e-02
15.365000,1.177566013e-02
15.370000,7.101326452e-02
15.375000,1.366020922e-01
15.380000,1.883568116e-01
15.385000,2.074723720e-01
15.390000,1.817981840e-01
15.395000,1.096627550e-01
15.400000,8.156069344e-04
15.405000,-1.259827339e-01
15.410000,-2.479669385e-01
15.415000,-3.442775064e-01
15.420000,-4.008518792e-01
15.425000,-4.129119787e-01
15.430000,-3.846772205e-01
15.435000,-3.269273654e-01
15.440000,-2.535972793e-01
15.445000,-1.785584682e-01
15.450000,-1.132891582e-01
15.455000,-6.558580825e-02
15.460000,-3.911609700e-02
15.465000,-3.355583402e-02
15.470000,-4.518060107e-02
15.475000,-6.789424855e-02
15.480000,-9.463189557e-02
15.485000,-1.188949930e-01
15.490000,-1.360133338e-01
15.495000,-1.437480512e-01
15.500000,-1.420972277e-01
15.505000,-1.325238164e-01
15.510000,-1.170809945e-01
15.515000,-9.789474287e-02
15.520000,-7.717250401e-02
15.525000,-5.751373263e-02
15.530000,-4.205280288e-02
15.535000,-3.403560218e-02
15.540000,-3.579282103e-02
15.545000,-4.751256863e-02
15.550000,-6.645788763e-02
15.555000,-8.715391903e-02
15.560000,-1.026328529e-01
15.565000,-1.063124092e-01
15.570000,-9.378550060e-02
15.575000,-6.388016902e-02
15.580000,-1.875023639e-02
15.585000,3.676869312e-02
15.590000,9.603791042e-02
15.595000,1.513147179e-01
15.600000,1.942096424e-01
15.605000,2.161998616e-01
15.610000,2.095996324e-01
15.615000,1.691312056e-01
15.620000,9.375830224e-02
15.625000,-1.196082371e-02
15.630000,-1.377871806e-01
15.635000,-2.693590812e-01
15.640000,-3.910829529e-01
15.645000,-4.894278422e-01
15.650000,-5.554836957e-01
15.655000,-5.859677858e-01
15.660000,-5.825661201e-01
15.665000,-5.502165357e-01
15.670000,-4.953088474e-01
15.675000,-4.246192306e-01
15.680000,-3.452215254e-01
15.685000,-2.649595579e-01
15.690000,-1.926909914e-01
15.695000,-1.376295413e-01
15.700000,-1.076513663e-01
15.705000,-1.070954244e-01
15.710000,-1.350124248e-01
15.715000,-1.847667911e-01
15.720000,-2.453836165e-01
15.725000,-3.043057160e-01
15.730000,-3.506329529e-01
15.735000,-3.777276433e-01
15.740000,-3.843510641e-01
15.745000,-3.740909191e-01
15.750000,-3.534660707e-01
15.755000,-3.294918173e-01
15.760000,-3.075348984e-01
15.765000,-2.900338877e-01
15.770000,-2.762758215e-01
15.775000,-2.630842330e-01
15.780000,-2.460907903e-01
15.785000,-2.212304919e-01
15.790000,-1.861475777e-01
15.795000,-1.412530667e-01
15.800000,-9.021219198e-02
15.805000,-3.969255102e-02
15.810000,1.681691655e-03
15.815000,2.503690641e-02
15.820000,2.327549334e-02
15.825000,-7.066347059e-03
15.830000,-6.461344707e-02
15.835000,-1.429236170e-01
15.840000,-2.313029486e-01
15.845000,-3.164782531e-01
15.850000,-3.847806932e-01
15.855000,-4.244517719e-01
15.860000,-4.277153100e-01
15.865000,-3.923023074e-01
15.870000,-3.221394138e-01
15.875000,-2.269502932e-01
15.880000,-1.206475856e-01
15.885000,-1.866104427e-02
15.890000,6.528682751e-02
15.895000,1.221293216e-01
15.900000,1.492218799e-01
15.905000,1.503027984e-01
15.910000,1.336247175e-01
15.915000,1.089238556e-01
15.920000,8.435802032e-02
15.925000,6.453648411e-02
15.930000,5.025607486e-02
15.935000,3.977565504e-02
15.940000,3.078679906e-02
15.945000,2.200915172e-02
15.950000,1.366184685e-02
15.955000,6.749621580e-03
15.960000,1.771288901e-03
15.965000,-2.254590854e-03
15.970000,-7.786403455e-03
15.975000,-1.771490625e-02
15.980000,-3.381536008e-02
15.985000,-5.550039048e-02
15.990000,-7.948419210e-02
15.995000,-1.004695806e-01
16.000000,-1.124842894e-01
16.005000,-1.102977399e-01
16.010000,-9.050558541e-02
16.015000,-5.220136673e-02
16.020000,2.611680085e-03
16.025000,6.875272817e-02
16.030000,1.378769636e-01
16.035000,1.991356322e-01
16.040000,2.407960037e-01
16.045000,2.527371063e-01
16.050000,2.291857925e-01
16.055000,1.706992552e-01
16.060000,8.451199746e-02
16.065000,-1.703831352e-02
16.070000,-1.194926406e-01
16.075000,-2.095658307e-01
16.080000,-2.776077251e-01
16.085000,-3.185681735e-01
16.090000,-3.315410320e-01
16.095000,-3.185431929e-01
16.100000,-2.833264377e-01
16.105000,-2.307174612e-01
16.110000,-1.664818799e-01
16.115000,-9.733426112e-02
16.120000,-3.066412937e-02
16.125000,2.621233942e-02
16.130000,6.713356655e-02
16.135000,8.815720284e-02
16.140000,8.826625687e-02
16.145000,6.953575997e-02
16.150000,3.675549745e-02
16.155000,-3.399324466e-03
16.160000,-4.353380551e-02
16.165000,-7.689259292e-02
16.170000,-9.868727308e-02
16.175000,-1.070672695e-01
16.180000,-1.034023773e-01
16.185000,-9.171474924e-02
16.190000,-7.741286669e-02
16.195000,-6.578114567e-02
16.200000,-6.077503958e-02
16.205000,-6.447685584e-02
16.210000,-7.718216161e-02
16.215000,-9.775151462e-02
16.220000,-1.238057583e-01
16.225000,-1.516189087e-01
16.230000,-1.759924682e-01
16.235000,-1.906669131e-01
16.240000,-1.896950802e-01
16.245000,-1.696664754e-01
16.250000,-1.320061150e-01
16.255000,-8.418559384e-02
16.260000,-3.888013851e-02
16.265000,-1.088287705e-02
16.270000,-1.261197425e-02
16.275000,-4.981027933e-02
16.280000,-1.191276801e-01
16.285000,-2.086011142e-01
16.290000,-3.008949469e-01
16.295000,-3.780657812e-01
16.300000,-4.260777312e-01
16.305000,-4.375477750e-01
16.310000,-4.120910196e-01
16.315000,-3.547075073e-01
16.320000,-2.733848866e-01
16.325000,-1.771600188e-01
16.330000,-7.531430655e-02
16.335000,2.247597173e-02
16.340000,1.058677273e-01
16.345000,1.643877780e-01
16.350000,1.892007588e-01
16.355000,1.757041742e-01
16.360000,1.258627884e-01
16.365000,4.904330227e-02
16.370000,-3.939742981e-02
16.375000,-1.216047157e-01
16.380000,-1.817362444e-01
16.385000,-2.099690677e-01
16.390000,-2.046615780e-01
16.395000,-1.720409262e-01
16.400000,-1.236970774e-01
16.405000,-7.288824854e-02
16.410000,-3.093889208e-02
16.415000,-4.797370163e-03
16.420000,3.732333031e-03
16.425000,-2.787639370e-03
16.430000,-1.913398211e-02
16.435000,-3.924346826e-02
16.440000,-5.748597214e-02
16.445000,-6.912528941e-02
16.450000,-7.018234188e-02
16.455000,-5.725095693e-02
16.460000,-2.782738187e-02
16.465000,1.864271503e-02
16.470000,7.936766309e-02
16.475000,1.473031630e-01
16.480000,2.116225267e-01
16.485000,2.599395729e-01
16.490000,2.817753386e-01
16.495000,2.719586372e-01
16.500000,2.324286409e-01
16.505000,1.714962965e-01
16.510000,1.008000041e-01
16.515000,3.135701157e-02
16.520000,-2.940042288e-02
16.525000,-7.823865987e-02
16.530000,-1.143230959e-01
16.535000,-1.363191723e-01
16.540000,-1.403692278e-01
16.545000,-1.204537582e-01
16.550000,-7.127472100e-02
16.555000,7.724179151e-03
16.560000,1.094006966e-01
16.565000,2.188538050e-01
16.570000,3.167214411e-01
16.575000,3.846494980e-01
16.580000,4.106851716e-01
16.585000,3.924027094e-01
16.590000,3.366631582e-01
16.595000,2.564394454e-01
16.600000,1.663291061e-01
16.605000,7.869463813e-02
16.610000,1.767065016e-03
16.615000,-6.007346549e-02
16.620000,-1.046641419e-01
16.625000,-1.303720012e-01
16.630000,-1.354177188e-01
16.635000,-1.185412207e-01
16.640000,-8.051831226e-02
16.645000,-2.553434964e-02
16.650000,3.854683305e-02
16.655000,1.014573664e-01
16.660000,1.530314011e-01
16.665000,1.860097054e-01
16.670000,1.980087837e-01
16.675000,1.918382777e-01
16.680000,1.740455755e-01
16.685000,1.523179811e-01
16.690000,1.328283322e-01
16.695000,1.185593700e-01
16.700000,1.091267221e-01
16.705000,1.019141950e-01
16.710000,9.379950388e-02
16.715000,8.263528201e-02
16.720000,6.796573237e-02
16.725000,5.097242093e-02
16.730000,3.403199932e-02
16.735000,2.032006170e-02
16.740000,1.362749680e-02
16.745000,1.819531103e-02
16.750000,3.819960853e-02
16.755000,7.667510547e-02
16.760000,1.340687621e-01
16.765000,2.070051128e-01
16.770000,2.879530229e-01
16.775000,3.662032316e-01
16.780000,4.300208482e-01
16.785000,4.693082655e-01
16.790000,4.778765596e-01
16.795000,4.545923748e-01
16.800000,4.031433345e-01
16.805000,3.307020627e-01
16.810000,2.461140763e-01
16.815000,1.582574083e-01
16.820000,7.496423669e-02
16.825000,2.529484566e-03
16.830000,-5.444127847e-02
16.835000,-9.314682902e-02
16.840000,-1.128111421e-01
16.845000,-1.149011557e-01
16.850000,-1.030569530e-01
16.855000,-8.247685167e-02
16.860000,-5.874146208e-02
16.865000,-3.639846781e-02
16.870000,-1.786736770e-02
16.875000,-3.190650220e-03
16.880000,9.182856878e-03
16.885000,2.090453390e-02
16.890000,3.225352893e-02
16.895000,4.147568338e-02
16.900000,4.535212816e-02
16.905000,4.077510200e-02
16.910000,2.653966575e-02
16.915000,4.395959377e-03
16.920000,-2.123026479e-02
16.925000,-4.473273575e-02
16.930000,-6.126404418e-02
16.935000,-6.813095874e-02
16.940000,-6.501285761e-02
16.945000,-5.308769234e-02
16.950000,-3.379095674e-02
16.955000,-8.099848130e-03
16.960000,2.317921003e-02
16.965000,5.837546437e-02
16.970000,9.400878643e-02
16.975000,1.248139703e-01
16.980000,1.450606173e-01
16.985000,1.506706296e-01
16.990000,1.410480377e-01
16.995000,1.195654445e-01
17.000000,9.231202123e-02
17.005000,6.563393235e-02
17.010000,4.366054551e-02
17.015000,2.703063015e-02
17.020000,1.340304932e-02
17.025000,-5.876904147e-04
17.030000,-1.698397665e-02
17.035000,-3.495681817e-02
17.040000,-5.077886947e-02
17.045000,-5.925515649e-02
17.050000,-5.587084512e-02
17.055000,-3.866635732e-02
17.060000,-9.089493894e-03
17.065000,2.838870092e-02
17.070000,6.757434907e-02
17.075000,1.021573815e-01
17.080000,1.270393097e-01
17.085000,1.390463872e-01
17.090000,1.370003082e-01
17.095000,1.213442821e-01
17.100000,9.360611652e-02
17.105000,5.593880240e-02
17.110000,1.086713932e-02
17.115000,-3.875982246e-02
17.120000,-8.971650860e-02
17.125000,-1.384084325e-01
17.130000,-1.810804466e-01
17.135000,-2.142721530e-01
17.140000,-2.354272958e-01
17.145000,-2.434414585e-01
17.150000,-2.388980283e-01
17.155000,-2.238344761e-01
17.160000,-2.010736788e-01
17.165000,-1.733605880e-01
17.170000,-1.426547711e-01
17.175000,-1.098750856e-01
17.180000,-7.518734624e-02
17.185000,-3.866511086e-02
17.190000,-9.695365161e-04
17.195000,3.631425858e-02
17.200000,7.086804358e-02
17.205000,1.002623238e-01
17.210000,1.226760216e-01
17.215000,1.373164385e-01
17.220000,1.442964576e-01
17.225000,1.440316968e-01
17.230000,1.365214356e-01
17.235000,1.210035634e-01
17.240000,9.633100137e-02
17.245000,6.204640498e-02
17.250000,1.970596459e-02
17.255000,-2.625121174e-02
17.260000,-6.870967220e-02
17.265000,-9.935906671e-02
17.270000,-1.110635757e-01
17.275000,-1.002658526e-01
17.280000,-6.846896008e-02
17.285000,-2.217220332e-02
17.290000,2.874373431e-02
17.295000,7.357704021e-02
17.300000,1.033929002e-01
17.305000,1.128328605e-01
17.310000,1.007734915e-01
17.315000,6.996418007e-02
17.320000,2.608289076e-02
17.325000,-2.335019536e-02
17.330000,-6.998725689e-02
17.335000,-1.056297210e-01
17.340000,-1.232860225e-01
17.345000,-1.183037562e-01
17.350000,-8.934878373e-02
17.355000,-3.887205521e-02
17.360000,2.721318705e-02
17.365000,1.006472274e-01
17.370000,1.724220051e-01
17.375000,2.343759662e-01
17.380000,2.803552555e-01
17.385000,3.067463439e-01
17.390000,3.124529434e-01
17.395000,2.985453019e-01
17.400000,2.677996020e-01
17.405000,2.242261314e-01
17.410000,1.725685934e-01
17.415000,1.177266900e-01
17.420000,6.411520436e-02
17.425000,1.506442901e-02
17.430000,-2.758299017e-02
17.435000,-6.354706102e-02
17.440000,-9.380445247e-02
17.445000,-1.199440332e-01
17.450000,-1.433136519e-01
17.455000,-1.641643211e-01
17.460000,-1.810591949e-01
17.465000,-1.908272936e-01
17.470000,-1.892495823e-01
17.475000,-1.724362358e-01
17.480000,-1.385375118e-01
17.485000,-8.916727633e-02
17.490000,-2.987902303e-02
17.495000,3.068809409e-02
17.500000,8.285325854e-02
17.505000,1.184524960e-01
17.510000,1.329663962e-01
17.515000,1.264327792e-01
17.520000,1.028922986e-01
17.525000,6.875154313e-02
17.530000,3.085943838e-02
17.535000,-4.924319534e-03
17.540000,-3.429354111e-02
17.545000,-5.434845870e-02
17.550000,-6.323537171e-02
17.555000,-6.004142852e-02
17.560000,-4.506879729e-02
17.565000,-2.020728782e-02
17.570000,1.105757834e-02
17.575000,4.429030799e-02
17.580000,7.526896433e-02
17.585000,1.011309448e-01
17.590000,1.208683038e-01
17.595000,1.348439413e-01
17.600000,1.435545110e-01
17.605000,1.463498515e-01
17.610000,1.409268687e-01
17.615000,1.240444195e-01
17.620000,9.322840169e-02
17.625000,4.862067311e-02
17.630000,-6.067199273e-03
17.635000,-6.415785420e-02
17.640000,-1.180531634e-01
17.645000,-1.618268031e-01
17.650000,-1.931246089e-01
17.655000,-2.134314412e-01
17.660000,-2.265751626e-01
17.665000,-2.362449387e-01
17.670000,-2.438180445e-01
17.675000,-2.476326165e-01
17.680000,-2.440901998e-01
17.685000,-2.300204307e-01
17.690000,-2.050923688e-01
17.695000,-1.730415280e-01
17.700000,-1.410804214e-01
17.705000,-1.177341043e-01
17.710000,-1.100339590e-01
17.715000,-1.211947289e-01
17.720000,-1.495691293e-01
17.725000,-1.890685328e-01
17.730000,-2.306979951e-01
17.735000,-2.646084536e-01
17.740000,-2.821300157e-01
17.745000,-2.774570665e-01
17.750000,-2.488201389e-01
17.755000,-1.990197260e-01
17.760000,-1.351734317e-01
17.765000,-6.756578051e-02
17.770000,-7.664688940e-03
17.775000,3.436224812e-02
17.780000,5.206665176e-02
17.785000,4.444208579e-02
17.790000,1.645984151e-02
17.795000,-2.178522657e-02
17.800000,-5.719318713e-02
17.805000,-7.662988588e-02
17.810000,-7.012768643e-02
17.815000,-3.357278884e-02
17.820000,2.985590700e-02
17.825000,1.100269881e-01
17.830000,1.920713489e-01
17.835000,2.599791711e-01
17.840000,3.005566518e-01
17.845000,3.065112663e-01
17.850000,2.777077747e-01
17.855000,2.203249651e-01
17.860000,1.444466515e-01
17.865000,6.115688762e-02
17.870000,-1.977320068e-02
17.875000,-9.099365699e-02
17.880000,-1.475422585e-01
17.885000,-1.862373058e-01
17.890000,-2.051598034e-01
17.895000,-2.035987903e-01
17.900000,-1.824002524e-01
17.905000,-1.443638423e-01
17.910000,-9.431483706e-02
17.915000,-3.868124402e-02
17.920000,1.535361058e-02
17.925000,6.092582959e-02
17.930000,9.260175070e-02
17.935000,1.073764774e-01
17.940000,1.053927532e-01
17.945000,9.013578957e-02
17.950000,6.784084004e-02
17.955000,4.601736445e-02
17.960000,3.135437779e-02
17.965000,2.766170329e-02
17.970000,3.466688973e-02
17.975000,4.825371157e-02
17.980000,6.214376590e-02
17.985000,7.036343174e-02
17.990000,6.945937182e-02
17.995000,5.954827717e-02
18.000000,4.385753225e-02
18.005000,2.712875978e-02
18.010000,1.373612533e-02
18.015000,6.379213899e-03
18.020000,5.781208090e-03
18.025000,1.122935097e-02
18.030000,2.137785381e-02
18.035000,3.470829131e-02
18.040000,4.938684625e-02
18.045000,6.274222798e-02
18.050000,7.091745166e-02
18.055000,6.922739761e-02
18.060000,5.338700012e-02
18.065000,2.125709115e-02
18.070000,-2.563489357e-02
18.075000,-8.158533509e-02
18.080000,-1.376504331e-01
18.085000,-1.838644155e-01
18.090000,-2.120081223e-01
18.095000,-2.179273595e-01
18.100000,-2.025630219e-01
18.105000,-1.713742053e-01
18.110000,-1.324658926e-01
18.115000,-9.418314435e-02
18.120000,-6.301743700e-02
18.125000,-4.239786155e-02
18.130000,-3.249724593e-02
18.135000,-3.081510573e-02
18.140000,-3.316162995e-02
18.145000,-3.474788357e-02
18.150000,-3.124273407e-02
18.155000,-1.973111818e-02
18.160000,5.467225516e-04
18.165000,2.788964799e-02
18.170000,5.846489524e-02
18.175000,8.727892930e-02
18.180000,1.094996176e-01
18.185000,1.216318166e-01
18.190000,1.220984494e-01
18.195000,1.110958311e-01
18.200000,8.999482566e-02
18.205000,6.078704082e-02
18.210000,2.596505557e-02
18.215000,-1.116224583e-02
18.220000,-4.612626642e-02
18.225000,-7.347413613e-02
18.230000,-8.775980567e-02
18.235000,-8.514390545e-02
18.240000,-6.495121180e-02
18.245000,-3.043630986e-02
18.250000,1.167179054e-02
18.255000,5.272408755e-02
18.260000,8.422194596e-02
18.265000,9.969485096e-02
18.270000,9.590696660e-02
18.275000,7.329976270e-02
18.280000,3.585309942e-02
18.285000,-9.435836160e-03
18.290000,-5.343354139e-02
18.295000,-8.624604950e-02
18.300000,-9.916229351e-02
18.305000,-8.692452674e-02
18.310000,-4.969302713e-02
18.315000,6.127294590e-03
18.320000,6.883827809e-02
18.325000,1.242388052e-01
18.330000,1.595736340e-01
18.335000,1.673913145e-01
18.340000,1.479446781e-01
18.345000,1.091936613e-01
18.350000,6.429987521e-02
18.355000,2.742235389e-02
18.360000,9.273783859e-03
18.365000,1.400928607e-02
18.370000,3.852935482e-02
18.375000,7.435628672e-02
18.380000,1.112461350e-01
18.385000,1.410349048e-01
18.390000,1.601777405e-01
18.395000,1.700536618e-01
18.400000,1.751134247e-01
18.405000,1.798933689e-01
18.410000,1.863712687e-01
18.415000,1.928985117e-01
18.420000,1.951370202e-01
18.425000,1.884587262e-01
18.430000,1.705963642e-01
18.435000,1.432672372e-01
18.440000,1.120217494e-01
18.445000,8.440854587e-02
18.450000,6.728933242e-02
18.455000,6.445348506e-02
18.460000,7.547456338e-02
18.465000,9.615944711e-02
18.470000,1.202566547e-01
18.475000,1.416106178e-01
18.480000,1.558552440e-01
18.485000,1.610413537e-01
18.490000,1.571352417e-01
18.495000,1.448617582e-01
18.500000,1.246509689e-01
18.505000,9.634484879e-02
18.510000,5.986830159e-02
18.515000,1.648315582e-02
18.520000,-3.016934704e-02
18.525000,-7.402791332e-02
18.530000,-1.079011499e-01
18.535000,-1.257108916e-01
18.540000,-1.247348404e-01
18.545000,-1.067807111e-01
18.550000,-7.767012706e-02
18.555000,-4.520260694e-02
18.560000,-1.649154859e-02
18.565000,4.170244435e-03
18.570000,1.608016407e-02
18.575000,2.140987613e-02
18.580000,2.358823936e-02
18.585000,2.569301281e-02
18.590000,2.957841137e-02
18.595000,3.593852763e-02
18.600000,4.496884372e-02
18.605000,5.703170036e-02
18.610000,7.284803411e-02
18.615000,9.309871733e-02
18.620000,1.176888036e-01
18.625000,1.451156532e-01
18.630000,1.723313562e-01
18.635000,1.952697544e-01
18.640000,2.099358012e-01
18.645000,2.137256669e-01
18.650000,2.065156911e-01
18.655000,1.910638394e-01
18.660000,1.724386309e-01
18.665000,1.565225561e-01
18.670000,1.480426063e-01
18.675000,1.488821733e-01
18.680000,1.574306996e-01
18.685000,1.693450874e-01
18.690000,1.794541444e-01
18.695000,1.839465811e-01
18.700000,1.817865212e-01
18.705000,1.746578925e-01
18.710000,1.654997834e-01
18.715000,1.564546514e-01
18.720000,1.473776440e-01
18.725000,1.357487253e-01
18.730000,1.180532968e-01
18.735000,9.188805941e-02
18.740000,5.765804624e-02
18.745000,1.895894626e-02
18.750000,-1.856955854e-02
18.755000,-4.937855624e-02
18.760000,-7.016838662e-02
18.765000,-8.118310227e-02
18.770000,-8.621009746e-02
18.775000,-9.140058077e-02
18.780000,-1.033988420e-01
18.785000,-1.273695763e-01
18.790000,-1.654157672e-01
18.795000,-2.157190879e-01
18.800000,-2.725877946e-01
18.805000,-3.274477678e-01
18.810000,-3.706124855e-01
18.815000,-3.934281893e-01
18.820000,-3.902144607e-01
18.825000,-3.594406365e-01
18.830000,-3.038449158e-01
18.835000,-2.296132361e-01
18.840000,-1.450739848e-01
18.845000,-5.943811110e-02
18.850000,1.811474187e-02
18.855000,7.907570027e-02
18.860000,1.162989596e-01
18.865000,1.250239065e-01
18.870000,1.041620545e-01
18.875000,5.736966710e-02
18.880000,-6.768736025e-03
18.885000,-7.592229235e-02
18.890000,-1.365016122e-01
18.895000,-1.767847295e-01
18.900000,-1.896551892e-01
18.905000,-1.740154947e-01
18.910000,-1.344415922e-01
18.915000,-7.931956130e-02
18.920000,-1.824186731e-02
18.925000,4.038712795e-02
18.930000,9.081520144e-02
18.935000,1.302365080e-01
18.940000,1.581700021e-01
18.945000,1.754658856e-01
18.950000,1.834752326e-01
18.955000,1.836634516e-01
18.960000,1.776088412e-01
18.965000,1.670886547e-01
18.970000,1.539372045e-01
18.975000,1.395616451e-01
18.980000,1.242981693e-01
18.985000,1.070033114e-01
18.990000,8.526024482e-02
18.995000,5.631948102e-02
19.000000,1.851116538e-02
19.005000,-2.743229162e-02
19.010000,-7.774640965e-02
19.015000,-1.260480792e-01
19.020000,-1.647182073e-01
19.025000,-1.867975364e-01
19.030000,-1.877804264e-01
19.035000,-1.667997143e-01
19.040000,-1.269675505e-01
19.045000,-7.490184695e-02
19.050000,-1.960755000e-02
19.055000,2.909826727e-02
19.060000,6.242665611e-02
19.065000,7.445241161e-02
19.070000,6.352909382e-02
19.075000,3.278465876e-02
19.080000,-1.066287009e-02
19.085000,-5.772225757e-02
19.090000,-9.999361785e-02
19.095000,-1.321100757e-01
19.100000,-1.528114453e-01
19.105000,-1.643037616e-01
19.110000,-1.702243850e-01
19.115000,-1.731835681e-01
19.120000,-1.730439147e-01
19.125000,-1.667212035e-01
19.130000,-1.495414248e-01
19.135000,-1.174618413e-01
19.140000,-6.912243061e-02
19.145000,-6.874756136e-03
19.150000,6.351118409e-02
19.155000,1.341618853e-01
19.160000,1.967951558e-01
19.165000,2.441861865e-01
19.170000,2.710970868e-01
19.175000,2.746980763e-01
19.180000,2.546802209e-01
19.185000,2.132148641e-01
19.190000,1.547547630e-01
19.195000,8.555913906e-02
19.200000,1.286512129e-02
19.205000,-5.619733641e-02
19.210000,-1.156633058e-01
19.215000,-1.614195999e-01
19.220000,-1.913049295e-01
19.225000,-2.046699618e-01
19.230000,-2.016986709e-01
19.235000,-1.828966836e-01
19.240000,-1.490413858e-01
19.245000,-1.016142744e-01
19.250000,-4.344102268e-02
19.255000,2.089210425e-02
19.260000,8.520473989e-02
19.265000,1.425587924e-01
19.270000,1.865178148e-01
19.275000,2.123655712e-01
19.280000,2.178414290e-01
19.285000,2.032010336e-01
19.290000,1.707477242e-01
19.295000,1.242021955e-01
19.300000,6.824639959e-02
19.305000,8.311469594e-03
19.310000,-4.964083523e-02
19.315000,-9.972778690e-02
19.320000,-1.373363363e-01
19.325000,-1.606307252e-01
19.330000,-1.716709608e-01
19.335000,-1.763289631e-01
19.340000,-1.825839906e-01
19.345000,-1.975481857e-01
19.350000,-2.243279049e-01
19.355000,-2.601214429e-01
19.360000,-2.965527608e-01
19.365000,-3.222829454e-01
19.370000,-3.268931407e-01
19.375000,-3.044414790e-01
19.380000,-2.552795158e-01
19.385000,-1.855716001e-01
19.390000,-1.050290506e-01
19.395000,-2.408435722e-02
19.400000,4.825667286e-02
19.405000,1.052726743e-01
19.410000,1.423310073e-01
19.415000,1.564363150e-01
19.420000,1.462907960e-01
19.425000,1.130805401e-01
19.430000,6.150548091e-02
19.435000,1.786295828e-04
19.440000,-5.931616776e-02
19.445000,-1.047836510e-01
19.450000,-1.265168823e-01
19.455000,-1.200015719e-01
19.460000,-8.716449974e-02
19.465000,-3.566930839e-02
19.470000,2.346823380e-02
19.475000,7.905601141e-02
19.480000,1.225871555e-01
19.485000,1.499119124e-01
19.490000,1.613702500e-01
19.495000,1.606132363e-01
19.500000,1.527470746e-01
19.505000,1.425471774e-01
19.510000,1.333160266e-01
19.515000,1.266036044e-01
19.520000,1.226287275e-01
19.525000,1.209833728e-01
19.530000,1.211635225e-01
19.535000,1.226524396e-01
19.540000,1.245928944e-01
19.545000,1.253679154e-01
19.550000,1.225135782e-01
19.555000,1.132414040e-01
19.560000,9.550864023e-02
19.565000,6.921054613e-02
19.570000,3.688153215e-02
19.575000,3.409863308e-03
19.580000,-2.532911608e-02
19.585000,-4.450914088e-02
19.590000,-5.227927406e-02
19.595000,-5.076662282e-02
19.600000,-4.567672746e-02
19.605000,-4.457278525e-02
19.610000,-5.444552271e-02
19.615000,-7.944919768e-02
19.620000,-1.195717783e-01
19.625000,-1.706032876e-01
19.630000,-2.252704484e-01
19.635000,-2.750413674e-01
19.640000,-3.120003148e-01
19.645000,-3.303326904e-01
19.650000,-3.272128590e-01
19.655000,-3.030986042e-01
19.660000,-2.615209883e-01
19.665000,-2.084404280e-01
19.670000,-1.512134032e-01
19.675000,-9.726384859e-02
19.680000,-5.268298090e-02
19.685000,-2.110534250e-02
19.690000,-3.211081525e-03
19.695000,2.972714171e-03
19.700000,1.098839203e-03
19.705000,-4.745718958e-03
19.710000,-1.107028852e-02
19.715000,-1.546250747e-02
19.720000,-1.650154240e-02
19.725000,-1.337234839e-02
19.730000,-5.550259507e-03
19.735000,7.212623020e-03
19.740000,2.463847912e-02
19.745000,4.566856599e-02
19.750000,6.847706523e-02
19.755000,9.084404799e-02
19.760000,1.107228779e-01
19.765000,1.266947842e-01
19.770000,1.380750500e-01
19.775000,1.446722873e-01
19.780000,1.464381650e-01
19.785000,1.433120241e-01
19.790000,1.354121064e-01
19.795000,1.234553721e-01
19.800000,1.090871530e-01
19.805000,9.481108750e-02
19.810000,8.342808219e-02
19.815000,7.718043702e-02
19.820000,7.697256333e-02
19.825000,8.200326204e-02
19.830000,8.993858873e-02
19.835000,9.752160020e-02
19.840000,1.013904773e-01
19.845000,9.889400897e-02
19.850000,8.877864115e-02
19.855000,7.166803662e-02
19.860000,5.022470970e-02
19.865000,2.883842973e-02
19.870000,1.274004028e-02
19.875000,6.643759947e-03
19.880000,1.329551255e-02
19.885000,3.246911634e-02
19.890000,6.085085533e-02
19.895000,9.288557403e-02
19.900000,1.222111830e-01
19.905000,1.430540364e-01
19.910000,1.510680723e-01
19.915000,1.435177536e-01
19.920000,1.191562888e-01
19.925000,7.832044175e-02
19.930000,2.350973651e-02
19.935000,-3.981123194e-02
19.940000,-1.028923587e-01
19.945000,-1.545781991e-01
19.950000,-1.836002565e-01
19.955000,-1.817115451e-01
19.960000,-1.464896802e-01
19.965000,-8.259088689e-02
19.970000,-8.252476586e-04
19.975000,8.464999551e-02
19.980000,1.599452499e-01
19.985000,2.145548139e-01
19.990000,2.430549876e-01
19.995000,2.452025543e-01
20.000000,2.249091734e-01
20.005000,1.888151520e-01
20.010000,1.449832358e-01
20.015000,1.018153038e-01
20.020000,6.699498789e-02
20.025000,4.628172886e-02
20.030000,4.227871217e-02
20.035000,5.361773661e-02
20.040000,7.507471109e-02
20.045000,9.884135367e-02
20.050000,1.166631105e-01
20.055000,1.221020105e-01
20.060000,1.120690395e-01
20.065000,8.708220982e-02
20.070000,5.029402890e-02
20.075000,5.891645327e-03
20.080000,-4.228512690e-02
20.085000,-9.125873328e-02
20.090000,-1.384379736e-01
20.095000,-1.806064687e-01
20.100000,-2.131642476e-01
20.105000,-2.303265059e-01
20.110000,-2.265159011e-01
20.115000,-1.985564767e-01
20.120000,-1.477892243e-01
20.125000,-8.111847338e-02
20.130000,-1.032928745e-02
20.135000,5.034587986e-02
20.140000,8.775668558e-02
20.145000,9.337062527e-02
20.150000,6.569754349e-02
20.155000,1.085593202e-02
20.160000,-5.886381525e-02
20.165000,-1.279847613e-01
20.170000,-1.815237385e-01
20.175000,-2.084032758e-01
20.180000,-2.037867514e-01
20.185000,-1.698536487e-01
20.190000,-1.149222551e-01
20.195000,-5.120178728e-02
20.200000,8.242654351e-03
20.205000,5.255209460e-02
20.210000,7.540082562e-02
20.215000,7.602790654e-02
20.220000,5.878467879e-02
20.225000,3.144723199e-02
20.230000,2.891353628e-03
20.235000,-1.914534092e-02
20.240000,-2.962539957e-02
20.245000,-2.683151618e-02
20.250000,-1.213033495e-02
20.255000,1.080672773e-02
20.260000,3.698014129e-02
20.265000,6.101188373e-02
20.270000,7.800193305e-02
20.275000,8.430936272e-02
20.280000,7.824417530e-02
20.285000,6.055577072e-02
20.290000,3.452991045e-02
20.295000,5.535531485e-03
20.300000,-1.999308721e-02
20.305000,-3.595411943e-02
20.310000,-3.801076315e-02
20.315000,-2.466805512e-02
20.320000,2.303813592e-03
20.325000,3.820277457e-02
20.330000,7.636615717e-02
20.335000,1.094933942e-01
20.340000,1.309756830e-01
20.345000,1.359523101e-01
20.350000,1.219620261e-01
20.355000,8.921657979e-02
20.360000,4.061227021e-02
20.365000,-1.842995302e-02
20.370000,-8.032147730e-02
20.375000,-1.360038956e-01
20.380000,-1.761419224e-01
20.385000,-1.928073633e-01
20.390000,-1.813660244e-01
20.395000,-1.420129265e-01
20.400000,-8.032683547e-02
20.405000,-6.434240839e-03
20.410000,6.716243388e-02
20.415000,1.285194369e-01
20.420000,1.690477352e-01
20.425000,1.852945178e-01
20.430000,1.792070222e-01
20.435000,1.569229893e-01
20.440000,1.266108446e-01
20.445000,9.610821662e-02
20.450000,7.103762957e-02
20.455000,5.380853890e-02
20.460000,4.359834789e-02
20.465000,3.715880453e-02
20.470000,3.015305716e-02
20.475000,1.866591544e-02
20.480000,5.143689645e-04
20.485000,-2.397825124e-02
20.490000,-5.196249887e-02
20.495000,-7.880608436e-02
20.500000,-9.936169670e-02
20.505000,-1.093408957e-01
20.510000,-1.063591763e-01
20.515000,-9.038262522e-02
20.520000,-6.356906934e-02
20.525000,-2.971419262e-02
20.530000,6.425053553e-03
20.535000,3.975913076e-02
20.540000,6.544287821e-02
20.545000,7.949358609e-02
20.550000,7.949242148e-02
20.555000,6.524953293e-02
20.560000,3.916477343e-02
20.565000,6.008926546e-03
20.570000,-2.797384906e-02
20.575000,-5.645969171e-02
20.580000,-7.451390453e-02
20.585000,-7.965145646e-02
20.590000,-7.215559458e-02
20.595000,-5.460943335e-02
20.600000,-3.088445347e-02
20.605000,-4.995355115e-03
20.610000,1.978048873e-02
20.615000,4.127979344e-02
20.620000,5.831317507e-02
20.625000,7.019811436e-02
20.630000,7.626826248e-02
20.635000,7.565206410e-02
20.640000,6.748310656e-02
20.645000,5.149387643e-02
20.650000,2.872939567e-02
20.655000,1.992374284e-03
20.660000,-2.432601193e-02
20.665000,-4.515233129e-02
20.670000,-5.616816047e-02
20.675000,-5.528358276e-02
20.680000,-4.355185455e-02
20.685000,-2.509169661e-02
20.690000,-5.956184495e-03
20.695000,7.687954687e-03
20.700000,1.142080311e-02
20.705000,3.801434039e-03
20.710000,-1.344155158e-02
20.715000,-3.626342806e-02
20.720000,-5.981258520e-02
20.725000,-7.999263266e-02
20.730000,-9.450549315e-02
20.735000,-1.030494913e-01
20.740000,-1.066994165e-01
20.745000,-1.068185372e-01
20.750000,-1.040269376e-01
20.755000,-9.771240274e-02
20.760000,-8.633075075e-02
20.765000,-6.838991642e-02
20.770000,-4.368699430e-02
20.775000,-1.421353020e-02
20.780000,1.575530465e-02
20.785000,4.054323897e-02
20.790000,5.466240693e-02
20.795000,5.452507622e-02
20.800000,3.962647900e-02
20.805000,1.276816617e-02
20.810000,-2.070994363e-02
20.815000,-5.433871180e-02
20.820000,-8.203177299e-02
20.825000,-9.923251313e-02
20.830000,-1.034824900e-01
20.835000,-9.447407212e-02
20.840000,-7.379982605e-02
20.845000,-4.458434734e-02
20.850000,-1.104861053e-02
20.855000,2.205692947e-02
20.860000,5.020451421e-02
20.865000,6.994290512e-02
20.870000,7.960007227e-02
20.875000,7.951575414e-02
20.880000,7.160521781e-02
20.885000,5.833522533e-02
20.890000,4.149974073e-02
20.895000,2.134717779e-02
20.900000,-3.479025379e-03
20.905000,-3.505691392e-02
20.910000,-7.466482522e-02
20.915000,-1.212617247e-01
20.920000,-1.706735564e-01
20.925000,-2.159395460e-01
20.930000,-2.488078238e-01
20.935000,-2.618966640e-01
20.940000,-2.507676007e-01
20.945000,-2.152049376e-01
20.950000,-1.593268321e-01
20.955000,-9.060096369e-02
20.960000,-1.819568718e-02
20.965000,4.877706190e-02
20.970000,1.026890773e-01
20.975000,1.383055394e-01
20.980000,1.532133623e-01
20.985000,1.478950084e-01
20.990000,1.255299850e-01
20.995000,9.151602966e-02
21.000000,5.267229095e-02
21.005000,1.616163357e-02
21.010000,-1.169878842e-02
21.015000,-2.647974179e-02
21.020000,-2.630213188e-02
21.025000,-1.201892681e-02
21.030000,1.303190466e-02
21.035000,4.357941031e-02
21.040000,7.318981693e-02
21.045000,9.525093683e-02
21.050000,1.041831738e-01
21.055000,9.677103011e-02
21.060000,7.330133150e-02
21.065000,3.804527250e-02
21.070000,-1.313087365e-03
21.075000,-3.537227926e-02
21.080000,-5.543520375e-02
21.085000,-5.588759293e-02
21.090000,-3.570546032e-02
21.095000,1.418921462e-03
21.100000,4.829430697e-02
21.105000,9.624555409e-02
21.110000,1.371605348e-01
21.115000,1.649478582e-01
21.120000,1.761709179e-01
21.125000,1.700127104e-01
21.130000,1.479128760e-01
21.135000,1.131503382e-01
21.140000,7.043186433e-02
21.145000,2.537112158e-02
21.150000,-1.626787640e-02
21.155000,-4.953868764e-02
21.160000,-7.127422865e-02
21.165000,-8.072990712e-02
21.170000,-7.966645050e-02
21.175000,-7.182510302e-02
21.180000,-6.195377685e-02
21.185000,-5.465998569e-02
21.190000,-5.336664262e-02
21.195000,-5.957405639e-02
21.200000,-7.255086316e-02
21.205000,-8.951772296e-02
21.210000,-1.063279123e-01
21.215000,-1.185487804e-01
21.220000,-1.227051253e-01
21.225000,-1.173209167e-01
21.230000,-1.033839643e-01
21.235000,-8.401802699e-02
21.240000,-6.344336645e-02
21.245000,-4.560991447e-02
21.250000,-3.303841255e-02
21.255000,-2.631170445e-02
21.260000,-2.435712169e-02
21.265000,-2.530338815e-02
21.270000,-2.746467527e-02
21.275000,-3.001005284e-02
21.280000,-3.309454939e-02
21.285000,-3.752074393e-02
21.290000,-4.420249300e-02
21.295000,-5.372069765e-02
21.300000,-6.611964495e-02
21.305000,-8.090786978e-02
21.310000,-9.712606673e-02
21.315000,-1.133808307e-01
21.320000,-1.278693883e-01
21.325000,-1.385256651e-01
21.330000,-1.434060740e-01
21.335000,-1.412914936e-01
21.340000,-1.322929951e-01
21.345000,-1.181412816e-01
21.350000,-1.019055083e-01
21.355000,-8.711974138e-02
21.360000,-7.658604291e-02
21.365000,-7.131855219e-02
21.370000,-7.008032862e-02
21.375000,-6.973669025e-02
21.380000,-6.630950767e-02
21.385000,-5.632779205e-02
21.390000,-3.796533529e-02
21.395000,-1.157592590e-02
21.400000,2.048949696e-02
21.405000,5.460980224e-02
21.410000,8.681793534e-02
21.415000,1.135813208e-01
21.420000,1.322494236e-01
21.425000,1.411796836e-01
21.430000,1.396938608e-01
21.435000,1.280375690e-01
21.440000,1.074270126e-01
21.445000,8.013542393e-02
21.450000,4.947847049e-02
21.455000,1.955486689e-02
21.460000,-5.314270142e-03
21.465000,-2.137126702e-02
21.470000,-2.624198159e-02
21.475000,-1.955125845e-02
21.480000,-3.130783375e-03
21.485000,1.928014777e-02
21.490000,4.280545618e-02
21.495000,6.251193837e-02
21.500000,7.454640953e-02
21.505000,7.704858689e-02
21.510000,7.059477523e-02
21.515000,5.802989513e-02
21.520000,4.369793357e-02
21.525000,3.225005460e-02
21.530000,2.734655971e-02
21.535000,3.062256985e-02
21.540000,4.122590907e-02
21.545000,5.606667076e-02
21.550000,7.069388002e-02
21.555000,8.051705656e-02
21.560000,8.199575889e-02
21.565000,7.346324233e-02
21.570000,5.540578402e-02
21.575000,3.021286105e-02
21.580000,1.560336822e-03
21.585000,-2.636216020e-02
21.590000,-4.961028291e-02
21.595000,-6.513852287e-02
21.600000,-7.130602277e-02
21.605000,-6.818644150e-02
21.610000,-5.759876637e-02
21.615000,-4.277258904e-02
21.620000,-2.763606991e-02
21.625000,-1.585783083e-02
21.630000,-9.913895592e-03
21.635000,-1.049467679e-02
21.640000,-1.646321716e-02
21.645000,-2.535719275e-02
21.650000,-3.420190284e-02
21.655000,-4.029270850e-02
21.660000,-4.167432411e-02
21.665000,-3.724784152e-02
21.670000,-2.664945033e-02
21.675000,-1.013752169e-02
21.680000,1.135517643e-02
21.685000,3.603976519e-02
21.690000,6.116617549e-02
21.695000,8.322806320e-02
21.700000,9.856658493e-02
21.705000,1.042299590e-01
21.710000,9.876973786e-02
21.715000,8.264551883e-02
21.720000,5.807624107e-02
21.725000,2.842220924e-02
21.730000,-2.630061581e-03
21.735000,-3.177188842e-02
21.740000,-5.647090820e-02
21.745000,-7.504887598e-02
21.750000,-8.656293384e-02
21.755000,-9.065295677e-02
21.760000,-8.746486297e-02
21.765000,-7.767187267e-02
21.770000,-6.254665313e-02
21.775000,-4.400646106e-02
21.780000,-2.454968566e-02
21.785000,-7.013385254e-03
21.790000,5.883996433e-03
21.795000,1.217300215e-02
21.800000,1.127819317e-02
21.805000,4.416081295e-03
21.810000,-5.520745656e-03
21.815000,-1.470750272e-02
21.820000,-1.959259006e-02
21.825000,-1.812040894e-02
21.830000,-1.042570218e-02
21.835000,1.367019771e-03
21.840000,1.419304495e-02
21.845000,2.545686520e-02
21.850000,3.409119758e-02
21.855000,4.070964598e-02
21.860000,4.677378796e-02
21.865000,5.324765926e-02
21.870000,5.953082388e-02
21.875000,6.335192127e-02
21.880000,6.180776766e-02
21.885000,5.310677955e-02
21.890000,3.815437776e-02
21.895000,2.112897807e-02
21.900000,8.638167132e-03
21.905000,7.693003815e-03
21.910000,2.327632774e-02
21.915000,5.646179264e-02
21.920000,1.038029489e-01
21.925000,1.581901855e-01
21.930000,2.108116559e-01
21.935000,2.534832614e-01
21.940000,2.805546719e-01
21.945000,2.898362821e-01
21.950000,2.824007904e-01
21.955000,2.615233679e-01
21.960000,2.312875857e-01
21.965000,1.954191723e-01
21.970000,1.567235577e-01
21.975000,1.171859661e-01
21.980000,7.848428675e-02
21.985000,4.249991523e-02
21.990000,1.146091517e-02
21.995000,-1.241490157e-02
22.000000,-2.761326703e-02
22.005000,-3.398453199e-02
22.010000,-3.299705409e-02
22.015000,-2.739994660e-02
22.020000,-2.039937979e-02
22.025000,-1.468248062e-02
22.030000,-1.168118052e-02
22.035000,-1.133889497e-02
22.040000,-1.240869371e-02
22.045000,-1.309959997e-02
22.050000,-1.179411885e-02
22.055000,-7.602893318e-03
22.060000,-6.453709598e-04
22.065000,7.934946258e-03
22.070000,1.615260846e-02
22.075000,2.149597831e-02
22.080000,2.134361131e-02
22.085000,1.346181951e-02
22.090000,-3.457887244e-03
22.095000,-2.930637056e-02
22.100000,-6.222928019e-02
22.105000,-9.858565948e-02
22.110000,-1.332750867e-01
22.115000,-1.604446769e-01
22.120000,-1.744993049e-01
22.125000,-1.712500487e-01
22.130000,-1.489665239e-01
22.135000,-1.090724248e-01
22.140000,-5.626255285e-02
22.145000,2.069210740e-03
22.150000,5.703874157e-02
22.155000,9.989707497e-02
22.160000,1.237330022e-01
22.165000,1.248802994e-01
22.170000,1.037149546e-01
22.175000,6.465409405e-02
22.180000,1.533013473e-02
22.185000,-3.491665709e-02
22.190000,-7.692816790e-02
22.195000,-1.035869980e-01
22.200000,-1.111955799e-01
22.205000,-1.000154996e-01
22.210000,-7.382560796e-02
22.215000,-3.865702707e-02
22.220000,-1.133644656e-03
22.225000,3.303571483e-02
22.230000,5.997145635e-02
22.235000,7.779024249e-02
22.240000,8.620564721e-02
22.245000,8.595220410e-02
22.250000,7.839969266e-02
22.255000,6.549341405e-02
22.260000,4.986258924e-02
22.265000,3.476730657e-02
22.270000,2.361787757e-02
22.275000,1.907057853e-02
22.280000,2.202342727e-02
22.285000,3.100907366e-02
22.290000,4.238875563e-02
22.295000,5.141825673e-02
22.300000,5.384579961e-02
22.305000,4.742323876e-02
22.310000,3.271286679e-02
22.315000,1.286029628e-02
22.320000,-7.554818470e-03
22.325000,-2.409106529e-02
22.330000,-3.378632217e-02
22.335000,-3.575629421e-02
22.340000,-3.090544747e-02
22.345000,-2.101735614e-02
22.350000,-7.754308892e-03
22.355000,7.911646350e-03
22.360000,2.558191557e-02
22.365000,4.476486915e-02
22.370000,6.410916000e-02
22.375000,8.106051559e-02
22.380000,9.225845727e-02
22.385000,9.460367487e-02
22.390000,8.655963097e-02
22.395000,6.909249425e-02
22.400000,4.578317552e-02
22.405000,2.199622512e-02
22.410000,3.385732017e-03
22.415000,-5.729246599e-03
22.420000,-3.576798481e-03
22.425000,8.610806182e-03
22.430000,2.695271803e-02
22.435000,4.591149337e-02
22.440000,5.963234720e-02
22.445000,6.333165830e-02
22.450000,5.446897343e-02
22.455000,3.346656907e-02
22.460000,3.780366823e-03
22.465000,-2.877510790e-02
22.470000,-5.735920000e-02
22.475000,-7.577611909e-02
22.480000,-7.999861677e-02
22.485000,-6.906617972e-02
22.490000,-4.509589079e-02
22.495000,-1.248612235e-02
22.500000,2.330457800e-02
22.505000,5.691370362e-02
22.510000,8.381423675e-02
22.515000,1.005800192e-01
22.520000,1.048940506e-01
22.525000,9.561039485e-02
22.530000,7.304513520e-02
22.535000,3.939940819e-02
22.540000,-1.015740528e-03
22.545000,-4.212053815e-02
22.550000,-7.713786871e-02
22.555000,-1.002063909e-01
22.560000,-1.080261968e-01
22.565000,-1.009124521e-01
22.570000,-8.279839299e-02
22.575000,-6.011556271e-02
22.580000,-3.991741017e-02
22.585000,-2.790542919e-02
22.590000,-2.703283528e-02
22.595000,-3.709503679e-02
22.600000,-5.529583065e-02
22.605000,-7.740224471e-02
22.610000,-9.894316892e-02
22.615000,-1.160276100e-01
22.620000,-1.256705064e-01
22.625000,-1.258277304e-01
22.630000,-1.154697675e-01
22.635000,-9.489129534e-02
22.640000,-6.615099595e-02
22.645000,-3.326951677e-02
22.650000,-1.784211875e-03
22.655000,2.246965274e-02
22.660000,3.503959606e-02
22.665000,3.433275020e-02
22.670000,2.219263944e-02
22.675000,3.235138849e-03
22.680000,-1.682127005e-02
22.685000,-3.310771040e-02
22.690000,-4.298957133e-02
22.695000,-4.634295681e-02
22.700000,-4.475553029e-02
22.705000,-4.020233819e-02
22.710000,-3.393201374e-02
22.715000,-2.607499005e-02
22.720000,-1.601556211e-02
22.725000,-3.145598685e-03
22.730000,1.252144857e-02
22.735000,3.020545475e-02
22.740000,4.864930304e-02
22.745000,6.652631015e-02
22.750000,8.262425513e-02
22.755000,9.569520188e-02
22.760000,1.041706760e-01
22.765000,1.061081502e-01
22.770000,9.963125135e-02
22.775000,8.380574448e-02
22.780000,5.955452011e-02
22.785000,3.007714208e-02
22.790000,4.082496541e-04
22.795000,-2.385015871e-02
22.800000,-3.816718806e-02
22.805000,-4.042612872e-02
22.810000,-3.142212558e-02
22.815000,-1.434905553e-02
22.820000,6.435969443e-03
22.825000,2.678967221e-02
22.830000,4.372807296e-02
22.835000,5.565171922e-02
22.840000,6.195771693e-02
22.845000,6.243792466e-02
22.850000,5.690517435e-02
22.855000,4.527913547e-02
22.860000,2.803612101e-02
22.865000,6.676275914e-03
22.870000,-1.617151684e-02
22.875000,-3.719026702e-02
22.880000,-5.323769762e-02
22.885000,-6.226828188e-02
22.890000,-6.391014665e-02
22.895000,-5.946205537e-02
22.900000,-5.135045000e-02
22.905000,-4.231205581e-02
22.910000,-3.463427702e-02
22.915000,-2.968754170e-02
22.920000,-2.780814520e-02
22.925000,-2.845010273e-02
22.930000,-3.048321258e-02
22.935000,-3.255254515e-02
22.940000,-3.345962023e-02
22.945000,-3.251865013e-02
22.950000,-2.978796648e-02
22.955000,-2.604372330e-02
22.960000,-2.242118537e-02
22.965000,-1.980645055e-02
22.970000,-1.823877935e-02
22.975000,-1.665636620e-02
22.980000,-1.320306835e-02
22.985000,-6.038664373e-03
22.990000,5.697854446e-03
22.995000,2.125625892e-02
23.000000,3.833142499e-02
23.005000,5.382494401e-02
23.010000,6.495767730e-02
23.015000,7.019040537e-02
23.020000,6.952018828e-02
23.025000,6.407246529e-02
23.030000,5.530026068e-02
23.035000,4.430117410e-02
23.040000,3.165049134e-02
23.045000,1.779223378e-02
23.050000,3.647857708e-03
23.055000,-9.064992246e-03
23.060000,-1.814853591e-02
23.065000,-2.181373684e-02
23.070000,-1.967259728e-02
23.075000,-1.321583427e-02
23.080000,-5.384848052e-03
23.085000,6.569245886e-04
23.090000,2.962027061e-03
23.095000,1.673416996e-03
23.100000,-1.181948103e-03
23.105000,-2.923419095e-03
23.110000,-1.836447090e-03
23.115000,1.697892996e-03
23.120000,5.199446342e-03
23.125000,5.236964892e-03
23.130000,-8.822453553e-04
23.135000,-1.378513535e-02
23.140000,-3.175330858e-02
23.145000,-5.157192558e-02
23.150000,-6.995593921e-02
23.155000,-8.471644181e-02
23.160000,-9.505369789e-02
23.165000,-1.009493836e-01
23.170000,-1.022093636e-01
23.175000,-9.791742566e-02
23.180000,-8.676987056e-02
23.185000,-6.815538531e-02
23.190000,-4.330834046e-02
23.195000,-1.573962501e-02
23.200000,9.475583033e-03
23.205000,2.732202243e-02
23.210000,3.461434699e-02
23.215000,3.104739403e-02
23.220000,1.904929303e-02
23.225000,2.595858526e-03
23.230000,-1.434696370e-02
23.235000,-2.898420852e-02
23.240000,-4.001501331e-02
23.245000,-4.720091171e-02
23.250000,-5.066005331e-02
23.255000,-5.042211116e-02
23.260000,-4.650070245e-02
23.265000,-3.933982023e-02
23.270000,-3.022800436e-02
23.275000,-2.129660447e-02
23.280000,-1.498600759e-02
23.285000,-1.319392632e-02
23.290000,-1.651455997e-02
23.295000,-2.394007911e-02
23.300000,-3.317138492e-02
23.305000,-4.141084407e-02
23.310000,-4.632304628e-02
23.315000,-4.681574768e-02
23.320000,-4.339134820e-02
23.325000,-3.798051200e-02
23.330000,-3.332737362e-02
23.335000,-3.211375578e-02
23.340000,-3.607644118e-02
23.345000,-4.538030625e-02
23.350000,-5.845057589e-02
23.355000,-7.233720754e-02
23.360000,-8.350966912e-02
23.365000,-8.882170465e-02
23.370000,-8.631589574e-02
23.375000,-7.560130719e-02
23.380000,-5.771727866e-02
23.385000,-3.461357737e-02
23.390000,-8.527467629e-03
23.395000,1.845286760e-02
23.400000,4.448524019e-02
23.405000,6.778688150e-02
23.410000,8.639289806e-02
23.415000,9.813125505e-02
23.420000,1.009733080e-01
23.425000,9.370510450e-02
23.430000,7.665748215e-02
23.435000,5.214062382e-02
23.440000,2.430544737e-02
23.445000,-1.628014329e-03
23.450000,-2.057440873e-02
23.455000,-2.883528512e-02
23.460000,-2.499407438e-02
23.465000,-1.019157664e-02
23.470000,1.224644393e-02
23.475000,3.764599343e-02
23.480000,6.100090465e-02
23.485000,7.791207529e-02
23.490000,8.530124748e-02
23.495000,8.185434291e-02
23.500000,6.819277180e-02
23.505000,4.675888204e-02
23.510000,2.138861966e-02
23.515000,-3.413053799e-03
23.520000,-2.337344871e-02
23.525000,-3.529925827e-02
23.530000,-3.760837309e-02
23.535000,-3.038526605e-02
23.540000,-1.499782703e-02
23.545000,6.492950272e-03
23.550000,3.182681790e-02
23.555000,5.873736046e-02
23.560000,8.485635447e-02
23.565000,1.075440580e-01
23.570000,1.239225673e-01
23.575000,1.312703168e-01
23.580000,1.277061684e-01
23.585000,1.128900480e-01
23.590000,8.841303951e-02
23.595000,5.767083713e-02
23.600000,2.523508386e-02
23.605000,-4.067259320e-03
23.610000,-2.608003671e-02
23.615000,-3.801820806e-02
23.620000,-3.883507092e-02
23.625000,-2.925890368e-02
23.630000,-1.155204478e-02
23.635000,1.094932693e-02
23.640000,3.445049142e-02
23.645000,5.536877933e-02
23.650000,7.091240601e-02
23.655000,7.941275985e-02
23.660000,8.032586032e-02
23.665000,7.395267563e-02
23.670000,6.105558896e-02
23.675000,4.258752160e-02
23.680000,1.966531678e-02
23.685000,-6.248145290e-03
23.690000,-3.313905714e-02
23.695000,-5.844002434e-02
23.700000,-7.935351947e-02
23.705000,-9.344138411e-02
23.710000,-9.926184183e-02
23.715000,-9.679410243e-02
23.720000,-8.748539999e-02
23.725000,-7.392427494e-02
23.730000,-5.928684276e-02
23.735000,-4.674554044e-02
23.740000,-3.896829389e-02
23.745000,-3.773262686e-02
23.750000,-4.361663657e-02
23.755000,-5.575267714e-02
23.760000,-7.171763596e-02
23.765000,-8.770983288e-02
23.770000,-9.914726677e-02
23.775000,-1.016864957e-01
23.780000,-9.245339526e-02
23.785000,-7.110065653e-02
23.790000,-4.026894421e-02
23.795000,-5.178796594e-03
23.800000,2.762169516e-02
23.805000,5.200078819e-02
23.810000,6.391229372e-02
23.815000,6.242559212e-02
23.820000,4.977841798e-02
23.825000,3.047500150e-02
23.830000,9.796251626e-03
23.835000,-7.726092424e-03
23.840000,-1.936215054e-02
23.845000,-2.449117594e-02
23.850000,-2.420539577e-02
23.855000,-2.050274121e-02
23.860000,-1.544937221e-02
23.865000,-1.060744569e-02
23.870000,-6.834135052e-03
23.875000,-4.372662278e-03
23.880000,-3.062232733e-03
23.885000,-2.515867935e-03
23.890000,-2.211818521e-03
23.895000,-1.540937741e-03
23.900000,1.115220889e-04
23.905000,3.209026666e-03
23.910000,7.866722600e-03
23.915000,1.370473463e-02
23.920000,1.983665744e-02
23.925000,2.501256125e-02
23.930000,2.785246157e-02
23.935000,2.706097457e-02
23.940000,2.154084051e-02
23.945000,1.041079581e-02
23.950000,-6.971884566e-03
23.955000,-3.084910885e-02
23.960000,-6.069038302e-02
23.965000,-9.469166681e-02
23.970000,-1.293840400e-01
23.975000,-1.596635733e-01
23.980000,-1.794684826e-01
23.985000,-1.830911566e-01
23.990000,-1.668110341e-01
23.995000,-1.303114240e-01
24.000000,-7.732449300e-02
24.005000,-1.517320596e-02
24.010000,4.673095859e-02
24.015000,9.898677260e-02
24.020000,1.342387408e-01
24.025000,1.485491510e-01
24.030000,1.418002845e-01
24.035000,1.171976723e-01
24.040000,8.022404174e-02
24.045000,3.745916313e-02
24.050000,-4.454956422e-03
24.055000,-3.963856316e-02
24.060000,-6.366440500e-02
24.065000,-7.417245066e-02
24.070000,-7.132640170e-02
24.075000,-5.789207130e-02
24.080000,-3.871903403e-02
24.085000,-1.959357535e-02
24.090000,-5.722347646e-03
24.095000,-3.368659664e-04
24.100000,-3.928804870e-03
24.105000,-1.439590661e-02
24.110000,-2.800157502e-02
24.115000,-4.071906560e-02
24.120000,-4.941357005e-02
24.125000,-5.246364114e-02
24.130000,-4.974222134e-02
24.135000,-4.218400966e-02
24.140000,-3.129706351e-02
24.145000,-1.888174404e-02
24.150000,-6.983549832e-03
24.155000,2.110679466e-03
24.160000,6.083007474e-03
24.165000,3.118372648e-03
24.170000,-7.359432334e-03
24.175000,-2.406807849e-02
24.180000,-4.371355693e-02
24.185000,-6.149503834e-02
24.190000,-7.218994178e-02
24.195000,-7.149764685e-02
24.200000,-5.721646288e-02
24.205000,-2.989977483e-02
24.210000,7.168498747e-03
24.215000,4.862161869e-02
24.220000,8.807126771e-02
24.225000,1.193211332e-01
24.230000,1.374991084e-01
24.235000,1.399320019e-01
24.240000,1.266371146e-01
24.245000,1.003446050e-01
24.250000,6.601608939e-02
24.255000,2.991048760e-02
24.260000,-1.637745554e-03
24.265000,-2.345972143e-02
24.270000,-3.250665924e-02
24.275000,-2.827615896e-02
24.280000,-1.262578812e-02
24.285000,1.091654900e-02
24.290000,3.808550261e-02
24.295000,6.475154414e-02
24.300000,8.751144506e-02
24.305000,1.039322171e-01
24.310000,1.125436602e-01
24.315000,1.127559537e-01
24.320000,1.048477133e-01
24.325000,9.005197577e-02
24.330000,7.063459451e-02
24.335000,4.979182718e-02
24.340000,3.123695917e-02
24.345000,1.848488729e-02
24.350000,1.400987336e-02
24.355000,1.855747075e-02
24.360000,3.087621003e-02
24.365000,4.799659708e-02
24.370000,6.598381797e-02
24.375000,8.091678282e-02
24.380000,8.977614470e-02
24.385000,9.098332146e-02
24.390000,8.448662816e-02
24.395000,7.146505585e-02
24.400000,5.383916331e-02
24.405000,3.379962583e-02
24.410000,1.349348501e-02
24.415000,-5.108234228e-03
24.420000,-2.024049099e-02
24.425000,-3.039357808e-02
24.430000,-3.447193935e-02
24.435000,-3.206549726e-02
24.440000,-2.373735109e-02
24.445000,-1.116992977e-02
24.450000,2.976401320e-03
24.455000,1.554600273e-02
24.460000,2.362324292e-02
24.465000,2.529936825e-02
24.470000,2.019435835e-02
24.475000,9.519546245e-03
24.480000,-4.364192106e-03
24.485000,-1.873011959e-02
24.490000,-3.130001618e-02
24.495000,-4.076784852e-02
24.500000,-4.685416669e-02
24.505000,-4.994315488e-02
24.510000,-5.055536994e-02
24.515000,-4.897336316e-02
24.520000,-4.522747664e-02
24.525000,-3.942335165e-02
24.530000,-3.217624457e-02
24.535000,-2.483402909e-02
24.540000,-1.927324569e-02
24.545000,-1.728999286e-02
24.550000,-1.985158172e-02
24.555000,-2.658936053e-02
24.560000,-3.582811629e-02
24.565000,-4.519832403e-02
24.570000,-5.258718449e-02
24.575000,-5.700013331e-02
24.580000,-5.892303292e-02
24.585000,-5.999450766e-02
24.590000,-6.211801388e-02
24.595000,-6.641432511e-02
24.600000,-7.250744376e-02
24.605000,-7.850135517e-02
24.610000,-8.169676601e-02
24.615000,-7.975296302e-02
24.620000,-7.177883316e-02
24.625000,-5.884705207e-02
24.630000,-4.367136220e-02
24.635000,-2.956261652e-02
24.640000,-1.911243994e-02
24.645000,-1.318523812e-02
24.650000,-1.066325175e-02
24.655000,-9.047458063e-03
24.660000,-5.632537437e-03
24.665000,1.269715415e-03
24.670000,1.157677412e-02
24.675000,2.342883199e-02
24.680000,3.386404129e-02
24.685000,3.983769184e-02
24.690000,3.916358436e-02
24.695000,3.106933670e-02
24.700000,1.627595849e-02
24.705000,-3.292643043e-03
24.710000,-2.497982597e-02
24.715000,-4.588617530e-02
24.720000,-6.330269466e-02
24.725000,-7.507226185e-02
24.730000,-7.987089232e-02
24.735000,-7.737415883e-02
24.740000,-6.826399039e-02
24.745000,-5.406553255e-02
24.750000,-3.686505951e-02
24.755000,-1.899900847e-02
24.760000,-2.783896212e-03
24.765000,9.711887505e-03
24.770000,1.691348607e-02
24.775000,1.805133568e-02
24.780000,1.349535664e-02
24.785000,4.948092110e-03
24.790000,-4.716381605e-03
24.795000,-1.209076409e-02
24.800000,-1.425703727e-02
24.805000,-9.863148806e-03
24.810000,1.932702380e-04
24.815000,1.282701820e-02
24.820000,2.364060381e-02
24.825000,2.833299414e-02
24.830000,2.412473006e-02
24.835000,1.067272490e-02
24.840000,-9.832886906e-03
24.845000,-3.336333158e-02
24.850000,-5.522311631e-02
24.855000,-7.126599464e-02
24.860000,-7.879451773e-02
24.865000,-7.697481920e-02
24.870000,-6.679447262e-02
24.875000,-5.070290887e-02
24.880000,-3.208120513e-02
24.885000,-1.463517098e-02
24.890000,-1.758725246e-03
24.895000,4.085686359e-03
24.900000,1.883992931e-03
24.905000,-7.635778531e-03
24.910000,-2.204075342e-02
24.915000,-3.759716118e-02
24.920000,-4.997327832e-02
24.925000,-5.508752453e-02
24.930000,-4.991695883e-02
24.935000,-3.311070504e-02
24.940000,-5.315477120e-03
24.945000,3.082040487e-02
24.950000,7.096272294e-02
24.955000,1.097054464e-01
24.960000,1.414323711e-01
24.965000,1.613181141e-01
24.970000,1.662863042e-01
24.975000,1.556933418e-01
24.980000,1.315280897e-01
24.985000,9.803017883e-02
24.990000,6.080197887e-02
24.995000,2.565096303e-02
25.000000,-2.524335517e-03
25.005000,-2.053522453e-02
25.010000,-2.725772950e-02
25.015000,-2.356407966e-02
25.020000,-1.195123463e-02
25.025000,4.005376467e-03
25.030000,2.029744593e-02
25.035000,3.319886492e-02
25.040000,4.000408355e-02
25.045000,3.966603407e-02
25.050000,3.313225748e-02
25.055000,2.318156766e-02
25.060000,1.369121473e-02
25.065000,8.481088962e-03
25.070000,1.008487686e-02
25.075000,1.887529630e-02
25.080000,3.286611631e-02
25.085000,4.826623356e-02
25.090000,6.058436173e-02
25.095000,6.590247266e-02
25.100000,6.192136688e-02
25.105000,4.851421582e-02
25.110000,2.771879657e-02
25.115000,3.261670082e-03
25.120000,-2.021405193e-02
25.125000,-3.804314382e-02
25.130000,-4.640944220e-02
25.135000,-4.306958682e-02
25.140000,-2.781376468e-02
25.145000,-2.567655410e-03
25.150000,2.890526972e-02
25.155000,6.165485039e-02
25.160000,9.041653291e-02
25.165000,1.105279178e-01
25.170000,1.187255576e-01
25.175000,1.137089342e-01
25.180000,9.640815133e-02
25.185000,6.991420277e-02
25.190000,3.903611660e-02
25.195000,9.477348604e-03
25.200000,-1.329165252e-02
25.205000,-2.525597325e-02
25.210000,-2.484815529e-02
25.215000,-1.336631387e-02
25.220000,5.390663122e-03
25.225000,2.621920217e-02
25.230000,4.400313107e-02
25.235000,5.509508855e-02
25.240000,5.811555090e-02
25.245000,5.393631144e-02
25.250000,4.495218157e-02
25.255000,3.402270863e-02
25.260000,2.355518218e-02
25.265000,1.506564685e-02
25.270000,9.272569853e-03
25.275000,6.496829801e-03
25.280000,7.006014766e-03
25.285000,1.101687832e-02
25.290000,1.831197557e-02
25.295000,2.770157248e-02
25.300000,3.671669384e-02
25.305000,4.186023205e-02
25.310000,3.948745067e-02
25.315000,2.705777392e-02
25.320000,4.265135406e-03
25.325000,-2.645725964e-02
25.330000,-6.033071842e-02
25.335000,-9.142616795e-02
25.340000,-1.142303978e-01
25.345000,-1.250161706e-01
25.350000,-1.225666449e-01
25.355000,-1.081070518e-01
25.360000,-8.462533466e-02
25.365000,-5.595896638e-02
25.370000,-2.601151730e-02
25.375000,1.718138573e-03
25.380000,2.433279011e-02
25.385000,3.963071593e-02
25.390000,4.624906419e-02
25.395000,4.387973972e-02
25.400000,3.344194391e-02
25.405000,1.704529367e-02
25.410000,-2.351560109e-03
25.415000,-2.153647402e-02
25.420000,-3.771355817e-02
25.425000,-4.902793921e-02
25.430000,-5.479324731e-02
25.435000,-5.539713201e-02
25.440000,-5.197660540e-02
25.445000,-4.600747751e-02
25.450000,-3.893279459e-02
25.455000,-3.189568648e-02
25.460000,-2.558560262e-02
25.465000,-2.018027324e-02
25.470000,-1.536846537e-02
25.475000,-1.045222954e-02
25.480000,-4.532567230e-03
25.485000,3.229121287e-03
25.490000,1.330671483e-02
25.495000,2.552510912e-02
25.500000,3.888300671e-02
25.505000,5.157508583e-02
25.510000,6.127805089e-02
25.515000,6.569506958e-02
25.520000,6.325025688e-02
25.525000,5.372525386e-02
25.530000,3.858794769e-02
25.535000,2.082385642e-02
25.540000,4.245448145e-03
25.545000,-7.533555857e-03
25.550000,-1.211060222e-02
25.555000,-8.923141576e-03
25.560000,7.326675741e-04
25.565000,1.426935424e-02
25.570000,2.869945863e-02
25.575000,4.147953603e-02
25.580000,5.100478156e-02
25.585000,5.665398419e-02
25.590000,5.850536573e-02
25.595000,5.696803513e-02
25.600000,5.254780995e-02
25.605000,4.582434522e-02
25.610000,3.755451513e-02
25.615000,2.873216510e-02
25.620000,2.047019059e-02
25.625000,1.369728440e-02
25.630000,8.798605056e-03
25.635000,5.396078128e-03
25.640000,2.422094202e-03
25.645000,-1.488895997e-03
25.650000,-7.418768105e-03
25.655000,-1.562468234e-02
25.660000,-2.527436301e-02
25.665000,-3.459631820e-02
25.670000,-4.142179173e-02
25.675000,-4.393285349e-02
25.680000,-4.133482232e-02
25.685000,-3.418517975e-02
25.690000,-2.423699552e-02
25.695000,-1.384647390e-02
25.700000,-5.171965533e-03
25.705000,5.241711285e-04
25.710000,3.210221089e-03
25.715000,3.958997338e-03
25.720000,4.460959832e-03
25.725000,6.411444131e-03
25.730000,1.101725204e-02
25.735000,1.876083492e-02
25.740000,2.940761446e-02
25.745000,4.213646529e-02
25.750000,5.567187202e-02
25.755000,6.838463552e-02
25.760000,7.843132348e-02
25.765000,8.403536552e-02
25.770000,8.393715623e-02
25.775000,7.789607407e-02
25.780000,6.700947817e-02
25.785000,5.361510293e-02
25.790000,4.069222336e-02
25.795000,3.091292550e-02
25.800000,2.569670077e-02
25.805000,2.467404739e-02
25.810000,2.582399237e-02
25.815000,2.627167161e-02
25.820000,2.344344022e-02
25.825000,1.611463124e-02
25.830000,4.925327812e-03
25.835000,-7.837153232e-03
25.840000,-1.908672936e-02
25.845000,-2.606614357e-02
25.850000,-2.730974606e-02
25.855000,-2.309106033e-02
25.860000,-1.523070418e-02
25.865000,-6.394183035e-03
25.870000,8.151050391e-04
25.875000,4.626778239e-03
25.880000,4.498404859e-03
25.885000,1.071355321e-03
25.890000,-4.207410379e-03
25.895000,-9.600824502e-03
25.900000,-1.354465602e-02
25.905000,-1.494714727e-02
25.910000,-1.331054689e-02
25.915000,-8.721991624e-03
25.920000,-1.769949922e-03
25.925000,6.585325495e-03
25.930000,1.518624969e-02
25.935000,2.289401159e-02
25.940000,2.881077728e-02
25.945000,3.243802066e-02
25.950000,3.370060464e-02
25.955000,3.281626578e-02
25.960000,3.007129086e-02
25.965000,2.562794649e-02
25.970000,1.949036246e-02
25.975000,1.167812943e-02
25.980000,2.533460724e-03
25.985000,-7.014688335e-03
25.990000,-1.542270734e-02
25.995000,-2.084082506e-02
26.000000,-2.169241946e-02
26.005000,-1.730254213e-02
26.010000,-8.294190375e-03
26.015000,3.450750471e-03
26.020000,1.528153143e-02
26.025000,2.452863976e-02
26.030000,2.920330818e-02
26.035000,2.836792407e-02
26.040000,2.206984150e-02
26.045000,1.095302037e-02
26.050000,-4.183160248e-03
26.055000,-2.260484339e-02
26.060000,-4.352158077e-02
26.065000,-6.571999371e-02
26.070000,-8.722101325e-02
26.075000,-1.052480782e-01
26.080000,-1.166492323e-01
26.085000,-1.186840240e-01
26.090000,-1.098908493e-01
26.095000,-9.069393834e-02
26.100000,-6.351505568e-02
26.105000,-3.235890590e-02
26.110000,-2.033294507e-03
26.115000,2.274430417e-02
26.120000,3.813371995e-02
26.125000,4.173608406e-02
26.130000,3.291463114e-02
26.135000,1.288863057e-02
26.140000,-1.540133413e-02
26.145000,-4.768145787e-02
26.150000,-7.898866848e-02
26.155000,-1.044973029e-01
26.160000,-1.203681146e-01
26.165000,-1.244211016e-01
26.170000,-1.164778806e-01
26.175000,-9.832510365e-02
26.180000,-7.335682212e-02
26.185000,-4.600432219e-02
26.190000,-2.104629656e-02
26.195000,-2.852142338e-03
26.200000,5.394186010e-03
26.205000,2.387466020e-03
26.210000,-1.087008037e-02
26.215000,-3.111301298e-02
26.220000,-5.344934808e-02
26.225000,-7.251055409e-02
26.230000,-8.381246768e-02
26.235000,-8.489727023e-02
26.240000,-7.587751946e-02
26.245000,-5.922231929e-02
26.250000,-3.891125521e-02
26.255000,-1.929731630e-02
26.260000,-4.071736598e-03
26.265000,4.391116102e-03
26.270000,5.231100288e-03
26.275000,-1.059167246e-03
26.280000,-1.297686238e-02
26.285000,-2.837948207e-02
26.290000,-4.480889397e-02
26.295000,-5.976539357e-02
26.300000,-7.095690934e-02
26.305000,-7.653872643e-02
26.310000,-7.533593623e-02
26.315000,-6.702451302e-02
26.320000,-5.224038566e-02
26.325000,-3.258226218e-02
26.330000,-1.047254301e-02
26.335000,1.114702814e-02
26.340000,2.926953402e-02
26.345000,4.135070281e-02
26.350000,4.578056783e-02
26.355000,4.216128642e-02
26.360000,3.131077515e-02
26.365000,1.501381011e-02
26.370000,-4.365298110e-03
26.375000,-2.426597834e-02
26.380000,-4.222040289e-02
26.385000,-5.605411307e-02
26.390000,-6.407561493e-02
26.395000,-6.532490047e-02
26.400000,-5.986408207e-02
26.405000,-4.898483299e-02
26.410000,-3.515750295e-02
26.415000,-2.160594142e-02
26.420000,-1.154501709e-02
26.425000,-7.289346805e-03
26.430000,-9.539474316e-03
26.435000,-1.711905910e-02
26.440000,-2.728327920e-02
26.445000,-3.651265637e-02
26.450000,-4.153605641e-02
26.455000,-4.025668777e-02
26.460000,-3.230250703e-02
26.465000,-1.905856552e-02
26.470000,-3.208949979e-03
26.475000,1.203669758e-02
26.480000,2.377561875e-02
26.485000,3.005278666e-02
26.490000,3.014884575e-02
26.495000,2.449496173e-02
26.500000,1.433370686e-02
26.505000,1.323621907e-03
26.510000,-1.273445441e-02
26.515000,-2.598067249e-02
26.520000,-3.646284894e-02
26.525000,-4.215490049e-02
26.530000,-4.118191832e-02
26.535000,-3.228355541e-02
26.540000,-1.537845966e-02
26.545000,8.024903547e-03
26.550000,3.481627882e-02
26.555000,6.077199878e-02
26.560000,8.143497481e-02
26.565000,9.310747196e-02
26.570000,9.363376013e-02
26.575000,8.274934771e-02
26.580000,6.195882181e-02
26.585000,3.407733804e-02
26.590000,2.649848455e-03
26.595000,-2.857476490e-02
26.600000,-5.604647490e-02
26.605000,-7.672880839e-02
26.610000,-8.839462773e-02
26.615000,-8.992494196e-02
26.620000,-8.154593994e-02
26.625000,-6.488038651e-02
26.630000,-4.270828737e-02
26.635000,-1.843039069e-02
26.640000,4.641357093e-03
26.645000,2.395089941e-02
26.650000,3.810874746e-02
26.655000,4.693232499e-02
26.660000,5.115347927e-02
26.665000,5.195835834e-02
26.670000,5.056609605e-02
26.675000,4.799130762e-02
26.680000,4.501040363e-02
26.685000,4.223574154e-02
26.690000,4.015962803e-02
26.695000,3.908239796e-02
26.700000,3.894897671e-02
26.705000,3.921499372e-02
26.710000,3.888250175e-02
26.715000,3.676897399e-02
26.720000,3.194230576e-02
26.725000,2.414532780e-02
26.730000,1.401258096e-02
26.735000,2.966783371e-03
26.740000,-7.171228612e-03
26.745000,-1.469657978e-02
26.750000,-1.845333918e-02
26.755000,-1.804293688e-02
26.760000,-1.378919671e-02
26.765000,-6.554483253e-03
26.770000,2.458946927e-03
26.775000,1.183661529e-02
26.780000,2.001893250e-02
26.785000,2.539471816e-02
26.790000,2.651221241e-02
26.795000,2.242426931e-02
26.800000,1.307528496e-02
26.805000,-4.392735999e-04
26.810000,-1.590294875e-02
26.815000,-3.036388835e-02
26.820000,-4.079900616e-02
26.825000,-4.485840173e-02
26.830000,-4.144942972e-02
26.835000,-3.097522814e-02
26.840000,-1.516860368e-02
26.845000,3.397690995e-03
26.850000,2.194648462e-02
26.855000,3.807872157e-02
26.860000,5.015556441e-02
26.865000,5.742421541e-02
26.870000,5.992138824e-02
26.875000,5.824401031e-02
26.880000,5.328692586e-02
26.885000,4.602137118e-02
26.890000,3.734656297e-02
26.895000,2.801060355e-02
26.900000,1.857849115e-02
26.905000,9.425881957e-03
26.910000,7.502776149e-04
26.915000,-7.394655378e-03
26.920000,-1.503115277e-02
26.925000,-2.215494433e-02
26.930000,-2.861877747e-02
26.935000,-3.404452042e-02
26.940000,-3.781497376e-02
26.945000,-3.917996205e-02
26.950000,-3.746987311e-02
26.955000,-3.235866609e-02
26.960000,-2.408245170e-02
26.965000,-1.352117706e-02
26.970000,-2.095143779e-03
26.975000,8.502205195e-03
26.980000,1.665120488e-02
26.985000,2.112334690e-02
26.990000,2.128219586e-02
26.995000,1.713496517e-02
27.000000,9.256271508e-03
27.005000,-1.366186216e-03
27.010000,-1.351754516e-02
27.015000,-2.594500019e-02
27.020000,-3.753215453e-02
27.025000,-4.743296560e-02
27.030000,-5.512767989e-02
27.035000,-6.037072089e-02
27.040000,-6.304093564e-02
27.045000,-6.296300378e-02
27.050000,-5.980632249e-02
27.055000,-5.314739413e-02
27.060000,-4.269924376e-02
27.065000,-2.860658664e-02
27.070000,-1.164315749e-02
27.075000,6.823790927e-03
27.080000,2.512154183e-02
27.085000,4.169168946e-02
27.090000,5.543945339e-02
27.095000,6.584277863e-02
27.100000,7.278485788e-02
27.105000,7.623204330e-02
27.110000,7.596837873e-02
27.115000,7.156422035e-02
27.120000,6.261921938e-02
27.125000,4.915983852e-02
27.130000,3.197993614e-02
27.135000,1.273723462e-02
27.140000,-6.262592488e-03
27.145000,-2.252029139e-02
27.150000,-3.387107172e-02
27.155000,-3.891690387e-02
27.160000,-3.725781075e-02
27.165000,-2.950131206e-02
27.170000,-1.709018520e-02
27.175000,-2.011978357e-03
27.180000,1.354704648e-02
27.185000,2.754477655e-02
27.190000,3.836400552e-02
27.195000,4.497843435e-02
27.200000,4.697802346e-02
27.205000,4.447434829e-02
27.210000,3.795157742e-02
27.215000,2.814295325e-02
27.220000,1.598162208e-02
27.225000,2.612555743e-03
27.230000,-1.060357385e-02
27.235000,-2.217600583e-02
27.240000,-3.069656382e-02
27.245000,-3.513881650e-02
27.250000,-3.513498539e-02
27.255000,-3.110448812e-02
27.260000,-2.415533882e-02
27.265000,-1.577129416e-02
27.270000,-7.390446435e-03
27.275000,-3.117575359e-05
27.280000,5.894734659e-03
27.285000,1.051846311e-02
27.290000,1.424139926e-02
27.295000,1.738335937e-02
27.300000,1.991559264e-02
27.305000,2.140420993e-02
27.310000,2.119330652e-02
27.315000,1.874402977e-02
27.320000,1.396896642e-02
27.325000,7.399745259e-03
27.330000,1.036079845e-04
27.335000,-6.615102729e-03
27.340000,-1.159120757e-02
27.345000,-1.408569651e-02
27.350000,-1.387289973e-02
27.355000,-1.112657110e-02
27.360000,-6.203912632e-03
27.365000,5.364229234e-04
27.370000,8.787662828e-03
27.375000,1.821379963e-02
27.380000,2.830961944e-02
27.385000,3.830678019e-02
27.390000,4.719928588e-02
27.395000,5.389614893e-02
27.400000,5.744987352e-02
27.405000,5.728369429e-02
27.410000,5.334938014e-02
27.415000,4.617382192e-02
27.420000,3.677982205e-02
27.425000,2.649048792e-02
27.430000,1.665293261e-02
27.435000,8.346870881e-03
27.440000,2.164519903e-03
27.445000,-1.860784690e-03
27.450000,-4.149014123e-03
27.455000,-5.336270577e-03
27.460000,-6.010552613e-03
27.465000,-6.531459937e-03
27.470000,-6.989617174e-03
27.475000,-7.276696878e-03
27.480000,-7.177642154e-03
27.485000,-6.404287340e-03
27.490000,-4.560044930e-03
27.495000,-1.108264355e-03
27.500000,4.551881682e-03
27.505000,1.285101195e-02
27.510000,2.371705037e-02
27.515000,3.630399620e-02
27.520000,4.895711832e-02
27.525000,5.949984859e-02
27.530000,6.577558995e-02
27.535000,6.624795710e-02
27.540000,6.042916399e-02
27.545000,4.898602541e-02
27.550000,3.351910367e-02
27.555000,1.614196041e-02
27.560000,-9.607397452e-04
27.565000,-1.585863745e-02
27.570000,-2.704139536e-02
27.575000,-3.346748466e-02
27.580000,-3.457182539e-02
27.585000,-3.028385633e-02
27.590000,-2.105665587e-02
27.595000,-7.869630645e-03
27.600000,7.835587868e-03
27.605000,2.429917823e-02
27.610000,3.964630599e-02
27.615000,5.211056357e-02
27.620000,6.024347759e-02
27.625000,6.309295526e-02
27.630000,6.034541377e-02
27.635000,5.242183911e-02
27.640000,4.050044769e-02
27.645000,2.642398837e-02
27.650000,1.245690558e-02
27.655000,8.959784590e-04
27.660000,-6.400871619e-03
27.665000,-8.445283542e-03
27.670000,-5.365408160e-03
27.675000,1.635481918e-03
27.680000,1.061873881e-02
27.685000,1.944334307e-02
27.690000,2.630571504e-02
27.695000,3.009800427e-02
27.700000,3.048272572e-02
27.705000,2.771616256e-02
27.710000,2.236483215e-02
27.715000,1.508562448e-02
27.720000,6.565797342e-03
27.725000,-2.410015458e-03
27.730000,-1.089955513e-02
27.735000,-1.788769826e-02
27.740000,-2.255423250e-02
27.745000,-2.461897630e-02
27.750000,-2.456632288e-02
27.755000,-2.357833326e-02
27.760000,-2.314647232e-02
27.765000,-2.450795407e-02
27.770000,-2.815837959e-02
27.775000,-3.366265689e-02
27.780000,-3.983705644e-02
27.785000,-4.519374006e-02
27.790000,-4.842845129e-02
27.795000,-4.874807360e-02
27.800000,-4.595449529e-02
27.805000,-4.034262837e-02
27.810000,-3.254770993e-02
27.815000,-2.345390247e-02
27.820000,-1.418331295e-02
27.825000,-6.092755685e-03
27.830000,-6.767815768e-04
27.835000,6.753515578e-04
27.840000,-2.970387079e-03
27.845000,-1.175121023e-02
27.850000,-2.480822915e-02
27.855000,-4.032016475e-02
27.860000,-5.578304288e-02
27.865000,-6.847365310e-02
27.870000,-7.598656590e-02
27.875000,-7.671979841e-02
27.880000,-7.019788712e-02
27.885000,-5.715768630e-02
27.890000,-3.937787474e-02
27.895000,-1.929944253e-02
27.900000,4.575916629e-04
27.905000,1.755113692e-02
27.910000,3.024145492e-02
27.915000,3.754112439e-02
27.920000,3.922025233e-02
27.925000,3.573571621e-02
27.930000,2.813913705e-02
27.935000,1.796586528e-02
27.940000,7.059370859e-03
27.945000,-2.715282590e-03
27.950000,-9.857133658e-03
27.955000,-1.361681964e-02
27.960000,-1.423231403e-02
27.965000,-1.287925786e-02
27.970000,-1.130267222e-02
27.975000,-1.123339674e-02
27.980000,-1.379578219e-02
27.985000,-1.912788918e-02
27.990000,-2.635209034e-02
27.995000,-3.389280391e-02
28.000000,-4.000581232e-02
28.005000,-4.331750688e-02
28.010000,-4.319301065e-02
28.015000,-3.983840338e-02
28.020000,-3.414820060e-02
28.025000,-2.738966376e-02
28.030000,-2.084602724e-02
28.035000,-1.552306392e-02
28.040000,-1.197752360e-02
28.045000,-1.027635802e-02
28.050000,-1.006012952e-02
28.055000,-1.066919194e-02
28.060000,-1.129401331e-02
28.065000,-1.112309948e-02
28.070000,-9.474668061e-03
28.075000,-5.905713251e-03
28.080000,-2.929676031e-04
28.085000,7.122992042e-03
28.090000,1.574217160e-02
28.095000,2.466851587e-02
28.100000,3.283556284e-02
28.105000,3.918586786e-02
28.110000,4.288105126e-02
28.115000,4.350453437e-02
28.120000,4.120752752e-02
28.125000,3.674618265e-02
28.130000,3.137125622e-02
28.135000,2.656609175e-02
28.140000,2.368051655e-02
28.145000,2.356078407e-02
28.150000,2.630285296e-02
28.155000,3.123465668e-02
28.160000,3.715789967e-02
28.165000,4.277494529e-02
28.170000,4.713783054e-02
28.175000,4.993191268e-02
28.180000,5.146797709e-02
28.185000,5.238335092e-02
28.190000,5.318759733e-02
28.195000,5.386548466e-02
28.200000,5.372881763e-02
28.205000,5.159763123e-02
28.210000,4.624356591e-02
28.215000,3.691441956e-02
28.220000,2.372968002e-02
28.225000,7.798808854e-03
28.230000,-8.969920303e-03
28.235000,-2.428931173e-02
28.240000,-3.599751958e-02
28.245000,-4.250261016e-02
28.250000,-4.307028694e-02
28.255000,-3.791900603e-02
28.260000,-2.813560395e-02
28.265000,-1.545130916e-02
28.270000,-1.928144566e-03
28.275000,1.039068885e-02
28.280000,1.981102132e-02
28.285000,2.524560802e-02
28.290000,2.635852178e-02
28.295000,2.357633734e-02
28.300000,1.797192417e-02
28.305000,1.104817354e-02
28.310000,4.461838965e-03
28.315000,-2.670654306e-04
28.320000,-2.013558093e-03
28.325000,-2.288015747e-04
28.330000,4.991559613e-03
28.335000,1.296551920e-02
28.340000,2.258963283e-02
28.345000,3.255810156e-02
28.350000,4.156876944e-02
28.355000,4.846510681e-02
28.360000,5.230607054e-02
28.365000,5.240190625e-02
28.370000,4.837331181e-02
28.375000,4.026619485e-02
28.380000,2.869401611e-02
28.385000,1.491986909e-02
28.390000,7.734168510e-04
28.395000,-1.165365729e-02
28.400000,-2.049051470e-02
28.405000,-2.460291532e-02
28.410000,-2.394840106e-02
28.415000,-1.961686110e-02
28.420000,-1.351794541e-02
28.425000,-7.816349168e-03
28.430000,-4.313827567e-03
28.435000,-3.988316609e-03
28.440000,-6.825045793e-03
28.445000,-1.195336200e-02
28.450000,-1.799506454e-02
28.455000,-2.347998312e-02
28.460000,-2.720161781e-02
28.465000,-2.844461689e-02
28.470000,-2.707653564e-02
28.475000,-2.352886009e-02
28.480000,-1.869245911e-02
28.485000,-1.373919074e-02
28.490000,-9.879139940e-03
28.495000,-8.083574168e-03
28.500000,-8.836723751e-03
28.505000,-1.199903738e-02
28.510000,-1.684705574e-02
28.515000,-2.229677297e-02
28.520000,-2.724059348e-02
28.525000,-3.087126049e-02
28.530000,-3.286332781e-02
28.535000,-3.334265317e-02
28.540000,-3.267250676e-02
28.545000,-3.117339069e-02
28.550000,-2.892555452e-02
28.555000,-2.575836546e-02
28.560000,-2.142938241e-02
28.565000,-1.589070351e-02
28.570000,-9.488642732e-03
28.575000,-2.975665305e-03
28.580000,2.684984379e-03
28.585000,6.627232898e-03
28.590000,8.346380538e-03
28.595000,7.791190697e-03
28.600000,5.257685346e-03
28.605000,1.174172946e-03
28.610000,-4.074612999e-03
28.615000,-1.017281833e-02
28.620000,-1.674683103e-02
28.625000,-2.319979239e-02
28.630000,-2.866369058e-02
28.635000,-3.216398298e-02
28.640000,-3.295759132e-02
28.645000,-3.087969633e-02
28.650000,-2.649930413e-02
28.655000,-2.096779243e-02
28.660000,-1.560554868e-02
28.665000,-1.141733869e-02
28.670000,-8.771134637e-03
28.675000,-7.390187083e-03
28.680000,-6.642138992e-03
28.685000,-5.956582223e-03
28.690000,-5.148069351e-03
28.695000,-4.490105914e-03
28.700000,-4.530614295e-03
28.705000,-5.774407660e-03
28.710000,-8.410304624e-03
28.715000,-1.221124841e-02
28.720000,-1.662643763e-02
28.725000,-2.098477496e-02
28.730000,-2.469231204e-02
28.735000,-2.734060281e-02
28.740000,-2.871276751e-02
28.745000,-2.873035051e-02
28.750000,-2.739672604e-02
28.755000,-2.476667215e-02
28.760000,-2.093641230e-02
28.765000,-1.603309156e-02
28.770000,-1.019497616e-02
28.775000,-3.557216421e-03
28.780000,3.732037380e-03
28.785000,1.145653271e-02
28.790000,1.926159024e-02
28.795000,2.661622807e-02
28.800000,3.284999494e-02
28.805000,3.727106074e-02
28.810000,3.932660534e-02
28.815000,3.873968224e-02
28.820000,3.556588214e-02
28.825000,3.015320525e-02
28.830000,2.303562724e-02
28.835000,1.481764297e-02
28.840000,6.099860947e-03
28.845000,-2.538266824e-03
28.850000,-1.052096046e-02
28.855000,-1.726630426e-02
28.860000,-2.221814581e-02
28.865000,-2.492424036e-02
28.870000,-2.513333451e-02
28.875000,-2.286804434e-02
28.880000,-1.843842933e-02
28.885000,-1.238742267e-02
28.890000,-5.389053906e-03
28.895000,1.861482852e-03
28.900000,8.728477315e-03
28.905000,1.466885216e-02
28.910000,1.922611365e-02
28.915000,2.201409093e-02
28.920000,2.272434632e-02
28.925000,2.117760885e-02
28.930000,1.741332597e-02
28.935000,1.178412488e-02
28.940000,5.006512114e-03
28.945000,-1.875882275e-03
28.950000,-7.634486564e-03
28.955000,-1.108362585e-02
28.960000,-1.133908091e-02
28.965000,-8.034326482e-03
28.970000,-1.428535183e-03
28.975000,7.628991545e-03
28.980000,1.787031533e-02
28.985000,2.786879940e-02
28.990000,3.631700330e-02
28.995000,4.225237446e-02
29.000000,4.518197123e-02
29.005000,4.509089576e-02
29.010000,4.235313608e-02
29.015000,3.758825400e-02
29.020000,3.151679017e-02
29.025000,2.485953463e-02
29.030000,1.830288396e-02
29.035000,1.252025372e-02
29.040000,8.208118189e-03
29.045000,6.078137204e-03
29.050000,6.756422523e-03
29.055000,1.058156793e-02
29.060000,1.735417465e-02
29.065000,2.614638739e-02
29.070000,3.529790073e-02
29.075000,4.268234345e-02
29.080000,4.622849423e-02
29.085000,4.456000044e-02
29.090000,3.753106826e-02
29.095000,2.643390347e-02
29.100000,1.375216416e-02
29.105000,2.500829101e-03
29.110000,-4.643040233e-03
29.115000,-6.126474668e-03
29.120000,-1.961316207e-03
29.125000,6.309721338e-03
29.130000,1.607634100e-02
29.135000,2.436961082e-02
29.140000,2.858367315e-02
29.145000,2.702170949e-02
29.150000,1.917572938e-02
29.155000,5.745348584e-03
29.160000,-1.154534873e-02
29.165000,-3.026588608e-02
29.170000,-4.767972165e-02
29.175000,-6.118192118e-02
29.180000,-6.871942864e-02
29.185000,-6.912400523e-02
29.190000,-6.228992733e-02
29.195000,-4.915990804e-02
29.200000,-3.153345232e-02
29.205000,-1.175602350e-02
29.210000,7.637754487e-03
29.215000,2.427040238e-02
29.220000,3.622944744e-02
29.225000,4.232278070e-02
29.230000,4.225541821e-02
29.235000,3.667810442e-02
29.240000,2.705418818e-02
29.245000,1.533000836e-02
29.250000,3.469833128e-03
29.255000,-7.008349284e-03
29.260000,-1.533381412e-02
29.265000,-2.150948660e-02
29.270000,-2.606557899e-02
29.275000,-2.966367112e-02
29.280000,-3.273946217e-02
29.285000,-3.534388224e-02
29.290000,-3.723327096e-02
29.295000,-3.812773120e-02
29.300000,-3.797320347e-02
29.305000,-3.705127099e-02
29.310000,-3.587423974e-02
29.315000,-3.492831678e-02
29.320000,-3.441523162e-02
29.325000,-3.414503885e-02
29.330000,-3.364998073e-02
29.335000,-3.246715300e-02
29.340000,-3.044266534e-02
29.345000,-2.789308589e-02
29.350000,-2.553040503e-02
29.355000,-2.417778863e-02
29.360000,-2.441201934e-02
29.365000,-2.630831383e-02
29.370000,-2.941324706e-02
29.375000,-3.295701627e-02
29.380000,-3.619562758e-02
29.385000,-3.870856102e-02
29.390000,-4.050166201e-02
29.395000,-4.186652644e-02
29.400000,-4.307498962e-02
29.405000,-4.407554474e-02
29.410000,-4.436231600e-02
29.415000,-4.310398749e-02
29.420000,-3.949104886e-02
29.425000,-3.314874526e-02
29.430000,-2.442454925e-02
29.435000,-1.441092635e-02
29.440000,-4.680693426e-03
29.445000,3.162559194e-03
29.450000,7.940615114e-03
29.455000,9.190795794e-03
29.460000,7.198210086e-03
29.465000,2.792716625e-03
29.470000,-2.972389032e-03
29.475000,-9.110464359e-03
29.480000,-1.485095397e-02
29.485000,-1.962716835e-02
29.490000,-2.297154568e-02
29.495000,-2.443298358e-02
29.500000,-2.360832090e-02
29.505000,-2.030167787e-02
29.510000,-1.473360753e-02
29.515000,-7.668786651e-03
29.520000,-3.501525542e-04
29.525000,5.785111217e-03
29.530000,9.519216233e-03
29.535000,1.023019118e-02
29.540000,8.066270312e-03
29.545000,3.839920950e-03
29.550000,-1.307906256e-03
29.555000,-6.318063658e-03
29.560000,-1.051714722e-02
29.565000,-1.369956811e-02
29.570000,-1.599097543e-02
29.575000,-1.760284108e-02
29.580000,-1.862656111e-02
29.585000,-1.897082959e-02
29.590000,-1.845046951e-02
29.595000,-1.694653889e-02
29.600000,-1.452539526e-02
29.605000,-1.144095792e-02
29.610000,-8.021621112e-03
29.615000,-4.512684439e-03
29.620000,-9.678940523e-04
29.625000,2.748430511e-03
29.630000,6.850751672e-03
29.635000,1.147252528e-02
29.640000,1.653858230e-02
29.645000,2.173114144e-02
29.650000,2.656461639e-02
29.655000,3.053650012e-02
29.660000,3.329249217e-02
29.665000,3.474186310e-02
29.670000,3.508039623e-02
29.675000,3.471311335e-02
29.680000,3.410544725e-02
29.685000,3.361803991e-02
29.690000,3.338740080e-02
29.695000,3.329772625e-02
29.700000,3.305253726e-02
29.705000,3.231269355e-02
29.710000,3.083928610e-02
29.715000,2.858072945e-02
29.720000,2.567366962e-02
29.725000,2.237123702e-02
29.730000,1.894549490e-02
29.735000,1.561547051e-02
29.740000,1.252726158e-02
29.745000,9.775888901e-03
29.750000,7.434129952e-03
29.755000,5.556587500e-03
29.760000,4.153600041e-03
29.765000,3.159059252e-03
29.770000,2.426586283e-03
29.775000,1.771278041e-03
29.780000,1.040700900e-03
29.785000,1.727689614e-04
29.790000,-8.003465618e-04
29.795000,-1.811793801e-03
29.800000,-2.849467659e-03
29.805000,-4.014240135e-03
29.810000,-5.494234554e-03
29.815000,-7.445960859e-03
29.820000,-9.830430344e-03
29.825000,-1.229210107e-02
29.830000,-1.416642674e-02
29.835000,-1.465363990e-02
29.840000,-1.312071306e-02
29.845000,-9.423453449e-03
29.850000,-4.109799249e-03
29.855000,1.607532177e-03
29.860000,6.140590781e-03
29.865000,8.004398215e-03
29.870000,6.322992406e-03
29.875000,1.173099553e-03
29.880000,-6.376803526e-03
29.885000,-1.456184224e-02
29.890000,-2.144731128e-02
29.895000,-2.548776439e-02
29.900000,-2.590778615e-02
29.905000,-2.277439310e-02
29.910000,-1.676989665e-02
29.915000,-8.805913294e-03
29.920000,3.200293205e-04
29.925000,1.006409027e-02
29.930000,2.003097060e-02
29.935000,2.972103104e-02
29.940000,3.831063866e-02
29.945000,4.463305243e-02
29.950000,4.742305738e-02
29.955000,4.574777110e-02
29.960000,3.944033822e-02
29.965000,2.933521516e-02
29.970000,1.718104741e-02
29.975000,5.240731292e-03
29.980000,-4.285573679e-03
29.985000,-9.815699393e-03
29.990000,-1.074216943e-02
29.995000,-7.501492488e-03
30.000000,-1.375125673e-03
30.005000,5.878788081e-03
30.010000,1.243839910e-02
30.015000,1.677668846e-02
30.020000,1.791537188e-02
30.025000,1.556461975e-02
30.030000,1.015338594e-02
30.035000,2.747893394e-03
30.040000,-5.151375729e-03
30.045000,-1.192894447e-02
30.050000,-1.624240362e-02
30.055000,-1.738093057e-02
30.060000,-1.547026416e-02
30.065000,-1.142823286e-02
30.070000,-6.659070646e-03
30.075000,-2.583304391e-03
30.080000,-1.799748214e-04
30.085000,2.770193451e-04
30.090000,-8.118486108e-04
30.095000,-2.663629549e-03
30.100000,-4.512547188e-03
30.105000,-5.919991675e-03
30.110000,-6.853619320e-03
30.115000,-7.521311851e-03
30.120000,-8.075554981e-03
30.125000,-8.367240662e-03
30.130000,-7.893218481e-03
30.135000,-5.971861461e-03
30.140000,-2.058352683e-03
30.145000,3.957529780e-03
30.150000,1.161140538e-02
30.155000,1.993669583e-02
30.160000,2.770234940e-02
30.165000,3.370575367e-02
30.170000,3.701209860e-02
30.175000,3.708333713e-02
30.180000,3.380286360e-02
30.185000,2.743878454e-02
30.190000,1.858616881e-02
30.195000,8.101677232e-03
30.200000,-2.979976804e-03
30.205000,-1.355999744e-02
30.210000,-2.261304302e-02
30.215000,-2.931953465e-02
30.220000,-3.315833322e-02
30.225000,-3.394148886e-02
30.230000,-3.179886952e-02
30.235000,-2.713745504e-02
30.240000,-2.059631542e-02
30.245000,-1.299842757e-02
30.250000,-5.281843064e-03
30.255000,1.607799178e-03
30.260000,6.860180787e-03
30.265000,9.945356435e-03
30.270000,1.070986503e-02
30.275000,9.381975259e-03
30.280000,6.478427991e-03
30.285000,2.646659854e-03
30.290000,-1.497349444e-03
30.295000,-5.478699703e-03
30.300000,-8.993504687e-03
30.305000,-1.187107410e-02
30.310000,-1.400798388e-02
30.315000,-1.531749896e-02
30.320000,-1.571938147e-02
30.325000,-1.516744424e-02
30.330000,-1.369104039e-02
30.335000,-1.142167255e-02
30.340000,-8.586593560e-03
30.345000,-5.469232843e-03
30.350000,-2.351204450e-03
30.355000,5.438203569e-04
30.360000,3.087925308e-03
30.365000,5.260469785e-03
30.370000,7.133106571e-03
30.375000,8.832662993e-03
30.380000,1.048882737e-02
30.385000,1.217684380e-02
30.390000,1.387020642e-02
30.395000,1.542177084e-02
30.400000,1.658852844e-02
30.405000,1.710214422e-02
30.410000,1.676700299e-02
30.415000,1.554962160e-02
30.420000,1.361995482e-02
30.425000,1.132282371e-02
30.430000,9.090795588e-03
30.435000,7.340980070e-03
30.440000,6.407194346e-03
30.445000,6.536056486e-03
30.450000,7.930645424e-03
30.455000,1.078541500e-02
30.460000,1.525026463e-02
30.465000,2.130184726e-02
30.470000,2.856911490e-02
30.475000,3.621737350e-02
30.480000,4.299963351e-02
30.485000,4.752070244e-02
30.490000,4.865317469e-02
30.495000,4.595048180e-02
30.500000,3.987609169e-02
30.505000,3.173230992e-02
30.510000,2.330010312e-02
30.515000,1.632904589e-02
30.520000,1.207795326e-02
30.525000,1.107141782e-02
30.530000,1.312736204e-02
30.535000,1.758708344e-02
30.540000,2.360661517e-02
30.545000,3.037772136e-02
30.550000,3.722101573e-02
30.555000,4.358061725e-02
30.560000,4.899677117e-02
30.565000,5.311814902e-02
30.570000,5.575849453e-02
30.575000,5.694765593e-02
30.580000,5.691441572e-02
30.585000,5.597699033e-02
30.590000,5.438064571e-02
30.595000,5.216734896e-02
30.600000,4.915739157e-02
30.605000,4.506654692e-02
30.610000,3.970588552e-02
30.615000,3.315972600e-02
30.620000,2.584216188e-02
30.625000,1.839414333e-02
30.630000,1.146880402e-02
30.635000,5.515492960e-03
30.640000,6.768713270e-04
30.645000,-3.146194941e-03
30.650000,-6.100203788e-03
30.655000,-8.169701115e-03
30.660000,-9.084023890e-03
30.665000,-8.414147044e-03
30.670000,-5.829937169e-03
30.675000,-1.391552884e-03
30.680000,4.286607838e-03
30.685000,1.011079544e-02
30.690000,1.481820831e-02
30.695000,1.739772704e-02
30.700000,1.743283143e-02
30.705000,1.520993928e-02
30.710000,1.154785966e-02
30.715000,7.439045647e-03
30.720000,3.679176594e-03
30.725000,6.533525513e-04
30.730000,-1.647781354e-03
30.735000,-3.434933600e-03
30.740000,-4.889352067e-03
30.745000,-6.034098787e-03
30.750000,-6.767503700e-03
30.755000,-7.010899711e-03
30.760000,-6.852570682e-03
30.765000,-6.577885086e-03
30.770000,-6.553391293e-03
30.775000,-7.029901798e-03
30.780000,-7.985963602e-03
30.785000,-9.114815881e-03
30.790000,-9.976844601e-03
30.795000,-1.024426972e-02
30.800000,-9.910579541e-03
30.805000,-9.353632507e-03
30.810000,-9.216865230e-03
30.815000,-1.016419203e-02
30.820000,-1.262194755e-02
30.825000,-1.661833448e-02
30.830000,-2.177450637e-02
30.835000,-2.742607008e-02
30.840000,-3.279997272e-02
30.845000,-3.716410158e-02
30.850000,-3.990311021e-02
30.855000,-4.052878441e-02
30.860000,-3.867412415e-02
30.865000,-3.412500520e-02
30.870000,-2.691073369e-02
30.875000,-1.742450242e-02
30.880000,-6.505831692e-03
30.885000,4.587018928e-03
30.890000,1.435039538e-02
30.895000,2.132893808e-02
30.900000,2.444733836e-02
30.905000,2.327340779e-02
30.910000,1.812624996e-02
30.915000,9.999370190e-03
30.920000,3.333800445e-04
30.925000,-9.283166335e-03
30.930000,-1.740030157e-02
30.935000,-2.292389228e-02
30.940000,-2.524737626e-02
30.945000,-2.431006165e-02
30.950000,-2.059723806e-02
30.955000,-1.508126355e-02
30.960000,-9.087035893e-03
30.965000,-4.069213104e-03
30.970000,-1.317669101e-03
30.975000,-1.648869317e-03
30.980000,-5.169946025e-03
30.985000,-1.119868272e-02
30.990000,-1.838217494e-02
30.995000,-2.499474852e-02
31.000000,-2.933803724e-02
31.005000,-3.013634068e-02
31.010000,-2.682771521e-02
31.015000,-1.968814742e-02
31.020000,-9.774684717e-03
31.025000,1.284402993e-03
31.030000,1.159855350e-02
31.035000,1.936016038e-02
31.040000,2.316617089e-02
31.045000,2.226514453e-02
31.050000,1.669181813e-02
31.055000,7.268159767e-03
31.060000,-4.529132707e-03
31.065000,-1.681201958e-02
31.070000,-2.759289655e-02
31.075000,-3.511025372e-02
31.080000,-3.811238202e-02
31.085000,-3.605235617e-02
31.090000,-2.916416966e-02
31.095000,-1.841039553e-02
31.100000,-5.312742046e-03
31.105000,8.304271280e-03
31.110000,2.061188320e-02
31.115000,3.006565772e-02
31.120000,3.563309908e-02
31.125000,3.692057744e-02
31.130000,3.417983814e-02
31.135000,2.819950165e-02
31.140000,2.011147133e-02
31.145000,1.115964916e-02
31.150000,2.483710420e-03
31.155000,-5.037996681e-03
31.160000,-1.086266017e-02
31.165000,-1.477600413e-02
31.170000,-1.682778101e-02
31.175000,-1.724450343e-02
31.180000,-1.635089438e-02
31.185000,-1.451654606e-02
31.190000,-1.212527023e-02
31.195000,-9.551107962e-03
31.200000,-7.123789313e-03
31.205000,-5.078238167e-03
31.210000,-3.501189591e-03
31.215000,-2.302514143e-03
31.220000,-1.239620102e-03
31.225000,-6.605139206e-06
31.230000,1.629135735e-03
31.235000,3.688536712e-03
31.240000,5.899228308e-03
31.245000,7.716648730e-03
31.250000,8.457594308e-03
31.255000,7.509609112e-03
31.260000,4.544168942e-03
31.265000,-3.450037910e-04
31.270000,-6.629589089e-03
31.275000,-1.346102230e-02
31.280000,-1.986270554e-02
31.285000,-2.492631101e-02
31.290000,-2.794943421e-02
31.295000,-2.849089952e-02
31.300000,-2.636412017e-02
31.305000,-2.161318550e-02
31.310000,-1.450854714e-02
31.315000,-5.566841080e-03
31.320000,4.435075502e-03
31.325000,1.449520056e-02
31.330000,2.349681792e-02
31.335000,3.038291035e-02
31.340000,3.434772146e-02
31.345000,3.498613589e-02
31.350000,3.235811752e-02
31.355000,2.695963396e-02
31.360000,1.962284558e-02
31.365000,1.138108176e-02
31.370000,3.326605452e-03
31.375000,-3.527029439e-03
31.380000,-8.375993617e-03
31.385000,-1.074445957e-02
31.390000,-1.057104889e-02
31.395000,-8.235200540e-03
31.400000,-4.500524123e-03
31.405000,-3.728955160e-04
31.410000,3.101960349e-03
31.415000,5.055924456e-03
31.420000,4.979213953e-03
31.425000,2.821172221e-03
31.430000,-1.013633489e-03
31.435000,-5.775628297e-03
31.440000,-1.056365528e-02
31.445000,-1.455500746e-02
31.450000,-1.720928897e-02
31.455000,-1.838392506e-02
31.460000,-1.832360347e-02
31.465000,-1.753084908e-02
31.470000,-1.657296351e-02
31.475000,-1.590691842e-02
31.480000,-1.579083189e-02
31.485000,-1.630142931e-02
31.490000,-1.741719937e-02
31.495000,-1.909208934e-02
31.500000,-2.125750591e-02
31.505000,-2.374541068e-02
31.510000,-2.618914028e-02
31.515000,-2.798982656e-02
31.520000,-2.841169913e-02
31.525000,-2.680008143e-02
31.530000,-2.284132937e-02
31.535000,-1.674883595e-02
31.540000,-9.285239748e-03
31.545000,-1.603742287e-03
31.550000,5.030026352e-03
31.555000,9.531702002e-03
31.560000,1.121484559e-02
31.565000,9.888106327e-03
31.570000,5.844540019e-03
31.575000,-2.179153731e-04
31.580000,-7.312834451e-03
31.585000,-1.431067513e-02
31.590000,-2.011923678e-02
31.595000,-2.389299964e-02
31.600000,-2.523285822e-02
31.605000,-2.430984634e-02
31.610000,-2.184813066e-02
31.615000,-1.894237237e-02
31.620000,-1.674775344e-02
31.625000,-1.613739699e-02
31.630000,-1.744293628e-02
31.635000,-2.036777005e-02
31.640000,-2.409955247e-02
31.645000,-2.757542861e-02
31.650000,-2.980046497e-02
31.655000,-3.010709381e-02
31.660000,-2.827460616e-02
31.665000,-2.448885236e-02
31.670000,-1.918784781e-02
31.675000,-1.288155466e-02
31.680000,-6.035218042e-03
31.685000,9.358520301e-04
31.690000,7.577695161e-03
31.695000,1.329079199e-02
31.700000,1.729978453e-02
31.705000,1.876234042e-02
31.710000,1.700810289e-02
31.715000,1.182282099e-02
31.720000,3.652482624e-03
31.725000,-6.379004708e-03
31.730000,-1.667384740e-02
31.735000,-2.553133208e-02
31.740000,-3.156469815e-02
31.745000,-3.402927621e-02
31.750000,-3.296718228e-02
31.755000,-2.914283759e-02
31.760000,-2.380817388e-02
31.765000,-1.837337695e-02
31.770000,-1.406524045e-02
31.775000,-1.164303859e-02
31.780000,-1.122566232e-02
31.785000,-1.226825423e-02
31.790000,-1.370543523e-02
31.795000,-1.424362340e-02
31.800000,-1.273941918e-02
31.805000,-8.561501554e-03
31.810000,-1.823141564e-03
31.815000,6.594800798e-03
31.820000,1.524206374e-02
31.825000,2.245380970e-02
31.830000,2.674785142e-02
31.835000,2.714818452e-02
31.840000,2.336110567e-02
31.845000,1.579124065e-02
31.850000,5.432974124e-03
31.855000,-6.310894554e-03
31.860000,-1.784384224e-02
31.865000,-2.760527584e-02
31.870000,-3.430491363e-02
31.875000,-3.713917009e-02
31.880000,-3.594476540e-02
31.885000,-3.123487790e-02
31.890000,-2.408220170e-02
31.895000,-1.586047338e-02
31.900000,-7.911494318e-03
31.905000,-1.239995114e-03
31.910000,3.666773908e-03
31.915000,6.844740308e-03
31.920000,8.701877588e-03
31.925000,9.785806717e-03
31.930000,1.056734495e-02
31.935000,1.131518753e-02
31.940000,1.208490123e-02
31.945000,1.279072978e-02
31.950000,1.329805028e-02
31.955000,1.348046632e-02
31.960000,1.322158498e-02
31.965000,1.238525412e-02
31.970000,1.080383479e-02
31.975000,8.326562390e-03
31.980000,4.932290403e-03
31.985000,8.631852093e-04
31.990000,-3.294613335e-03
31.995000,-6.651018458e-03
32.000000,-8.195774660e-03
32.005000,-7.084928229e-03
32.010000,-2.935411805e-03
32.015000,3.983067130e-03
32.020000,1.273885202e-02
32.025000,2.192637660e-02
32.030000,2.999404196e-02
32.035000,3.560693071e-02
32.040000,3.793435316e-02
32.045000,3.678820103e-02
32.050000,3.259586801e-02
32.055000,2.624501704e-02
32.060000,1.886657849e-02
32.065000,1.162109144e-02
32.070000,5.530317859e-03
32.075000,1.367031737e-03
32.080000,-4.046229254e-04
32.085000,3.482224443e-04
32.090000,3.433192924e-03
32.095000,8.366981904e-03
32.100000,1.444045470e-02
32.105000,2.081252128e-02
32.110000,2.662210749e-02
32.115000,3.110084595e-02
32.120000,3.366879222e-02
32.125000,3.400153295e-02
32.130000,3.206524491e-02
32.135000,2.812118042e-02
32.140000,2.270005006e-02
32.145000,1.654220494e-02
32.150000,1.049765007e-02
32.155000,5.386804477e-03
32.160000,1.839563052e-03
32.165000,1.501250742e-04
32.170000,1.963895256e-04
32.175000,1.464565035e-03
32.180000,3.189308953e-03
32.185000,4.576561736e-03
32.190000,5.038997319e-03
32.195000,4.361926845e-03
32.200000,2.739771161e-03
32.205000,6.726533855e-04
32.210000,-1.232178743e-03
32.215000,-2.473885780e-03
32.220000,-2.806641766e-03
32.225000,-2.277968738e-03
32.230000,-1.161742450e-03
32.235000,1.682596459e-04
32.240000,1.364961241e-03
32.245000,2.191505107e-03
32.250000,2.550321851e-03
32.255000,2.473921738e-03
32.260000,2.102445435e-03
32.265000,1.662382349e-03
32.270000,1.442364892e-03
32.275000,1.751046199e-03
32.280000,2.847816596e-03
32.285000,4.856573906e-03
32.290000,7.693227303e-03
32.295000,1.104470854e-02
32.300000,1.442371541e-02
32.305000,1.729339382e-02
32.310000,1.922319148e-02
32.315000,2.001721865e-02
32.320000,1.976050211e-02
32.325000,1.875727966e-02
32.330000,1.737902944e-02
32.335000,1.588116038e-02
32.340000,1.426810517e-02
32.345000,1.227496656e-02
32.350000,9.489947950e-03
32.355000,5.580060804e-03
32.360000,5.285168236e-04
32.365000,-5.227460481e-03
32.370000,-1.083983483e-02
32.375000,-1.528270785e-02
32.380000,-1.769737812e-02
32.385000,-1.771210467e-02
32.390000,-1.559803305e-02
32.395000,-1.218601281e-02
32.400000,-8.570513480e-03
32.405000,-5.719511743e-03
32.410000,-4.148646480e-03
32.415000,-3.785546257e-03
32.420000,-4.063235687e-03
32.425000,-4.183543473e-03
32.430000,-3.428983983e-03
32.435000,-1.399875746e-03
32.440000,1.894862293e-03
32.445000,6.092362108e-03
32.450000,1.061945295e-02
32.455000,1.485223177e-02
32.460000,1.823850158e-02
32.465000,2.036616818e-02
32.470000,2.098971088e-02
32.475000,2.003651730e-02
32.480000,1.760797065e-02
32.485000,1.397812997e-02
32.490000,9.585442244e-03
32.495000,5.012072337e-03
32.500000,9.466569570e-04
32.505000,-1.874685164e-03
32.510000,-2.756156030e-03
32.515000,-1.162646390e-03
32.520000,3.137054505e-03
32.525000,9.934999630e-03
32.530000,1.850524145e-02
32.535000,2.763073580e-02
32.540000,3.576258266e-02
32.545000,4.129737396e-02
32.550000,4.291550839e-02
32.555000,3.989643158e-02
32.560000,3.232668507e-02
32.565000,2.114234483e-02
32.570000,7.988374579e-03
32.575000,-5.079674994e-03
32.580000,-1.599139345e-02
32.585000,-2.307287191e-02
32.590000,-2.538580934e-02
32.595000,-2.291761899e-02
32.600000,-1.657511362e-02
32.605000,-7.978790123e-03
32.610000,8.955087548e-04
32.615000,8.140912803e-03
32.620000,1.230766265e-02
32.625000,1.266777701e-02
32.630000,9.307863740e-03
32.635000,3.048811092e-03
32.640000,-4.770501136e-03
32.645000,-1.258819333e-02
32.650000,-1.893292133e-02
32.655000,-2.270239211e-02
32.660000,-2.336227925e-02
32.665000,-2.103122605e-02
32.670000,-1.643334021e-02
32.675000,-1.072429858e-02
32.680000,-5.227812781e-03
32.685000,-1.145107226e-03
32.690000,6.914157591e-04
32.695000,-3.577418193e-05
32.700000,-3.106366067e-03
32.705000,-7.848384383e-03
32.710000,-1.329518240e-02
32.715000,-1.837040979e-02
32.720000,-2.206909640e-02
32.725000,-2.361730320e-02
32.730000,-2.259944583e-02
32.735000,-1.903912162e-02
32.740000,-1.341342289e-02
32.745000,-6.583223589e-03
32.750000,3.613474628e-04
32.755000,6.314379004e-03
32.760000,1.037670470e-02
32.765000,1.202946532e-02
32.770000,1.121424235e-02
32.775000,8.305308022e-03
32.780000,3.992787427e-03
32.785000,-8.817757699e-04
32.790000,-5.491167458e-03
32.795000,-9.154584027e-03
32.800000,-1.141998209e-02
32.805000,-1.209750233e-02
32.810000,-1.125368176e-02
32.815000,-9.176842064e-03
32.820000,-6.320406893e-03
32.825000,-3.227907922e-03
32.830000,-4.441932024e-04
32.835000,1.578141473e-03
32.840000,2.562423293e-03
32.845000,2.463852423e-03
32.850000,1.482153293e-03
32.855000,2.370303288e-05
32.860000,-1.381625951e-03
32.865000,-2.191252695e-03
32.870000,-1.962936955e-03
32.875000,-4.447918882e-04
32.880000,2.375321885e-03
32.885000,6.266661955e-03
32.890000,1.079326523e-02
32.895000,1.538071505e-02
32.900000,1.939988360e-02
32.905000,2.225834696e-02
32.910000,2.349216335e-02
32.915000,2.284904716e-02
32.920000,2.034926107e-02
32.925000,1.630678173e-02
32.930000,1.129553742e-02
32.935000,6.056539889e-03
32.940000,1.359549666e-03
32.945000,-2.149188059e-03
32.950000,-4.072246059e-03
32.955000,-4.323785683e-03
32.960000,-3.114081029e-03
32.965000,-8.670793903e-04
32.970000,1.895416942e-03
32.975000,4.662334943e-03
32.980000,7.005753754e-03
32.985000,8.612207720e-03
32.990000,9.290470322e-03
32.995000,8.980927668e-03
33.000000,7.778884932e-03
33.005000,5.958672466e-03
33.010000,3.964461556e-03
33.015000,2.334311470e-03
33.020000,1.551703044e-03
33.025000,1.862104656e-03
33.030000,3.126887035e-03
33.035000,4.789887473e-03
33.040000,5.995257901e-03
33.045000,5.833124227e-03
33.050000,3.632036022e-03
33.055000,-8.063613178e-04
33.060000,-7.112494465e-03
33.065000,-1.441960787e-02
33.070000,-2.156468982e-02
33.075000,-2.734680142e-02
33.080000,-3.076855999e-02
33.085000,-3.121200185e-02
33.090000,-2.853129232e-02
33.095000,-2.306403186e-02
33.100000,-1.556715333e-02
33.105000,-7.083366306e-03
33.110000,1.247169827e-03
33.115000,8.395342658e-03
33.120000,1.361824158e-02
33.125000,1.654783681e-02
33.130000,1.716896296e-02
33.135000,1.570987310e-02
33.140000,1.250883815e-02
33.145000,7.927348455e-03
33.150000,2.346654084e-03
33.155000,-3.772566385e-03
33.160000,-9.833630993e-03
33.165000,-1.512216016e-02
33.170000,-1.893026836e-02
33.175000,-2.075290973e-02
33.180000,-2.047158120e-02
33.185000,-1.843348110e-02
33.190000,-1.537615041e-02
33.195000,-1.221618017e-02
33.200000,-9.779834987e-03
33.205000,-8.574774903e-03
33.210000,-8.678827454e-03
33.215000,-9.770112234e-03
33.220000,-1.126986568e-02
33.225000,-1.253744722e-02
33.230000,-1.305390248e-02
33.235000,-1.254914184e-02
33.240000,-1.105430217e-02
33.245000,-8.883133296e-03
33.250000,-6.558919635e-03
33.255000,-4.707350754e-03
33.260000,-3.934612297e-03
33.265000,-4.707401040e-03
33.270000,-7.249865145e-03
33.275000,-1.147242799e-02
33.280000,-1.694814111e-02
33.285000,-2.295073653e-02
33.290000,-2.856098446e-02
33.295000,-3.283210428e-02
33.300000,-3.498361406e-02
33.305000,-3.457485790e-02
33.310000,-3.160570559e-02
33.315000,-2.650937895e-02
33.320000,-2.003746651e-02
33.325000,-1.307564941e-02
33.330000,-6.452204230e-03
33.335000,-7.981315493e-04
33.340000,3.510166224e-03
33.345000,6.332160744e-03
33.350000,7.702404944e-03
33.355000,7.766940758e-03
33.360000,6.740855135e-03
33.365000,4.887947021e-03
33.370000,2.507817862e-03
33.375000,-8.512126598e-05
33.380000,-2.595608796e-03
33.385000,-4.787165986e-03
33.390000,-6.514713860e-03
33.395000,-7.740188281e-03
33.400000,-8.527193858e-03
33.405000,-9.014817623e-03
33.410000,-9.372183042e-03
33.415000,-9.738113355e-03
33.420000,-1.015797882e-02
33.425000,-1.054022058e-02
33.430000,-1.065963031e-02
33.435000,-1.022420426e-02
33.440000,-8.996126214e-03
33.445000,-6.925960528e-03
33.450000,-4.240755722e-03
33.455000,-1.436139539e-03
33.460000,8.400133567e-04
33.465000,1.975643092e-03
33.470000,1.582051157e-03
33.475000,-3.937543653e-04
33.480000,-3.673655363e-03
33.485000,-7.759910032e-03
33.490000,-1.209883821e-02
33.495000,-1.622561290e-02
33.500000,-1.983632679e-02
33.505000,-2.277289695e-02
33.510000,-2.494719051e-02
33.515000,-2.625446302e-02
33.520000,-2.652473521e-02
33.525000,-2.553816239e-02
33.530000,-2.309882759e-02
33.535000,-1.913438984e-02
33.540000,-1.377676359e-02
33.545000,-7.385434531e-03
33.550000,-4.973776575e-04
33.555000,6.282704939e-03
33.560000,1.241292667e-02
33.565000,1.751726876e-02
33.570000,2.142468232e-02
33.575000,2.413653121e-02
33.580000,2.574708031e-02
33.585000,2.636142113e-02
33.590000,2.605154609e-02
33.595000,2.486603771e-02
33.600000,2.287620174e-02
33.605000,2.022032684e-02
33.610000,1.711058873e-02
33.615000,1.379226613e-02
33.620000,1.047721811e-02
33.625000,7.293260351e-03
33.630000,4.285746271e-03
33.635000,1.479613216e-03
33.640000,-1.025071523e-03
33.645000,-2.973940023e-03
33.650000,-3.943663775e-03
33.655000,-3.414661931e-03
33.660000,-9.179716796e-04
33.665000,3.787313748e-03
33.670000,1.056283330e-02
33.675000,1.881651766e-02
33.680000,2.753516709e-02
33.685000,3.542793348e-02
33.690000,4.115837139e-02
33.695000,4.362015682e-02
33.700000,4.219557949e-02
33.705000,3.693098588e-02
33.710000,2.857488628e-02
33.715000,1.845487869e-02
33.720000,8.213883347e-03
33.725000,-5.292256995e-04
33.730000,-6.502615074e-03
33.735000,-9.000626655e-03
33.740000,-7.948568156e-03
33.745000,-3.818061273e-03
33.750000,2.552320688e-03
33.755000,1.015429598e-02
33.760000,1.796249856e-02
33.765000,2.502080010e-02
33.770000,3.048427213e-02
33.775000,3.366058364e-02
33.780000,3.408305667e-02
33.785000,3.161074526e-02
33.790000,2.651226443e-02
33.795000,1.947498344e-02
33.800000,1.150172683e-02
33.805000,3.704650833e-03
33.810000,-2.944403360e-03
33.815000,-7.823026818e-03
33.820000,-1.075660480e-02
33.825000,-1.198095430e-02
33.830000,-1.199759612e-02
33.835000,-1.138554461e-02
33.840000,-1.063705954e-02
33.845000,-1.006030796e-02
33.850000,-9.756652902e-03
33.855000,-9.653348666e-03
33.860000,-9.563632638e-03
33.865000,-9.252761969e-03
33.870000,-8.499923228e-03
33.875000,-7.152624987e-03
33.880000,-5.169713995e-03
33.885000,-2.645855917e-03
33.890000,1.899431459e-04
33.895000,3.004341993e-03
33.900000,5.413662520e-03
33.905000,7.052487496e-03
33.910000,7.646510475e-03
33.915000,7.079719189e-03
33.920000,5.444115167e-03
33.925000,3.055800780e-03
33.930000,4.195664386e-04
33.935000,-1.867769001e-03
33.940000,-3.264523998e-03
33.945000,-3.444872487e-03
33.950000,-2.418268177e-03
33.955000,-5.565366403e-04
33.960000,1.493519476e-03
33.965000,2.990838985e-03
33.970000,3.315189095e-03
33.975000,2.143745325e-03
33.980000,-4.673668302e-04
33.985000,-4.115290234e-03
33.990000,-8.174214633e-03
33.995000,-1.196188951e-02
34.000000,-1.489558800e-02
34.005000,-1.659842444e-02
34.010000,-1.693955031e-02
34.015000,-1.601289613e-02
34.020000,-1.407349886e-02
34.025000,-1.145718966e-02
34.030000,-8.509242324e-03
34.035000,-5.540845837e-03
34.040000,-2.819639099e-03
34.045000,-5.851732866e-04
34.050000,9.317642096e-04
34.055000,1.508955063e-03
34.060000,9.641944334e-04
34.065000,-7.874454713e-04
34.070000,-3.672802409e-03
34.075000,-7.423981015e-03
34.080000,-1.158541090e-02
34.085000,-1.556775643e-02
34.090000,-1.873676099e-02
34.095000,-2.051819907e-02
34.100000,-2.050120597e-02
34.105000,-1.852555719e-02
34.110000,-1.473842633e-02
34.115000,-9.603043495e-03
34.120000,-3.842127786e-03
34.125000,1.689518504e-03
34.130000,6.185324907e-03
34.135000,9.075681263e-03
34.140000,1.016601409e-02
34.145000,9.674293829e-03
34.150000,8.150871865e-03
34.155000,6.306625295e-03
34.160000,4.808800529e-03
34.165000,4.112292678e-03
34.170000,4.374828804e-03
34.175000,5.468550411e-03
34.180000,7.065285761e-03
34.185000,8.752827571e-03
34.190000,1.013983268e-02
34.195000,1.092287390e-02
34.200000,1.091083055e-02
34.205000,1.001963417e-02
34.210000,8.258485261e-03
34.215000,5.725450087e-03
34.220000,2.617984507e-03
34.225000,-7.522420309e-04
34.230000,-3.963051369e-03
34.235000,-6.527142390e-03
34.240000,-7.986937482e-03
34.245000,-8.039942999e-03
34.250000,-6.650435409e-03
34.255000,-4.095352342e-03
34.260000,-9.109780725e-04
34.265000,2.252505551e-03
34.270000,4.818307137e-03
34.275000,6.439580626e-03
34.280000,7.065566031e-03
34.285000,6.900546280e-03
34.290000,6.288777335e-03
34.295000,5.587710702e-03
34.300000,5.084640026e-03
34.305000,4.974947117e-03
34.310000,5.378218546e-03
34.315000,6.348927379e-03
34.320000,7.853195363e-03
34.325000,9.721236156e-03
34.330000,1.161919336e-02
34.335000,1.308867823e-02
34.340000,1.367054295e-02
34.345000,1.307836937e-02
34.350000,1.134771662e-02
34.355000,8.885057558e-03
34.360000,6.380035749e-03
34.365000,4.606362850e-03
34.370000,4.187737222e-03
34.375000,5.419046675e-03
34.380000,8.204085616e-03
34.385000,1.211634866e-02
34.390000,1.653855387e-02
34.395000,2.081403994e-02
34.400000,2.435615301e-02
34.405000,2.669780392e-02
34.410000,2.749965706e-02
34.415000,2.655222277e-02
34.420000,2.379823928e-02
34.425000,1.937598401e-02
34.430000,1.365864353e-02
34.435000,7.254634052e-03
34.440000,9.440693475e-04
34.445000,-4.448439477e-03
34.450000,-8.217189655e-03
34.455000,-9.929931585e-03
34.460000,-9.526916815e-03
34.465000,-7.331813247e-03
34.470000,-3.966195778e-03
34.475000,-1.869741627e-04
34.480000,3.309954831e-03
34.485000,6.062932669e-03
34.490000,7.940070899e-03
34.495000,9.123496834e-03
34.500000,9.985102657e-03
34.505000,1.089738771e-02
34.510000,1.205170424e-02
34.515000,1.335774926e-02
34.520000,1.446749052e-02
34.525000,1.491424632e-02
34.530000,1.430646849e-02
34.535000,1.249105748e-02
34.540000,9.616348251e-03
34.545000,6.073644885e-03
34.550000,2.353824898e-03
34.555000,-1.107598567e-03
34.560000,-4.025937013e-03
34.565000,-6.270787432e-03
34.570000,-7.796928922e-03
34.575000,-8.558552866e-03
34.580000,-8.465020205e-03
34.585000,-7.406023808e-03
34.590000,-5.330607005e-03
34.595000,-2.332949581e-03
34.600000,1.305822720e-03
34.605000,5.147166319e-03
34.610000,8.687959248e-03
34.615000,1.148025095e-02
34.620000,1.323250962e-02
34.625000,1.385809954e-02
34.630000,1.345966232e-02
34.635000,1.226172269e-02
34.640000,1.051992679e-02
34.645000,8.440272167e-03
34.650000,6.135504492e-03
34.655000,3.630674653e-03
34.660000,9.099079805e-04
34.665000,-2.021411719e-03
34.670000,-5.092334811e-03
34.675000,-8.164666122e-03
34.680000,-1.107580765e-02
34.685000,-1.370158287e-02
34.690000,-1.599984961e-02
34.695000,-1.800376829e-02
34.700000,-1.976263605e-02
34.705000,-2.126264257e-02
34.710000,-2.237836881e-02
34.715000,-2.289436210e-02
34.720000,-2.259814766e-02
34.725000,-2.140220162e-02
34.730000,-1.942905206e-02
34.735000,-1.700680682e-02
34.740000,-1.456711974e-02
34.745000,-1.248991151e-02
34.750000,-1.096958174e-02
34.755000,-9.968250942e-03
34.760000,-9.277202131e-03
34.765000,-8.652226403e-03
34.770000,-7.951917051e-03
34.775000,-7.209118287e-03
34.780000,-6.602852659e-03
34.785000,-6.350328733e-03
34.790000,-6.578372482e-03
34.795000,-7.241131789e-03
34.800000,-8.124125996e-03
34.805000,-8.929143358e-03
34.810000,-9.394206548e-03
34.815000,-9.387912163e-03
34.820000,-8.934203073e-03
34.825000,-8.162071144e-03
34.830000,-7.214130378e-03
34.835000,-6.167771316e-03
34.840000,-5.012637994e-03
34.845000,-3.694275798e-03
34.850000,-2.194807912e-03
34.855000,-5.993194704e-04
34.860000,8.958087395e-04
34.865000,2.042793610e-03
34.870000,2.640107775e-03
34.875000,2.613577984e-03
34.880000,2.034362968e-03
34.885000,1.063211952e-03
34.890000,-1.459343941e-04
34.895000,-1.524552805e-03
34.900000,-3.100795785e-03
34.905000,-4.933015792e-03
34.910000,-7.002434512e-03
34.915000,-9.129559315e-03
34.920000,-1.097034271e-02
34.925000,-1.210713775e-02
34.930000,-1.219868316e-02
34.935000,-1.112055364e-02
34.940000,-9.030236969e-03
34.945000,-6.327014846e-03
34.950000,-3.526307899e-03
34.955000,-1.105374386e-03
34.960000,6.153966312e-04
34.965000,1.514949380e-03
34.970000,1.637181820e-03
34.975000,1.114416141e-03
34.980000,9.719265255e-05
34.985000,-1.273523019e-03
34.990000,-2.845688530e-03
34.995000,-4.412319568e-03
35.000000,-5.685889403e-03
35.005000,-6.325274191e-03
35.010000,-6.022018608e-03
35.015000,-4.618240528e-03
35.020000,-2.204655944e-03
35.025000,8.525962324e-04
35.030000,3.981221355e-03
35.035000,6.551516088e-03
35.040000,8.051286470e-03
35.045000,8.220540866e-03
35.050000,7.097601823e-03
35.055000,4.968852586e-03
35.060000,2.256628200e-03
35.065000,-5.981334271e-04
35.070000,-3.210676413e-03
35.075000,-5.269890066e-03
35.080000,-6.520691779e-03
35.085000,-6.752519149e-03
35.090000,-5.825273965e-03
35.095000,-3.732233153e-03
35.100000,-6.658154916e-04
35.105000,2.961914281e-03
35.110000,6.576625469e-03
35.115000,9.572100229e-03
35.120000,1.146972828e-02
35.125000,1.204452136e-02
35.130000,1.136741039e-02
35.135000,9.750985125e-03
35.140000,7.628936164e-03
35.145000,5.426196920e-03
35.150000,3.474038700e-03
35.155000,1.994628426e-03
35.160000,1.139314143e-03
35.165000,1.035930463e-03
35.170000,1.798401657e-03
35.175000,3.478197547e-03
35.180000,5.977726296e-03
35.185000,8.978043511e-03
35.190000,1.193805248e-02
35.195000,1.419422796e-02
35.200000,1.514108336e-02
35.205000,1.442764996e-02
35.210000,1.208842434e-02
35.215000,8.549381697e-03
35.220000,4.501519756e-03
35.225000,6.909065729e-04
35.230000,-2.292458997e-03
35.235000,-4.150109906e-03
35.240000,-4.897423687e-03
35.245000,-4.786661900e-03
35.250000,-4.181601465e-03
35.255000,-3.441285964e-03
35.260000,-2.848985565e-03
35.265000,-2.589997157e-03
35.270000,-2.758609677e-03
35.275000,-3.371251682e-03
35.280000,-4.375801734e-03
35.285000,-5.662582602e-03
35.290000,-7.087632347e-03
35.295000,-8.510132505e-03
35.300000,-9.831314804e-03
35.305000,-1.101439611e-02
35.310000,-1.207181001e-02
35.315000,-1.302418544e-02
35.320000,-1.385338487e-02
35.325000,-1.447711086e-02
35.330000,-1.476083251e-02
35.335000,-1.456097227e-02
35.340000,-1.377510346e-02
35.345000,-1.237187418e-02
35.350000,-1.038740758e-02
35.355000,-7.897084207e-03
35.360000,-4.987743207e-03
35.365000,-1.754940537e-03
35.370000,1.667398214e-03
35.375000,5.061749222e-03
35.380000,8.099442420e-03
35.385000,1.036210940e-02
35.390000,1.142250337e-02
35.395000,1.096504933e-02
35.400000,8.902645441e-03
35.405000,5.441221830e-03
35.410000,1.060878989e-03
35.415000,-3.585366818e-03
35.420000,-7.821817363e-03
35.425000,-1.109806713e-02
35.430000,-1.308782749e-02
35.435000,-1.371515367e-02
35.440000,-1.311520848e-02
35.445000,-1.155976240e-02
35.450000,-9.383255769e-03
35.455000,-6.933015817e-03
35.460000,-4.545901636e-03
35.465000,-2.536031291e-03
35.470000,-1.174004862e-03
35.475000,-6.485776320e-04
35.480000,-1.019785950e-03
35.485000,-2.186557805e-03
35.490000,-3.892709326e-03
35.495000,-5.781291788e-03
35.500000,-7.485218724e-03
35.505000,-8.723361621e-03
35.510000,-9.365889595e-03
35.515000,-9.444036167e-03
35.520000,-9.102879923e-03
35.525000,-8.520308265e-03
35.530000,-7.829442003e-03
35.535000,-7.078490189e-03
35.540000,-6.242492190e-03
35.545000,-5.274831042e-03
35.550000,-4.165866041e-03
35.555000,-2.972378764e-03
35.560000,-1.797638000e-03
35.565000,-7.303946748e-04
35.570000,2.227631905e-04
35.575000,1.168475284e-03
35.580000,2.293208278e-03
35.585000,3.770839876e-03
35.590000,5.651026429e-03
35.595000,7.784272907e-03
35.600000,9.826874716e-03
35.605000,1.133209926e-02
35.610000,1.189174828e-02
35.615000,1.126715624e-02
35.620000,9.454503745e-03
35.625000,6.662912914e-03
35.630000,3.226635519e-03
35.635000,-4.985760801e-04
35.640000,-4.204888829e-03
35.645000,-7.644505496e-03
35.650000,-1.059821614e-02
35.655000,-1.283930704e-02
35.660000,-1.413173181e-02
35.665000,-1.427787796e-02
35.670000,-1.319893479e-02
35.675000,-1.100832792e-02
35.680000,-8.037593861e-03
35.685000,-4.793605459e-03
35.690000,-1.854938381e-03
35.695000,2.609639930e-04
35.700000,1.218975805e-03
35.705000,9.416781518e-04
35.710000,-3.783289469e-04
35.715000,-2.327584665e-03
35.720000,-4.366114045e-03
35.725000,-5.942825746e-03
35.730000,-6.606541127e-03
35.735000,-6.091127997e-03
35.740000,-4.360732318e-03
35.745000,-1.610499469e-03
35.750000,1.772789544e-03
35.755000,5.279414352e-03
35.760000,8.361680662e-03
35.765000,1.052312899e-02
35.770000,1.140198136e-02
35.775000,1.083940589e-02
35.780000,8.921808010e-03
35.785000,5.985153201e-03
35.790000,2.571812675e-03
35.795000,-6.610704500e-04
35.800000,-3.069260431e-03
35.805000,-4.159091636e-03
35.810000,-3.701480476e-03
35.815000,-1.791551995e-03
35.820000,1.163451834e-03
35.825000,4.526012840e-03
35.830000,7.559783024e-03
35.835000,9.579538290e-03
35.840000,1.008730692e-02
35.845000,8.869153525e-03
35.850000,6.037705431e-03
35.855000,2.015744542e-03
35.860000,-2.535865860e-03
35.865000,-6.836247812e-03
35.870000,-1.013208496e-02
35.875000,-1.185020858e-02
35.880000,-1.172354040e-02
35.885000,-9.857094514e-03
35.890000,-6.709343741e-03
35.895000,-2.984419048e-03
35.900000,5.422164988e-04
35.905000,3.217664300e-03
35.910000,4.667846100e-03
35.915000,4.869439676e-03
35.920000,4.119900703e-03
35.925000,2.924162660e-03
35.930000,1.844078971e-03
35.935000,1.363157851e-03
35.940000,1.802630689e-03
35.945000,3.295160716e-03
35.950000,5.796059034e-03
35.955000,9.102858163e-03
35.960000,1.286609864e-02
35.965000,1.659800934e-02
35.970000,1.970464547e-02
35.975000,2.156666501e-02
35.980000,2.167138147e-02
35.985000,1.976513102e-02
35.990000,1.596974622e-02
35.995000,1.080680405e-02
36.000000,5.102421375e-03
36.005000,-2.080529721e-04
36.010000,-4.314038673e-03
36.015000,-6.724114927e-03
36.020000,-7.359068614e-03
36.025000,-6.523428628e-03
36.030000,-4.781369131e-03
36.035000,-2.791984249e-03
36.040000,-1.160018034e-03
36.045000,-3.355046358e-04
36.050000,-5.655130892e-04
36.055000,-1.881071723e-03
36.060000,-4.101455985e-03
36.065000,-6.852152337e-03
36.070000,-9.608153791e-03
36.075000,-1.177689342e-02
36.080000,-1.282036920e-02
36.085000,-1.239162302e-02
36.090000,-1.044218927e-02
36.095000,-7.257828409e-03
36.100000,-3.402482355e-03
36.105000,4.151835785e-04
36.110000,3.509167924e-03
36.115000,5.364294779e-03
36.120000,5.725030646e-03
36.125000,4.611858066e-03
36.130000,2.278427266e-03
36.135000,-8.634217065e-04
36.140000,-4.325006440e-03
36.145000,-7.613311096e-03
36.150000,-1.029006471e-02
36.155000,-1.201763132e-02
36.160000,-1.259134667e-02
36.165000,-1.195624968e-02
36.170000,-1.020701055e-02
36.175000,-7.572906925e-03
36.180000,-4.391523944e-03
36.185000,-1.072911608e-03
36.190000,1.948108415e-03
36.195000,4.274657528e-03
36.200000,5.622034088e-03
36.205000,5.887248375e-03
36.210000,5.187110206e-03
36.215000,3.839872823e-03
36.220000,2.283672601e-03
36.225000,9.530699653e-04
36.230000,1.576643455e-04
36.235000,9.271051052e-06
36.240000,4.224232180e-04
36.245000,1.177729071e-03
36.250000,2.008910473e-03
36.255000,2.669207750e-03
36.260000,2.954058011e-03
36.265000,2.690633052e-03
36.270000,1.728790147e-03
36.275000,-3.396162305e-05
36.280000,-2.588211045e-03
36.285000,-5.739156578e-03
36.290000,-9.073780130e-03
36.295000,-1.200840105e-02
36.300000,-1.391981080e-02
36.305000,-1.432024281e-02
36.310000,-1.301109029e-02
36.315000,-1.015638118e-02
36.320000,-6.250530758e-03
36.325000,-1.997287951e-03
36.330000,1.853369201e-03
36.335000,4.658463047e-03
36.340000,5.990261522e-03
36.345000,5.689570838e-03
36.350000,3.872627337e-03
36.355000,9.047457218e-04
36.360000,-2.652224956e-03
36.365000,-6.118821852e-03
36.370000,-8.803346107e-03
36.375000,-1.012463727e-02
36.380000,-9.730575646e-03
36.385000,-7.583129546e-03
36.390000,-3.984172506e-03
36.395000,4.696852709e-04
36.400000,4.996146941e-03
36.405000,8.776842965e-03
36.410000,1.111575718e-02
36.415000,1.157490841e-02
36.420000,1.006204977e-02
36.425000,6.854308850e-03
36.430000,2.551831563e-03
36.435000,-2.033459471e-03
36.440000,-6.036634057e-03
36.445000,-8.716507129e-03
36.450000,-9.612293742e-03
36.455000,-8.641885384e-03
36.460000,-6.114684249e-03
36.465000,-2.653426634e-03
36.470000,9.549163678e-04
36.475000,3.938400343e-03
36.480000,5.701292389e-03
36.485000,5.927871259e-03
36.490000,4.611167089e-03
36.495000,2.014109228e-03
36.500000,-1.411186123e-03
36.505000,-5.115485793e-03
36.510000,-8.533844377e-03
36.515000,-1.114945181e-02
36.520000,-1.254563118e-02
36.525000,-1.245498095e-02
36.530000,-1.080773137e-02
36.535000,-7.769409035e-03
36.540000,-3.749016293e-03
36.545000,6.402714140e-04
36.550000,4.673899947e-03
36.555000,7.649430724e-03
36.560000,9.030445336e-03
36.565000,8.562378328e-03
36.570000,6.327135416e-03
36.575000,2.720822955e-03
36.580000,-1.637902775e-03
36.585000,-6.041178873e-03
36.590000,-9.829500268e-03
36.595000,-1.249964761e-02
36.600000,-1.376354838e-02
36.605000,-1.355697783e-02
36.610000,-1.201130422e-02
36.615000,-9.406552876e-03
36.620000,-6.119882102e-03
36.625000,-2.574903864e-03
36.630000,8.093247334e-04
36.635000,3.671090925e-03
36.640000,5.756525367e-03
36.645000,6.957199287e-03
36.650000,7.322339999e-03
36.655000,7.038627358e-03
36.660000,6.380993492e-03
36.665000,5.647620671e-03
36.670000,5.096184754e-03
36.675000,4.895063103e-03
36.680000,5.096019700e-03
36.685000,5.628923527e-03
36.690000,6.317287380e-03
36.695000,6.914386725e-03
36.700000,7.159017023e-03
36.705000,6.844261089e-03
36.710000,5.883347266e-03
36.715000,4.349941829e-03
36.720000,2.472991919e-03
36.725000,5.808124600e-04
36.730000,-9.898157660e-04
36.735000,-1.986968520e-03
36.740000,-2.304155950e-03
36.745000,-1.987223306e-03
36.750000,-1.190788391e-03
36.755000,-1.087827527e-04
36.760000,1.088775236e-03
36.765000,2.289694933e-03
36.770000,3.440099172e-03
36.775000,4.524579919e-03
36.780000,5.545253364e-03
36.785000,6.512324737e-03
36.790000,7.445595305e-03
36.795000,8.376021391e-03
36.800000,9.335499732e-03
36.805000,1.033151262e-02
36.810000,1.131533625e-02
36.815000,1.216067049e-02
36.820000,1.266895482e-02
36.825000,1.260836317e-02
36.830000,1.177973605e-02
36.835000,1.009033527e-02
36.840000,7.610188698e-03
36.845000,4.588446293e-03
36.850000,1.418306769e-03
36.855000,-1.444325148e-03
36.860000,-3.586564250e-03
36.865000,-4.736337451e-03
36.870000,-4.820946811e-03
36.875000,-3.968605813e-03
36.880000,-2.456418355e-03
36.885000,-6.280966983e-04
36.890000,1.186326490e-03
36.895000,2.722837727e-03
36.900000,3.799789471e-03
36.905000,4.309589038e-03
36.910000,4.206963752e-03
36.915000,3.510239426e-03
36.920000,2.316370243e-03
36.925000,8.143999021e-04
36.930000,-7.236409586e-04
36.935000,-1.986485122e-03
36.940000,-2.695582861e-03
36.945000,-2.681661618e-03
36.950000,-1.936672333e-03
36.955000,-6.209975395e-04
36.960000,9.757857777e-04
36.965000,2.504782968e-03
36.970000,3.634535222e-03
36.975000,4.114652098e-03
36.980000,3.817046710e-03
36.985000,2.755356326e-03
36.990000,1.086600564e-03
36.995000,-9.037734735e-04
37.000000,-2.836744596e-03
37.005000,-4.297924172e-03
37.010000,-4.915958641e-03
37.015000,-4.447196863e-03
37.020000,-2.843958360e-03
37.025000,-2.830395239e-04
37.030000,2.859406041e-03
37.035000,6.083815562e-03
37.040000,8.874130009e-03
37.045000,1.080549242e-02
37.050000,1.162319287e-02
37.055000,1.127439795e-02
37.060000,9.890901850e-03
37.065000,7.736597326e-03
37.070000,5.141661132e-03
37.075000,2.444042959e-03
37.080000,-5.043952254e-05
37.085000,-2.090020386e-03
37.090000,-3.489921172e-03
37.095000,-4.146037948e-03
37.100000,-4.052308981e-03
37.105000,-3.314757912e-03
37.110000,-2.148659447e-03
37.115000,-8.471731817e-04
37.120000,2.793446517e-04
37.125000,9.791509597e-04
37.130000,1.124753177e-03
37.135000,7.428466939e-04
37.140000,-4.555316505e-06
37.145000,-8.808081029e-04
37.150000,-1.652040403e-03
37.155000,-2.149525707e-03
37.160000,-2.294063922e-03
37.165000,-2.079581122e-03
37.170000,-1.534189942e-03
37.175000,-6.873599370e-04
37.180000,4.344867455e-04
37.185000,1.781602021e-03
37.190000,3.243779837e-03
37.195000,4.633800300e-03
37.200000,5.715010019e-03
37.205000,6.272342173e-03
37.210000,6.198091909e-03
37.215000,5.548452633e-03
37.220000,4.534986180e-03
37.225000,3.445129080e-03
37.230000,2.523022672e-03
37.235000,1.866245777e-03
37.240000,1.390690706e-03
37.245000,8.843992311e-04
37.250000,1.268071633e-04
37.255000,-9.842581238e-04
37.260000,-2.360650413e-03
37.265000,-3.742615986e-03
37.270000,-4.798177482e-03
37.275000,-5.253659176e-03
37.280000,-4.993131912e-03
37.285000,-4.084578684e-03
37.290000,-2.730948371e-03
37.295000,-1.181749414e-03
37.300000,3.450689151e-04
37.305000,1.696497556e-03
37.310000,2.771843934e-03
37.315000,3.492366280e-03
37.320000,3.789092909e-03
37.325000,3.626740831e-03
37.330000,3.050607882e-03
37.335000,2.220212993e-03
37.340000,1.394327886e-03
37.345000,8.577997666e-04
37.350000,8.162248618e-04
37.355000,1.308274868e-03
37.360000,2.181991405e-03
37.365000,3.151293783e-03
37.370000,3.908691313e-03
37.375000,4.242224160e-03
37.380000,4.104296436e-03
37.385000,3.606697718e-03
37.390000,2.953988906e-03
37.395000,2.355327285e-03
37.400000,1.958479577e-03
37.405000,1.829741788e-03
37.410000,1.973736823e-03
37.415000,2.365899991e-03
37.420000,2.969401256e-03
37.425000,3.725682488e-03
37.430000,4.530927191e-03
37.435000,5.224213082e-03
37.440000,5.608343429e-03
37.445000,5.504644098e-03
37.450000,4.820728942e-03
37.455000,3.599011569e-03
37.460000,2.020320685e-03
37.465000,3.576356872e-04
37.470000,-1.101759960e-03
37.475000,-2.133777014e-03
37.480000,-2.625060897e-03
37.485000,-2.576764193e-03
37.490000,-2.071006523e-03
37.495000,-1.221092095e-03
37.500000,-1.295359786e-04
37.505000,1.130253884e-03
37.510000,2.506614683e-03
37.515000,3.946878293e-03
37.520000,5.375198181e-03
37.525000,6.684643195e-03
37.530000,7.749254159e-03
37.535000,8.452155611e-03
37.540000,8.718642762e-03
37.545000,8.540988731e-03
37.550000,7.985004014e-03
37.555000,7.175561058e-03
37.560000,6.266391923e-03
37.565000,5.405149547e-03
37.570000,4.705621282e-03
37.575000,4.234773704e-03
37.580000,4.015031334e-03
37.585000,4.035443309e-03
37.590000,4.262595016e-03
37.595000,4.644702877e-03
37.600000,5.108805837e-03
37.605000,5.557568987e-03
37.610000,5.874855299e-03
37.615000,5.945798294e-03
37.620000,5.688877335e-03
37.625000,5.088672016e-03
37.630000,4.213642744e-03
37.635000,3.206677115e-03
37.640000,2.246661372e-03
37.645000,1.492505641e-03
37.650000,1.030511665e-03
37.655000,8.466333958e-04
37.660000,8.359458103e-04
37.665000,8.462336583e-04
37.670000,7.379894596e-04
37.675000,4.361099206e-04
37.680000,-4.746279722e-05
37.685000,-6.278530320e-04
37.690000,-1.189788324e-03
37.695000,-1.638569736e-03
37.700000,-1.937163526e-03
37.705000,-2.114532564e-03
37.710000,-2.243537947e-03
37.715000,-2.399645284e-03
37.720000,-2.619002241e-03
37.725000,-2.873857001e-03
37.730000,-3.075730885e-03
37.735000,-3.105561186e-03
37.740000,-2.859362619e-03
37.745000,-2.291568761e-03
37.750000,-1.438551793e-03
37.755000,-4.122823307e-04
37.760000,6.335610185e-04
37.765000,1.550328458e-03
37.770000,2.232844455e-03
37.775000,2.632268207e-03
37.780000,2.739762459e-03
37.785000,2.554563388e-03
37.790000,2.060905029e-03
37.795000,1.234835999e-03
37.800000,8.385580773e-05
37.805000,-1.301481332e-03
37.810000,-2.719796630e-03
37.815000,-3.885335742e-03
37.820000,-4.512725629e-03
37.825000,-4.429663365e-03
37.830000,-3.664394604e-03
37.835000,-2.459253588e-03
37.840000,-1.194034226e-03
37.845000,-2.477550742e-04
37.850000,1.398957080e-04
37.855000,-5.559595985e-05
37.860000,-6.623190822e-04
37.865000,-1.409891773e-03
37.870000,-2.053772282e-03
37.875000,-2.465347471e-03
37.880000,-2.651636757e-03
37.885000,-2.709122144e-03
37.890000,-2.749125580e-03
37.895000,-2.839777433e-03
37.900000,-2.990810639e-03
37.905000,-3.176724848e-03
37.910000,-3.371321674e-03
37.915000,-3.564955748e-03
37.920000,-3.753372096e-03
37.925000,-3.910068462e-03
37.930000,-3.966948605e-03
37.935000,-3.822933819e-03
37.940000,-3.381720013e-03
37.945000,-2.600737245e-03
37.950000,-1.525651517e-03
37.955000,-2.923208964e-04
37.960000,9.048587662e-04
37.965000,1.863586591e-03
37.970000,2.422705026e-03
37.975000,2.494231834e-03
37.980000,2.073719626e-03
37.985000,1.233230202e-03
37.990000,1.039891273e-04
37.995000,-1.146590930e-03
38.000000,-2.341887980e-03
38.005000,-3.325318803e-03
38.010000,-3.986767077e-03
38.015000,-4.278041195e-03
38.020000,-4.210633460e-03
38.025000,-3.836128577e-03
38.030000,-3.218981993e-03
38.035000,-2.416967668e-03
38.040000,-1.481582937e-03
38.045000,-4.792024992e-04
38.050000,4.804638910e-04
38.055000,1.230532700e-03
38.060000,1.566069631e-03
38.065000,1.298948777e-03
38.070000,3.308618273e-04
38.075000,-1.287324498e-03
38.080000,-3.340959561e-03
38.085000,-5.495804527e-03
38.090000,-7.389106652e-03
38.095000,-8.733489601e-03
38.100000,-9.392811954e-03
38.105000,-9.401598434e-03
38.110000,-8.925228210e-03
38.115000,-8.183780140e-03
38.120000,-7.375433458e-03
38.125000,-6.629888149e-03
38.130000,-6.002771075e-03
38.135000,-5.500071453e-03
38.140000,-5.109326382e-03
38.145000,-4.817116556e-03
38.150000,-4.606773253e-03
38.155000,-4.445969413e-03
38.160000,-4.281051578e-03
38.165000,-4.049631996e-03
38.170000,-3.709232074e-03
38.175000,-3.266816318e-03
38.180000,-2.790215097e-03
38.185000,-2.390245349e-03
38.190000,-2.177382543e-03
38.195000,-2.210717722e-03
38.200000,-2.462240268e-03
38.205000,-2.813691512e-03
38.210000,-3.089498475e-03
38.215000,-3.114252692e-03
38.220000,-2.773398825e-03
38.225000,-2.054866499e-03
38.230000,-1.057005450e-03
38.235000,3.912931523e-05
38.240000,1.022343858e-03
38.245000,1.709770770e-03
38.250000,1.991541456e-03
38.255000,1.848651244e-03
38.260000,1.342172124e-03
38.265000,5.827903601e-04
38.270000,-3.045566361e-04
38.275000,-1.207617885e-03
38.280000,-2.039221335e-03
38.285000,-2.737535543e-03
38.290000,-3.261663902e-03
38.295000,-3.589298950e-03
38.300000,-3.718184148e-03
38.305000,-3.668081111e-03
38.310000,-3.478636184e-03
38.315000,-3.201722297e-03
38.320000,-2.891691655e-03
38.325000,-2.599313623e-03
38.330000,-2.372656921e-03
38.335000,-2.262282440e-03
38.340000,-2.323243717e-03
38.345000,-2.606700435e-03
38.350000,-3.140152522e-03
38.355000,-3.903832754e-03
38.360000,-4.816026338e-03
38.365000,-5.738121467e-03
38.370000,-6.501593472e-03
38.375000,-6.948640902e-03
38.380000,-6.971733450e-03
38.385000,-6.538252469e-03
38.390000,-5.693623324e-03
38.395000,-4.545400679e-03
38.400000,-3.236899431e-03
38.405000,-1.919904747e-03
38.410000,-7.328015447e-04
38.415000,2.139102104e-04
38.420000,8.457379034e-04
38.425000,1.127825075e-03
38.430000,1.065467322e-03
38.435000,7.021812553e-04
38.440000,1.154359412e-04
38.445000,-5.905049349e-04
38.450000,-1.295988997e-03
38.455000,-1.883154395e-03
38.460000,-2.258773796e-03
38.465000,-2.378958451e-03
38.470000,-2.267735219e-03
38.475000,-2.019795916e-03
38.480000,-1.780939964e-03
38.485000,-1.707805903e-03
38.490000,-1.918132224e-03
38.495000,-2.449010602e-03
38.500000,-3.239556954e-03
38.505000,-4.145863801e-03
38.510000,-4.983692251e-03
38.515000,-5.583788420e-03
38.520000,-5.840595724e-03
38.525000,-5.738786432e-03
38.530000,-5.351151367e-03
38.535000,-4.811655504e-03
38.540000,-4.274857990e-03
38.545000,-3.875296099e-03
38.550000,-3.698009865e-03
38.555000,-3.765917876e-03
38.560000,-4.043638055e-03
38.565000,-4.452748356e-03
38.570000,-4.891762914e-03
38.575000,-5.255407611e-03
38.580000,-5.450916726e-03
38.585000,-5.411921489e-03
38.590000,-5.111118291e-03
38.595000,-4.570824416e-03
38.600000,-3.867371123e-03
38.605000,-3.123943414e-03
38.610000,-2.489131024e-03
38.615000,-2.104651825e-03
38.620000,-2.072063863e-03
38.625000,-2.430402399e-03
38.630000,-3.152261540e-03
38.635000,-4.156793633e-03
38.640000,-5.329878994e-03
38.645000,-6.539921942e-03
38.650000,-7.644064147e-03
38.655000,-8.490120651e-03
38.660000,-8.926717392e-03
38.665000,-8.831777719e-03
38.670000,-8.157431881e-03
38.675000,-6.974260447e-03
38.680000,-5.489416209e-03
38.685000,-4.018543141e-03
38.690000,-2.909770916e-03
38.695000,-2.440798858e-03
38.700000,-2.725422526e-03
38.705000,-3.665543784e-03
38.710000,-4.968557245e-03
38.715000,-6.225694795e-03
38.720000,-7.025414444e-03
38.725000,-7.065684277e-03
38.730000,-6.232311961e-03
38.735000,-4.623670723e-03
38.740000,-2.518927413e-03
38.745000,-3.016942987e-04
38.750000,1.639003070e-03
38.755000,3.004245061e-03
38.760000,3.652530422e-03
38.765000,3.621583811e-03
38.770000,3.099922054e-03
38.775000,2.358433337e-03
38.780000,1.664805947e-03
38.785000,1.208665811e-03
38.790000,1.060111219e-03
38.795000,1.170823784e-03
38.800000,1.410961262e-03
38.805000,1.623578594e-03
38.810000,1.675787416e-03
38.815000,1.491922858e-03
38.820000,1.064209156e-03
38.825000,4.451809929e-04
38.830000,-2.701410181e-04
38.835000,-9.655420756e-04
38.840000,-1.524935402e-03
38.845000,-1.852534993e-03
38.850000,-1.890491774e-03
38.855000,-1.630969432e-03
38.860000,-1.118838100e-03
38.865000,-4.428009274e-04
38.870000,2.834670128e-04
38.875000,9.446944018e-04
38.880000,1.444716972e-03
38.885000,1.718880193e-03
38.890000,1.736547001e-03
38.895000,1.496463143e-03
38.900000,1.020159640e-03
38.905000,3.480033059e-04
38.910000,-4.604931174e-04
38.915000,-1.324149052e-03
38.920000,-2.139779103e-03
38.925000,-2.788304263e-03
38.930000,-3.149086583e-03
38.935000,-3.120669489e-03
38.940000,-2.643080207e-03
38.945000,-1.715654254e-03
38.950000,-4.052806364e-04
38.955000,1.157609863e-03
38.960000,2.795186014e-03
38.965000,4.308059026e-03
38.970000,5.506863545e-03
38.975000,6.244598706e-03
38.980000,6.444029365e-03
38.985000,6.114284515e-03
38.990000,5.351919761e-03
38.995000,4.324714339e-03
39.000000,3.240985149e-03
39.005000,2.311627784e-03
39.010000,1.714273050e-03
39.015000,1.567478776e-03
39.020000,1.918276867e-03
39.025000,2.741125296e-03
39.030000,3.943431114e-03
39.035000,5.373967974e-03
39.040000,6.834653755e-03
39.045000,8.099940468e-03
39.050000,8.947978847e-03
39.055000,9.202562093e-03
39.060000,8.776972177e-03
39.065000,7.705046591e-03
39.070000,6.145430294e-03
39.075000,4.353122381e-03
39.080000,2.624754316e-03
39.085000,1.234505440e-03
39.090000,3.807978877e-04
39.095000,1.583042869e-04
39.100000,5.584047517e-04
39.105000,1.489977815e-03
39.110000,2.806758210e-03
39.115000,4.329532362e-03
39.120000,5.859078745e-03
39.125000,7.184235473e-03
39.130000,8.094099726e-03
39.135000,8.401839001e-03
39.140000,7.980832704e-03
39.145000,6.805179055e-03
39.150000,4.980060997e-03
39.155000,2.746267120e-03
39.160000,4.485954629e-04
39.165000,-1.531137364e-03
39.170000,-2.862515519e-03
39.175000,-3.351747948e-03
39.180000,-2.995867238e-03
39.185000,-1.985136912e-03
39.190000,-6.491412389e-04
39.195000,6.380235535e-04
39.200000,1.562506911e-03
39.205000,1.950520421e-03
39.210000,1.798423254e-03
39.215000,1.248350085e-03
39.220000,5.256287450e-04
39.225000,-1.334928666e-04
39.230000,-5.368933967e-04
39.235000,-5.609555515e-04
39.240000,-1.481954626e-04
39.245000,7.061269962e-04
39.250000,1.962093084e-03
39.255000,3.531142730e-03
39.260000,5.266234283e-03
39.265000,6.960536450e-03
39.270000,8.367576747e-03
39.275000,9.245690067e-03
39.280000,9.416781681e-03
39.285000,8.820818631e-03
39.290000,7.547213142e-03
39.295000,5.831756616e-03
39.300000,4.018731925e-03
39.305000,2.497283097e-03
39.310000,1.626123098e-03
39.315000,1.661293180e-03
39.320000,2.699918374e-03
39.325000,4.650513238e-03
39.330000,7.237567909e-03
39.335000,1.004369129e-02
39.340000,1.258545569e-02
39.345000,1.440998272e-02
39.350000,1.519113027e-02
39.355000,1.480079075e-02
39.360000,1.333506661e-02
39.365000,1.108678062e-02
39.370000,8.471400542e-03
39.375000,5.927467613e-03
39.380000,3.819795035e-03
39.385000,2.371389596e-03
39.390000,1.639275677e-03
39.395000,1.534412642e-03
39.400000,1.872380240e-03
39.405000,2.434275240e-03
39.410000,3.018358702e-03
39.415000,3.470968405e-03
39.420000,3.695882743e-03
39.425000,3.649718858e-03
39.430000,3.333610031e-03
39.435000,2.787982992e-03
39.440000,2.090561986e-03
39.445000,1.352166712e-03
39.450000,7.039718733e-04
39.455000,2.742851924e-04
39.460000,1.599095305e-04
39.465000,4.023532116e-04
39.470000,9.789955460e-04
39.475000,1.813349142e-03
39.480000,2.799835775e-03
39.485000,3.831851011e-03
39.490000,4.821124341e-03
39.495000,5.701947684e-03
39.500000,6.422569552e-03
39.505000,6.932981483e-03
39.510000,7.179631338e-03
39.515000,7.112776872e-03
39.520000,6.704236439e-03
39.525000,5.966824031e-03
39.530000,4.965289979e-03
39.535000,3.812599552e-03
39.540000,2.652253514e-03
39.545000,1.633131308e-03
39.550000,8.851100592e-04
39.555000,5.011937315e-04
39.560000,5.273109228e-04
39.565000,9.574787001e-04
39.570000,1.731768322e-03
39.575000,2.737205609e-03
39.580000,3.815061755e-03
39.585000,4.779026330e-03
39.590000,5.445880222e-03
39.595000,5.674313802e-03
39.600000,5.401457940e-03
39.605000,4.664139920e-03
39.610000,3.595065568e-03
39.615000,2.392458726e-03
39.620000,1.271748802e-03
39.625000,4.150326072e-04
39.630000,-6.528189688e-05
39.635000,-1.384938544e-04
39.640000,1.566425970e-04
39.645000,7.391113908e-04
39.650000,1.514451030e-03
39.655000,2.394552513e-03
39.660000,3.304934074e-03
39.665000,4.183176446e-03
39.670000,4.975459370e-03
39.675000,5.636222159e-03
39.680000,6.130951521e-03
39.685000,6.437877169e-03
39.690000,6.544062588e-03
39.695000,6.435349318e-03
39.700000,6.085197453e-03
39.705000,5.450764080e-03
39.710000,4.482937221e-03
39.715000,3.150791123e-03
39.720000,1.473113126e-03
39.725000,-4.556932397e-04
39.730000,-2.458124502e-03
39.735000,-4.291973535e-03
39.740000,-5.693502453e-03
39.745000,-6.435775024e-03
39.750000,-6.386926416e-03
39.755000,-5.552011371e-03
39.760000,-4.085564658e-03
39.765000,-2.269190235e-03
39.770000,-4.576044431e-04
39.775000,9.947856587e-04
39.780000,1.809061379e-03
39.785000,1.840373514e-03
39.790000,1.106263693e-03
39.795000,-2.205544507e-04
39.800000,-1.851218962e-03
39.805000,-3.441119762e-03
39.810000,-4.658267973e-03
39.815000,-5.246382319e-03
39.820000,-5.071168148e-03
39.825000,-4.140639864e-03
39.830000,-2.593954864e-03
39.835000,-6.594422286e-04
39.840000,1.408539669e-03
39.845000,3.395256696e-03
39.850000,5.170979414e-03
39.855000,6.698521983e-03
39.860000,8.000209250e-03
39.865000,9.100391537e-03
39.870000,9.972956068e-03
39.875000,1.052279493e-02
39.880000,1.061423515e-02
39.885000,1.013510170e-02
39.890000,9.065069758e-03
39.895000,7.512629708e-03
39.900000,5.699571064e-03
39.905000,3.898107923e-03
39.910000,2.349564517e-03
39.915000,1.201976991e-03
39.920000,4.926257361e-04
39.925000,1.770046879e-04
39.930000,1.818391395e-04
39.935000,4.495084313e-04
39.940000,9.495973583e-04
39.945000,1.654738996e-03
39.950000,2.499870989e-03
39.955000,3.354227317e-03
39.960000,4.028556980e-03
39.965000,4.320456437e-03
39.970000,4.079320499e-03
39.975000,3.260779089e-03
39.980000,1.944546822e-03
39.985000,3.069398759e-04
39.990000,-1.439233714e-03
39.995000,-3.110017645e-03
40.000000,-4.592638473e-03
40.005000,-5.849424599e-03
40.010000,-6.887478472e-03
40.015000,-7.714471363e-03
40.020000,-8.305795294e-03
40.025000,-8.599978239e-03
40.030000,-8.522820064e-03
40.035000,-8.025297451e-03
40.040000,-7.114137359e-03
40.045000,-5.859846422e-03
40.050000,-4.380776464e-03
40.055000,-2.814962476e-03
40.060000,-1.296143627e-03
40.065000,5.583249290e-05
40.070000,1.132584098e-03
40.075000,1.835346104e-03
40.080000,2.086875074e-03
40.085000,1.860052543e-03
40.090000,1.211194419e-03
40.095000,2.962903962e-04
40.100000,-6.487249591e-04
40.105000,-1.366820654e-03
40.110000,-1.660137899e-03
40.115000,-1.459586882e-03
40.120000,-8.524687071e-04
40.125000,-5.350939670e-05
40.130000,6.706402958e-04
40.135000,1.093043990e-03
40.140000,1.097852619e-03
40.145000,7.057666794e-04
40.150000,4.935729535e-05
40.155000,-6.849489959e-04
40.160000,-1.320677762e-03
40.165000,-1.736708377e-03
40.170000,-1.883774252e-03
40.175000,-1.777074939e-03
40.180000,-1.478970925e-03
40.185000,-1.084443884e-03
40.190000,-7.130200658e-04
40.195000,-5.010022240e-04
40.200000,-5.840226908e-04
40.205000,-1.064991385e-03
40.210000,-1.973654603e-03
40.215000,-3.234310785e-03
40.220000,-4.660758122e-03
40.225000,-5.989330531e-03
40.230000,-6.944982855e-03
40.235000,-7.319523597e-03
40.240000,-7.033567451e-03
40.245000,-6.158955962e-03
40.250000,-4.894211077e-03
40.255000,-3.504528316e-03
40.260000,-2.250848567e-03
40.265000,-1.333830939e-03
40.270000,-8.683474498e-04
40.275000,-8.883679033e-04
40.280000,-1.369011264e-03
40.285000,-2.248232016e-03
40.290000,-3.436174947e-03
40.295000,-4.811618504e-03
40.300000,-6.215460051e-03
40.305000,-7.455152246e-03
40.310000,-8.329355029e-03
40.315000,-8.671220026e-03
40.320000,-8.397119586e-03
40.325000,-7.541154391e-03
40.330000,-6.258087221e-03
40.335000,-4.788231962e-03
40.340000,-3.393069728e-03
40.345000,-2.283361865e-03
40.350000,-1.566072704e-03
40.355000,-1.229666654e-03
40.360000,-1.171618743e-03
40.365000,-1.254172542e-03
40.370000,-1.362921325e-03
40.375000,-1.443358484e-03
40.380000,-1.502846390e-03
40.385000,-1.583055379e-03
40.390000,-1.721590449e-03
40.395000,-1.924337896e-03
40.400000,-2.161345494e-03
40.405000,-2.384592841e-03
40.410000,-2.554428859e-03
40.415000,-2.658904637e-03
40.420000,-2.716872731e-03
40.425000,-2.766179238e-03
40.430000,-2.845611922e-03
40.435000,-2.979693930e-03
40.440000,-3.170421055e-03
40.445000,-3.394655151e-03
40.450000,-3.604482751e-03
40.455000,-3.730756829e-03
40.460000,-3.693496364e-03
40.465000,-3.422261047e-03
40.470000,-2.883752963e-03
40.475000,-2.106294008e-03
40.480000,-1.187619800e-03
40.485000,-2.776497764e-04
40.490000,4.600921251e-04
40.495000,8.928395533e-04
40.500000,9.492241057e-04
40.505000,6.239971125e-04
40.510000,-4.073136642e-05
40.515000,-9.822990691e-04
40.520000,-2.133796936e-03
40.525000,-3.420199743e-03
40.530000,-4.739917064e-03
40.535000,-5.949272586e-03
40.540000,-6.868269876e-03
40.545000,-7.314958122e-03
40.550000,-7.159204053e-03
40.555000,-6.374280960e-03
40.560000,-5.063307924e-03
40.565000,-3.447635909e-03
40.570000,-1.820039232e-03
40.575000,-4.789324400e-04
40.580000,3.350351824e-04
40.585000,4.826600651e-04
40.590000,-5.759967169e-05
40.595000,-1.198663625e-03
40.600000,-2.770669459e-03
40.605000,-4.553900908e-03
40.610000,-6.311594307e-03
40.615000,-7.819273296e-03
40.620000,-8.890243465e-03
40.625000,-9.397735668e-03
40.630000,-9.292886751e-03
40.635000,-8.615353115e-03
40.640000,-7.491627451e-03
40.645000,-6.116803005e-03
40.650000,-4.719346663e-03
40.655000,-3.514437488e-03
40.660000,-2.657045297e-03
40.665000,-2.208185632e-03
40.670000,-2.124984708e-03
40.675000,-2.278040996e-03
40.680000,-2.490996257e-03
40.685000,-2.590759813e-03
40.690000,-2.454689319e-03
40.695000,-2.043154781e-03
40.700000,-1.410505836e-03
40.705000,-6.925391516e-04
40.710000,-7.318602425e-05
40.715000,2.625955758e-04
40.720000,1.788285606e-04
40.725000,-3.718986672e-04
40.730000,-1.331477252e-03
40.735000,-2.548139667e-03
40.740000,-3.813564416e-03
40.745000,-4.912186137e-03
40.750000,-5.665519290e-03
40.755000,-5.958237192e-03
40.760000,-5.743004402e-03
40.765000,-5.031819708e-03
40.770000,-3.886390892e-03
40.775000,-2.415891990e-03
40.780000,-7.801910565e-04
40.785000,8.126108252e-04
40.790000,2.126850386e-03
40.795000,2.942171747e-03
40.800000,3.108658619e-03
40.805000,2.593434139e-03
40.810000,1.497344980e-03
40.815000,3.141526451e-05
40.820000,-1.539953759e-03
40.825000,-2.967647111e-03
40.830000,-4.072888262e-03
40.835000,-4.771111352e-03
40.840000,-5.062228549e-03
40.845000,-4.999146074e-03
40.850000,-4.652979763e-03
40.855000,-4.090249471e-03
40.860000,-3.367504076e-03
40.865000,-2.538321457e-03
40.870000,-1.661822273e-03
40.875000,-8.029423524e-04
40.880000,-2.120725751e-05
40.885000,6.472827171e-04
40.890000,1.204683723e-03
40.895000,1.693050138e-03
40.900000,2.178000055e-03
40.905000,2.717798903e-03
40.910000,3.328829851e-03
40.915000,3.961959934e-03
40.920000,4.501905640e-03
40.925000,4.793820428e-03
40.930000,4.690797810e-03
40.935000,4.106978383e-03
40.940000,3.057292198e-03
40.945000,1.668377874e-03
40.950000,1.548468740e-04
40.955000,-1.232754391e-03
40.960000,-2.271830715e-03
40.965000,-2.822860740e-03
40.970000,-2.858501196e-03
40.975000,-2.458980944e-03
40.980000,-1.778171367e-03
40.985000,-9.946239508e-04
40.990000,-2.657208631e-04
40.995000,3.005451680e-04
41.000000,6.509761934e-04
41.005000,7.751745487e-04
41.010000,6.882822715e-04
41.015000,4.201336878e-04
41.020000,1.537417579e-05
41.025000,-4.603696465e-04
41.030000,-9.190616154e-04
41.035000,-1.262605802e-03
41.040000,-1.409177018e-03
41.045000,-1.323081769e-03
41.050000,-1.032238359e-03
41.055000,-6.214474619e-04
41.060000,-2.018144500e-04
41.065000,1.298751911e-04
41.070000,3.216512632e-04
41.075000,3.717589884e-04
41.080000,3.083279935e-04
41.085000,1.577932624e-04
41.090000,-7.678520610e-05
41.095000,-4.125301917e-04
41.100000,-8.593254686e-04
41.105000,-1.384604621e-03
41.110000,-1.893237287e-03
41.115000,-2.238502618e-03
41.120000,-2.263818235e-03
41.125000,-1.858495289e-03
41.130000,-1.003406349e-03
41.135000,2.123754709e-04
41.140000,1.608882435e-03
41.145000,2.956784133e-03
41.150000,4.025815764e-03
41.155000,4.624911312e-03
41.160000,4.627589238e-03
41.165000,3.985066013e-03
41.170000,2.733240773e-03
41.175000,9.967688302e-04
41.180000,-1.012958450e-03
41.185000,-3.013749097e-03
41.190000,-4.689152301e-03
41.195000,-5.744960585e-03
41.200000,-5.974799811e-03
41.205000,-5.316056321e-03
41.210000,-3.876321213e-03
41.215000,-1.917759299e-03
41.220000,1.999021794e-04
41.225000,2.102783683e-03
41.230000,3.488170509e-03
41.235000,4.186541258e-03
41.240000,4.183691563e-03
41.245000,3.600769286e-03
41.250000,2.644365147e-03
41.255000,1.547169910e-03
41.260000,5.190623423e-04
41.265000,-2.800022798e-04
41.270000,-7.455593420e-04
41.275000,-8.218800301e-04
41.280000,-4.945223208e-04
41.285000,2.105115924e-04
41.290000,1.221476363e-03
41.295000,2.416440850e-03
41.300000,3.628558729e-03
41.305000,4.666496601e-03
41.310000,5.348881148e-03
41.315000,5.545150956e-03
41.320000,5.211500977e-03
41.325000,4.410764980e-03
41.330000,3.308676550e-03
41.335000,2.144778603e-03
41.340000,1.182907804e-03
41.345000,6.521754669e-04
41.350000,6.930557894e-04
41.355000,1.323024286e-03
41.360000,2.431461897e-03
41.365000,3.805229634e-03
41.370000,5.177206647e-03
41.375000,6.283740936e-03
41.380000,6.915951723e-03
41.385000,6.954208260e-03
41.390000,6.382305712e-03
41.395000,5.284086553e-03
41.400000,3.827771916e-03
41.405000,2.241944771e-03
41.410000,7.843460458e-04
41.415000,-2.964506072e-04
41.420000,-8.041508948e-04
41.425000,-6.356879321e-04
41.430000,1.907792541e-04
41.435000,1.531426223e-03
41.440000,3.141112244e-03
41.445000,4.722906092e-03
41.450000,5.990676117e-03
41.455000,6.728267598e-03
41.460000,6.830349187e-03
41.465000,6.316476501e-03
41.470000,5.318221730e-03
41.475000,4.045949074e-03
41.480000,2.744910924e-03
41.485000,1.649814272e-03
41.490000,9.445170468e-04
41.495000,7.311280847e-04
41.500000,1.011716216e-03
41.505000,1.685820272e-03
41.510000,2.566566678e-03
41.515000,3.415905816e-03
41.520000,3.994820155e-03
41.525000,4.118622610e-03
41.530000,3.703317307e-03
41.535000,2.789159513e-03
41.540000,1.533159709e-03
41.545000,1.718459257e-04
41.550000,-1.034627011e-03
41.555000,-1.860245093e-03
41.560000,-2.156951096e-03
41.565000,-1.875563206e-03
41.570000,-1.063998887e-03
41.575000,1.501776764e-04
41.580000,1.584258249e-03
41.585000,3.026450063e-03
41.590000,4.262550104e-03
41.595000,5.104413763e-03
41.600000,5.419387820e-03
41.605000,5.155388302e-03
41.610000,4.353210307e-03
41.615000,3.139292269e-03
41.620000,1.698776206e-03
41.625000,2.369727420e-04
41.630000,-1.057690173e-03
41.635000,-2.037796920e-03
41.640000,-2.604304418e-03
41.645000,-2.702371764e-03
41.650000,-2.315940038e-03
41.655000,-1.469231874e-03
41.660000,-2.354627477e-04
41.665000,1.255470405e-03
41.670000,2.822024614e-03
41.675000,4.256134960e-03
41.680000,5.365627366e-03
41.685000,6.020724145e-03
41.690000,6.186792286e-03
41.695000,5.929504428e-03
41.700000,5.389555245e-03
41.705000,4.736638632e-03
41.710000,4.120462896e-03
41.715000,3.636497108e-03
41.720000,3.316349308e-03
41.725000,3.141268882e-03
41.730000,3.067780601e-03
41.735000,3.051166021e-03
41.740000,3.056470610e-03
41.745000,3.055439213e-03
41.750000,3.016524345e-03
41.755000,2.899207581e-03
41.760000,2.661057437e-03
41.765000,2.277586450e-03
41.770000,1.765558261e-03
41.775000,1.195374784e-03
41.780000,6.810413689e-04
41.785000,3.463720736e-04
41.790000,2.787686358e-04
41.795000,4.903476196e-04
41.800000,9.053085580e-04
41.805000,1.381795027e-03
41.810000,1.760933002e-03
41.815000,1.922999772e-03
41.820000,1.827341997e-03
41.825000,1.520457555e-03
41.830000,1.111497155e-03
41.835000,7.286807084e-04
41.840000,4.767681754e-04
41.845000,4.121657221e-04
41.850000,5.413778221e-04
41.855000,8.367243804e-04
41.860000,1.256635982e-03
41.865000,1.758985048e-03
41.870000,2.302897702e-03
41.875000,2.842601272e-03
41.880000,3.321540867e-03
41.885000,3.674265842e-03
41.890000,3.838621655e-03
41.895000,3.774697690e-03
41.900000,3.482863427e-03
41.905000,3.012688437e-03
41.910000,2.457421223e-03
41.915000,1.933644215e-03
41.920000,1.550983872e-03
41.925000,1.380704628e-03
41.930000,1.433339391e-03
41.935000,1.653441250e-03
41.940000,1.934288558e-03
41.945000,2.148478927e-03
41.950000,2.184457702e-03
41.955000,1.976847372e-03
41.960000,1.521243738e-03
41.965000,8.707616909e-04
41.970000,1.187974628e-04
41.975000,-6.234020399e-04
41.980000,-1.246564318e-03
41.985000,-1.657411265e-03
41.990000,-1.788665433e-03
41.995000,-1.608708582e-03
42.000000,-1.132085962e-03
42.005000,-4.271971221e-04
42.010000,3.857971259e-04
42.015000,1.152387187e-03
42.020000,1.715658216e-03
42.025000,1.954072821e-03
42.030000,1.811746860e-03
42.035000,1.309740314e-03
42.040000,5.347706746e-04
42.045000,-3.884939896e-04
42.050000,-1.329130251e-03
42.055000,-2.173680196e-03
42.060000,-2.836379723e-03
42.065000,-3.258556572e-03
42.070000,-3.404794866e-03
42.075000,-3.262542767e-03
42.080000,-2.846349141e-03
42.085000,-2.202022883e-03
42.090000,-1.403946503e-03
42.095000,-5.420623534e-04
42.100000,2.984530226e-04
42.105000,1.056444850e-03
42.110000,1.704031146e-03
42.115000,2.241790926e-03
42.120000,2.683289105e-03
42.125000,3.037869495e-03
42.130000,3.300939775e-03
42.135000,3.455960138e-03
42.140000,3.485201972e-03
42.145000,3.381441897e-03
42.150000,3.152950698e-03
42.155000,2.819037825e-03
42.160000,2.399739503e-03
42.165000,1.906953389e-03
42.170000,1.343171606e-03
42.175000,7.088334127e-04
42.180000,1.358907633e-05
42.185000,-7.158823315e-04
42.190000,-1.436779274e-03
42.195000,-2.099671283e-03
42.200000,-2.661197196e-03
42.205000,-3.092877566e-03
42.210000,-3.381863468e-03
42.215000,-3.525076492e-03
42.220000,-3.522842046e-03
42.225000,-3.378599095e-03
42.230000,-3.106965442e-03
42.235000,-2.745789028e-03
42.240000,-2.362958933e-03
42.245000,-2.049089027e-03
42.250000,-1.893319830e-03
42.255000,-1.948677839e-03
42.260000,-2.200959227e-03
42.265000,-2.556701409e-03
42.270000,-2.859928998e-03
42.275000,-2.936083645e-03
42.280000,-2.649666398e-03
42.285000,-1.954959111e-03
42.290000,-9.201716020e-04
42.295000,2.855412462e-04
42.300000,1.439032861e-03
42.305000,2.328112540e-03
42.310000,2.811822727e-03
42.315000,2.855565844e-03
42.320000,2.530720309e-03
42.325000,1.982157202e-03
42.330000,1.378656912e-03
42.335000,8.658008256e-04
42.340000,5.368719352e-04
42.345000,4.270570580e-04
42.350000,5.251153654e-04
42.355000,7.902417003e-04
42.360000,1.163073317e-03
42.365000,1.567409668e-03
42.370000,1.908389441e-03
42.375000,2.077811505e-03
42.380000,1.974571860e-03
42.385000,1.538852523e-03
42.390000,7.878688776e-04
42.395000,-1.648618767e-04
42.400000,-1.121445045e-03
42.405000,-1.845565955e-03
42.410000,-2.130223620e-03
42.415000,-1.864009014e-03
42.420000,-1.071392552e-03
42.425000,8.826868790e-05
42.430000,1.362680474e-03
42.435000,2.474248424e-03
42.440000,3.190201457e-03
42.445000,3.373774464e-03
42.450000,3.004604957e-03
42.455000,2.168780329e-03
42.460000,1.028403687e-03
42.465000,-2.162254930e-04
42.470000,-1.361601425e-03
42.475000,-2.228979066e-03
42.480000,-2.686312642e-03
42.485000,-2.666677783e-03
42.490000,-2.183187585e-03
42.495000,-1.336041405e-03
42.500000,-3.045061717e-04
42.505000,6.818920765e-04
42.510000,1.392329139e-03
42.515000,1.654131351e-03
42.520000,1.405523821e-03
42.525000,7.226859955e-04
42.530000,-1.918677641e-04
42.535000,-1.060121337e-03
42.540000,-1.604881347e-03
42.545000,-1.627763779e-03
42.550000,-1.063657518e-03
42.555000,5.170557795e-06
42.560000,1.377423129e-03
42.565000,2.790703712e-03
42.570000,3.987181147e-03
42.575000,4.765519507e-03
42.580000,5.006433307e-03
42.585000,4.671875454e-03
42.590000,3.788331164e-03
42.595000,2.428465018e-03
42.600000,7.014435741e-04
42.605000,-1.246624750e-03
42.610000,-3.229561019e-03
42.615000,-5.026874673e-03
42.620000,-6.407186992e-03
42.625000,-7.169593073e-03
42.630000,-7.193090571e-03
42.635000,-6.477367521e-03
42.640000,-5.158255571e-03
42.645000,-3.488502996e-03
42.650000,-1.786379462e-03
42.655000,-3.661107758e-04
42.660000,5.294926606e-04
42.665000,7.751075435e-04
42.670000,3.766437547e-04
42.675000,-5.470692870e-04
42.680000,-1.804546295e-03
42.685000,-3.178925548e-03
42.690000,-4.468561837e-03
42.695000,-5.512911949e-03
42.700000,-6.202703819e-03
42.705000,-6.478738266e-03
42.710000,-6.325774426e-03
42.715000,-5.766893850e-03
42.720000,-4.860776371e-03
42.725000,-3.701000243e-03
42.730000,-2.414025278e-03
42.735000,-1.151672658e-03
42.740000,-7.502018521e-05
42.745000,6.703828702e-04
42.750000,9.839080438e-04
42.755000,8.359042779e-04
42.760000,2.808774072e-04
42.765000,-5.495117734e-04
42.770000,-1.474808088e-03
42.775000,-2.308661323e-03
42.780000,-2.903089536e-03
42.785000,-3.179555736e-03
42.790000,-3.137152828e-03
42.795000,-2.837406449e-03
42.800000,-2.374522828e-03
42.805000,-1.844797000e-03
42.810000,-1.327023036e-03
42.815000,-8.783267540e-04
42.820000,-5.410194005e-04
42.825000,-3.506503081e-04
42.830000,-3.362207707e-04
42.835000,-5.097977644e-04
42.840000,-8.507746866e-04
42.845000,-1.295108350e-03
42.850000,-1.739044482e-03
42.855000,-2.060422359e-03
42.860000,-2.151945283e-03
42.865000,-1.954326648e-03
42.870000,-1.476286632e-03
42.875000,-7.934524415e-04
42.880000,-2.681052357e-05
42.885000,6.906205169e-04
42.890000,1.246398045e-03
42.895000,1.569832830e-03
42.900000,1.637120131e-03
42.905000,1.462994708e-03
42.910000,1.086319228e-03
42.915000,5.575488693e-04
42.920000,-6.738789479e-05
42.925000,-7.272746508e-04
42.930000,-1.354085333e-03
42.935000,-1.874563798e-03
42.940000,-2.217207541e-03
42.945000,-2.323202944e-03
42.950000,-2.157252285e-03
42.955000,-1.714263749e-03
42.960000,-1.020272400e-03
42.965000,-1.289582340e-04
42.970000,8.833234497e-04
42.975000,1.921958804e-03
42.980000,2.878452486e-03
42.985000,3.637539550e-03
42.990000,4.089887307e-03
42.995000,4.150619306e-03
43.000000,3.779837950e-03
43.005000,2.998195275e-03
43.010000,1.890422308e-03
43.015000,5.931082399e-04
43.020000,-7.314073200e-04
43.025000,-1.927884577e-03
43.030000,-2.877992511e-03
43.035000,-3.518396671e-03
43.040000,-3.842742840e-03
43.045000,-3.888839004e-03
43.050000,-3.717214010e-03
43.055000,-3.389567409e-03
43.060000,-2.954704394e-03
43.065000,-2.445823844e-03
43.070000,-1.887940618e-03
43.075000,-1.309769976e-03
43.080000,-7.524621655e-04
43.085000,-2.691459771e-04
43.090000,8.614528065e-05
43.095000,2.758947032e-04
43.100000,2.945490977e-04
43.105000,1.734870639e-04
43.110000,-2.883771294e-05
43.115000,-2.491232386e-04
43.120000,-4.451134080e-04
43.125000,-6.138757667e-04
43.130000,-7.936911021e-04
43.135000,-1.047372452e-03
43.140000,-1.432560644e-03
43.145000,-1.970039816e-03
43.150000,-2.622172163e-03
43.155000,-3.290002733e-03
43.160000,-3.831115826e-03
43.165000,-4.093481559e-03
43.170000,-3.955598173e-03
43.175000,-3.361516305e-03
43.180000,-2.341000488e-03
43.185000,-1.009407740e-03
43.190000,4.524863767e-04
43.195000,1.833140461e-03
43.200000,2.930346452e-03
43.205000,3.587198541e-03
43.210000,3.716721636e-03
43.215000,3.312057246e-03
43.220000,2.443091301e-03
43.225000,1.242680396e-03
43.230000,-1.142224757e-04
43.235000,-1.436238324e-03
43.240000,-2.544207877e-03
43.245000,-3.299909113e-03
43.250000,-3.629776790e-03
43.255000,-3.537172026e-03
43.260000,-3.098135075e-03
43.265000,-2.440214307e-03
43.270000,-1.710166502e-03
43.275000,-1.040844675e-03
43.280000,-5.276505278e-04
43.285000,-2.200986945e-04
43.290000,-1.267864993e-04
43.295000,-2.264361753e-04
43.300000,-4.768582570e-04
43.305000,-8.179496770e-04
43.310000,-1.171293160e-03
43.315000,-1.443263822e-03
43.320000,-1.537774128e-03
43.325000,-1.379130079e-03
43.330000,-9.382924752e-04
43.335000,-2.515604830e-04
43.340000,5.779200628e-04
43.345000,1.398930313e-03
43.350000,2.046194167e-03
43.355000,2.378982577e-03
43.360000,2.313034514e-03
43.365000,1.838403927e-03
43.370000,1.021438116e-03
43.375000,-6.684160539e-06
43.380000,-1.071047658e-03
43.385000,-1.980615048e-03
43.390000,-2.559953856e-03
43.395000,-2.681796614e-03
43.400000,-2.294866461e-03
43.405000,-1.439559174e-03
43.410000,-2.449098965e-04
43.415000,1.095293928e-03
43.420000,2.362648524e-03
43.425000,3.359838402e-03
43.430000,3.948874371e-03
43.435000,4.071576688e-03
43.440000,3.748741405e-03
43.445000,3.062059236e-03
43.450000,2.127967229e-03
43.455000,1.073171217e-03
43.460000,1.789030537e-05
43.465000,-9.327049886e-04
43.470000,-1.692786783e-03
43.475000,-2.200847612e-03
43.480000,-2.427732368e-03
43.485000,-2.385655208e-03
43.490000,-2.132587142e-03
43.495000,-1.766044477e-03
43.500000,-1.403763946e-03
43.505000,-1.154593084e-03
43.510000,-1.088338326e-03
43.515000,-1.215460097e-03
43.520000,-1.484949914e-03
43.525000,-1.802223678e-03
43.530000,-2.061100313e-03
43.535000,-2.178310655e-03
43.540000,-2.118038788e-03
43.545000,-1.898207687e-03
43.550000,-1.577742815e-03
43.555000,-1.231571445e-03
43.560000,-9.243858246e-04
43.565000,-6.934934829e-04
43.570000,-5.459645022e-04
43.575000,-4.683078271e-04
43.580000,-4.413786624e-04
43.585000,-4.516701804e-04
43.590000,-4.931534925e-04
43.595000,-5.597543032e-04
43.600000,-6.342994879e-04
43.605000,-6.822847788e-04
43.610000,-6.566387879e-04
43.615000,-5.137300624e-04
43.620000,-2.341837339e-04
43.625000,1.617480217e-04
43.630000,6.131579984e-04
43.635000,1.034470826e-03
43.640000,1.343004066e-03
43.645000,1.486832306e-03
43.650000,1.461263531e-03
43.655000,1.307529481e-03
43.660000,1.095514617e-03
43.665000,8.991581763e-04
43.670000,7.751250390e-04
43.675000,7.518861758e-04
43.680000,8.300094530e-04
43.685000,9.891982473e-04
43.690000,1.196296166e-03
43.695000,1.411123673e-03
43.700000,1.590982133e-03
43.705000,1.696627623e-03
43.710000,1.700909057e-03
43.715000,1.597437741e-03
43.720000,1.403930663e-03
43.725000,1.156058198e-03
43.730000,8.927662979e-04
43.735000,6.400297866e-04
43.740000,4.025183719e-04
43.745000,1.692268468e-04
43.750000,-6.891909477e-05
43.755000,-2.994262250e-04
43.760000,-4.791949388e-04
43.765000,-5.438515662e-04
43.770000,-4.331824376e-04
43.775000,-1.208984091e-04
43.780000,3.663633819e-04
43.785000,9.509705335e-04
43.790000,1.526930873e-03
43.795000,1.992989213e-03
43.800000,2.281677032e-03
43.805000,2.373069436e-03
43.810000,2.290269060e-03
43.815000,2.081999528e-03
43.820000,1.801976333e-03
43.825000,1.493710423e-03
43.830000,1.184901914e-03
43.835000,8.906814893e-04
43.840000,6.218941645e-04
43.845000,3.938067110e-04
43.850000,2.312100893e-04
43.855000,1.670786094e-04
43.860000,2.337402468e-04
43.865000,4.482945903e-04
43.870000,7.974534898e-04
43.875000,1.229421617e-03
43.880000,1.659645376e-03
43.885000,1.992186975e-03
43.890000,2.150708857e-03
43.895000,2.106578201e-03
43.900000,1.890679561e-03
43.905000,1.581819150e-03
43.910000,1.275588763e-03
43.915000,1.047500531e-03
43.920000,9.273970954e-04
43.925000,8.964256700e-04
43.930000,9.061682360e-04
43.935000,9.083075444e-04
43.940000,8.786952337e-04
43.945000,8.241596011e-04
43.950000,7.709081805e-04
43.955000,7.436541794e-04
43.960000,7.488069163e-04
43.965000,7.712541566e-04
43.970000,7.852545539e-04
43.975000,7.714080712e-04
43.980000,7.285730433e-04
43.985000,6.734125245e-04
43.990000,6.283076768e-04
43.995000,6.056884882e-04
44.000000,5.991074671e-04
44.005000,5.874012875e-04
44.010000,5.504167134e-04
44.015000,4.875071999e-04
44.020000,4.274445850e-04
44.025000,4.221100241e-04
44.030000,5.245938874e-04
44.035000,7.609913775e-04
44.040000,1.109712338e-03
44.045000,1.499889811e-03
44.050000,1.832100686e-03
44.055000,2.013875093e-03
44.060000,1.994613791e-03
44.065000,1.783741332e-03
44.070000,1.443109629e-03
44.075000,1.056736624e-03
44.080000,6.921039814e-04
44.085000,3.717483604e-04
44.090000,6.917539930e-05
44.095000,-2.687396415e-04
44.100000,-6.839016228e-04
44.105000,-1.172619171e-03
44.110000,-1.672194485e-03
44.115000,-2.075972692e-03
44.120000,-2.270848856e-03
44.125000,-2.180911113e-03
44.130000,-1.798551554e-03
44.135000,-1.190604141e-03
44.140000,-4.782934104e-04
44.145000,1.995891741e-04
44.150000,7.254546681e-04
44.155000,1.030185084e-03
44.160000,1.101864378e-03
44.165000,9.767371132e-04
44.170000,7.189288107e-04
44.175000,3.975167903e-04
44.180000,6.822474710e-05
44.185000,-2.361084317e-04
44.190000,-5.054470360e-04
44.195000,-7.446189502e-04
44.200000,-9.609911021e-04
44.205000,-1.152198278e-03
44.210000,-1.298500218e-03
44.215000,-1.363300900e-03
44.220000,-1.302900808e-03
44.225000,-1.083039812e-03
44.230000,-6.964176137e-04
44.235000,-1.737903939e-04
44.240000,4.173181280e-04
44.245000,9.877958693e-04
44.250000,1.451634694e-03
44.255000,1.751095042e-03
44.260000,1.872301529e-03
44.265000,1.844782124e-03
44.270000,1.725222265e-03
44.275000,1.572559689e-03
44.280000,1.425149739e-03
44.285000,1.289290913e-03
44.290000,1.142712308e-03
44.295000,9.496895180e-04
44.300000,6.798237262e-04
44.305000,3.222986717e-04
44.310000,-1.088451686e-04
44.315000,-5.778275673e-04
44.320000,-1.034717525e-03
44.325000,-1.423549434e-03
44.330000,-1.689522984e-03
44.335000,-1.786450295e-03
44.340000,-1.686044169e-03
44.345000,-1.388394318e-03
44.350000,-9.297115283e-04
44.355000,-3.818077667e-04
44.360000,1.603633577e-04
44.365000,6.018423008e-04
44.370000,8.746711859e-04
44.375000,9.589313447e-04
44.380000,8.892981230e-04
44.385000,7.438471120e-04
44.390000,6.185789271e-04
44.395000,5.963504371e-04
44.400000,7.205909684e-04
44.405000,9.820866482e-04
44.410000,1.322481236e-03
44.415000,1.652824469e-03
44.420000,1.881122954e-03
44.425000,1.940433936e-03
44.430000,1.809045480e-03
44.435000,1.516704945e-03
44.440000,1.135162282e-03
44.445000,7.563081077e-04
44.450000,4.652321935e-04
44.455000,3.170278570e-04
44.460000,3.244495643e-04
44.465000,4.593111530e-04
44.470000,6.656275781e-04
44.475000,8.789675185e-04
44.480000,1.045444653e-03
44.485000,1.135053133e-03
44.490000,1.146534883e-03
44.495000,1.103489309e-03
44.500000,1.043456485e-03
44.505000,1.003273685e-03
44.510000,1.005179190e-03
44.515000,1.048468418e-03
44.520000,1.110200785e-03
44.525000,1.155190687e-03
44.530000,1.151249105e-03
44.535000,1.082551282e-03
44.540000,9.543068190e-04
44.545000,7.862062634e-04
44.550000,5.985070779e-04
44.555000,3.994235894e-04
44.560000,1.824178805e-04
44.565000,-6.355718645e-05
44.570000,-3.359840110e-04
44.575000,-6.039324736e-04
44.580000,-8.072594865e-04
44.585000,-8.738489421e-04
44.590000,-7.490535767e-04
44.595000,-4.242270612e-04
44.600000,4.928531982e-05
44.605000,5.677968853e-04
44.610000,1.001794082e-03
44.615000,1.230693578e-03
44.620000,1.173204186e-03
44.625000,8.046208332e-04
44.630000,1.591573891e-04
44.635000,-6.791327953e-04
44.640000,-1.591661568e-03
44.645000,-2.443339224e-03
44.650000,-3.102279528e-03
44.655000,-3.460776541e-03
44.660000,-3.455409977e-03
44.665000,-3.081607357e-03
44.670000,-2.397187221e-03
44.675000,-1.511791909e-03
44.680000,-5.639628195e-04
44.685000,3.075910537e-04
44.690000,9.898889911e-04
44.695000,1.411831426e-03
44.700000,1.548199336e-03
44.705000,1.413850802e-03
44.710000,1.053125647e-03
44.715000,5.291304522e-04
44.720000,-8.487801396e-05
44.725000,-7.124703362e-04
44.730000,-1.281089374e-03
44.735000,-1.730188515e-03
44.740000,-2.019642638e-03
44.745000,-2.135983977e-03
44.750000,-2.093733755e-03
44.755000,-1.930432391e-03
44.760000,-1.696273160e-03
44.765000,-1.441378381e-03
44.770000,-1.204686702e-03
44.775000,-1.007688792e-03
44.780000,-8.541712116e-04
44.785000,-7.346505803e-04
44.790000,-6.324735732e-04
44.795000,-5.284804183e-04
44.800000,-4.027615513e-04
44.805000,-2.345324837e-04
44.810000,-3.057058735e-06
44.815000,3.074637865e-04
44.820000,6.984357344e-04
44.825000,1.145875983e-03
44.830000,1.593817997e-03
44.835000,1.958189211e-03
44.840000,2.143768800e-03
44.845000,2.070906889e-03
44.850000,1.703090832e-03
44.855000,1.064270621e-03
44.860000,2.377797847e-04
44.865000,-6.541540960e-04
44.870000,-1.483128195e-03
44.875000,-2.147116856e-03
44.880000,-2.590902576e-03
44.885000,-2.808369638e-03
44.890000,-2.829062669e-03
44.895000,-2.697995280e-03
44.900000,-2.459166620e-03
44.905000,-2.149167960e-03
44.910000,-1.800255990e-03
44.915000,-1.446495311e-03
44.920000,-1.125333123e-03
44.925000,-8.708091478e-04
44.930000,-7.010227815e-04
44.935000,-6.074356567e-04
44.940000,-5.539140418e-04
44.945000,-4.887152378e-04
44.950000,-3.655191170e-04
44.955000,-1.641999462e-04
44.960000,9.851260466e-05
44.965000,3.736379641e-04
44.970000,5.976159775e-04
44.975000,7.148443024e-04
44.980000,6.953353740e-04
44.985000,5.411438232e-04
44.990000,2.813013543e-04
44.995000,-3.976089757e-05
45.000000,-3.736260899e-04
45.005000,-6.747160972e-04
45.010000,-9.023790933e-04
45.015000,-1.021499058e-03
45.020000,-1.005359234e-03
45.025000,-8.419839081e-04
45.030000,-5.415485203e-04
45.035000,-1.401984261e-04
45.040000,3.036497761e-04
45.045000,7.210015647e-04
45.050000,1.048234361e-03
45.055000,1.241048804e-03
45.060000,1.280886885e-03
45.065000,1.171959529e-03
45.070000,9.316969177e-04
45.075000,5.805368386e-04
45.080000,1.367662821e-04
45.085000,-3.812821509e-04
45.090000,-9.480938189e-04
45.095000,-1.524620312e-03
45.100000,-2.058355716e-03
45.105000,-2.491933894e-03
45.110000,-2.777292163e-03
45.115000,-2.888863175e-03
45.120000,-2.829366705e-03
45.125000,-2.625673789e-03
45.130000,-2.317679937e-03
45.135000,-1.946837748e-03
45.140000,-1.550574539e-03
45.145000,-1.164376714e-03
45.150000,-8.275833288e-04
45.155000,-5.856545297e-04
45.160000,-4.832948232e-04
45.165000,-5.487286531e-04
45.170000,-7.761783694e-04
45.175000,-1.116840494e-03
45.180000,-1.485892976e-03
45.185000,-1.785351850e-03
45.190000,-1.934119486e-03
45.195000,-1.892234283e-03
45.200000,-1.668807398e-03
45.205000,-1.311170127e-03
45.210000,-8.818899943e-04
45.215000,-4.355029782e-04
45.220000,-5.412581255e-06
45.225000,3.953405102e-04
45.230000,7.636109458e-04
45.235000,1.094605095e-03
45.240000,1.376729927e-03
45.245000,1.594882942e-03
45.250000,1.738316505e-03
45.255000,1.806521665e-03
45.260000,1.808504706e-03
45.265000,1.755748199e-03
45.270000,1.653652009e-03
45.275000,1.497415643e-03
45.280000,1.275525160e-03
45.285000,9.791800350e-04
45.290000,6.122779087e-04
45.295000,1.962745990e-04
45.300000,-2.325894534e-04
45.305000,-6.316930515e-04
45.310000,-9.611165271e-04
45.315000,-1.188871179e-03
45.320000,-1.291117483e-03
45.325000,-1.250189372e-03
45.330000,-1.055048806e-03
45.335000,-7.070314387e-04
45.340000,-2.293430558e-04
45.345000,3.254829917e-04
45.350000,8.770804751e-04
45.355000,1.331330825e-03
45.360000,1.604350192e-03
45.365000,1.647752201e-03
45.370000,1.464487507e-03
45.375000,1.107925234e-03
45.380000,6.641713358e-04
45.385000,2.251362272e-04
45.390000,-1.364183636e-04
45.395000,-3.806045726e-04
45.400000,-5.000367715e-04
45.405000,-5.095473714e-04
45.410000,-4.339697651e-04
45.415000,-3.006963750e-04
45.420000,-1.386982426e-04
45.425000,1.956476943e-05
45.430000,1.389669736e-04
45.435000,1.885470022e-04
45.440000,1.526068909e-04
45.445000,4.015123355e-05
45.450000,-1.136972605e-04
45.455000,-2.568657926e-04
45.460000,-3.368693389e-04
45.465000,-3.173155856e-04
45.470000,-1.869536758e-04
45.475000,4.199558267e-05
45.480000,3.436629519e-04
45.485000,6.898912857e-04
45.490000,1.056512596e-03
45.495000,1.421766287e-03
45.500000,1.759360339e-03
45.505000,2.032275621e-03
45.510000,2.193341695e-03
45.515000,2.195020553e-03
45.520000,2.005752038e-03
45.525000,1.626305315e-03
45.530000,1.098725413e-03
45.535000,5.029421253e-04
45.540000,-5.931043368e-05
45.545000,-4.889036965e-04
45.550000,-7.146363530e-04
45.555000,-7.116086504e-04
45.560000,-5.069358152e-04
45.565000,-1.710006896e-04
45.570000,2.031245940e-04
45.575000,5.258352142e-04
45.580000,7.347448353e-04
45.585000,8.087930233e-04
45.590000,7.685781006e-04
45.595000,6.633770516e-04
45.600000,5.499101215e-04
45.605000,4.708409533e-04
45.610000,4.410247688e-04
45.615000,4.463812052e-04
45.620000,4.550236862e-04
45.625000,4.350337251e-04
45.630000,3.703973429e-04
45.635000,2.676402634e-04
45.640000,1.503661227e-04
45.645000,4.507261029e-05
45.650000,-3.386160964e-05
45.655000,-9.180074839e-05
45.660000,-1.501259529e-04
45.665000,-2.338042763e-04
45.670000,-3.580418531e-04
45.675000,-5.222827656e-04
45.680000,-7.150605016e-04
45.685000,-9.259410615e-04
45.690000,-1.155574572e-03
45.695000,-1.415329607e-03
45.700000,-1.714377412e-03
45.705000,-2.040810808e-03
45.710000,-2.348935818e-03
45.715000,-2.563285995e-03
45.720000,-2.601402212e-03
45.725000,-2.406598588e-03
45.730000,-1.975175688e-03
45.735000,-1.364119946e-03
45.740000,-6.746947196e-04
45.745000,-1.931608461e-05
45.750000,5.130032143e-04
45.755000,8.778048775e-04
45.760000,1.076170573e-03
45.765000,1.139444337e-03
45.770000,1.108695390e-03
45.775000,1.019942421e-03
45.780000,9.000888364e-04
45.785000,7.708426228e-04
45.790000,6.534964404e-04
45.795000,5.685502051e-04
45.800000,5.292573176e-04
45.805000,5.334051945e-04
45.810000,5.595211223e-04
45.815000,5.713038465e-04
45.820000,5.293329930e-04
45.825000,4.051692893e-04
45.830000,1.920660982e-04
45.835000,-9.130311308e-05
45.840000,-4.042682533e-04
45.845000,-6.924165481e-04
45.850000,-8.978623464e-04
45.855000,-9.696797942e-04
45.860000,-8.736673121e-04
45.865000,-6.006662688e-04
45.870000,-1.718430647e-04
45.875000,3.613025362e-04
45.880000,9.238639119e-04
45.885000,1.431053167e-03
45.890000,1.805437658e-03
45.895000,1.993253731e-03
45.900000,1.975199308e-03
45.905000,1.768929063e-03
45.910000,1.423190598e-03
45.915000,1.005940034e-03
45.920000,5.900047587e-04
45.925000,2.397521865e-04
45.930000,1.192815344e-06
45.935000,-1.033711501e-04
45.940000,-7.613766926e-05
45.945000,5.931691291e-05
45.950000,2.641595492e-04
45.955000,4.924362041e-04
45.960000,7.001388062e-04
45.965000,8.538756377e-04
45.970000,9.375010811e-04
45.975000,9.549713973e-04
45.980000,9.282120804e-04
45.985000,8.900843441e-04
45.990000,8.743169536e-04
45.995000,9.057196413e-04
46.000000,9.941847657e-04
46.005000,1.134475459e-03
46.010000,1.311107172e-03
46.015000,1.505135609e-03
46.020000,1.698885750e-03
46.025000,1.876264103e-03
46.030000,2.019514759e-03
46.035000,2.106172273e-03
46.040000,2.110544285e-03
46.045000,2.011594152e-03
46.050000,1.804761542e-03
46.055000,1.511610126e-03
46.060000,1.180686620e-03
46.065000,8.764208794e-04
46.070000,6.587826694e-04
46.075000,5.616268723e-04
46.080000,5.792265464e-04
46.085000,6.673070806e-04
46.090000,7.584305601e-04
46.095000,7.851285439e-04
46.100000,7.010412351e-04
46.105000,4.919863663e-04
46.110000,1.742655589e-04
46.115000,-2.163775558e-04
46.120000,-6.381077036e-04
46.125000,-1.052128747e-03
46.130000,-1.424998763e-03
46.135000,-1.726320258e-03
46.140000,-1.926757298e-03
46.145000,-2.000523745e-03
46.150000,-1.932755727e-03
46.155000,-1.727944872e-03
46.160000,-1.413627207e-03
46.165000,-1.035261150e-03
46.170000,-6.429382038e-04
46.175000,-2.756280014e-04
46.180000,4.899261168e-05
46.185000,3.331631646e-04
46.190000,5.859625680e-04
46.195000,8.049903171e-04
46.200000,9.630404944e-04
46.205000,1.008578097e-03
46.210000,8.825044912e-04
46.215000,5.454423630e-04
46.220000,3.741420093e-06
46.225000,-6.782026440e-04
46.230000,-1.386389869e-03
46.235000,-1.984676867e-03
46.240000,-2.351405582e-03
46.245000,-2.411718718e-03
46.250000,-2.154413037e-03
46.255000,-1.629037235e-03
46.260000,-9.268506517e-04
46.265000,-1.545903704e-04
46.270000,5.892462674e-04
46.275000,1.229263693e-03
46.280000,1.717977222e-03
46.285000,2.033493125e-03
46.290000,2.174354621e-03
46.295000,2.154554963e-03
46.300000,1.999312125e-03
46.305000,1.740567266e-03
46.310000,1.411341027e-03
46.315000,1.039678721e-03
46.320000,6.445189100e-04
46.325000,2.359817597e-04
46.330000,-1.791822176e-04
46.335000,-5.890579453e-04
46.340000,-9.692048098e-04
46.345000,-1.280812417e-03
46.350000,-1.476412512e-03
46.355000,-1.511627085e-03
46.360000,-1.358536670e-03
46.365000,-1.015581513e-03
46.370000,-5.107251368e-04
46.375000,1.022617272e-04
46.380000,7.519592208e-04
46.385000,1.358796370e-03
46.390000,1.844066686e-03
46.395000,2.138595581e-03
46.400000,2.192164270e-03
46.405000,1.983886240e-03
46.410000,1.531473022e-03
46.415000,8.953563512e-04
46.420000,1.736285979e-04
46.425000,-5.137084853e-04
46.430000,-1.048620697e-03
46.435000,-1.340857849e-03
46.440000,-1.348209207e-03
46.445000,-1.085335103e-03
46.450000,-6.190584954e-04
46.455000,-5.211777955e-05
46.460000,4.997407217e-04
46.465000,9.315291152e-04
46.470000,1.168594033e-03
46.475000,1.178603593e-03
46.480000,9.744299612e-04
46.485000,6.082439936e-04
46.490000,1.588290014e-04
46.495000,-2.845629006e-04
46.500000,-6.380097799e-04
46.505000,-8.353095026e-04
46.510000,-8.356753633e-04
46.515000,-6.273966299e-04
46.520000,-2.290687540e-04
46.525000,3.106931948e-04
46.530000,9.159843224e-04
46.535000,1.491211471e-03
46.540000,1.935593102e-03
46.545000,2.163795336e-03
46.550000,2.127956050e-03
46.555000,1.833526359e-03
46.560000,1.341836806e-03
46.565000,7.565456798e-04
46.570000,1.974266566e-04
46.575000,-2.297984028e-04
46.580000,-4.574212161e-04
46.585000,-4.664563831e-04
46.590000,-2.830486735e-04
46.595000,3.477102975e-05
46.600000,4.127764844e-04
46.605000,7.729901192e-04
46.610000,1.041332507e-03
46.615000,1.152896514e-03
46.620000,1.058587248e-03
46.625000,7.348643601e-04
46.630000,1.944200883e-04
46.635000,-5.075603884e-04
46.640000,-1.277151187e-03
46.645000,-1.997796475e-03
46.650000,-2.555836636e-03
46.655000,-2.867829148e-03
46.660000,-2.900412304e-03
46.665000,-2.675829770e-03
46.670000,-2.261608270e-03
46.675000,-1.748832111e-03
46.680000,-1.227332213e-03
46.685000,-7.662952650e-04
46.690000,-4.054632307e-04
46.695000,-1.570207798e-04
46.700000,-1.394311473e-05
46.705000,4.105166266e-05
46.710000,3.025512566e-05
46.715000,-1.981772990e-05
46.720000,-7.741329318e-05
46.725000,-1.067075028e-04
46.730000,-7.366581431e-05
46.735000,4.426577923e-05
46.740000,2.487430068e-04
46.745000,5.165983577e-04
46.750000,8.047583058e-04
46.755000,1.063298896e-03
46.760000,1.251767739e-03
46.765000,1.351860366e-03
46.770000,1.370841656e-03
46.775000,1.334264568e-03
46.780000,1.271588130e-03
46.785000,1.201754895e-03
46.790000,1.125900982e-03
46.795000,1.030983300e-03
46.800000,9.027522425e-04
46.805000,7.416834578e-04
46.810000,5.735254667e-04
46.815000,4.480646473e-04
46.820000,4.248216875e-04
46.825000,5.504555887e-04
46.830000,8.369254694e-04
46.835000,1.249916378e-03
46.840000,1.713297307e-03
46.845000,2.128958897e-03
46.850000,2.405049239e-03
46.855000,2.482189185e-03
46.860000,2.348231679e-03
46.865000,2.037048849e-03
46.870000,1.613398732e-03
46.875000,1.151140947e-03
46.880000,7.136796134e-04
46.885000,3.430793268e-04
46.890000,5.936622667e-05
46.895000,-1.332615310e-04
46.900000,-2.388919605e-04
46.905000,-2.655875732e-04
46.910000,-2.255381084e-04
46.915000,-1.374415210e-04
46.920000,-2.730481878e-05
46.925000,7.504339577e-05
46.930000,1.435119551e-04
46.935000,1.642853263e-04
46.940000,1.411662605e-04
46.945000,9.486187551e-05
46.950000,5.624028713e-05
46.955000,5.637238559e-05
46.960000,1.173647443e-04
46.965000,2.471184909e-04
46.970000,4.389479032e-04
46.975000,6.748348437e-04
46.980000,9.301093732e-04
46.985000,1.177778333e-03
46.990000,1.391917919e-03
46.995000,1.550503019e-03
47.000000,1.638129026e-03
47.005000,1.648402143e-03
47.010000,1.585023349e-03
47.015000,1.460487246e-03
47.020000,1.292082065e-03
47.025000,1.096105470e-03
47.030000,8.821860707e-04
47.035000,6.497933156e-04
47.040000,3.883908787e-04
47.045000,8.161051705e-05
47.050000,-2.852772911e-04
47.055000,-7.162472876e-04
47.060000,-1.196180570e-03
47.065000,-1.686280601e-03
47.070000,-2.126179779e-03
47.075000,-2.444452611e-03
47.080000,-2.576589661e-03
47.085000,-2.485987500e-03
47.090000,-2.180724800e-03
47.095000,-1.718653394e-03
47.100000,-1.196601430e-03
47.105000,-7.254616294e-04
47.110000,-3.990935127e-04
47.115000,-2.682188338e-04
47.120000,-3.289084636e-04
47.125000,-5.293196319e-04
47.130000,-7.908373652e-04
47.135000,-1.034358408e-03
47.140000,-1.201631224e-03
47.145000,-1.265316632e-03
47.150000,-1.227352853e-03
47.155000,-1.110012569e-03
47.160000,-9.455058688e-04
47.165000,-7.681038593e-04
47.170000,-6.094456783e-04
47.175000,-4.953384289e-04
47.180000,-4.422649764e-04
47.185000,-4.535122278e-04
47.190000,-5.166638670e-04
47.195000,-6.046248317e-04
47.200000,-6.810122460e-04
47.205000,-7.086288494e-04
47.210000,-6.582953427e-04
47.215000,-5.154240057e-04
47.220000,-2.830803651e-04
47.225000,1.819953950e-05
47.230000,3.529036810e-04
47.235000,6.747794298e-04
47.240000,9.329169119e-04
47.245000,1.079845684e-03
47.250000,1.080894722e-03
47.255000,9.227291483e-04
47.260000,6.182734767e-04
47.265000,2.059055610e-04
47.270000,-2.573000916e-04
47.275000,-7.063761370e-04
47.280000,-1.080201995e-03
47.285000,-1.331310600e-03
47.290000,-1.432199513e-03
47.295000,-1.377997221e-03
47.300000,-1.186050787e-03
47.305000,-8.928982438e-04
47.310000,-5.487132764e-04
47.315000,-2.093519117e-04
47.320000,7.316029799e-05
47.325000,2.598874608e-04
47.330000,3.316718067e-04
47.335000,2.914043184e-04
47.340000,1.613606225e-04
47.345000,-2.337588777e-05
47.350000,-2.233675234e-04
47.355000,-4.029702000e-04
47.360000,-5.365260985e-04
47.365000,-6.116912420e-04
47.370000,-6.295885721e-04
47.375000,-6.019359308e-04
47.380000,-5.458299526e-04
47.385000,-4.775637904e-04
47.390000,-4.074578190e-04
47.395000,-3.376809146e-04
47.400000,-2.640819360e-04
47.405000,-1.813252560e-04
47.410000,-8.891039751e-05
47.415000,5.065933823e-06
47.420000,8.470525813e-05
47.425000,1.318167604e-04
47.430000,1.338867090e-04
47.435000,9.083700585e-05
47.440000,1.725859914e-05
47.445000,-6.121336498e-05
47.450000,-1.161064158e-04
47.455000,-1.256765896e-04
47.460000,-8.221562498e-05
47.465000,5.312616107e-06
47.470000,1.136645933e-04
47.475000,2.112734690e-04
47.480000,2.655123642e-04
47.485000,2.493684736e-04
47.490000,1.466116143e-04
47.495000,-4.465162866e-05
47.500000,-3.100302915e-04
47.505000,-6.189895917e-04
47.510000,-9.280388176e-04
47.515000,-1.187677560e-03
47.520000,-1.352568394e-03
47.525000,-1.392632617e-03
47.530000,-1.301484758e-03
47.535000,-1.098809910e-03
47.540000,-8.252203702e-04
47.545000,-5.310722201e-04
47.550000,-2.632439854e-04
47.555000,-5.462960635e-05
47.560000,8.037015159e-05
47.565000,1.439817183e-04
47.570000,1.492011573e-04
47.575000,1.134739810e-04
47.580000,5.451757146e-05
47.585000,-1.128889147e-05
47.590000,-6.942217929e-05
47.595000,-1.084885728e-04
47.600000,-1.228105761e-04
47.605000,-1.149815304e-04
47.610000,-9.604160788e-05
47.615000,-8.174833566e-05
47.620000,-8.570760715e-05
47.625000,-1.124542954e-04
47.630000,-1.543107481e-04
47.635000,-1.942963001e-04
47.640000,-2.142256554e-04
47.645000,-2.041739769e-04
47.650000,-1.684482329e-04
47.655000,-1.247689953e-04
47.660000,-9.674074663e-05
47.665000,-1.030719846e-04
47.670000,-1.486274736e-04
47.675000,-2.214768945e-04
47.680000,-2.972171838e-04
47.685000,-3.485054474e-04
47.690000,-3.555509323e-04
47.695000,-3.131777525e-04
47.700000,-2.318432702e-04
47.705000,-1.327096968e-04
47.710000,-3.927102007e-05
47.715000,3.082372846e-05
47.720000,7.056538987e-05
47.725000,8.352636725e-05
47.730000,7.965316271e-05
47.735000,6.932312593e-05
47.740000,5.861618765e-05
47.745000,4.791317245e-05
47.750000,3.412043523e-05
47.755000,1.490819996e-05
47.760000,-7.702579015e-06
47.765000,-2.669224159e-05
47.770000,-3.296654338e-05
47.775000,-2.041065859e-05
47.780000,9.729386901e-06
47.785000,4.778693679e-05
47.790000,7.893094506e-05
47.795000,8.943361706e-05
47.800000,7.295098569e-05
47.805000,3.367554073e-05
47.810000,-1.526587572e-05
47.815000,-5.742560925e-05
47.820000,-7.994884414e-05
47.825000,-7.852747452e-05
47.830000,-5.823659736e-05
47.835000,-3.020374290e-05
47.840000,-6.043986969e-06
47.845000,7.133385940e-06
47.850000,8.916220785e-06
47.855000,4.343167342e-06
47.860000,3.012097492e-07
47.865000,1.630670814e-06
47.870000,8.859514857e-06
47.875000,1.843885661e-05
47.880000,2.502589499e-05
47.885000,2.443745157e-05
47.890000,1.576230089e-05
47.895000,1.722544610e-06
47.900000,-1.268200424e-05
47.905000,-2.242309974e-05
47.910000,-2.447301464e-05
47.915000,-1.876186774e-05
47.920000,-7.815712161e-06
47.925000,4.561742811e-06
47.930000,1.486167086e-05
47.935000,2.102822843e-05
47.940000,2.284892905e-05
47.945000,2.161823369e-05
47.950000,1.939202875e-05
47.955000,1.821415640e-05
47.960000,1.957664468e-05
47.965000,2.418512505e-05
47.970000,3.195694283e-05
47.975000,4.213916194e-05
47.980000,5.347788385e-05
47.985000,6.443360063e-05
47.990000,7.345977296e-05
47.995000,7.932763001e-05
48.000000,8.142135947e-05
48.005000,7.989610475e-05
48.010000,7.561986159e-05
48.015000,6.990191450e-05
48.020000,6.410206582e-05
48.025000,5.926611800e-05
48.030000,5.591633821e-05
48.035000,5.405124131e-05
48.040000,5.331698777e-05
48.045000,5.324873188e-05
48.050000,5.347112561e-05
48.055000,5.378906624e-05
48.060000,5.416435961e-05
48.065000,5.462646762e-05
48.070000,5.518327196e-05
48.075000,5.577959913e-05
48.080000,5.631396631e-05
48.085000,5.669046772e-05
48.090000,5.686890388e-05
48.095000,5.688456054e-05
48.100000,5.683010135e-05
48.105000,5.681232051e-05
48.110000,5.690634163e-05
48.115000,5.712734185e-05
48.120000,5.742950448e-05
