time_s,acceleration_g
0.000000,-2.170054654e-04
0.005000,-2.172413512e-04
0.010000,-2.174765561e-04
0.015000,-2.177107017e-04
0.020000,-2.179436198e-04
0.025000,-2.181753466e-04
0.030000,-2.184060472e-04
0.035000,-2.186359144e-04
0.040000,-2.188650862e-04
0.045000,-2.190936104e-04
0.050000,-2.193214557e-04
0.055000,-2.195485509e-04
0.060000,-2.197748270e-04
0.065000,-2.200002425e-04
0.070000,-2.202247890e-04
0.075000,-2.204484789e-04
0.080000,-2.206713293e-04
0.085000,-2.208933493e-04
0.090000,-2.211145357e-04
0.095000,-2.213348753e-04
0.100000,-2.215543511e-04
0.105000,-2.217729480e-04
0.110000,-2.219906550e-04
0.115000,-2.222074653e-04
0.120000,-2.224233737e-04
0.125000,-2.226383751e-04
0.130000,-2.228524628e-04
0.135000,-2.230656284e-04
0.140000,-2.232778627e-04
0.145000,-2.234891561e-04
0.150000,-2.236994995e-04
0.155000,-2.239088842e-04
0.160000,-2.241173021e-04
0.165000,-2.243247449e-04
0.170000,-2.245312044e-04
0.175000,-2.247366719e-04
0.180000,-2.249411386e-04
0.185000,-2.251445958e-04
0.190000,-2.253470345e-04
0.195000,-2.255484459e-04
0.200000,-2.257488212e-04
0.205000,-2.259481517e-04
0.210000,-2.261464286e-04
0.215000,-2.263436430e-04
0.220000,-2.265397862e-04
0.225000,-2.267348492e-04
0.230000,-2.269288233e-04
0.235000,-2.271216996e-04
0.240000,-2.273134693e-04
0.245000,-2.275041236e-04
0.250000,-2.276936539e-04
0.255000,-2.278820514e-04
0.260000,-2.280693074e-04
0.265000,-2.282554133e-04
0.270000,-2.284403606e-04
0.275000,-2.286241408e-04
0.280000,-2.288067453e-04
0.285000,-2.289881659e-04
0.290000,-2.291683942e-04
0.295000,-2.293474221e-04
0.300000,-2.295252415e-04
0.305000,-2.297018444e-04
0.310000,-2.298772229e-04
0.315000,-2.300513693e-04
0.320000,-2.302242760e-04
0.325000,-2.303959354e-04
0.330000,-2.305663403e-04
0.335000,-2.307354835e-04
0.340000,-2.309033580e-04
0.345000,-2.310699571e-04
0.350000,-2.312352740e-04
0.355000,-2.313993025e-04
0.360000,-2.315620362e-04
0.365000,-2.317234692e-04
0.370000,-2.318835959e-04
0.375000,-2.320424106e-04
0.380000,-2.321999083e-04
0.385000,-2.323560839e-04
0.390000,-2.325109327e-04
0.395000,-2.326644505e-04
0.400000,-2.328166332e-04
0.405000,-2.329674771e-04
0.410000,-2.331169788e-04
0.415000,-2.332651352e-04
0.420000,-2.334119439e-04
0.425000,-2.335574025e-04
0.430000,-2.337015093e-04
0.435000,-2.338442627e-04
0.440000,-2.339856619e-04
0.445000,-2.341257062e-04
0.450000,-2.342643956e-04
0.455000,-2.344017305e-04
0.460000,-2.345377118e-04
0.465000,-2.346723409e-04
0.470000,-2.348056198e-04
0.475000,-2.349375512e-04
0.480000,-2.350681380e-04
0.485000,-2.351973840e-04
0.490000,-2.353252936e-04
0.495000,-2.354518716e-04
0.500000,-2.355771238e-04
0.505000,-2.357010563e-04
0.510000,-2.358236762e-04
0.515000,-2.359449915e-04
0.520000,-2.360650110e-04
0.525000,-2.361837447e-04
0.530000,-2.363012035e-04
0.535000,-2.364173995e-04
0.540000,-2.365323457e-04
0.545000,-2.366460557e-04
0.550000,-2.367585438e-04
0.555000,-2.368698244e-04
0.560000,-2.369799122e-04
0.565000,-2.370888223e-04
0.570000,-2.371965704e-04
0.575000,-2.373031734e-04
0.580000,-2.374086504e-04
0.585000,-2.375130230e-04
0.590000,-2.376163160e-04
0.595000,-2.377185569e-04
0.600000,-2.378197757e-04
0.605000,-2.379200027e-04
0.610000,-2.380192671e-04
0.615000,-2.381175952e-04
0.620000,-2.382150087e-04
0.625000,-2.383115247e-04
0.630000,-2.384071570e-04
0.635000,-2.385019191e-04
0.640000,-2.385958281e-04
0.645000,-2.386889094e-04
0.650000,-2.387812003e-04
0.655000,-2.388727524e-04
0.660000,-2.389636305e-04
0.665000,-2.390539093e-04
0.670000,-2.391436668e-04
0.675000,-2.392329770e-04
0.680000,-2.393219031e-04
0.685000,-2.394104934e-04
0.690000,-2.394987810e-04
0.695000,-2.395867890e-04
0.700000,-2.396745384e-04
0.705000,-2.397620580e-04
0.710000,-2.398493919e-04
0.715000,-2.399366018e-04
0.720000,-2.400237617e-04
0.725000,-2.401109459e-04
0.730000,-2.401982118e-04
0.735000,-2.402855831e-04
0.740000,-2.403730416e-04
0.745000,-2.404605309e-04
0.750000,-2.405479787e-04
0.755000,-2.406353344e-04
0.760000,-2.407226163e-04
0.765000,-2.408099562e-04
0.770000,-2.408976256e-04
0.775000,-2.409860302e-04
0.780000,-2.410756629e-04
0.785000,-2.411670175e-04
0.790000,-2.412604756e-04
0.795000,-2.413561907e-04
0.800000,-2.414540022e-04
0.805000,-2.415534085e-04
0.810000,-2.416536216e-04
0.815000,-2.417537066e-04
0.820000,-2.418527890e-04
0.825000,-2.419502909e-04
0.830000,-2.420461408e-04
0.835000,-2.421409003e-04
0.840000,-2.422357598e-04
0.845000,-2.423323814e-04
0.850000,-2.424326046e-04
0.855000,-2.425380698e-04
0.860000,-2.426498456e-04
0.865000,-2.427681640e-04
0.870000,-2.428923543e-04
0.875000,-2.430210323e-04
0.880000,-2.431525399e-04
0.885000,-2.432855641e-04
0.890000,-2.434198013e-04
0.895000,-2.435565000e-04
0.900000,-2.436987145e-04
0.905000,-2.438511503e-04
0.910000,-2.440195663e-04
0.915000,-2.442098051e-04
0.920000,-2.444266252e-04
0.925000,-2.446725870e-04
0.930000,-2.449472632e-04
0.935000,-2.452470019e-04
0.940000,-2.455653600e-04
0.945000,-2.458941723e-04
0.950000,-2.462250586e-04
0.955000,-2.465510376e-04
0.960000,-2.468678586e-04
0.965000,-2.471746954e-04
0.970000,-2.474739794e-04
0.975000,-2.477703516e-04
0.980000,-2.480689458e-04
0.985000,-2.483734131e-04
0.990000,-2.486842078e-04
0.995000,-2.489976371e-04
1.000000,-2.493060170e-04
1.005000,-2.495990049e-04
1.010000,-2.498658465e-04
1.015000,-2.500979801e-04
1.020000,-2.502912567e-04
1.025000,-2.504470473e-04
1.030000,-2.505717356e-04
1.035000,-2.506745101e-04
1.040000,-2.507638789e-04
1.045000,-2.508438051e-04
1.050000,-2.509106556e-04
1.055000,-2.509521523e-04
1.060000,-2.509491725e-04
1.065000,-2.508805945e-04
1.070000,-2.507305623e-04
1.075000,-2.504967365e-04
1.080000,-2.501975353e-04
1.085000,-2.498762246e-04
1.090000,-2.496000958e-04
1.095000,-2.494538608e-04
1.100000,-2.495276349e-04
1.105000,-2.499012343e-04
1.110000,-2.506276546e-04
1.115000,-2.517192378e-04
1.120000,-2.531399418e-04
1.125000,-2.548062396e-04
1.130000,-2.565975851e-04
1.135000,-2.583753866e-04
1.140000,-2.600074279e-04
1.145000,-2.613931619e-04
1.150000,-2.624846615e-04
1.155000,-2.632985075e-04
1.160000,-2.639154923e-04
1.165000,-2.644674430e-04
1.170000,-2.651131925e-04
1.175000,-2.660081278e-04
1.180000,-2.672732477e-04
1.185000,-2.689698785e-04
1.190000,-2.710850487e-04
1.195000,-2.735302435e-04
1.200000,-2.761533703e-04
1.205000,-2.787609233e-04
1.210000,-2.811452356e-04
1.215000,-2.831108669e-04
1.220000,-2.844948325e-04
1.225000,-2.851774028e-04
1.230000,-2.850830579e-04
1.235000,-2.841740893e-04
1.240000,-2.824414344e-04
1.245000,-2.798979286e-04
1.250000,-2.765779988e-04
1.255000,-2.725451831e-04
1.260000,-2.679054779e-04
1.265000,-2.628214510e-04
1.270000,-2.575203232e-04
1.275000,-2.522895181e-04
1.280000,-2.474556825e-04
1.285000,-2.433474491e-04
1.290000,-2.402472917e-04
1.295000,-2.383424229e-04
1.300000,-2.376874359e-04
1.305000,-2.381912074e-04
1.310000,-2.396369072e-04
1.315000,-2.417371019e-04
1.320000,-2.442170983e-04
1.325000,-2.469108750e-04
1.330000,-2.498475918e-04
1.335000,-2.533049202e-04
1.340000,-2.578095486e-04
1.345000,-2.640750085e-04
1.350000,-2.728806634e-04
1.355000,-2.849102881e-04
1.360000,-3.005805439e-04
1.365000,-3.198956161e-04
1.370000,-3.423623205e-04
1.375000,-3.669899020e-04
1.380000,-3.923822716e-04
1.385000,-4.169109130e-04
1.390000,-4.389384196e-04
1.395000,-4.570498913e-04
1.400000,-4.702455548e-04
1.405000,-4.780544605e-04
1.410000,-4.805451311e-04
1.415000,-4.782314181e-04
1.420000,-4.718955970e-04
1.425000,-4.623702272e-04
1.430000,-4.503305327e-04
1.435000,-4.361470500e-04
1.440000,-4.198340504e-04
1.445000,-4.011059360e-04
1.450000,-3.795270819e-04
1.455000,-3.547171962e-04
1.460000,-3.265602470e-04
1.465000,-2.953640917e-04
1.470000,-2.619304947e-04
1.475000,-2.275180956e-04
1.480000,-1.937082264e-04
1.485000,-1.622081768e-04
1.490000,-1.346420380e-04
1.495000,-1.123812770e-04
1.500000,-9.645473845e-05
1.505000,-8.755362167e-05
1.510000,-8.611728155e-05
1.515000,-9.245861527e-05
1.520000,-1.068716219e-04
1.525000,-1.296645385e-04
1.530000,-1.610816145e-04
1.535000,-2.011114898e-04
1.540000,-2.492215546e-04
1.545000,-3.040936304e-04
1.550000,-3.634549157e-04
1.555000,-4.240912047e-04
1.560000,-4.820953374e-04
1.565000,-5.333488611e-04
1.570000,-5.741716984e-04
1.575000,-6.020193785e-04
1.580000,-6.160754681e-04
1.585000,-6.175887449e-04
1.590000,-6.098432667e-04
1.595000,-5.977189621e-04
1.600000,-5.868871871e-04
1.605000,-5.827712223e-04
1.610000,-5.894660625e-04
1.615000,-6.088383242e-04
1.620000,-6.400061742e-04
1.625000,-6.793316487e-04
1.630000,-7.209555326e-04
1.635000,-7.577894919e-04
1.640000,-7.827776987e-04
1.645000,-7.901757618e-04
1.650000,-7.765854373e-04
1.655000,-7.415336418e-04
1.660000,-6.874834611e-04
1.665000,-6.192904553e-04
1.670000,-5.432399419e-04
1.675000,-4.658907857e-04
1.680000,-3.929869027e-04
1.685000,-3.286706162e-04
1.690000,-2.751488863e-04
1.695000,-2.328448172e-04
1.700000,-2.009423655e-04
1.705000,-1.781335391e-04
1.710000,-1.633305515e-04
1.715000,-1.561237792e-04
1.720000,-1.568466238e-04
1.725000,-1.662303716e-04
1.730000,-1.847631772e-04
1.735000,-2.119703882e-04
1.740000,-2.458772089e-04
1.745000,-2.828827999e-04
1.750000,-3.181714715e-04
1.755000,-3.466364290e-04
1.760000,-3.641340611e-04
1.765000,-3.687658385e-04
1.770000,-3.618367088e-04
1.775000,-3.481818609e-04
1.780000,-3.356830476e-04
1.785000,-3.339837445e-04
1.790000,-3.526152898e-04
1.795000,-3.989136999e-04
1.800000,-4.761948173e-04
1.805000,-5.826362122e-04
1.810000,-7.111843942e-04
1.815000,-8.505885805e-04
1.820000,-9.874037702e-04
1.825000,-1.108566174e-03
1.830000,-1.203983233e-03
1.835000,-1.268543606e-03
1.840000,-1.303057073e-03
1.845000,-1.313863370e-03
1.850000,-1.311153414e-03
1.855000,-1.306355180e-03
1.860000,-1.309174276e-03
1.865000,-1.324984577e-03
1.870000,-1.353206586e-03
1.875000,-1.387098567e-03
1.880000,-1.415064580e-03
1.885000,-1.423228517e-03
1.890000,-1.398718149e-03
1.895000,-1.332922083e-03
1.900000,-1.223970258e-03
1.905000,-1.077850412e-03
1.910000,-9.078721726e-04
1.915000,-7.325577555e-04
1.920000,-5.723885065e-04
1.925000,-4.460889395e-04
1.930000,-3.672274223e-04
1.935000,-3.418342387e-04
1.940000,-3.675030308e-04
1.945000,-4.341058508e-04
1.950000,-5.258937612e-04
1.955000,-6.244583905e-04
1.960000,-7.118656173e-04
1.965000,-7.732799101e-04
1.970000,-7.985734244e-04
1.975000,-7.827104793e-04
1.980000,-7.250349624e-04
1.985000,-6.278730660e-04
1.990000,-4.950183037e-04
1.995000,-3.306490475e-04
2.000000,-1.390491993e-04
2.005000,7.478552182e-05
2.010000,3.038862836e-04
2.015000,5.378750998e-04
2.020000,7.619509293e-04
2.025000,9.568438486e-04
2.030000,1.100071678e-03
2.035000,1.168507020e-03
2.040000,1.141896485e-03
2.045000,1.006657857e-03
2.050000,7.591015423e-04
2.055000,4.072417025e-04
2.060000,-2.940202093e-05
2.065000,-5.221970905e-04
2.070000,-1.037667524e-03
2.075000,-1.542855869e-03
2.080000,-2.010685241e-03
2.085000,-2.424166819e-03
2.090000,-2.778506666e-03
2.095000,-3.080599795e-03
2.100000,-3.345958105e-03
2.105000,-3.593673540e-03
2.110000,-3.840445528e-03
2.115000,-4.094911866e-03
2.120000,-4.353473757e-03
2.125000,-4.598512007e-03
2.130000,-4.799415726e-03
2.135000,-4.916287400e-03
2.140000,-4.905666597e-03
2.145000,-4.727238747e-03
2.150000,-4.350342035e-03
2.155000,-3.759178195e-03
2.160000,-2.955936605e-03
2.165000,-1.961472528e-03
2.170000,-8.136330945e-04
2.175000,4.363006208e-04
2.180000,1.728358539e-03
2.185000,2.999058447e-03
2.190000,4.186354334e-03
2.195000,5.233894403e-03
2.200000,6.094365287e-03
2.205000,6.731911567e-03
2.210000,7.123753799e-03
2.215000,7.261155779e-03
2.220000,7.149817981e-03
2.225000,6.809639446e-03
2.230000,6.273660737e-03
2.235000,5.585947115e-03
2.240000,4.798243475e-03
2.245000,3.965437534e-03
2.250000,3.140161528e-03
2.255000,2.367162631e-03
2.260000,1.678283070e-03
2.265000,1.088935187e-03
2.270000,5.967991691e-04
2.275000,1.831285321e-04
2.280000,-1.834153407e-04
2.285000,-5.409673629e-04
2.290000,-9.276769471e-04
2.295000,-1.375146159e-03
2.300000,-1.903284336e-03
2.305000,-2.517512790e-03
2.310000,-3.208781022e-03
2.315000,-3.956271409e-03
2.320000,-4.732101869e-03
2.325000,-5.506915545e-03
2.330000,-6.255070101e-03
2.335000,-6.958246655e-03
2.340000,-7.606664656e-03
2.345000,-8.197634908e-03
2.350000,-8.731794948e-03
2.355000,-9.207925902e-03
2.360000,-9.617634127e-03
2.365000,-9.941307623e-03
2.370000,-1.014658037e-02
2.375000,-1.019006744e-02
2.380000,-1.002244468e-02
2.385000,-9.596177040e-03
2.390000,-8.874526847e-03
2.395000,-7.840073350e-03
2.400000,-6.500969930e-03
2.405000,-4.893578767e-03
2.410000,-3.080864508e-03
2.415000,-1.146813619e-03
2.420000,8.120506946e-04
2.425000,2.696464444e-03
2.430000,4.413803542e-03
2.435000,5.885579265e-03
2.440000,7.052120243e-03
2.445000,7.874179266e-03
2.450000,8.331831946e-03
2.455000,8.421503517e-03
2.460000,8.152205887e-03
2.465000,7.542074185e-03
2.470000,6.616074809e-03
2.475000,5.405347975e-03
2.480000,3.948104751e-03
2.485000,2.291421322e-03
2.490000,4.928103307e-04
2.495000,-1.379728638e-03
2.500000,-3.250237415e-03
2.505000,-5.040288632e-03
2.510000,-6.676850477e-03
2.515000,-8.100971663e-03
2.520000,-9.275107499e-03
2.525000,-1.018690085e-02
2.530000,-1.084791908e-02
2.535000,-1.128706840e-02
2.540000,-1.153981337e-02
2.545000,-1.163551323e-02
2.550000,-1.158582387e-02
2.555000,-1.137705270e-02
2.560000,-1.096863289e-02
2.565000,-1.029868056e-02
2.570000,-9.296151955e-03
2.575000,-7.897680608e-03
2.580000,-6.065989513e-03
2.585000,-3.806080030e-03
2.590000,-1.175405786e-03
2.595000,1.714931041e-03
2.600000,4.709316893e-03
2.605000,7.626332264e-03
2.610000,1.028408465e-02
2.615000,1.252754260e-02
2.620000,1.425251241e-02
2.625000,1.542135258e-02
2.630000,1.606708312e-02
2.635000,1.628486475e-02
2.640000,1.621237485e-02
2.645000,1.600284802e-02
2.650000,1.579602491e-02
2.655000,1.569267614e-02
2.660000,1.573764594e-02
2.665000,1.591460779e-02
2.670000,1.615326082e-02
2.675000,1.634702012e-02
2.680000,1.637696690e-02
2.685000,1.613649704e-02
2.690000,1.555112034e-02
2.695000,1.458925951e-02
2.700000,1.326234002e-02
2.705000,1.161529376e-02
2.710000,9.711041840e-03
2.715000,7.613905308e-03
2.720000,5.376859642e-03
2.725000,3.036156098e-03
2.730000,6.145122848e-04
2.735000,-1.868507548e-03
2.740000,-4.382444865e-03
2.745000,-6.872907842e-03
2.750000,-9.254106724e-03
2.755000,-1.141019734e-02
2.760000,-1.320644044e-02
2.765000,-1.450859178e-02
2.770000,-1.520659298e-02
2.775000,-1.523711580e-02
2.780000,-1.459924701e-02
2.785000,-1.335875353e-02
2.790000,-1.163878186e-02
2.795000,-9.598033996e-03
2.800000,-7.400681832e-03
2.805000,-5.184699981e-03
2.810000,-3.036198576e-03
2.815000,-9.763513650e-04
2.820000,1.035250112e-03
2.825000,3.080921937e-03
2.830000,5.253140561e-03
2.835000,7.618245011e-03
2.840000,1.018462922e-02
2.845000,1.288377009e-02
2.850000,1.556962674e-02
2.855000,1.803765516e-02
2.860000,2.005992534e-02
2.865000,2.142876112e-02
2.870000,2.199896773e-02
2.875000,2.171871063e-02
2.880000,2.064154953e-02
2.885000,1.891649572e-02
2.890000,1.675821880e-02
2.895000,1.440437507e-02
2.900000,1.207021614e-02
2.905000,9.911314808e-03
2.910000,8.003209900e-03
2.915000,6.342525191e-03
2.920000,4.868730809e-03
2.925000,3.500533867e-03
2.930000,2.177177004e-03
2.935000,8.935746792e-04
2.940000,-2.804537580e-04
2.945000,-1.202879556e-03
2.950000,-1.684834255e-03
2.955000,-1.533739724e-03
2.960000,-6.045600147e-04
2.965000,1.153079268e-03
2.970000,3.663910220e-03
2.975000,6.720965960e-03
2.980000,1.000767637e-02
2.985000,1.314473787e-02
2.990000,1.575236047e-02
2.995000,1.751462036e-02
3.000000,1.823194265e-02
3.005000,1.785041387e-02
3.010000,1.646200250e-02
3.015000,1.427649544e-02
3.020000,1.157238705e-02
3.025000,8.638559604e-03
3.030000,5.720335172e-03
3.035000,2.982015036e-03
3.040000,4.937473297e-04
3.045000,-1.755507188e-03
3.050000,-3.823583350e-03
3.055000,-5.769249419e-03
3.060000,-7.607654776e-03
3.065000,-9.279485636e-03
3.070000,-1.064266903e-02
3.075000,-1.148958996e-02
3.080000,-1.158609914e-02
3.085000,-1.072285174e-02
3.090000,-8.766257897e-03
3.095000,-5.696387295e-03
3.100000,-1.622477710e-03
3.105000,3.227701836e-03
3.110000,8.542010811e-03
3.115000,1.397349370e-02
3.120000,1.919388813e-02
3.125000,2.393919873e-02
3.130000,2.803785865e-02
3.135000,3.141658108e-02
3.140000,3.408462701e-02
3.145000,3.610254576e-02
3.150000,3.754520035e-02
3.155000,3.847010691e-02
3.160000,3.890039472e-02
3.165000,3.882735340e-02
3.170000,3.823163396e-02
3.175000,3.711629572e-02
3.180000,3.554074503e-02
3.185000,3.364350190e-02
3.190000,3.164413200e-02
3.195000,2.982004145e-02
3.200000,2.846070993e-02
3.205000,2.780844010e-02
3.210000,2.799904772e-02
3.215000,2.901694467e-02
3.220000,3.067651532e-02
3.225000,3.263619508e-02
3.230000,3.444454463e-02
3.235000,3.561051002e-02
3.240000,3.568455615e-02
3.245000,3.433468408e-02
3.250000,3.140211807e-02
3.255000,2.692557894e-02
3.260000,2.112970609e-02
3.265000,1.438091185e-02
3.270000,7.120989574e-03
3.275000,-2.065203786e-04
3.280000,-7.221044290e-03
3.285000,-1.364730794e-02
3.290000,-1.932777518e-02
3.295000,-2.420541964e-02
3.300000,-2.828465207e-02
3.305000,-3.158372471e-02
3.310000,-3.409387321e-02
3.315000,-3.575825318e-02
3.320000,-3.647787451e-02
3.325000,-3.614371835e-02
3.330000,-3.468618275e-02
3.335000,-3.212718304e-02
3.340000,-2.861835545e-02
3.345000,-2.445156064e-02
3.350000,-2.003466962e-02
3.355000,-1.583470101e-02
3.360000,-1.229935531e-02
3.365000,-9.774446163e-03
3.370000,-8.436906288e-03
3.375000,-8.260311457e-03
3.380000,-9.022830977e-03
3.385000,-1.035783954e-02
3.390000,-1.183738611e-02
3.395000,-1.307065164e-02
3.400000,-1.379533170e-02
3.405000,-1.394060652e-02
3.410000,-1.364600430e-02
3.415000,-1.322994637e-02
3.420000,-1.311311303e-02
3.425000,-1.371249222e-02
3.430000,-1.532956384e-02
3.435000,-1.805858013e-02
3.440000,-2.173744039e-02
3.445000,-2.595471384e-02
3.450000,-3.011378978e-02
3.455000,-3.354179342e-02
3.460000,-3.562000509e-02
3.465000,-3.590680260e-02
3.470000,-3.422515609e-02
3.475000,-3.069435109e-02
3.480000,-2.569816955e-02
3.485000,-1.979628962e-02
3.490000,-1.359878012e-02
3.495000,-7.632238317e-03
3.500000,-2.228368228e-03
3.505000,2.538917524e-03
3.510000,6.852502785e-03
3.515000,1.108628382e-02
3.520000,1.568884943e-02
3.525000,2.104334849e-02
3.530000,2.733708861e-02
3.535000,3.447366426e-02
3.540000,4.205179742e-02
3.545000,4.942016114e-02
3.550000,5.579951242e-02
3.555000,6.044675145e-02
3.560000,6.282424547e-02
3.565000,6.273489138e-02
3.570000,6.038985876e-02
3.575000,5.639034353e-02
3.580000,5.162363031e-02
3.585000,4.709293790e-02
3.590000,4.371560931e-02
3.595000,4.213193315e-02
3.600000,4.256561837e-02
3.605000,4.476691409e-02
3.610000,4.805252929e-02
3.615000,5.143619552e-02
3.620000,5.382408240e-02
3.625000,5.423457442e-02
3.630000,5.199564037e-02
3.635000,4.687704496e-02
3.640000,3.912857088e-02
3.645000,2.941641954e-02
3.650000,1.867328403e-02
3.655000,7.897638608e-03
3.660000,-2.050439689e-03
3.665000,-1.060916055e-02
3.670000,-1.759398724e-02
3.675000,-2.317905480e-02
3.680000,-2.778840183e-02
3.685000,-3.192648078e-02
3.690000,-3.599226703e-02
3.695000,-4.012533528e-02
3.700000,-4.412456204e-02
3.705000,-4.746248744e-02
3.710000,-4.939499625e-02
3.715000,-4.914237901e-02
3.720000,-4.609960799e-02
3.725000,-4.002519721e-02
3.730000,-3.116145547e-02
3.735000,-2.025366004e-02
3.740000,-8.458393948e-03
3.745000,2.843204667e-03
3.750000,1.228916810e-02
3.755000,1.878533988e-02
3.760000,2.170473156e-02
3.765000,2.099374924e-02
3.770000,1.716206853e-02
3.775000,1.115915880e-02
3.780000,4.166177207e-03
3.785000,-2.648947641e-03
3.790000,-8.357600935e-03
3.795000,-1.242753857e-02
3.800000,-1.477815366e-02
3.805000,-1.572631000e-02
3.810000,-1.584162556e-02
3.815000,-1.575141007e-02
3.820000,-1.594637844e-02
3.825000,-1.663633417e-02
3.830000,-1.769109903e-02
3.835000,-1.867983975e-02
3.840000,-1.899721527e-02
3.845000,-1.804342071e-02
3.850000,-1.541219844e-02
3.855000,-1.103913326e-02
3.860000,-5.272358422e-03
3.865000,1.153161107e-03
3.870000,7.232857906e-03
3.875000,1.187374854e-02
3.880000,1.409623893e-02
3.885000,1.320852219e-02
3.890000,8.913368345e-03
3.895000,1.325443726e-03
3.900000,-9.098873374e-03
3.905000,-2.169453889e-02
3.910000,-3.574386466e-02
3.915000,-5.061183576e-02
3.920000,-6.582533814e-02
3.925000,-8.107853807e-02
3.930000,-9.616847617e-02
3.935000,-1.108850173e-01
3.940000,-1.248924734e-01
3.945000,-1.376432730e-01
3.950000,-1.483562886e-01
3.955000,-1.560757161e-01
3.960000,-1.598047369e-01
3.965000,-1.586869659e-01
3.970000,-1.521934840e-01
3.975000,-1.402684938e-01
3.980000,-1.233942368e-01
3.985000,-1.025543982e-01
3.990000,-7.910018625e-02
3.995000,-5.454798447e-02
4.000000,-3.035507483e-02
4.005000,-7.725491637e-03
4.010000,1.251006309e-02
4.015000,2.991597540e-02
4.020000,4.437685794e-02
4.025000,5.595325459e-02
4.030000,6.471344308e-02
4.035000,7.059329327e-02
4.040000,7.332877963e-02
4.045000,7.248612288e-02
4.050000,6.758729910e-02
4.055000,5.830062898e-02
4.060000,4.464479775e-02
4.065000,2.714615971e-02
4.070000,6.896719170e-03
4.075000,-1.451724324e-02
4.080000,-3.521354009e-02
4.085000,-5.330315164e-02
4.090000,-6.720740174e-02
4.095000,-7.592944057e-02
4.100000,-7.921385343e-02
4.105000,-7.755334739e-02
4.110000,-7.203809241e-02
4.115000,-6.408216125e-02
4.120000,-5.509255650e-02
4.125000,-4.616129574e-02
4.130000,-3.785572809e-02
4.135000,-3.015765561e-02
4.140000,-2.256394185e-02
4.145000,-1.431967782e-02
4.150000,-4.720348747e-03
4.155000,6.599118872e-03
4.160000,1.946797143e-02
4.165000,3.313201736e-02
4.170000,4.637230165e-02
4.175000,5.776348762e-02
4.180000,6.600710721e-02
4.185000,7.025249714e-02
4.190000,7.031808424e-02
4.195000,6.674846819e-02
4.200000,6.068334099e-02
4.205000,5.356278507e-02
4.210000,4.673763233e-02
4.215000,4.108177798e-02
4.220000,3.670776942e-02
4.225000,3.286563190e-02
4.230000,2.806228647e-02
4.235000,2.038515261e-02
4.240000,7.961820799e-03
4.245000,-1.054891776e-02
4.250000,-3.555129790e-02
4.255000,-6.629226517e-02
4.260000,-1.008854985e-01
4.265000,-1.365821402e-01
4.270000,-1.702326003e-01
4.275000,-1.988385664e-01
4.280000,-2.200730868e-01
4.285000,-2.326545753e-01
4.290000,-2.364958096e-01
4.295000,-2.326027183e-01
4.300000,-2.227567402e-01
4.305000,-2.090643790e-01
4.310000,-1.934862322e-01
4.315000,-1.774584457e-01
4.320000,-1.616923098e-01
4.325000,-1.461894864e-01
4.330000,-1.304533542e-01
4.335000,-1.138257610e-01
4.340000,-9.584647449e-02
4.345000,-7.652847341e-02
4.350000,-5.646733799e-02
4.355000,-3.675086357e-02
4.360000,-1.869268820e-02
4.365000,-3.465278090e-03
4.370000,8.261366299e-03
4.375000,1.656723734e-02
4.380000,2.233636332e-02
4.385000,2.708843395e-02
4.390000,3.261874471e-02
4.395000,4.052998144e-02
4.400000,5.177148796e-02
4.405000,6.630477742e-02
4.410000,8.298716554e-02
4.415000,9.971491661e-02
4.420000,1.138053416e-01
4.425000,1.225388462e-01
4.430000,1.237412771e-01
4.435000,1.162742474e-01
4.440000,1.003200105e-01
4.445000,7.739382948e-02
4.450000,5.007975479e-02
4.455000,2.155008362e-02
4.460000,-5.021260777e-03
4.465000,-2.701804367e-02
4.470000,-4.278983973e-02
4.475000,-5.182483804e-02
4.480000,-5.466309048e-02
4.485000,-5.259051565e-02
4.490000,-4.720642453e-02
4.495000,-3.998406127e-02
4.500000,-3.193794783e-02
4.505000,-2.347586121e-02
4.510000,-1.445758696e-02
4.515000,-4.423091977e-03
4.520000,7.093844011e-03
4.525000,2.027148031e-02
4.530000,3.482053847e-02
4.535000,4.997713068e-02
4.540000,6.467266293e-02
4.545000,7.783058807e-02
4.550000,8.869936719e-02
4.555000,9.711587133e-02
4.560000,1.036083613e-01
4.565000,1.092899440e-01
4.570000,1.155516814e-01
4.575000,1.236241520e-01
4.580000,1.341208496e-01
4.585000,1.466930155e-01
4.590000,1.599068595e-01
4.595000,1.714033693e-01
4.600000,1.783298450e-01
4.605000,1.779590687e-01
4.610000,1.683562881e-01
4.615000,1.489317045e-01
4.620000,1.207342795e-01
4.625000,8.639826627e-02
4.630000,4.973400797e-02
4.635000,1.503981742e-02
4.640000,-1.371886547e-02
4.645000,-3.368082182e-02
4.650000,-4.363564681e-02
4.655000,-4.421957963e-02
4.660000,-3.771503880e-02
4.665000,-2.750097619e-02
4.670000,-1.728340780e-02
4.675000,-1.028683061e-02
4.680000,-8.594589826e-03
4.685000,-1.278749574e-02
4.690000,-2.195472087e-02
4.695000,-3.405821527e-02
4.700000,-4.654500986e-02
4.705000,-5.704268983e-02
4.710000,-6.395670786e-02
4.715000,-6.681795008e-02
4.720000,-6.629725040e-02
4.725000,-6.389285454e-02
4.730000,-6.138429268e-02
4.735000,-6.020915011e-02
4.740000,-6.094121415e-02
4.745000,-6.302309704e-02
4.750000,-6.483952762e-02
4.755000,-6.412588283e-02
4.760000,-5.861387999e-02
4.765000,-4.674718340e-02
4.770000,-2.827289089e-02
4.775000,-4.538670782e-03
4.780000,2.160509785e-02
4.785000,4.630025900e-02
4.790000,6.547205094e-02
4.795000,7.573474490e-02
4.800000,7.519239640e-02
4.805000,6.393201803e-02
4.810000,4.407482590e-02
4.815000,1.935549270e-02
4.820000,-5.685701215e-03
4.825000,-2.671586633e-02
4.830000,-4.059116465e-02
4.835000,-4.607292230e-02
4.840000,-4.410323738e-02
4.845000,-3.756730795e-02
4.850000,-3.059017788e-02
4.855000,-2.752541938e-02
4.860000,-3.186637721e-02
4.865000,-4.533000881e-02
4.870000,-6.732492854e-02
4.875000,-9.492832389e-02
4.880000,-1.233813042e-01
4.885000,-1.469955654e-01
4.890000,-1.602728026e-01
4.895000,-1.589929806e-01
4.900000,-1.410385460e-01
4.905000,-1.067858217e-01
4.910000,-5.899633154e-02
4.915000,-2.254855630e-03
4.920000,5.790008317e-02
4.925000,1.159473007e-01
4.930000,1.672411572e-01
4.935000,2.085855745e-01
4.940000,2.384339083e-01
4.945000,2.567218652e-01
4.950000,2.644283000e-01
4.955000,2.630155154e-01
4.960000,2.539143588e-01
4.965000,2.381894341e-01
4.970000,2.164566426e-01
4.975000,1.890472882e-01
4.980000,1.563411802e-01
4.985000,1.191440213e-01
4.990000,7.897339105e-02
4.995000,3.814473210e-02
5.000000,-3.940184159e-04
5.005000,-3.345881536e-02
5.010000,-5.816975133e-02
5.015000,-7.250406423e-02
5.020000,-7.572165438e-02
5.025000,-6.855110175e-02
5.030000,-5.308238398e-02
5.035000,-3.238519961e-02
5.040000,-9.939696070e-03
5.045000,1.098838433e-02
5.050000,2.788521329e-02
5.055000,3.932183579e-02
5.060000,4.502032739e-02
5.065000,4.566010803e-02
5.070000,4.249643166e-02
5.075000,3.690705718e-02
5.080000,2.999499653e-02
5.085000,2.235268448e-02
5.090000,1.404273155e-02
5.095000,4.786641061e-03
5.100000,-5.707045985e-03
5.105000,-1.738356835e-02
5.110000,-2.956928648e-02
5.115000,-4.087937033e-02
5.120000,-4.934967865e-02
5.125000,-5.277416848e-02
5.130000,-4.917109996e-02
5.135000,-3.726330914e-02
5.140000,-1.685007821e-02
5.145000,1.102730326e-02
5.150000,4.417382903e-02
5.155000,7.956758230e-02
5.160000,1.138508445e-01
5.165000,1.438718144e-01
5.170000,1.671533710e-01
5.175000,1.821873578e-01
5.180000,1.885006351e-01
5.185000,1.864995785e-01
5.190000,1.771564483e-01
5.195000,1.616388783e-01
5.200000,1.409927332e-01
5.205000,1.159667859e-01
5.210000,8.702154476e-02
5.215000,5.450713613e-02
5.220000,1.894242323e-02
5.225000,-1.870580977e-02
5.230000,-5.684932213e-02
5.235000,-9.329019997e-02
5.240000,-1.254474097e-01
5.245000,-1.507661630e-01
5.250000,-1.672218689e-01
5.255000,-1.737948405e-01
5.260000,-1.707875969e-01
5.265000,-1.598863252e-01
5.270000,-1.439256755e-01
5.275000,-1.263877443e-01
5.280000,-1.107337350e-01
5.285000,-9.971265192e-02
5.290000,-9.480291221e-02
5.295000,-9.591605626e-02
5.300000,-1.014327841e-01
5.305000,-1.085647750e-01
5.310000,-1.139602339e-01
5.315000,-1.144155653e-01
5.320000,-1.075334801e-01
5.325000,-9.218404610e-02
5.330000,-6.867493748e-02
5.335000,-3.860751711e-02
5.340000,-4.468911812e-03
5.345000,3.093076610e-02
5.350000,6.503598979e-02
5.355000,9.600173956e-02
5.360000,1.229275428e-01
5.365000,1.458286049e-01
5.370000,1.653703291e-01
5.375000,1.824513360e-01
5.380000,1.977559384e-01
5.385000,2.114011589e-01
5.390000,2.227750390e-01
5.395000,2.306098315e-01
5.400000,2.332699045e-01
5.405000,2.291769358e-01
5.410000,2.172595226e-01
5.415000,1.973098249e-01
5.420000,1.701567131e-01
5.425000,1.376147379e-01
5.430000,1.022266254e-01
5.435000,6.686768871e-02
5.440000,3.431034347e-02
5.445000,6.849131417e-03
5.450000,-1.393737244e-02
5.455000,-2.725337338e-02
5.460000,-3.299442865e-02
5.465000,-3.155070007e-02
5.470000,-2.358003592e-02
5.475000,-9.825719215e-03
5.480000,8.967918524e-03
5.485000,3.202511507e-02
5.490000,5.841727512e-02
5.495000,8.690792450e-02
5.500000,1.158383385e-01
5.505000,1.431229189e-01
5.510000,1.663962363e-01
5.515000,1.833109004e-01
5.520000,1.919381845e-01
5.525000,1.911848280e-01
5.530000,1.811214181e-01
5.535000,1.631270151e-01
5.540000,1.397907075e-01
5.545000,1.145654092e-01
5.550000,9.122860283e-02
5.555000,7.325320319e-02
5.560000,6.321621281e-02
5.565000,6.236669231e-02
5.570000,7.043934683e-02
5.575000,8.574488598e-02
5.580000,1.055072914e-01
5.585000,1.263662313e-01
5.590000,1.449322189e-01
5.595000,1.582791248e-01
5.600000,1.642827487e-01
5.605000,1.617582451e-01
5.610000,1.504015249e-01
5.615000,1.305868444e-01
5.620000,1.031027212e-01
5.625000,6.891384605e-02
5.630000,2.901716574e-02
5.635000,-1.557786026e-02
5.640000,-6.376010345e-02
5.645000,-1.141728535e-01
5.650000,-1.650902640e-01
5.655000,-2.143862417e-01
5.660000,-2.596417788e-01
5.665000,-2.983951262e-01
5.670000,-3.284938740e-01
5.675000,-3.484716694e-01
5.680000,-3.578552259e-01
5.685000,-3.573148139e-01
5.690000,-3.486026779e-01
5.695000,-3.342719028e-01
5.700000,-3.172216676e-01
5.705000,-3.001601600e-01
5.710000,-2.851015417e-01
5.715000,-2.730106636e-01
5.720000,-2.636780487e-01
5.725000,-2.558548153e-01
5.730000,-2.476155918e-01
5.735000,-2.368626785e-01
5.740000,-2.218508316e-01
5.745000,-2.016078280e-01
5.750000,-1.761524769e-01
5.755000,-1.464622297e-01
5.760000,-1.142042949e-01
5.765000,-8.130191721e-02
5.770000,-4.944712572e-02
5.775000,-1.968333056e-02
5.780000,7.837046225e-03
5.785000,3.385846113e-02
5.790000,5.978858600e-02
5.795000,8.728057314e-02
5.800000,1.177311306e-01
5.805000,1.518138972e-01
5.810000,1.891581585e-01
5.815000,2.282475069e-01
5.820000,2.665610524e-01
5.825000,3.009244245e-01
5.830000,3.279925550e-01
5.835000,3.447614917e-01
5.840000,3.490071063e-01
5.845000,3.395728156e-01
5.850000,3.164688160e-01
5.855000,2.807906012e-01
5.860000,2.345028862e-01
5.865000,1.801572535e-01
5.870000,1.206135880e-01
5.875000,5.881829162e-02
5.880000,-2.336958370e-03
5.885000,-6.008399879e-02
5.890000,-1.118075810e-01
5.895000,-1.550796572e-01
5.900000,-1.877376360e-01
5.905000,-2.080261030e-01
5.910000,-2.147934084e-01
5.915000,-2.077061806e-01
5.920000,-1.874248420e-01
5.925000,-1.556784201e-01
5.930000,-1.151904329e-01
5.935000,-6.943749353e-02
5.940000,-2.226154663e-02
5.945000,2.260506781e-02
5.950000,6.201621732e-02
5.955000,9.379845626e-02
5.960000,1.169718375e-01
5.965000,1.317643355e-01
5.970000,1.394235007e-01
5.975000,1.418715576e-01
5.980000,1.412808949e-01
5.985000,1.396592772e-01
5.990000,1.385263978e-01
5.995000,1.387382690e-01
6.000000,1.404795357e-01
6.005000,1.434043320e-01
6.010000,1.468727899e-01
6.015000,1.502108185e-01
6.020000,1.529205278e-01
6.025000,1.547881149e-01
6.030000,1.558699815e-01
6.035000,1.563763058e-01
6.040000,1.565023939e-01
6.045000,1.562720850e-01
6.050000,1.554502167e-01
6.055000,1.535557582e-01
6.060000,1.499727463e-01
6.065000,1.441241135e-01
6.070000,1.356537191e-01
6.075000,1.245594700e-01
6.080000,1.112347964e-01
6.085000,9.640177070e-02
6.090000,8.094932322e-02
6.095000,6.571666631e-02
6.100000,5.127888157e-02
6.105000,3.779458169e-02
6.110000,2.496327433e-02
6.115000,1.211437525e-02
6.120000,-1.584005737e-03
6.125000,-1.684222686e-02
6.130000,-3.396249213e-02
6.135000,-5.262608892e-02
6.140000,-7.181867030e-02
6.145000,-8.992573546e-02
6.150000,-1.049878447e-01
6.155000,-1.150633888e-01
6.160000,-1.186174093e-01
6.165000,-1.148460900e-01
6.170000,-1.038604616e-01
6.175000,-8.668586657e-02
6.180000,-6.507731358e-02
6.185000,-4.119418496e-02
6.190000,-1.721033202e-02
6.195000,5.050355541e-03
6.200000,2.437069006e-02
6.205000,4.023502755e-02
6.210000,5.274944038e-02
6.215000,6.241902011e-02
6.220000,6.985028201e-02
6.225000,7.546464702e-02
6.230000,7.930364680e-02
6.235000,8.097904308e-02
6.240000,7.977902177e-02
6.245000,7.489685479e-02
6.250000,6.571356942e-02
6.255000,5.205088988e-02
6.260000,3.431888820e-02
6.265000,1.351155972e-02
6.270000,-8.955443551e-03
6.275000,-3.152861541e-02
6.280000,-5.285328677e-02
6.285000,-7.207965560e-02
6.290000,-8.906023833e-02
6.295000,-1.043852514e-01
6.300000,-1.192398369e-01
6.305000,-1.351089364e-01
6.310000,-1.533925207e-01
6.315000,-1.750172020e-01
6.320000,-2.001341030e-01
6.325000,-2.279756072e-01
6.330000,-2.569086525e-01
6.335000,-2.846775532e-01
6.340000,-3.087857277e-01
6.345000,-3.269340086e-01
6.350000,-3.374212398e-01
6.355000,-3.394233156e-01
6.360000,-3.330964891e-01
6.365000,-3.194917223e-01
6.370000,-3.003086675e-01
6.375000,-2.775506128e-01
6.380000,-2.531583324e-01
6.385000,-2.286985982e-01
6.390000,-2.051641085e-01
6.395000,-1.829115854e-01
6.400000,-1.617317742e-01
6.405000,-1.410172067e-01
6.410000,-1.199771802e-01
6.415000,-9.784736953e-02
6.420000,-7.405273688e-02
6.425000,-4.830227099e-02
6.430000,-2.061588862e-02
6.435000,8.699010570e-03
6.440000,3.909580707e-02
6.445000,6.983842306e-02
6.450000,1.000394585e-01
6.455000,1.286871545e-01
6.460000,1.546733267e-01
6.465000,1.768399869e-01
6.470000,1.940597886e-01
6.475000,2.053553049e-01
6.480000,2.100473694e-01
6.485000,2.079076962e-01
6.490000,1.992804739e-01
6.495000,1.851354969e-01
6.500000,1.670235524e-01
6.505000,1.469224693e-01
6.510000,1.269859090e-01
6.515000,1.092310276e-01
6.520000,9.521926566e-02
6.525000,8.579152125e-02
6.530000,8.091226690e-02
6.535000,7.965771831e-02
6.540000,8.035520538e-02
6.545000,8.085088231e-02
6.550000,7.885775661e-02
6.555000,7.232133357e-02
6.560000,5.973895476e-02
6.565000,4.038092195e-02
6.570000,1.438348674e-02
6.575000,-1.728965032e-02
6.580000,-5.299577111e-02
6.585000,-9.063222990e-02
6.590000,-1.278799760e-01
6.595000,-1.624297666e-01
6.600000,-1.921629080e-01
6.605000,-2.152763575e-01
6.610000,-2.303587923e-01
6.615000,-2.364349076e-01
6.620000,-2.329970795e-01
6.625000,-2.200369517e-01
6.630000,-1.980775905e-01
6.635000,-1.681943658e-01
6.640000,-1.320044711e-01
6.645000,-9.160430199e-02
6.650000,-4.944160328e-02
6.655000,-8.123598893e-03
6.660000,2.982054459e-02
6.665000,6.218928907e-02
6.670000,8.732765550e-02
6.675000,1.042730830e-01
6.680000,1.127963024e-01
6.685000,1.133247004e-01
6.690000,1.067602128e-01
6.695000,9.422810788e-02
6.700000,7.681105836e-02
6.705000,5.532942969e-02
6.710000,3.022090867e-02
6.715000,1.551111165e-03
6.720000,-3.084393995e-02
6.725000,-6.711530605e-02
6.730000,-1.071168497e-01
6.735000,-1.501505235e-01
6.740000,-1.948086256e-01
6.745000,-2.389600894e-01
6.750000,-2.798960429e-01
6.755000,-3.146142891e-01
6.760000,-3.401915750e-01
6.765000,-3.541737371e-01
6.770000,-3.549111052e-01
6.775000,-3.417799538e-01
6.780000,-3.152564525e-01
6.785000,-2.768407585e-01
6.790000,-2.288579019e-01
6.795000,-1.741822240e-01
6.800000,-1.159394045e-01
6.805000,-5.723430060e-02
6.810000,-9.371430945e-04
6.815000,5.045942298e-02
6.820000,9.491845711e-02
6.825000,1.308902573e-01
6.830000,1.573193344e-01
6.835000,1.736445779e-01
6.840000,1.798006720e-01
6.845000,1.762175273e-01
6.850000,1.638055251e-01
6.855000,1.439108081e-01
6.860000,1.182281931e-01
6.865000,8.866908333e-02
6.870000,5.719550908e-02
6.875000,2.564507830e-02
6.880000,-4.419498702e-03
6.885000,-3.180242067e-02
6.890000,-5.568460576e-02
6.895000,-7.554674462e-02
6.900000,-9.102480898e-02
6.905000,-1.017390727e-01
6.910000,-1.071508208e-01
6.915000,-1.065002590e-01
6.920000,-9.886305230e-02
6.925000,-8.333395983e-02
6.930000,-5.931064391e-02
6.935000,-2.681778952e-02
6.940000,1.320963259e-02
6.945000,5.876782422e-02
6.950000,1.068156191e-01
6.955000,1.535240977e-01
6.960000,1.947246822e-01
6.965000,2.264886353e-01
6.970000,2.457354890e-01
6.975000,2.507535351e-01
6.980000,2.415261848e-01
6.985000,2.197919469e-01
6.990000,1.888159157e-01
6.995000,1.529064483e-01
7.000000,1.167605308e-01
7.005000,8.475488106e-02
7.010000,6.031011959e-02
7.015000,4.543999208e-02
7.020000,4.055956763e-02
7.025000,4.457337917e-02
7.030000,5.520799115e-02
7.035000,6.950598081e-02
7.040000,8.437048411e-02
7.045000,9.704737329e-02
7.050000,1.054556173e-01
7.055000,1.083189921e-01
7.060000,1.051031081e-01
7.065000,9.580815050e-02
7.070000,8.069878261e-02
7.075000,6.006146216e-02
7.080000,3.406459639e-02
7.085000,2.762794593e-03
7.090000,-3.375819255e-02
7.095000,-7.514300286e-02
7.100000,-1.205132422e-01
7.105000,-1.682882013e-01
7.110000,-2.161549176e-01
7.115000,-2.612273607e-01
7.120000,-3.003861998e-01
7.125000,-3.307416999e-01
7.130000,-3.501254288e-01
7.135000,-3.575012381e-01
7.140000,-3.531965216e-01
7.145000,-3.388889206e-01
7.150000,-3.173338788e-01
7.155000,-2.918737937e-01
7.160000,-2.658180876e-01
7.165000,-2.418148731e-01
7.170000,-2.213419534e-01
7.175000,-2.044253640e-01
7.180000,-1.896506439e-01
7.185000,-1.744737556e-01
7.190000,-1.557769843e-01
7.195000,-1.305633942e-01
7.200000,-9.665288635e-02
7.205000,-5.324044507e-02
7.210000,-1.203482654e-03
7.215000,5.690526793e-02
7.220000,1.171805377e-01
7.225000,1.749419870e-01
7.230000,2.254558631e-01
7.235000,2.646634635e-01
7.240000,2.897799547e-01
7.245000,2.996554524e-01
7.250000,2.948399890e-01
7.255000,2.773544950e-01
7.260000,2.502282853e-01
7.265000,2.169074200e-01
7.270000,1.806587308e-01
7.275000,1.440877678e-01
7.280000,1.088579604e-01
7.285000,7.565059864e-02
7.290000,4.435162154e-02
7.295000,1.440308068e-02
7.300000,-1.477571011e-02
7.305000,-4.340355984e-02
7.310000,-7.108323374e-02
7.315000,-9.673870231e-02
7.320000,-1.187584777e-01
7.325000,-1.353104457e-01
7.330000,-1.447526622e-01
7.335000,-1.460415113e-01
7.340000,-1.390387496e-01
7.345000,-1.246419899e-01
7.350000,-1.047033282e-01
7.355000,-8.174844805e-02
7.360000,-5.855276704e-02
7.365000,-3.766241968e-02
7.370000,-2.095978589e-02
7.375000,-9.363754961e-03
7.380000,-2.726171881e-03
7.385000,5.604604010e-05
7.390000,7.400139776e-04
7.395000,1.314841520e-03
7.400000,3.551914888e-03
7.405000,8.625628775e-03
7.410000,1.688485005e-02
7.415000,2.781927342e-02
7.420000,4.021933125e-02
7.425000,5.248460349e-02
7.430000,6.300407415e-02
7.435000,7.051892618e-02
7.440000,7.438674949e-02
7.445000,7.469208642e-02
7.450000,7.218553720e-02
7.455000,6.807364835e-02
7.460000,6.371572778e-02
7.465000,6.030406230e-02
7.470000,5.860589338e-02
7.475000,5.882796040e-02
7.480000,6.063115308e-02
7.485000,6.328199084e-02
7.490000,6.589023514e-02
7.495000,6.765873742e-02
7.500000,6.806981410e-02
7.505000,6.695299372e-02
7.510000,6.441604681e-02
7.515000,6.066386028e-02
7.520000,5.576545209e-02
7.525000,4.944803344e-02
7.530000,4.099346250e-02
7.535000,2.928776306e-02
7.540000,1.303492730e-02
7.545000,-8.898450012e-03
7.550000,-3.708053259e-02
7.555000,-7.115105492e-02
7.560000,-1.095981745e-01
7.565000,-1.497548969e-01
7.570000,-1.880517725e-01
7.575000,-2.205058190e-01
7.580000,-2.433673935e-01
7.585000,-2.538014776e-01
7.590000,-2.504603114e-01
7.595000,-2.338176300e-01
7.600000,-2.061797634e-01
7.605000,-1.713558730e-01
7.610000,-1.340428875e-01
7.615000,-9.904274796e-02
7.620000,-7.046584330e-02
7.625000,-5.107695970e-02
7.630000,-4.190873424e-02
7.635000,-4.221001960e-02
7.640000,-4.972566641e-02
7.645000,-6.123542782e-02
7.650000,-7.322780942e-02
7.655000,-8.256104316e-02
7.660000,-8.697331047e-02
7.665000,-8.534571175e-02
7.670000,-7.768450376e-02
7.675000,-6.485827463e-02
7.680000,-4.818342702e-02
7.685000,-2.898272154e-02
7.690000,-8.238855613e-03
7.695000,1.357028471e-02
7.700000,3.642536533e-02
7.705000,6.054185439e-02
7.710000,8.605329212e-02
7.715000,1.127116829e-01
7.720000,1.397090684e-01
7.725000,1.656889362e-01
7.730000,1.889610985e-01
7.735000,2.078735558e-01
7.740000,2.212453616e-01
7.745000,2.287389141e-01
7.750000,2.310561559e-01
7.755000,2.298810287e-01
7.760000,2.275523398e-01
7.765000,2.265224017e-01
7.770000,2.287194041e-01
7.775000,2.349684240e-01
7.780000,2.446257231e-01
7.785000,2.555410026e-01
7.790000,2.643901900e-01
7.795000,2.673334980e-01
7.800000,2.608710699e-01
7.805000,2.427122220e-01
7.810000,2.124590827e-01
7.815000,1.719366325e-01
7.820000,1.250729593e-01
7.825000,7.733021797e-02
7.830000,3.478636055e-02
7.835000,3.047229081e-03
7.840000,-1.379039558e-02
7.845000,-1.391133196e-02
7.850000,1.869508419e-03
7.855000,3.025382237e-02
7.860000,6.606951522e-02
7.865000,1.032152388e-01
7.870000,1.357447302e-01
7.875000,1.588713214e-01
7.880000,1.696959400e-01
7.885000,1.675267233e-01
7.890000,1.537502985e-01
7.895000,1.313131347e-01
7.900000,1.039538697e-01
7.905000,7.537540167e-02
7.910000,4.854800248e-02
7.915000,2.529179338e-02
7.920000,6.209787904e-03
7.925000,-9.048919247e-03
7.930000,-2.129902393e-02
7.935000,-3.125827002e-02
7.940000,-3.908305961e-02
7.945000,-4.413408751e-02
7.950000,-4.503848437e-02
7.955000,-4.003243171e-02
7.960000,-2.749222232e-02
7.965000,-6.511602958e-03
7.970000,2.262913560e-02
7.975000,5.822962163e-02
7.980000,9.724004316e-02
7.985000,1.356300969e-01
7.990000,1.689789324e-01
7.995000,1.931577508e-01
8.000000,2.049578417e-01
8.005000,2.025335940e-01
8.010000,1.855771325e-01
8.015000,1.552062265e-01
8.020000,1.136136074e-01
8.025000,6.357764422e-02
8.030000,7.959416572e-03
8.035000,-5.069546238e-02
8.040000,-1.103675143e-01
8.045000,-1.695584233e-01
8.050000,-2.271017152e-01
8.055000,-2.818695543e-01
8.060000,-3.324827999e-01
8.065000,-3.771291047e-01
8.070000,-4.135631491e-01
8.075000,-4.393119233e-01
8.080000,-4.520494840e-01
8.085000,-4.500551622e-01
8.090000,-4.326404335e-01
8.095000,-4.004307885e-01
8.100000,-3.554203343e-01
8.105000,-3.007706120e-01
8.110000,-2.403871074e-01
8.115000,-1.783606742e-01
8.120000,-1.183925051e-01
8.125000,-6.332264162e-02
8.130000,-1.485396750e-02
8.135000,2.648535318e-02
8.140000,6.115448883e-02
8.145000,9.025056363e-02
8.150000,1.150911261e-01
8.155000,1.368285177e-01
8.160000,1.561781585e-01
8.165000,1.733066359e-01
8.170000,1.878812724e-01
8.175000,1.992419379e-01
8.180000,2.066283319e-01
8.185000,2.093882794e-01
8.190000,2.071060734e-01
8.195000,1.996203037e-01
8.200000,1.869390620e-01
8.205000,1.690957285e-01
8.210000,1.460102955e-01
8.215000,1.174227042e-01
8.220000,8.294501063e-02
8.225000,4.224348676e-02
8.230000,-4.680235017e-03
8.235000,-5.717642261e-02
8.240000,-1.136909411e-01
8.245000,-1.716514573e-01
8.250000,-2.275568335e-01
8.255000,-2.772867015e-01
8.260000,-3.165962697e-01
8.265000,-3.417139037e-01
8.270000,-3.499281619e-01
8.275000,-3.400453887e-01
8.280000,-3.126212216e-01
8.285000,-2.699149620e-01
8.290000,-2.155740266e-01
8.295000,-1.541124916e-01
8.300000,-9.028921666e-02
8.305000,-2.850733399e-02
8.310000,2.765521891e-02
8.315000,7.571095076e-02
8.320000,1.143016209e-01
8.325000,1.430407184e-01
8.330000,1.622308390e-01
8.335000,1.725478228e-01
8.340000,1.747799600e-01
8.345000,1.696850550e-01
8.350000,1.579880937e-01
8.355000,1.404982691e-01
8.360000,1.182874506e-01
8.365000,9.285212897e-02
8.370000,6.618262224e-02
8.375000,4.068673696e-02
8.380000,1.895454417e-02
8.385000,3.396594216e-03
8.390000,-4.172105929e-03
8.395000,-2.906653056e-03
8.400000,6.829977154e-03
8.405000,2.343596169e-02
8.410000,4.427172247e-02
8.415000,6.606502287e-02
8.420000,8.544372834e-02
8.425000,9.948911926e-02
8.430000,1.061972733e-01
8.435000,1.047571821e-01
8.440000,9.559613976e-02
8.445000,8.019469479e-02
8.450000,6.072239338e-02
8.455000,3.958046058e-02
8.460000,1.895143229e-02
8.465000,4.468735875e-04
8.470000,-1.508377665e-02
8.475000,-2.756005271e-02
8.480000,-3.751190250e-02
8.485000,-4.580941480e-02
8.490000,-5.335452514e-02
8.495000,-6.080976336e-02
8.500000,-6.842258847e-02
8.505000,-7.597462134e-02
8.510000,-8.285137849e-02
8.515000,-8.819896218e-02
8.520000,-9.111682766e-02
8.525000,-9.083372493e-02
8.530000,-8.682620858e-02
8.535000,-7.886092968e-02
8.540000,-6.696639829e-02
8.545000,-5.136015526e-02
8.550000,-3.236816600e-02
8.555000,-1.037235407e-02
8.560000,1.418980698e-02
8.565000,4.076939284e-02
8.570000,6.861143434e-02
8.575000,9.665697645e-02
8.580000,1.234850833e-01
8.585000,1.473329614e-01
8.590000,1.662145867e-01
8.595000,1.781321746e-01
8.600000,1.813478861e-01
8.605000,1.746634297e-01
8.610000,1.576488076e-01
8.615000,1.307704454e-01
8.620000,9.539068476e-02
8.625000,5.363876994e-02
8.630000,8.180255277e-03
8.635000,-3.806953748e-02
8.640000,-8.223564201e-02
8.645000,-1.217303842e-01
8.650000,-1.544256884e-01
8.655000,-1.787398330e-01
8.660000,-1.936483033e-01
8.665000,-1.986441980e-01
8.670000,-1.936810901e-01
8.675000,-1.791285268e-01
8.680000,-1.557580863e-01
8.685000,-1.247593052e-01
8.690000,-8.776529687e-02
8.695000,-4.685396137e-02
8.700000,-4.487892486e-03
8.705000,3.663291994e-02
8.710000,7.380838276e-02
8.715000,1.046391173e-01
8.720000,1.273377195e-01
8.725000,1.409823216e-01
8.730000,1.456468860e-01
8.735000,1.423639406e-01
8.740000,1.329109895e-01
8.745000,1.194527913e-01
8.750000,1.041075427e-01
8.755000,8.852639453e-02
8.760000,7.357703496e-02
8.765000,5.920263172e-02
8.770000,4.449142543e-02
8.775000,2.794754483e-02
8.780000,7.909803799e-03
8.785000,-1.696824165e-02
8.790000,-4.727948269e-02
8.795000,-8.256244106e-02
8.800000,-1.212084841e-01
8.805000,-1.606046127e-01
8.810000,-1.974899795e-01
8.815000,-2.284588220e-01
8.820000,-2.505111339e-01
8.825000,-2.615422320e-01
8.830000,-2.606755515e-01
8.835000,-2.483762929e-01
8.840000,-2.263292131e-01
8.845000,-1.971117415e-01
8.850000,-1.637335023e-01
8.855000,-1.291371741e-01
8.860000,-9.575901273e-02
8.865000,-6.523022035e-02
8.870000,-3.826682260e-02
8.875000,-1.475337139e-02
8.880000,6.015881878e-03
8.885000,2.500632543e-02
8.890000,4.310537079e-02
8.895000,6.085506655e-02
8.900000,7.830911820e-02
8.905000,9.503448954e-02
8.910000,1.102419122e-01
8.915000,1.230008543e-01
8.920000,1.324790458e-01
8.925000,1.381467224e-01
8.930000,1.398994740e-01
8.935000,1.380762492e-01
8.940000,1.333747152e-01
8.945000,1.266891487e-01
8.950000,1.189118978e-01
8.955000,1.107455324e-01
8.960000,1.025683002e-01
8.965000,9.438169995e-02
8.970000,8.584906015e-02
8.975000,7.641268912e-02
8.980000,6.545961412e-02
8.985000,5.249646478e-02
8.990000,3.729471693e-02
8.995000,1.997742770e-02
9.000000,1.034283300e-03
9.005000,-1.873153982e-02
9.010000,-3.830793555e-02
9.015000,-5.660586371e-02
9.020000,-7.259394320e-02
9.025000,-8.541480917e-02
9.030000,-9.446895473e-02
9.035000,-9.945885092e-02
9.040000,-1.003925413e-01
9.045000,-9.755121496e-02
9.050000,-9.142935980e-02
9.055000,-8.265876825e-02
9.060000,-7.192851250e-02
9.065000,-5.991179292e-02
9.070000,-4.720757887e-02
9.075000,-3.430116349e-02
9.080000,-2.154440453e-02
9.085000,-9.154441168e-03
9.090000,2.770913454e-03
9.095000,1.422302088e-02
9.100000,2.524034771e-02
9.105000,3.585977250e-02
9.110000,4.607001345e-02
9.115000,5.577857265e-02
9.120000,6.480323031e-02
9.125000,7.289437139e-02
9.130000,7.978578417e-02
9.135000,8.526155116e-02
9.140000,8.921892055e-02
9.145000,9.170488038e-02
9.150000,9.290903874e-02
9.155000,9.310638841e-02
9.160000,9.255762259e-02
9.165000,9.138800952e-02
9.170000,8.947495110e-02
9.175000,8.637697949e-02
9.180000,8.133224435e-02
9.185000,7.334291333e-02
9.190000,6.134483422e-02
9.195000,4.444188844e-02
9.200000,2.216551035e-02
9.205000,-5.293440184e-03
9.210000,-3.693628341e-02
9.215000,-7.093729877e-02
9.220000,-1.047764660e-01
9.225000,-1.355156096e-01
9.230000,-1.601770721e-01
9.235000,-1.761592045e-01
9.240000,-1.816122859e-01
9.245000,-1.757047227e-01
9.250000,-1.587306865e-01
9.255000,-1.320411947e-01
9.260000,-9.781386943e-02
9.265000,-5.870550317e-02
9.270000,-1.745124039e-02
9.275000,2.351803259e-02
9.280000,6.237334884e-02
9.285000,9.805026777e-02
9.290000,1.302523185e-01
9.295000,1.593023578e-01
9.300000,1.858794724e-01
9.305000,2.107023374e-01
9.310000,2.342301569e-01
9.315000,2.564464695e-01
9.320000,2.767703487e-01
9.325000,2.941091602e-01
9.330000,3.070349766e-01
9.335000,3.140410212e-01
9.340000,3.138207819e-01
9.345000,3.055125830e-01
9.350000,2.888645431e-01
9.355000,2.642945985e-01
9.360000,2.328424880e-01
9.365000,1.960307915e-01
9.370000,1.556670983e-01
9.375000,1.136273089e-01
9.380000,7.166015622e-02
9.385000,3.124552570e-02
9.390000,-6.474556272e-03
9.395000,-4.069054739e-02
9.400000,-7.086072187e-02
9.405000,-9.661472086e-02
9.410000,-1.176577879e-01
9.415000,-1.337046112e-01
9.420000,-1.444610294e-01
9.425000,-1.496573778e-01
9.430000,-1.491229828e-01
9.435000,-1.428807459e-01
9.440000,-1.312358991e-01
9.445000,-1.148342582e-01
9.450000,-9.467171901e-02
9.455000,-7.204668984e-02
9.460000,-4.845865186e-02
9.465000,-2.546701857e-02
9.470000,-4.532864833e-03
9.475000,1.312984020e-02
9.480000,2.666816347e-02
9.485000,3.565048497e-02
9.490000,4.006457716e-02
9.495000,4.025656232e-02
9.500000,3.682419765e-02
9.505000,3.048509604e-02
9.510000,2.194355164e-02
9.515000,1.177873097e-02
9.520000,3.727766543e-04
9.525000,-1.210942942e-02
9.530000,-2.568587129e-02
9.535000,-4.047538970e-02
9.540000,-5.658497871e-02
9.545000,-7.399114211e-02
9.550000,-9.244354272e-02
9.555000,-1.114165508e-01
9.560000,-1.301252240e-01
9.565000,-1.476082471e-01
9.570000,-1.628645470e-01
9.575000,-1.750165036e-01
9.580000,-1.834643542e-01
9.585000,-1.879956928e-01
9.590000,-1.888213619e-01
9.595000,-1.865233391e-01
9.600000,-1.819188820e-01
9.605000,-1.758646959e-01
9.610000,-1.690411599e-01
9.615000,-1.617656876e-01
9.620000,-1.538830192e-01
9.625000,-1.447674534e-01
9.630000,-1.334492390e-01
9.635000,-1.188488721e-01
9.640000,-1.000753342e-01
9.645000,-7.672433006e-02
9.650000,-4.910602049e-02
9.655000,-1.834133369e-02
9.660000,1.370939881e-02
9.665000,4.468670715e-02
9.670000,7.210437351e-02
9.675000,9.378465081e-02
9.680000,1.082677059e-01
9.685000,1.151058929e-01
9.690000,1.149727130e-01
9.695000,1.095526756e-01
9.700000,1.012245492e-01
9.705000,9.259657456e-02
9.710000,8.598727359e-02
9.715000,8.296072006e-02
9.720000,8.401615319e-02
9.725000,8.849998563e-02
9.730000,9.476053607e-02
9.735000,1.005130349e-01
9.740000,1.033366314e-01
9.745000,1.011966124e-01
9.750000,9.288015396e-02
9.755000,7.825369200e-02
9.760000,5.829003236e-02
9.765000,3.486479898e-02
9.770000,1.037327738e-02
9.775000,-1.274154309e-02
9.780000,-3.244025511e-02
9.785000,-4.741530492e-02
9.790000,-5.722551705e-02
9.795000,-6.221484167e-02
9.800000,-6.324722277e-02
9.805000,-6.133520254e-02
9.810000,-5.726583954e-02
9.815000,-5.132711190e-02
9.820000,-4.321122590e-02
9.825000,-3.212477086e-02
9.830000,-1.708094276e-02
9.835000,2.700370248e-03
9.840000,2.739063363e-02
9.845000,5.626067918e-02
9.850000,8.758815808e-02
9.855000,1.188078403e-01
9.860000,1.468888929e-01
9.865000,1.688650707e-01
9.870000,1.824013445e-01
9.875000,1.862652651e-01
9.880000,1.805882177e-01
9.885000,1.668474676e-01
9.890000,1.475638466e-01
9.895000,1.257765822e-01
9.900000,1.044098783e-01
9.905000,8.567254890e-02
9.910000,7.062595255e-02
9.915000,5.901813612e-02
9.920000,4.942212653e-02
9.925000,3.964734747e-02
9.930000,2.733072321e-02
9.935000,1.057228928e-02
9.940000,-1.153122758e-02
9.945000,-3.857925608e-02
9.950000,-6.885985654e-02
9.955000,-9.964615823e-02
9.960000,-1.277305149e-01
9.965000,-1.500747335e-01
9.970000,-1.644280432e-01
9.975000,-1.697730937e-01
9.980000,-1.665019871e-01
9.985000,-1.562886391e-01
9.990000,-1.416946211e-01
9.995000,-1.256057851e-01
10.000000,-1.106323161e-01
10.005000,-9.860788391e-02
10.010000,-9.029481434e-02
10.015000,-8.534978716e-02
10.020000,-8.254175541e-02
10.025000,-8.015572363e-02
10.030000,-7.647610998e-02
10.035000,-7.023033526e-02
10.040000,-6.088914401e-02
10.045000,-4.876019792e-02
10.050000,-3.486526833e-02
10.055000,-2.064535840e-02
10.060000,-7.578962666e-03
10.065000,3.183447116e-03
10.070000,1.107465896e-02
10.075000,1.619457790e-02
10.080000,1.920931647e-02
10.085000,2.110176983e-02
10.090000,2.284837031e-02
10.095000,2.511407991e-02
10.100000,2.804991087e-02
10.105000,3.124710869e-02
10.110000,3.385821907e-02
10.115000,3.484961548e-02
10.120000,3.331479809e-02
10.125000,2.876190351e-02
10.130000,2.129610712e-02
10.135000,1.164564457e-02
10.140000,1.021504615e-03
10.145000,-9.155258855e-03
10.150000,-1.758938689e-02
10.155000,-2.342360510e-02
10.160000,-2.644490424e-02
10.165000,-2.712859363e-02
10.170000,-2.650471556e-02
10.175000,-2.587701200e-02
10.180000,-2.646320321e-02
10.185000,-2.904672066e-02
10.190000,-3.372841524e-02
10.195000,-3.984233440e-02
10.200000,-4.605870870e-02
10.205000,-5.065052218e-02
10.210000,-5.185968918e-02
10.215000,-4.827531583e-02
10.220000,-3.913555167e-02
10.225000,-2.448582785e-02
10.230000,-5.163707364e-03
10.235000,1.737598418e-02
10.240000,4.134395752e-02
10.245000,6.493217352e-02
10.250000,8.658455647e-02
10.255000,1.051622624e-01
10.260000,1.199757054e-01
10.265000,1.306943554e-01
10.270000,1.371797893e-01
10.275000,1.393082890e-01
10.280000,1.368506995e-01
10.285000,1.294586925e-01
10.290000,1.167728623e-01
10.295000,9.862834552e-02
10.300000,7.529907749e-02
10.305000,4.770255089e-02
10.310000,1.748938126e-02
10.315000,-1.303335588e-02
10.320000,-4.115484895e-02
10.325000,-6.415199463e-02
10.330000,-7.974175951e-02
10.335000,-8.649423812e-02
10.340000,-8.410863206e-02
10.345000,-7.348204156e-02
10.350000,-5.654753916e-02
10.355000,-3.591209473e-02
10.360000,-1.437298407e-02
10.365000,5.578929050e-03
10.370000,2.215704944e-02
10.375000,3.449002613e-02
10.380000,4.260386204e-02
10.385000,4.719010162e-02
10.390000,4.922868790e-02
10.395000,4.957076759e-02
10.400000,4.859676330e-02
10.405000,4.604533154e-02
10.410000,4.106386582e-02
10.415000,3.247209074e-02
10.420000,1.917203409e-02
10.425000,5.953746415e-04
10.430000,-2.293583675e-02
10.435000,-5.004224888e-02
10.440000,-7.837606931e-02
10.445000,-1.049649845e-01
10.450000,-1.267455926e-01
10.455000,-1.411701630e-01
10.460000,-1.467471043e-01
10.465000,-1.433857442e-01
10.470000,-1.324580396e-01
10.475000,-1.165538770e-01
10.480000,-9.897736782e-02
10.485000,-8.309191000e-02
10.490000,-7.165718705e-02
10.495000,-6.630315812e-02
10.500000,-6.725405783e-02
10.505000,-7.335721841e-02
10.510000,-8.240114327e-02
10.515000,-9.164152792e-02
10.520000,-9.840846255e-02
10.525000,-1.006535228e-01
10.530000,-9.731498974e-02
10.535000,-8.842783998e-02
10.540000,-7.497014394e-02
10.545000,-5.850275925e-02
10.550000,-4.070841427e-02
10.555000,-2.295727991e-02
10.560000,-6.014015890e-03
10.565000,1.004042212e-02
10.570000,2.565919008e-02
10.575000,4.150231024e-02
10.580000,5.803161151e-02
10.585000,7.515100283e-02
10.590000,9.200580110e-02
10.595000,1.070145603e-01
10.600000,1.181454873e-01
10.605000,1.233824741e-01
10.610000,1.212703291e-01
10.615000,1.113998404e-01
10.620000,9.469935783e-02
10.625000,7.344036867e-02
10.630000,5.093074076e-02
10.635000,3.094484213e-02
10.640000,1.700582251e-02
10.645000,1.167537401e-02
10.650000,1.601010747e-02
10.655000,2.931004553e-02
10.660000,4.922145048e-02
10.665000,7.217803698e-02
10.670000,9.408963005e-02
10.675000,1.111326597e-01
10.680000,1.204749005e-01
10.685000,1.207824602e-01
10.690000,1.124065557e-01
10.695000,9.721968758e-02
10.700000,7.814880955e-02
10.705000,5.851891249e-02
10.710000,4.135888330e-02
10.715000,2.882389156e-02
10.720000,2.185501894e-02
10.725000,2.013623152e-02
10.730000,2.233644457e-02
10.735000,2.655820085e-02
10.740000,3.087021649e-02
10.745000,3.378863915e-02
10.750000,3.459300248e-02
10.755000,3.341091087e-02
10.760000,3.106744512e-02
10.765000,2.875521433e-02
10.770000,2.762405073e-02
10.775000,2.840540910e-02
10.780000,3.117248846e-02
10.785000,3.529745837e-02
10.790000,3.961277247e-02
10.795000,4.272868546e-02
10.800000,4.341787097e-02
10.805000,4.096084194e-02
10.810000,3.535678349e-02
10.815000,2.734027646e-02
10.820000,1.819575330e-02
10.825000,9.415083736e-03
10.830000,2.285692303e-03
10.835000,-2.483661869e-03
10.840000,-4.999904995e-03
10.845000,-6.218990077e-03
10.850000,-7.759348893e-03
10.855000,-1.153414295e-02
10.860000,-1.928679726e-02
10.865000,-3.213954892e-02
10.870000,-5.026317087e-02
10.875000,-7.274810639e-02
10.880000,-9.771001935e-02
10.885000,-1.226079988e-01
10.890000,-1.447047940e-01
10.895000,-1.615671668e-01
10.900000,-1.714977443e-01
10.905000,-1.738084229e-01
10.910000,-1.688840267e-01
10.915000,-1.580336586e-01
10.920000,-1.431741925e-01
10.925000,-1.264248152e-01
10.930000,-1.097061058e-01
10.935000,-9.442940376e-02
10.940000,-8.133504312e-02
10.945000,-7.049868591e-02
10.950000,-6.148341954e-02
10.955000,-5.358173177e-02
10.960000,-4.607403384e-02
10.965000,-3.843295581e-02
10.970000,-3.042381891e-02
10.975000,-2.208515537e-02
10.980000,-1.360928732e-02
10.985000,-5.171620356e-03
10.990000,3.229358822e-03
10.995000,1.186460073e-02
11.000000,2.126435854e-02
11.005000,3.210156699e-02
11.010000,4.499688518e-02
11.015000,6.029737325e-02
11.020000,7.789023577e-02
11.025000,9.710601002e-02
11.030000,1.167441387e-01
11.035000,1.352236753e-01
11.040000,1.508305689e-01
11.045000,1.620083756e-01
11.050000,1.676275327e-01
11.055000,1.671725620e-01
11.060000,1.608058776e-01
11.065000,1.492965143e-01
11.070000,1.338345852e-01
11.075000,1.157792673e-01
11.080000,9.640263511e-02
11.085000,7.669005968e-02
11.090000,5.724078763e-02
11.095000,3.828443925e-02
11.100000,1.979798702e-02
11.105000,1.681514395e-03
11.110000,-1.606347163e-02
11.115000,-3.320846747e-02
11.120000,-4.926433000e-02
11.125000,-6.355172598e-02
11.130000,-7.535707072e-02
11.135000,-8.412920259e-02
11.140000,-8.965784949e-02
11.145000,-9.217700935e-02
11.150000,-9.235462654e-02
11.155000,-9.115984094e-02
11.160000,-8.963273136e-02
11.165000,-8.860982789e-02
11.170000,-8.847403477e-02
11.175000,-8.899571602e-02
11.180000,-8.931274962e-02
11.185000,-8.806582694e-02
11.190000,-8.366866067e-02
11.195000,-7.465972830e-02
11.200000,-6.006055224e-02
11.205000,-3.966059813e-02
11.210000,-1.416224351e-02
11.215000,1.485164069e-02
11.220000,4.512646833e-02
11.225000,7.408095777e-02
11.230000,9.921782922e-02
11.235000,1.185152176e-01
11.240000,1.307190608e-01
11.245000,1.354802689e-01
11.250000,1.333164743e-01
11.255000,1.254177234e-01
11.260000,1.133490587e-01
11.265000,9.872281460e-02
11.270000,8.291546760e-02
11.275000,6.688829622e-02
11.280000,5.114228205e-02
11.285000,3.580286649e-02
11.290000,2.079782205e-02
11.295000,6.069329111e-03
11.300000,-8.245345785e-03
11.305000,-2.171981247e-02
11.310000,-3.366158872e-02
11.315000,-4.324964885e-02
11.320000,-4.975129077e-02
11.325000,-5.275936418e-02
11.330000,-5.238237158e-02
11.335000,-4.932905500e-02
11.340000,-4.485364219e-02
11.345000,-4.056181553e-02
11.350000,-3.811226065e-02
11.355000,-3.887580654e-02
11.360000,-4.362710945e-02
11.365000,-5.233942956e-02
11.370000,-6.413223047e-02
11.375000,-7.738877785e-02
11.380000,-9.002397270e-02
11.385000,-9.984970184e-02
11.390000,-1.049635493e-01
11.395000,-1.040817178e-01
11.400000,-9.674959865e-02
11.405000,-8.339061938e-02
11.410000,-6.518939826e-02
11.415000,-4.384061883e-02
11.420000,-2.122238257e-02
11.425000,9.337808297e-04
11.430000,2.130703837e-02
11.435000,3.913434247e-02
11.440000,5.421782457e-02
11.445000,6.680217631e-02
11.450000,7.736067440e-02
11.455000,8.634785767e-02
11.460000,9.398252969e-02
11.465000,1.001156703e-01
11.470000,1.042161782e-01
11.475000,1.054781766e-01
11.480000,1.030237283e-01
11.485000,9.615131291e-02
11.490000,8.456892304e-02
11.495000,6.855383802e-02
11.500000,4.899813746e-02
11.505000,2.732552614e-02
11.510000,5.294539581e-03
11.515000,-1.527138021e-02
11.520000,-3.277092204e-02
11.525000,-4.607059586e-02
11.530000,-5.466119622e-02
11.535000,-5.869767179e-02
11.540000,-5.892031420e-02
11.545000,-5.647936157e-02
11.550000,-5.270304042e-02
11.555000,-4.885739925e-02
11.560000,-4.594402900e-02
11.565000,-4.457024598e-02
11.570000,-4.490864218e-02
11.575000,-4.674317431e-02
11.580000,-4.958137436e-02
11.585000,-5.280036449e-02
11.590000,-5.579040698e-02
11.595000,-5.806426254e-02
11.600000,-5.931232960e-02
11.605000,-5.939936503e-02
11.610000,-5.831444999e-02
11.615000,-5.609761705e-02
11.620000,-5.277115403e-02
11.625000,-4.830002964e-02
11.630000,-4.259547649e-02
11.635000,-3.556175398e-02
11.640000,-2.717258220e-02
11.645000,-1.755435443e-02
11.650000,-7.050245202e-03
11.655000,3.756869993e-03
11.660000,1.407545607e-02
11.665000,2.299065448e-02
11.670000,2.959151905e-02
11.675000,3.311747377e-02
11.680000,3.309568923e-02
11.685000,2.944144048e-02
11.690000,2.249999933e-02
11.695000,1.301998362e-02
11.700000,2.061829594e-03
11.705000,-9.142044151e-03
11.710000,-1.934981083e-02
11.715000,-2.746686808e-02
11.720000,-3.267099972e-02
11.725000,-3.448868865e-02
11.730000,-3.281601612e-02
11.735000,-2.788842437e-02
11.740000,-2.021226442e-02
11.745000,-1.047605234e-02
11.750000,5.398681414e-04
11.755000,1.203981441e-02
11.760000,2.326632919e-02
11.765000,3.352964373e-02
11.770000,4.221923546e-02
11.775000,4.880841477e-02
11.780000,5.286348226e-02
11.785000,5.406521256e-02
11.790000,5.224347672e-02
11.795000,4.741811606e-02
11.800000,3.983345115e-02
11.805000,2.997208815e-02
11.810000,1.853661456e-02
11.815000,6.394477973e-03
11.820000,-5.510122968e-03
11.825000,-1.626539315e-02
11.830000,-2.510442241e-02
11.835000,-3.150105537e-02
11.840000,-3.523102568e-02
11.845000,-3.638587788e-02
11.850000,-3.533583278e-02
11.855000,-3.264785101e-02
11.860000,-2.897461980e-02
11.865000,-2.493671162e-02
11.870000,-2.102184130e-02
11.875000,-1.752120786e-02
11.880000,-1.451412480e-02
11.885000,-1.190073595e-02
11.890000,-9.471569769e-03
11.895000,-6.994801044e-03
11.900000,-4.299140152e-03
11.905000,-1.332602713e-03
11.910000,1.815925139e-03
11.915000,4.936199977e-03
11.920000,7.751394196e-03
11.925000,9.994087062e-03
11.930000,1.148429048e-02
11.935000,1.218938833e-02
11.940000,1.224956680e-02
11.945000,1.196015452e-02
11.950000,1.171272492e-02
11.955000,1.190739416e-02
11.960000,1.285669286e-02
11.965000,1.470439903e-02
11.970000,1.737976126e-02
11.975000,2.059927516e-02
11.980000,2.391678479e-02
11.985000,2.681118515e-02
11.990000,2.879231505e-02
11.995000,2.950172636e-02
12.000000,2.878649881e-02
12.005000,2.673041468e-02
12.010000,2.363596307e-02
12.015000,1.996076635e-02
12.020000,1.622113300e-02
12.025000,1.288192006e-02
12.030000,1.025462866e-02
12.035000,8.424165103e-03
12.040000,7.219194650e-03
12.045000,6.232480084e-03
12.050000,4.887712000e-03
12.055000,2.540199395e-03
12.060000,-1.407570238e-03
12.065000,-7.396661121e-03
12.070000,-1.562749199e-02
12.075000,-2.601339245e-02
12.080000,-3.817651204e-02
12.085000,-5.148272459e-02
12.090000,-6.510615575e-02
12.095000,-7.811092045e-02
12.100000,-8.953765412e-02
12.105000,-9.848471794e-02
12.110000,-1.041774019e-01
12.115000,-1.060219057e-01
12.120000,-1.036435379e-01
12.125000,-9.691006879e-02
12.130000,-8.594153704e-02
12.135000,-7.110733979e-02
12.140000,-5.301057972e-02
12.145000,-3.245891205e-02
12.150000,-1.042099895e-02
12.155000,1.203152041e-02
12.160000,3.379482945e-02
12.165000,5.381226434e-02
12.170000,7.115532730e-02
12.175000,8.509765929e-02
12.180000,9.517282775e-02
12.185000,1.012081688e-01
12.190000,1.033299277e-01
12.195000,1.019388982e-01
12.200000,9.765975548e-02
12.205000,9.127048528e-02
12.210000,8.362023085e-02
12.215000,7.554446275e-02
12.220000,6.778587764e-02
12.225000,6.092823883e-02
12.230000,5.534878531e-02
12.235000,5.119300368e-02
12.240000,4.837352038e-02
12.245000,4.659268229e-02
12.250000,4.538620498e-02
12.255000,4.418332303e-02
12.260000,4.237741296e-02
12.265000,3.940019089e-02
12.270000,3.479227526e-02
12.275000,2.826302426e-02
12.280000,1.973305532e-02
12.285000,9.353857144e-03
12.290000,-2.499294527e-03
12.295000,-1.526204410e-02
12.300000,-2.824032431e-02
12.305000,-4.068705137e-02
12.310000,-5.188498867e-02
12.315000,-6.122257446e-02
12.320000,-6.825019545e-02
12.325000,-7.270803769e-02
12.330000,-7.452256121e-02
12.335000,-7.377535846e-02
12.340000,-7.065390373e-02
12.345000,-6.539700624e-02
12.350000,-5.824790847e-02
12.355000,-4.942508542e-02
12.360000,-3.911579317e-02
12.365000,-2.749156223e-02
12.370000,-1.473943184e-02
12.375000,-1.098859884e-03
12.380000,1.310732403e-02
12.385000,2.745844903e-02
12.390000,4.144484913e-02
12.395000,5.450121541e-02
12.400000,6.605928373e-02
12.405000,7.560924031e-02
12.410000,8.275631660e-02
12.415000,8.725971993e-02
12.420000,8.904532770e-02
12.425000,8.819032563e-02
12.430000,8.488522682e-02
12.435000,7.938432482e-02
12.440000,7.195802314e-02
12.445000,6.285909860e-02
12.450000,5.231037701e-02
12.455000,4.051492135e-02
12.460000,2.768337677e-02
12.465000,1.406815938e-02
12.470000,-8.140471905e-06
12.475000,-1.414187432e-02
12.480000,-2.786265114e-02
12.485000,-4.067404092e-02
12.490000,-5.211430878e-02
12.495000,-6.182411328e-02
12.500000,-6.960422989e-02
12.505000,-7.544683675e-02
12.510000,-7.952914469e-02
12.515000,-8.216715645e-02
12.520000,-8.373780868e-02
12.525000,-8.458673925e-02
12.530000,-8.494375965e-02
12.535000,-8.486725166e-02
12.540000,-8.423222180e-02
12.545000,-8.276626896e-02
12.550000,-8.012593536e-02
12.555000,-7.599577709e-02
12.560000,-7.018648759e-02
12.565000,-6.270797686e-02
12.570000,-5.379859830e-02
12.575000,-4.390159487e-02
12.580000,-3.359215236e-02
12.585000,-2.347043953e-02
12.590000,-1.404486567e-02
12.595000,-5.633223416e-03
12.600000,1.693741845e-03
12.605000,8.111128299e-03
12.610000,1.397942465e-02
12.615000,1.973784929e-02
12.620000,2.577652691e-02
12.625000,3.231863872e-02
12.630000,3.934200779e-02
12.635000,4.656032105e-02
12.640000,5.346960701e-02
12.645000,5.944945436e-02
12.650000,6.389498151e-02
12.655000,6.634820167e-02
12.660000,6.659790673e-02
12.665000,6.472514683e-02
12.670000,6.108457799e-02
12.675000,5.622703302e-02
12.680000,5.078208277e-02
12.685000,4.532815313e-02
12.690000,4.028015319e-02
12.695000,3.582013779e-02
12.700000,3.188625338e-02
12.705000,2.822131465e-02
12.710000,2.446794892e-02
12.715000,2.028577993e-02
12.720000,1.546059901e-02
12.725000,9.977565642e-03
12.730000,4.039901590e-03
12.735000,-1.971070528e-03
12.740000,-7.583213256e-03
12.745000,-1.234453022e-02
12.750000,-1.592830988e-02
12.755000,-1.820508216e-02
12.760000,-1.926325417e-02
12.765000,-1.937399981e-02
12.770000,-1.891049711e-02
12.775000,-1.824330449e-02
12.780000,-1.763978018e-02
12.785000,-1.719460308e-02
12.790000,-1.681084472e-02
12.795000,-1.623836734e-02
12.800000,-1.516147874e-02
12.805000,-1.331432535e-02
12.810000,-1.059392579e-02
12.815000,-7.139535360e-03
12.820000,-3.353930500e-03
12.825000,1.441738123e-04
12.830000,2.630297409e-03
12.835000,3.424524403e-03
12.840000,2.048505982e-03
12.845000,-1.647389830e-03
12.850000,-7.417528756e-03
12.855000,-1.463261692e-02
12.860000,-2.236960718e-02
12.865000,-2.956253740e-02
12.870000,-3.518337722e-02
12.875000,-3.841544164e-02
12.880000,-3.878389998e-02
12.885000,-3.621787766e-02
12.890000,-3.103427040e-02
12.895000,-2.385096897e-02
12.900000,-1.545252412e-02
12.905000,-6.640695629e-03
12.910000,1.896358501e-03
12.915000,9.669386154e-03
12.920000,1.641405156e-02
12.925000,2.205957444e-02
12.930000,2.665614502e-02
12.935000,3.028644570e-02
12.940000,3.298865695e-02
12.945000,3.471306038e-02
12.950000,3.532345862e-02
12.955000,3.464113658e-02
12.960000,3.251657335e-02
12.965000,2.890584157e-02
12.970000,2.392677129e-02
12.975000,1.787505801e-02
12.980000,1.119131638e-02
12.985000,4.383837747e-03
12.990000,-2.075168705e-03
12.995000,-7.853395940e-03
13.000000,-1.283408970e-02
13.005000,-1.714116184e-02
13.010000,-2.110354609e-02
13.015000,-2.516390178e-02
13.020000,-2.975126682e-02
13.025000,-3.514713648e-02
13.030000,-4.137714809e-02
13.035000,-4.815541540e-02
13.040000,-5.489688124e-02
13.045000,-6.079769706e-02
13.050000,-6.496823081e-02
13.055000,-6.659139506e-02
13.060000,-6.507324585e-02
13.065000,-6.015446990e-02
13.070000,-5.196002867e-02
13.075000,-4.097786580e-02
13.080000,-2.797306633e-02
13.085000,-1.385759272e-02
13.090000,4.554785844e-04
13.095000,1.418243438e-02
13.100000,2.675868258e-02
13.105000,3.787339578e-02
13.110000,4.744844404e-02
13.115000,5.557404536e-02
13.120000,6.242262212e-02
13.125000,6.816540713e-02
13.130000,7.291298157e-02
13.135000,7.669237435e-02
13.140000,7.946207684e-02
13.145000,8.115536663e-02
13.150000,8.173453198e-02
13.155000,8.123591461e-02
13.160000,7.978877887e-02
13.165000,7.759902163e-02
13.170000,7.489952300e-02
13.175000,7.187958141e-02
13.180000,6.861341010e-02
13.185000,6.500986155e-02
13.190000,6.080153806e-02
13.195000,5.558206537e-02
13.200000,4.888789598e-02
13.205000,4.030883841e-02
13.210000,2.960287404e-02
13.215000,1.678812725e-02
13.220000,2.188933120e-03
13.225000,-1.357715771e-02
13.230000,-2.967134157e-02
13.235000,-4.515104144e-02
13.240000,-5.910919791e-02
13.245000,-7.080685648e-02
13.250000,-7.977216962e-02
13.255000,-8.584651755e-02
13.260000,-8.917020486e-02
13.265000,-9.011346370e-02
13.270000,-8.917033199e-02
13.275000,-8.684071376e-02
13.280000,-8.352776559e-02
13.285000,-7.947320091e-02
13.290000,-7.474319748e-02
13.295000,-6.926474174e-02
13.300000,-6.289968325e-02
13.305000,-5.553472427e-02
13.310000,-4.716233136e-02
13.315000,-3.793084872e-02
13.320000,-2.815086905e-02
13.325000,-1.825671993e-02
13.330000,-8.733622464e-03
13.335000,-2.973925608e-05
13.340000,7.524074632e-03
13.345000,1.376619365e-02
13.350000,1.871452035e-02
13.355000,2.253252589e-02
13.360000,2.545982572e-02
13.365000,2.772547596e-02
13.370000,2.946711150e-02
13.375000,3.067810092e-02
13.380000,3.119809847e-02
13.385000,3.075133143e-02
13.390000,2.902450109e-02
13.395000,2.576558655e-02
13.400000,2.087892967e-02
13.405000,1.449226204e-02
13.410000,6.977656266e-03
13.415000,-1.080948184e-03
13.420000,-8.968647918e-03
13.425000,-1.595279658e-02
13.430000,-2.140502545e-02
13.435000,-2.490640652e-02
13.440000,-2.631363742e-02
13.445000,-2.577255009e-02
13.450000,-2.367671083e-02
13.455000,-2.058083108e-02
13.460000,-1.708840262e-02
13.465000,-1.373813086e-02
13.470000,-1.091316042e-02
13.475000,-8.790984842e-03
13.480000,-7.341904303e-03
13.485000,-6.372468268e-03
13.490000,-5.600278036e-03
13.495000,-4.740123613e-03
13.500000,-3.580003075e-03
13.505000,-2.029234265e-03
13.510000,-1.285911160e-04
13.515000,1.977718806e-03
13.520000,4.098738248e-03
13.525000,6.065466021e-03
13.530000,7.792111442e-03
13.535000,9.312636009e-03
13.540000,1.078201917e-02
13.545000,1.244110168e-02
13.550000,1.455347942e-02
13.555000,1.733020181e-02
13.560000,2.086114255e-02
13.565000,2.507022793e-02
13.570000,2.970588609e-02
13.575000,3.436975621e-02
13.580000,3.857795224e-02
13.585000,4.184199689e-02
13.590000,4.375240789e-02
13.595000,4.404758962e-02
13.600000,4.265413167e-02
13.605000,3.969106050e-02
13.610000,3.543862026e-02
13.615000,3.027996402e-02
13.620000,2.462988395e-02
13.625000,1.886698670e-02
13.630000,1.328395650e-02
13.635000,8.065219967e-03
13.640000,3.293869452e-03
13.645000,-1.017884247e-03
13.650000,-4.886176319e-03
13.655000,-8.314730488e-03
13.660000,-1.126834438e-02
13.665000,-1.366838444e-02
13.670000,-1.541139364e-02
13.675000,-1.640507211e-02
13.680000,-1.661064841e-02
13.685000,-1.607836885e-02
13.690000,-1.496410308e-02
13.695000,-1.351962436e-02
13.700000,-1.205587082e-02
13.705000,-1.088575471e-02
13.710000,-1.025900487e-02
13.715000,-1.030453644e-02
13.720000,-1.099506088e-02
13.725000,-1.214413803e-02
13.730000,-1.343862869e-02
13.735000,-1.450124015e-02
13.740000,-1.497056484e-02
13.745000,-1.458148447e-02
13.750000,-1.322818695e-02
13.755000,-1.099552580e-02
13.760000,-8.151263671e-03
13.765000,-5.100309217e-03
13.770000,-2.310394636e-03
13.775000,-2.248207073e-04
13.780000,8.194951167e-04
13.785000,6.519689853e-04
13.790000,-7.051147978e-04
13.795000,-3.047142289e-03
13.800000,-6.030068898e-03
13.805000,-9.233991375e-03
13.810000,-1.223180181e-02
13.815000,-1.464742447e-02
13.820000,-1.619214196e-02
13.825000,-1.667433851e-02
13.830000,-1.598577030e-02
13.835000,-1.407407695e-02
13.840000,-1.091483149e-02
13.845000,-6.495957840e-03
13.850000,-8.229126388e-04
13.855000,6.054161854e-03
13.860000,1.399804894e-02
13.865000,2.273999571e-02
13.870000,3.184934876e-02
13.875000,4.073201638e-02
13.880000,4.866673200e-02
13.885000,5.487930508e-02
13.890000,5.864533005e-02
13.895000,5.940359585e-02
13.900000,5.685782495e-02
13.905000,5.104469209e-02
13.910000,4.235151232e-02
13.915000,3.147653585e-02
13.920000,1.933644388e-02
13.925000,6.936852190e-03
13.930000,-4.770155918e-03
13.935000,-1.501420698e-02
13.940000,-2.329593489e-02
13.945000,-2.942100453e-02
13.950000,-3.347449883e-02
13.955000,-3.574448808e-02
13.960000,-3.661484113e-02
13.965000,-3.645388118e-02
13.970000,-3.552563721e-02
13.975000,-3.394405630e-02
13.980000,-3.167914624e-02
13.985000,-2.861045634e-02
13.990000,-2.461101713e-02
13.995000,-1.963697680e-02
14.000000,-1.379669202e-02
14.005000,-7.378306771e-03
14.010000,-8.255324685e-04
14.015000,5.335255479e-03
14.020000,1.060067990e-02
14.025000,1.460377718e-02
14.030000,1.720703302e-02
14.035000,1.855055445e-02
14.040000,1.904056710e-02
14.045000,1.927696650e-02
14.050000,1.993296935e-02
14.055000,2.161165706e-02
14.060000,2.471053415e-02
14.065000,2.932448352e-02
14.070000,3.520965643e-02
14.075000,4.181756379e-02
14.080000,4.839296059e-02
14.085000,5.411471533e-02
14.090000,5.824915362e-02
14.095000,6.028268249e-02
14.100000,6.000547587e-02
14.105000,5.752943760e-02
14.110000,5.323883368e-02
14.115000,4.768732478e-02
14.120000,4.146705407e-02
14.125000,3.508120280e-02
14.130000,2.884971149e-02
14.135000,2.286912063e-02
14.140000,1.703381170e-02
14.145000,1.111062827e-02
14.150000,4.845672653e-03
14.155000,-1.925710398e-03
14.160000,-9.195162149e-03
14.165000,-1.674607582e-02
14.170000,-2.417649945e-02
14.175000,-3.097470983e-02
14.180000,-3.662849231e-02
14.185000,-4.074066360e-02
14.190000,-4.312193513e-02
14.195000,-4.383801978e-02
14.200000,-4.319929520e-02
14.205000,-4.169540341e-02
14.210000,-3.989042522e-02
14.215000,-3.830357526e-02
14.220000,-3.730358836e-02
14.225000,-3.704141478e-02
14.230000,-3.743638271e-02
14.235000,-3.821787483e-02
14.240000,-3.901096285e-02
14.245000,-3.944370673e-02
14.250000,-3.924867696e-02
14.255000,-3.833305487e-02
14.260000,-3.679997019e-02
14.265000,-3.491638780e-02
14.270000,-3.303654382e-02
14.275000,-3.150111253e-02
14.280000,-3.053815940e-02
14.285000,-3.019117229e-02
14.290000,-3.029246678e-02
14.295000,-3.048896073e-02
14.300000,-3.031457152e-02
14.305000,-2.929237176e-02
14.310000,-2.704271125e-02
14.315000,-2.337230231e-02
14.320000,-1.832397282e-02
14.325000,-1.217624891e-02
14.330000,-5.393845069e-03
14.335000,1.458399859e-03
14.340000,7.817440347e-03
14.345000,1.321626228e-02
14.350000,1.735004729e-02
14.355000,2.010201942e-02
14.360000,2.152757757e-02
14.365000,2.180585897e-02
14.370000,2.117529604e-02
14.375000,1.987218823e-02
14.380000,1.808843934e-02
14.385000,1.595751674e-02
14.390000,1.356856318e-02
14.395000,1.100003749e-02
14.400000,8.358586956e-03
14.405000,5.807503423e-03
14.410000,3.572352011e-03
14.415000,1.918260581e-03
14.420000,1.102053392e-03
14.425000,1.310557529e-03
14.430000,2.601746388e-03
14.435000,4.866314430e-03
14.440000,7.823314726e-03
14.445000,1.105545244e-02
14.450000,1.407949121e-02
14.455000,1.643765423e-02
14.460000,1.778951776e-02
14.465000,1.798256297e-02
14.470000,1.708381357e-02
14.475000,1.536388622e-02
14.480000,1.323610968e-02
14.485000,1.116426745e-02
14.490000,9.560232487e-03
14.495000,8.695356235e-03
14.500000,8.646289131e-03
14.505000,9.287707181e-03
14.510000,1.033316232e-02
14.515000,1.141366623e-02
14.520000,1.217446730e-02
14.525000,1.236605426e-02
14.530000,1.190688228e-02
14.535000,1.090240790e-02
14.540000,9.616046760e-03
14.545000,8.399876821e-03
14.550000,7.603155285e-03
14.555000,7.482302793e-03
14.560000,8.135437720e-03
14.565000,9.477966402e-03
14.570000,1.126492086e-02
14.575000,1.315357748e-02
14.580000,1.478959164e-02
14.585000,1.589408031e-02
14.590000,1.632916387e-02
14.595000,1.612527872e-02
14.600000,1.546350428e-02
14.605000,1.461766535e-02
14.610000,1.387122396e-02
14.615000,1.343047949e-02
14.620000,1.335678442e-02
14.625000,1.353603344e-02
14.630000,1.369460252e-02
14.635000,1.345933334e-02
14.640000,1.244788660e-02
14.645000,1.036766638e-02
14.650000,7.098709216e-03
14.655000,2.739321143e-03
14.660000,-2.397873145e-03
14.665000,-7.839613728e-03
14.670000,-1.304318721e-02
14.675000,-1.750352435e-02
14.680000,-2.085074321e-02
14.685000,-2.291520678e-02
14.690000,-2.374539347e-02
14.695000,-2.357560161e-02
14.700000,-2.275270526e-02
14.705000,-2.164082333e-02
14.710000,-2.052758611e-02
14.715000,-1.955467066e-02
14.720000,-1.868884724e-02
14.725000,-1.773960628e-02
14.730000,-1.641802340e-02
14.735000,-1.442161138e-02
14.740000,-1.152385912e-02
14.745000,-7.646388997e-03
14.750000,-2.896304836e-03
14.755000,2.439862143e-03
14.760000,7.943448415e-03
14.765000,1.314011428e-02
14.770000,1.758679399e-02
14.775000,2.094878328e-02
14.780000,2.305004255e-02
14.785000,2.388722349e-02
14.790000,2.360723656e-02
14.795000,2.245689160e-02
14.800000,2.071910921e-02
14.805000,1.865211519e-02
14.810000,1.644570807e-02
14.815000,1.420301300e-02
14.820000,1.194875773e-02
14.825000,9.657998504e-03
14.830000,7.294187553e-03
14.835000,4.843717696e-03
14.840000,2.335949493e-03
14.845000,-1.573685645e-04
14.850000,-2.542811591e-03
14.855000,-4.739241270e-03
14.860000,-6.713692933e-03
14.865000,-8.506671426e-03
14.870000,-1.023684789e-02
14.875000,-1.208077119e-02
14.880000,-1.423046077e-02
14.885000,-1.683862111e-02
14.890000,-1.996571426e-02
14.895000,-2.354383575e-02
14.900000,-2.736886931e-02
14.905000,-3.112553533e-02
14.910000,-3.444148130e-02
14.915000,-3.695877940e-02
14.920000,-3.840624483e-02
14.925000,-3.865525087e-02
14.930000,-3.774542622e-02
14.935000,-3.587380826e-02
14.940000,-3.334982628e-02
14.945000,-3.052666115e-02
14.950000,-2.772505941e-02
14.955000,-2.516727286e-02
14.960000,-2.293614022e-02
14.965000,-2.096813574e-02
14.970000,-1.908100254e-02
14.975000,-1.702834109e-02
14.980000,-1.456721371e-02
14.985000,-1.152197795e-02
14.990000,-7.828879052e-03
14.995000,-3.551095305e-03
15.000000,1.138354575e-03
15.005000,6.000141499e-03
15.010000,1.078617477e-02
15.015000,1.529536152e-02
15.020000,1.941258453e-02
15.025000,2.312068138e-02
15.030000,2.648264634e-02
15.035000,2.959938696e-02
15.040000,3.255501252e-02
15.045000,3.536508732e-02
15.050000,3.794267943e-02
15.055000,4.009255980e-02
15.060000,4.153672319e-02
15.065000,4.196634553e-02
15.070000,4.110839864e-02
15.075000,3.879114861e-02
15.080000,3.499268208e-02
15.085000,2.986047661e-02
15.090000,2.369691390e-02
15.095000,1.691382260e-02
15.100000,9.966575903e-03
15.105000,3.283071545e-03
15.110000,-2.796147218e-03
15.115000,-8.053556894e-03
15.120000,-1.239950661e-02
15.125000,-1.584772203e-02
15.130000,-1.847044810e-02
15.135000,-2.034722678e-02
15.140000,-2.152250198e-02
15.145000,-2.198436089e-02
15.150000,-2.167057011e-02
15.155000,-2.050029958e-02
15.160000,-1.842258413e-02
15.165000,-1.546754096e-02
15.170000,-1.178492147e-02
15.175000,-7.657107143e-03
15.180000,-3.479573869e-03
15.185000,2.902529969e-04
15.190000,3.206837884e-03
15.195000,4.918007070e-03
15.200000,5.236230096e-03
15.205000,4.183267804e-03
15.210000,1.997036745e-03
15.215000,-9.024451650e-04
15.220000,-3.982297163e-03
15.225000,-6.687822328e-03
15.230000,-8.537345850e-03
15.235000,-9.202214290e-03
15.240000,-8.556786411e-03
15.245000,-6.689882014e-03
15.250000,-3.877374321e-03
15.255000,-5.235335386e-04
15.260000,2.915375526e-03
15.265000,6.009072869e-03
15.270000,8.417642706e-03
15.275000,9.931368532e-03
15.280000,1.048140392e-02
15.285000,1.012347774e-02
15.290000,9.002495776e-03
15.295000,7.309123063e-03
15.300000,5.239616079e-03
15.305000,2.967544843e-03
15.310000,6.315462564e-04
15.315000,-1.661756140e-03
15.320000,-3.824669344e-03
15.325000,-5.772446951e-03
15.330000,-7.411633519e-03
15.335000,-8.637878403e-03
15.340000,-9.344963531e-03
15.345000,-9.443094974e-03
15.350000,-8.881508033e-03
15.355000,-7.668867147e-03
15.360000,-5.885139207e-03
15.365000,-3.680472402e-03
15.370000,-1.259628813e-03
15.375000,1.146045106e-03
15.380000,3.314084961e-03
15.385000,5.066845635e-03
15.390000,6.300547767e-03
15.395000,7.001316592e-03
15.400000,7.244707915e-03
15.405000,7.178615051e-03
15.410000,6.992878585e-03
15.415000,6.881611548e-03
15.420000,7.005613120e-03
15.425000,7.462000340e-03
15.430000,8.266455319e-03
15.435000,9.350736232e-03
15.440000,1.057502532e-02
15.445000,1.175199956e-02
15.450000,1.267774774e-02
15.455000,1.316405642e-02
15.460000,1.306705845e-02
15.465000,1.230845657e-02
15.470000,1.088708735e-02
15.475000,8.880116589e-03
15.480000,6.434438933e-03
15.485000,3.749823984e-03
15.490000,1.056045283e-03
15.495000,-1.413291839e-03
15.500000,-3.447210717e-03
15.505000,-4.881010617e-03
15.510000,-5.614185722e-03
15.515000,-5.620234173e-03
15.520000,-4.946888554e-03
15.525000,-3.706547745e-03
15.530000,-2.058134316e-03
15.535000,-1.830136146e-04
15.540000,1.741288531e-03
15.545000,3.565309069e-03
15.550000,5.185783428e-03
15.555000,6.554680294e-03
15.560000,7.677770587e-03
15.565000,8.603340730e-03
15.570000,9.403562607e-03
15.575000,1.015245918e-02
15.580000,1.090503891e-02
15.585000,1.168185376e-02
15.590000,1.246200195e-02
15.595000,1.318568902e-02
15.600000,1.376528951e-02
15.605000,1.410192403e-02
15.610000,1.410337024e-02
15.615000,1.369899969e-02
15.620000,1.284844818e-02
15.625000,1.154263928e-02
15.630000,9.798067985e-03
15.635000,7.647254651e-03
15.640000,5.129396300e-03
15.645000,2.285115232e-03
15.650000,-8.421655674e-04
15.655000,-4.197941966e-03
15.660000,-7.703675298e-03
15.665000,-1.124345823e-02
15.670000,-1.465558863e-02
15.675000,-1.773390943e-02
15.680000,-2.024189243e-02
15.685000,-2.193945737e-02
15.690000,-2.261908208e-02
15.695000,-2.214471964e-02
15.700000,-2.048524238e-02
15.705000,-1.773420081e-02
15.710000,-1.410981713e-02
15.715000,-9.932985356e-03
15.720000,-5.585785695e-03
15.725000,-1.457494844e-03
15.730000,2.111848833e-03
15.735000,4.879396396e-03
15.740000,6.729616324e-03
15.745000,7.680944759e-03
15.750000,7.868216867e-03
15.755000,7.505154743e-03
15.760000,6.835202062e-03
15.765000,6.081167031e-03
15.770000,5.404040444e-03
15.775000,4.879051053e-03
15.780000,4.493017718e-03
15.785000,4.162227850e-03
15.790000,3.765482817e-03
15.795000,3.183651424e-03
15.800000,2.335846148e-03
15.805000,1.203490592e-03
15.810000,-1.632000291e-04
15.815000,-1.657273805e-03
15.820000,-3.141934218e-03
15.825000,-4.484989497e-03
15.830000,-5.591942514e-03
15.835000,-6.429458942e-03
15.840000,-7.033637370e-03
15.845000,-7.501456362e-03
15.850000,-7.967943468e-03
15.855000,-8.574954420e-03
15.860000,-9.439181255e-03
15.865000,-1.062677871e-02
15.870000,-1.213996476e-02
15.875000,-1.391771576e-02
15.880000,-1.584912180e-02
15.885000,-1.779502396e-02
15.890000,-1.961195051e-02
15.895000,-2.117244569e-02
15.900000,-2.237751129e-02
15.905000,-2.315951741e-02
15.910000,-2.347680033e-02
15.915000,-2.330345624e-02
15.920000,-2.261896591e-02
15.925000,-2.140199629e-02
15.930000,-1.963115590e-02
15.935000,-1.729309516e-02
15.940000,-1.439580849e-02
15.945000,-1.098301700e-02
15.950000,-7.144662835e-03
15.955000,-3.019117481e-03
15.960000,1.215382191e-03
15.965000,5.359760791e-03
15.970000,9.220335094e-03
15.975000,1.263670162e-02
15.980000,1.550478423e-02
15.985000,1.778926799e-02
15.990000,1.952193038e-02
15.995000,2.078569185e-02
16.000000,2.168772131e-02
16.005000,2.232775643e-02
16.010000,2.276919451e-02
16.015000,2.302008321e-02
16.020000,2.302893806e-02
16.025000,2.269683001e-02
16.030000,2.190325059e-02
16.035000,2.053984858e-02
16.040000,1.854411114e-02
16.045000,1.592496203e-02
16.050000,1.277410687e-02
16.055000,9.260290714e-03
16.060000,5.607588488e-03
16.065000,2.062431149e-03
16.070000,-1.143572845e-03
16.075000,-3.827325426e-03
16.080000,-5.877868216e-03
16.085000,-7.265901761e-03
16.090000,-8.038390177e-03
16.095000,-8.300656034e-03
16.100000,-8.190832646e-03
16.105000,-7.852743378e-03
16.110000,-7.413001000e-03
16.115000,-6.966488829e-03
16.120000,-6.571852475e-03
16.125000,-6.255883896e-03
16.130000,-6.023468026e-03
16.135000,-5.868685723e-03
16.140000,-5.782988799e-03
16.145000,-5.757922806e-03
16.150000,-5.782137811e-03
16.155000,-5.834664863e-03
16.160000,-5.877950896e-03
16.165000,-5.854487241e-03
16.170000,-5.689947606e-03
16.175000,-5.303842056e-03
16.180000,-4.626329459e-03
16.185000,-3.617661942e-03
16.190000,-2.285366760e-03
16.195000,-6.941258554e-04
16.200000,1.035474102e-03
16.205000,2.740783176e-03
16.210000,4.241990615e-03
16.215000,5.373678866e-03
16.220000,6.016626276e-03
16.225000,6.122930545e-03
16.230000,5.728675638e-03
16.235000,4.950942688e-03
16.240000,3.969329352e-03
16.245000,2.995449054e-03
16.250000,2.236335937e-03
16.255000,1.858753693e-03
16.260000,1.960950439e-03
16.265000,2.556645439e-03
16.270000,3.573469320e-03
16.275000,4.865309818e-03
16.280000,6.235606038e-03
16.285000,7.467010907e-03
16.290000,8.352230642e-03
16.295000,8.721261031e-03
16.300000,8.461478417e-03
16.305000,7.528754140e-03
16.310000,5.949511726e-03
16.315000,3.815032315e-03
16.320000,1.270071107e-03
16.325000,-1.502073253e-03
16.330000,-4.296322542e-03
16.335000,-6.903318306e-03
16.340000,-9.127023389e-03
16.345000,-1.080187825e-02
16.350000,-1.180864274e-02
16.355000,-1.208749721e-02
16.360000,-1.164648756e-02
16.365000,-1.056328959e-02
16.370000,-8.978745958e-03
16.375000,-7.081722432e-03
16.380000,-5.086369553e-03
16.385000,-3.204538738e-03
16.390000,-1.617481873e-03
16.395000,-4.516689339e-04
16.400000,2.366961670e-04
16.405000,4.651877981e-04
16.410000,3.156279859e-04
16.415000,-8.686937009e-05
16.420000,-6.020897756e-04
16.425000,-1.104159645e-03
16.430000,-1.505770487e-03
16.435000,-1.771788466e-03
16.440000,-1.919309533e-03
16.445000,-2.004503987e-03
16.450000,-2.099881423e-03
16.455000,-2.268036401e-03
16.460000,-2.538850962e-03
16.465000,-2.896267939e-03
16.470000,-3.278309431e-03
16.475000,-3.590606540e-03
16.480000,-3.730184460e-03
16.485000,-3.613493989e-03
16.490000,-3.201392729e-03
16.495000,-2.514301945e-03
16.500000,-1.633012303e-03
16.505000,-6.840796919e-04
16.510000,1.873733562e-04
16.515000,8.513003960e-04
16.520000,1.224727837e-03
16.525000,1.294021228e-03
16.530000,1.121376371e-03
16.535000,8.331418156e-04
16.540000,5.919871570e-04
16.545000,5.590098479e-04
16.550000,8.545778469e-04
16.555000,1.527310006e-03
16.560000,2.538890838e-03
16.565000,3.768774439e-03
16.570000,5.038122869e-03
16.575000,6.147694978e-03
16.580000,6.920991444e-03
16.585000,7.242616586e-03
16.590000,7.082882643e-03
16.595000,6.502917493e-03
16.600000,5.639173311e-03
16.605000,4.671155431e-03
16.610000,3.780200239e-03
16.615000,3.109238320e-03
16.620000,2.733149489e-03
16.625000,2.646613784e-03
16.630000,2.771949601e-03
16.635000,2.984412911e-03
16.640000,3.148082394e-03
16.645000,3.152881749e-03
16.650000,2.943142148e-03
16.655000,2.530405044e-03
16.660000,1.987300873e-03
16.665000,1.424246988e-03
16.670000,9.551503932e-04
16.675000,6.611814061e-04
16.680000,5.623097301e-04
16.685000,6.045202711e-04
16.690000,6.668709971e-04
16.695000,5.876937619e-04
16.700000,2.044063632e-04
16.705000,-6.022494699e-04
16.710000,-1.870292551e-03
16.715000,-3.534675834e-03
16.720000,-5.427925070e-03
16.725000,-7.304548257e-03
16.730000,-8.884948239e-03
16.735000,-9.909839869e-03
16.740000,-1.019345729e-02
16.745000,-9.663825627e-03
16.750000,-8.381086703e-03
16.755000,-6.529661641e-03
16.760000,-4.385763353e-03
16.765000,-2.267101226e-03
16.770000,-4.753464530e-04
16.775000,7.567450655e-04
16.780000,1.302950105e-03
16.785000,1.158886641e-03
16.790000,4.329244699e-04
16.795000,-6.841588976e-04
16.800000,-1.963292335e-03
16.805000,-3.184991074e-03
16.810000,-4.180793150e-03
16.815000,-4.860097646e-03
16.820000,-5.217989116e-03
16.825000,-5.324112228e-03
16.830000,-5.296811847e-03
16.835000,-5.269646256e-03
16.840000,-5.358438747e-03
16.845000,-5.636145378e-03
16.850000,-6.120332429e-03
16.855000,-6.774668872e-03
16.860000,-7.522403523e-03
16.865000,-8.267130894e-03
16.870000,-8.914848339e-03
16.875000,-9.391610711e-03
16.880000,-9.652834023e-03
16.885000,-9.682962164e-03
16.890000,-9.487039907e-03
16.895000,-9.077953186e-03
16.900000,-8.464111029e-03
16.905000,-7.641910009e-03
16.910000,-6.595614701e-03
16.915000,-5.304837896e-03
16.920000,-3.757340813e-03
16.925000,-1.963106934e-03
16.930000,3.493481803e-05
16.935000,2.157406789e-03
16.940000,4.294207972e-03
16.945000,6.319031032e-03
16.950000,8.109862557e-03
16.955000,9.570980257e-03
16.960000,1.065139657e-02
16.965000,1.135537093e-02
16.970000,1.174233365e-02
16.975000,1.191589563e-02
16.980000,1.200399579e-02
16.985000,1.213411516e-02
16.990000,1.240846077e-02
16.995000,1.288391634e-02
17.000000,1.356044434e-02
17.005000,1.437979395e-02
17.010000,1.523425487e-02
17.015000,1.598327261e-02
17.020000,1.647442199e-02
17.025000,1.656477948e-02
17.030000,1.613918444e-02
17.035000,1.512304540e-02
17.040000,1.348886196e-02
17.045000,1.125705169e-02
17.050000,8.492607109e-03
17.055000,5.299352708e-03
17.060000,1.813158403e-03
17.065000,-1.805350750e-03
17.070000,-5.378885811e-03
17.075000,-8.723170510e-03
17.080000,-1.165889537e-02
17.085000,-1.402596009e-02
17.090000,-1.569895225e-02
17.095000,-1.660172491e-02
17.100000,-1.671822012e-02
17.105000,-1.609665112e-02
17.110000,-1.484493449e-02
17.115000,-1.311677041e-02
17.120000,-1.108970541e-02
17.125000,-8.938439015e-03
17.130000,-6.808068498e-03
17.135000,-4.792496576e-03
17.140000,-2.922631470e-03
17.145000,-1.167315108e-03
17.150000,5.525805119e-04
17.155000,2.339237890e-03
17.160000,4.286974816e-03
17.165000,6.451697316e-03
17.170000,8.827346453e-03
17.175000,1.133476274e-02
17.180000,1.382594839e-02
17.185000,1.610351472e-02
17.190000,1.795185139e-02
17.195000,1.917397557e-02
17.200000,1.962670817e-02
17.205000,1.924709260e-02
17.210000,1.806477016e-02
17.215000,1.619795137e-02
17.220000,1.383401595e-02
17.225000,1.119888269e-02
17.230000,8.521436584e-03
17.235000,6.000044017e-03
17.240000,3.777405865e-03
17.245000,1.927915234e-03
17.250000,4.588057961e-04
17.255000,-6.766311813e-04
17.260000,-1.557933680e-03
17.265000,-2.273985691e-03
17.270000,-2.902677284e-03
17.275000,-3.497908828e-03
17.280000,-4.085910047e-03
17.285000,-4.670294012e-03
17.290000,-5.243049489e-03
17.295000,-5.797333614e-03
17.300000,-6.337755421e-03
17.305000,-6.884824919e-03
17.310000,-7.472079649e-03
17.315000,-8.136589980e-03
17.320000,-8.905516486e-03
17.325000,-9.782645410e-03
17.330000,-1.073903988e-02
17.335000,-1.171104716e-02
17.340000,-1.260709949e-02
17.345000,-1.332247400e-02
17.350000,-1.375900904e-02
17.355000,-1.384527953e-02
17.360000,-1.355233463e-02
17.365000,-1.290094465e-02
17.370000,-1.195821658e-02
17.375000,-1.082395589e-02
17.380000,-9.609645699e-03
17.385000,-8.414755766e-03
17.390000,-7.305822984e-03
17.395000,-6.303189788e-03
17.400000,-5.378590514e-03
17.405000,-4.464350318e-03
17.410000,-3.472369571e-03
17.415000,-2.318885930e-03
17.420000,-9.496996392e-04
17.425000,6.396233937e-04
17.430000,2.393072051e-03
17.435000,4.195609682e-03
17.440000,5.886801750e-03
17.445000,7.284261169e-03
17.450000,8.212511185e-03
17.455000,8.531773307e-03
17.460000,8.161251798e-03
17.465000,7.092692196e-03
17.470000,5.392060977e-03
17.475000,3.189642590e-03
17.480000,6.611060083e-04
17.485000,-1.996355385e-03
17.490000,-4.588173062e-03
17.495000,-6.942727060e-03
17.500000,-8.925078134e-03
17.505000,-1.044310273e-02
17.510000,-1.144673068e-02
17.515000,-1.192224649e-02
17.520000,-1.188420737e-02
17.525000,-1.136742014e-02
17.530000,-1.042073936e-02
17.535000,-9.103437985e-03
17.540000,-7.483846770e-03
17.545000,-5.639128391e-03
17.550000,-3.654653014e-03
17.555000,-1.621574417e-03
17.560000,3.681668350e-04
17.565000,2.229238480e-03
17.570000,3.891545374e-03
17.575000,5.308205285e-03
17.580000,6.460775870e-03
17.585000,7.360040365e-03
17.590000,8.041590970e-03
17.595000,8.556665378e-03
17.600000,8.959867552e-03
17.605000,9.296229401e-03
17.610000,9.590336834e-03
17.615000,9.839889663e-03
17.620000,1.001517474e-02
17.625000,1.006470463e-02
17.630000,9.925974135e-03
17.635000,9.539191243e-03
17.640000,8.861186375e-03
17.645000,7.876647547e-03
17.650000,6.604397112e-03
17.655000,5.097501382e-03
17.660000,3.437341121e-03
17.665000,1.723047077e-03
17.670000,5.860850702e-05
17.675000,-1.459718295e-03
17.680000,-2.753391270e-03
17.685000,-3.767473947e-03
17.690000,-4.472049502e-03
17.695000,-4.859823167e-03
17.700000,-4.941330718e-03
17.705000,-4.739466117e-03
17.710000,-4.284858415e-03
17.715000,-3.613067006e-03
17.720000,-2.763808146e-03
17.725000,-1.781687362e-03
17.730000,-7.173858837e-04
17.735000,3.719322263e-04
17.740000,1.424016071e-03
17.745000,2.375203974e-03
17.750000,3.166116362e-03
17.755000,3.748373687e-03
17.760000,4.090845537e-03
17.765000,4.183826734e-03
17.770000,4.039880041e-03
17.775000,3.690816502e-03
17.780000,3.181219341e-03
17.785000,2.559804540e-03
17.790000,1.870505336e-03
17.795000,1.145301516e-03
17.800000,4.004446765e-04
17.805000,-3.630530415e-04
17.810000,-1.154805746e-03
17.815000,-1.987445441e-03
17.820000,-2.867893420e-03
17.825000,-3.789716324e-03
17.830000,-4.728603096e-03
17.835000,-5.642349859e-03
17.840000,-6.475729902e-03
17.845000,-7.169463054e-03
17.850000,-7.671446176e-03
17.855000,-7.947729341e-03
17.860000,-7.990618902e-03
17.865000,-7.821825374e-03
17.870000,-7.489649268e-03
17.875000,-7.060556469e-03
17.880000,-6.606794504e-03
17.885000,-6.192613241e-03
17.890000,-5.861959612e-03
17.895000,-5.630165173e-03
17.900000,-5.481255705e-03
17.905000,-5.371319310e-03
17.910000,-5.237150633e-03
17.915000,-5.008392074e-03
17.920000,-4.620792697e-03
17.925000,-4.028087291e-03
17.930000,-3.210360300e-03
17.935000,-2.177521090e-03
17.940000,-9.675272097e-04
17.945000,3.599547106e-04
17.950000,1.732891623e-03
17.955000,3.077183054e-03
17.960000,4.325871629e-03
17.965000,5.425696436e-03
17.970000,6.340223524e-03
17.975000,7.049682869e-03
17.980000,7.548379627e-03
17.985000,7.840944796e-03
17.990000,7.938678917e-03
17.995000,7.856881509e-03
18.000000,7.613502393e-03
18.005000,7.228889569e-03
18.010000,6.726008983e-03
18.015000,6.130374690e-03
18.020000,5.469070090e-03
18.025000,4.768601400e-03
18.030000,4.051789812e-03
18.035000,3.334343757e-03
18.040000,2.622032947e-03
18.045000,1.909425515e-03
18.050000,1.180920566e-03
18.055000,4.143487367e-04
18.060000,-4.131793634e-04
18.065000,-1.318085319e-03
18.070000,-2.303142408e-03
18.075000,-3.351818574e-03
18.080000,-4.425499600e-03
18.085000,-5.464477390e-03
18.090000,-6.392896832e-03
18.095000,-7.127091072e-03
18.100000,-7.586066124e-03
18.105000,-7.702465406e-03
18.110000,-7.432240023e-03
18.115000,-6.761482125e-03
18.120000,-5.709384170e-03
18.125000,-4.326951243e-03
18.130000,-2.691779810e-03
18.135000,-8.997969988e-04
18.140000,9.447634359e-04
18.145000,2.739734056e-03
18.150000,4.394420193e-03
18.155000,5.837009596e-03
18.160000,7.019344735e-03
18.165000,7.918821933e-03
18.170000,8.537526346e-03
18.175000,8.898956216e-03
18.180000,9.042834479e-03
18.185000,9.018583632e-03
18.190000,8.878094272e-03
18.195000,8.668477378e-03
18.200000,8.425551758e-03
18.205000,8.168846111e-03
18.210000,7.898839546e-03
18.215000,7.596984013e-03
18.220000,7.228735980e-03
18.225000,6.749400448e-03
18.230000,6.112119805e-03
18.235000,5.276906714e-03
18.240000,4.219314040e-03
18.245000,2.937237301e-03
18.250000,1.454513602e-03
18.255000,-1.795699264e-04
18.260000,-1.895059856e-03
18.265000,-3.609804034e-03
18.270000,-5.240225281e-03
18.275000,-6.712479220e-03
18.280000,-7.971906791e-03
18.285000,-8.988971707e-03
18.290000,-9.760560267e-03
18.295000,-1.030647147e-02
18.300000,-1.066192693e-02
18.305000,-1.086775684e-02
18.310000,-1.096038462e-02
18.315000,-1.096373597e-02
18.320000,-1.088473500e-02
18.325000,-1.071322174e-02
18.330000,-1.042611517e-02
18.335000,-9.994685292e-03
18.340000,-9.393115270e-03
18.345000,-8.606299289e-03
18.350000,-7.635091049e-03
18.355000,-6.497919020e-03
18.360000,-5.228626693e-03
18.365000,-3.871326531e-03
18.370000,-2.473733901e-03
18.375000,-1.080710556e-03
18.380000,2.704457802e-04
18.385000,1.552001331e-03
18.390000,2.744898281e-03
18.395000,3.835599896e-03
18.400000,4.811905094e-03
18.405000,5.659252474e-03
18.410000,6.358910211e-03
18.415000,6.888931373e-03
18.420000,7.227953099e-03
18.425000,7.361024680e-03
18.430000,7.285902079e-03
18.435000,7.017871354e-03
18.440000,6.591307640e-03
18.445000,6.056853335e-03
18.450000,5.474169703e-03
18.455000,4.901416191e-03
18.460000,4.383621102e-03
18.465000,3.942638496e-03
18.470000,3.571267430e-03
18.475000,3.233334166e-03
18.480000,2.870269548e-03
18.485000,2.413244858e-03
18.490000,1.798607972e-03
18.495000,9.835040246e-04
18.500000,-4.161992263e-05
18.505000,-1.246385344e-03
18.510000,-2.561331264e-03
18.515000,-3.886323505e-03
18.520000,-5.105045254e-03
18.525000,-6.102825484e-03
18.530000,-6.784365354e-03
18.535000,-7.087948234e-03
18.540000,-6.993467404e-03
18.545000,-6.522920627e-03
18.550000,-5.733615927e-03
18.555000,-4.705849821e-03
18.560000,-3.527909909e-03
18.565000,-2.281668141e-03
18.570000,-1.031684497e-03
18.575000,1.802605383e-04
18.580000,1.334674987e-03
18.585000,2.428798187e-03
18.590000,3.467982017e-03
18.595000,4.456572383e-03
18.600000,5.390759359e-03
18.605000,6.255182726e-03
18.610000,7.024000832e-03
18.615000,7.665923460e-03
18.620000,8.151661040e-03
18.625000,8.461601596e-03
18.630000,8.591451001e-03
18.635000,8.554089244e-03
18.640000,8.376887437e-03
18.645000,8.094951855e-03
18.650000,7.741896515e-03
18.655000,7.340491828e-03
18.660000,6.895689818e-03
18.665000,6.392038910e-03
18.670000,5.796493489e-03
18.675000,5.066344291e-03
18.680000,4.160752583e-03
18.685000,3.053452421e-03
18.690000,1.743797835e-03
18.695000,2.635633190e-04
18.700000,-1.322286660e-03
18.705000,-2.921424620e-03
18.710000,-4.425774616e-03
18.715000,-5.726874349e-03
18.720000,-6.732133608e-03
18.725000,-7.378933591e-03
18.730000,-7.643959235e-03
18.735000,-7.546143659e-03
18.740000,-7.142889938e-03
18.745000,-6.520520834e-03
18.750000,-5.780913443e-03
18.755000,-5.026815067e-03
18.760000,-4.348345331e-03
18.765000,-3.812725002e-03
18.770000,-3.458480031e-03
18.775000,-3.294440727e-03
18.780000,-3.302983306e-03
18.785000,-3.446305310e-03
18.790000,-3.674191684e-03
18.795000,-3.931746677e-03
18.800000,-4.165893913e-03
18.805000,-4.329972810e-03
18.810000,-4.386335394e-03
18.815000,-4.307324278e-03
18.820000,-4.075280690e-03
18.825000,-3.682248638e-03
18.830000,-3.129840372e-03
18.835000,-2.429401464e-03
18.840000,-1.602281588e-03
18.845000,-6.797906985e-04
18.850000,2.976299228e-04
18.855000,1.282354786e-03
18.860000,2.222695076e-03
18.865000,3.066921620e-03
18.870000,3.767645427e-03
18.875000,4.285878742e-03
18.880000,4.594147889e-03
18.885000,4.678241493e-03
18.890000,4.537485595e-03
18.895000,4.183744686e-03
18.900000,3.639563239e-03
18.905000,2.935930010e-03
18.910000,2.110063300e-03
18.915000,1.203426972e-03
18.920000,2.599729114e-04
18.925000,-6.755532549e-04
18.930000,-1.559455383e-03
18.935000,-2.351218874e-03
18.940000,-3.015910055e-03
18.945000,-3.526631759e-03
18.950000,-3.866672625e-03
18.955000,-4.030924897e-03
18.960000,-4.026192936e-03
18.965000,-3.870164697e-03
18.970000,-3.589041201e-03
18.975000,-3.214072615e-03
18.980000,-2.777485753e-03
18.985000,-2.308456195e-03
18.990000,-1.829830427e-03
18.995000,-1.356204082e-03
19.000000,-8.937055028e-04
19.005000,-4.414585108e-04
19.010000,5.708965284e-06
19.015000,4.540661763e-04
19.020000,9.081748488e-04
19.025000,1.369237350e-03
19.030000,1.834998031e-03
19.035000,2.301106394e-03
19.040000,2.763375430e-03
19.045000,3.220057606e-03
19.050000,3.673212511e-03
19.055000,4.128472345e-03
19.060000,4.592962059e-03
19.065000,5.071680089e-03
19.070000,5.563150123e-03
19.075000,6.055482897e-03
19.080000,6.524047823e-03
19.085000,6.931713911e-03
19.090000,7.232112370e-03
19.095000,7.375699464e-03
19.100000,7.317706089e-03
19.105000,7.026516141e-03
19.110000,6.490761296e-03
19.115000,5.723536637e-03
19.120000,4.762625985e-03
19.125000,3.666388401e-03
19.130000,2.505842933e-03
19.135000,1.354309610e-03
19.140000,2.765401297e-04
19.145000,-6.805368997e-04
19.150000,-1.493589259e-03
19.155000,-2.163985428e-03
19.160000,-2.714016471e-03
19.165000,-3.179083054e-03
19.170000,-3.597596345e-03
19.175000,-4.000859170e-03
19.180000,-4.405190204e-03
19.185000,-4.808020888e-03
19.190000,-5.188759574e-03
19.195000,-5.514108171e-03
19.200000,-5.746499663e-03
19.205000,-5.853634811e-03
19.210000,-5.816881233e-03
19.215000,-5.636591672e-03
19.220000,-5.333120969e-03
19.225000,-4.943303956e-03
19.230000,-4.513178882e-03
19.235000,-4.088578235e-03
19.240000,-3.705678451e-03
19.245000,-3.383601874e-03
19.250000,-3.120703903e-03
19.255000,-2.895364682e-03
19.260000,-2.671123880e-03
19.265000,-2.405066654e-03
19.270000,-2.057687561e-03
19.275000,-1.602166194e-03
19.280000,-1.031137888e-03
19.285000,-3.595973115e-04
19.290000,3.765890436e-04
19.295000,1.126146710e-03
19.300000,1.830589115e-03
19.305000,2.433371528e-03
19.310000,2.888121868e-03
19.315000,3.164399252e-03
19.320000,3.250104586e-03
19.325000,3.150495556e-03
19.330000,2.884521962e-03
19.335000,2.479710537e-03
19.340000,1.966988744e-03
19.345000,1.376644391e-03
19.350000,7.361583200e-04
19.355000,7.005796551e-05
19.360000,-5.986318968e-04
19.365000,-1.246189752e-03
19.370000,-1.846285790e-03
19.375000,-2.369306183e-03
19.380000,-2.783515445e-03
19.385000,-3.058136286e-03
19.390000,-3.167855742e-03
19.395000,-3.097797633e-03
19.400000,-2.847763100e-03
19.405000,-2.434601499e-03
19.410000,-1.891920668e-03
19.415000,-1.266891846e-03
19.420000,-6.145188252e-04
19.425000,9.714593074e-06
19.430000,5.575426394e-04
19.435000,9.945751444e-04
19.440000,1.304692844e-03
19.445000,1.491370103e-03
19.450000,1.575699638e-03
19.455000,1.591537237e-03
19.460000,1.578748108e-03
19.465000,1.575889945e-03
19.470000,1.613726925e-03
19.475000,1.710724477e-03
19.480000,1.871198088e-03
19.485000,2.086207902e-03
19.490000,2.336745989e-03
19.495000,2.598367396e-03
19.500000,2.846228978e-03
19.505000,3.059526488e-03
19.510000,3.224526995e-03
19.515000,3.335726925e-03
19.520000,3.395064212e-03
19.525000,3.409509246e-03
19.530000,3.387683695e-03
19.535000,3.336344552e-03
19.540000,3.257580037e-03
19.545000,3.147389299e-03
19.550000,2.995998489e-03
19.555000,2.789876166e-03
19.560000,2.515038924e-03
19.565000,2.160960460e-03
19.570000,1.724263482e-03
19.575000,1.211400930e-03
19.580000,6.397106146e-04
19.585000,3.652341583e-05
19.590000,-5.636297077e-04
19.595000,-1.123296717e-03
19.600000,-1.607151830e-03
19.605000,-1.986925142e-03
19.610000,-2.245335981e-03
19.615000,-2.378336116e-03
19.620000,-2.395287736e-03
19.625000,-2.317079653e-03
19.630000,-2.172541382e-03
19.635000,-1.993784186e-03
19.640000,-1.811247045e-03
19.645000,-1.649250002e-03
19.650000,-1.522770296e-03
19.655000,-1.435974159e-03
19.660000,-1.382773042e-03
19.665000,-1.349345125e-03
19.670000,-1.318204962e-03
19.675000,-1.273073720e-03
19.680000,-1.203575826e-03
19.685000,-1.108739243e-03
19.690000,-9.984497904e-04
19.695000,-8.923940742e-04
19.700000,-8.165480848e-04
19.705000,-7.978107535e-04
19.710000,-8.578126929e-04
19.715000,-1.007145943e-03
19.720000,-1.241213332e-03
19.725000,-1.538604332e-03
19.730000,-1.862439739e-03
19.735000,-2.164589459e-03
19.740000,-2.392156092e-03
19.745000,-2.495214715e-03
19.750000,-2.434565496e-03
19.755000,-2.188226272e-03
19.760000,-1.755578113e-03
19.765000,-1.158458987e-03
19.770000,-4.390219381e-04
19.775000,3.452600351e-04
19.780000,1.128567299e-03
19.785000,1.844500349e-03
19.790000,2.433397605e-03
19.795000,2.848159322e-03
19.800000,3.057921549e-03
19.805000,3.049395788e-03
19.810000,2.826128043e-03
19.815000,2.406244183e-03
19.820000,1.819389934e-03
19.825000,1.103540938e-03
19.830000,3.021818021e-04
19.835000,-5.379152707e-04
19.840000,-1.368376957e-03
19.845000,-2.140694098e-03
19.850000,-2.807910272e-03
19.855000,-3.326937764e-03
19.860000,-3.661682952e-03
19.865000,-3.786807155e-03
19.870000,-3.691561907e-03
19.875000,-3.382849247e-03
19.880000,-2.886579994e-03
19.885000,-2.246588336e-03
19.890000,-1.520781033e-03
19.895000,-7.747542802e-04
19.900000,-7.366507004e-05
19.905000,5.264324583e-04
19.910000,9.863710132e-04
19.915000,1.289411872e-03
19.920000,1.443479412e-03
19.925000,1.479521722e-03
19.930000,1.446059344e-03
19.935000,1.400652239e-03
19.940000,1.399612378e-03
19.945000,1.487696778e-03
19.950000,1.689628881e-03
19.955000,2.005055472e-03
19.960000,2.407966447e-03
19.965000,2.850783357e-03
19.970000,3.272425205e-03
19.975000,3.608880326e-03
19.980000,3.804323392e-03
19.985000,3.820723029e-03
19.990000,3.644203602e-03
19.995000,3.287079476e-03
20.000000,2.785327896e-03
20.005000,2.192130963e-03
20.010000,1.568826855e-03
20.015000,9.750331243e-04
20.020000,4.597702839e-04
20.025000,5.512425963e-05
20.030000,-2.265866307e-04
20.035000,-3.919054929e-04
20.040000,-4.620932210e-04
20.045000,-4.668429539e-04
20.050000,-4.372861851e-04
20.055000,-3.997506819e-04
20.060000,-3.714566943e-04
20.065000,-3.588364452e-04
20.070000,-3.585483770e-04
20.075000,-3.606655417e-04
20.080000,-3.530706424e-04
20.085000,-3.258786510e-04
20.090000,-2.747710827e-04
20.095000,-2.024448501e-04
20.100000,-1.178784288e-04
20.105000,-3.368215226e-05
20.110000,3.770691203e-05
20.115000,8.792403293e-05
20.120000,1.155784909e-04
20.125000,1.273196831e-04
20.130000,1.367039666e-04
20.135000,1.610725625e-04
20.140000,2.171745096e-04
20.145000,3.166055641e-04
20.150000,4.621992624e-04
20.155000,6.462889821e-04
20.160000,8.513216869e-04
20.165000,1.052758274e-03
20.170000,1.223672586e-03
20.175000,1.340075597e-03
20.180000,1.385818462e-03
20.185000,1.355995450e-03
20.190000,1.258058005e-03
20.195000,1.110309834e-03
20.200000,9.379977416e-04
20.205000,7.677419366e-04
20.210000,6.214534823e-04
20.215000,5.110674001e-04
20.220000,4.353158475e-04
20.225000,3.793747728e-04
20.230000,3.176095230e-04
20.235000,2.189531743e-04
20.240000,5.384096200e-05
20.245000,-1.987530110e-04
20.250000,-5.456798111e-04
20.255000,-9.765936271e-04
20.260000,-1.464201428e-03
20.265000,-1.967755407e-03
20.270000,-2.439098091e-03
20.275000,-2.830074722e-03
20.280000,-3.099893208e-03
20.285000,-3.221073636e-03
20.290000,-3.182961186e-03
20.295000,-2.992300332e-03
20.300000,-2.670970920e-03
20.305000,-2.251540276e-03
20.310000,-1.771673732e-03
20.315000,-1.268589671e-03
20.320000,-7.746217703e-04
20.325000,-3.146006293e-04
20.330000,9.471740445e-05
20.335000,4.434433016e-04
20.340000,7.262303397e-04
20.345000,9.396898848e-04
20.350000,1.080378073e-03
20.355000,1.143947282e-03
20.360000,1.125680250e-03
20.365000,1.022206988e-03
20.370000,8.338512196e-04
20.375000,5.668543680e-04
20.380000,2.347334373e-04
20.385000,-1.417555915e-04
20.390000,-5.362111400e-04
20.395000,-9.194809355e-04
20.400000,-1.263250393e-03
20.405000,-1.543527464e-03
20.410000,-1.743253798e-03
20.415000,-1.853504373e-03
20.420000,-1.873107270e-03
20.425000,-1.806918392e-03
20.430000,-1.663314668e-03
20.435000,-1.451640566e-03
20.440000,-1.180317469e-03
20.445000,-8.561140577e-04
20.450000,-4.847330869e-04
20.455000,-7.248122159e-05
20.460000,3.715478466e-04
20.465000,8.335408288e-04
20.470000,1.294037988e-03
20.475000,1.728543661e-03
20.480000,2.109812590e-03
20.485000,2.411484188e-03
20.490000,2.612322808e-03
20.495000,2.700079729e-03
20.500000,2.673999299e-03
20.505000,2.545257885e-03
20.510000,2.335088665e-03
20.515000,2.070892044e-03
20.520000,1.781122664e-03
20.525000,1.490056833e-03
20.530000,1.213601012e-03
20.535000,9.570866935e-04
20.540000,7.155565788e-04
20.545000,4.764793510e-04
20.550000,2.242635686e-04
20.555000,-5.449298767e-05
20.560000,-3.662770557e-04
20.565000,-7.076146707e-04
20.570000,-1.064480832e-03
20.575000,-1.414353036e-03
20.580000,-1.730449942e-03
20.585000,-1.987146641e-03
20.590000,-2.165248309e-03
20.595000,-2.255819148e-03
20.600000,-2.261606715e-03
20.605000,-2.195692179e-03
20.610000,-2.077690334e-03
20.615000,-1.928447301e-03
20.620000,-1.764582097e-03
20.625000,-1.594286828e-03
20.630000,-1.415514040e-03
20.635000,-1.217099451e-03
20.640000,-9.826286547e-04
20.645000,-6.961369584e-04
20.650000,-3.482145189e-04
20.655000,5.908575670e-05
20.660000,5.099134080e-04
20.665000,9.756474055e-04
20.670000,1.419261122e-03
20.675000,1.802161452e-03
20.680000,2.091981411e-03
20.685000,2.269501581e-03
20.690000,2.333009418e-03
20.695000,2.298954608e-03
20.700000,2.198599381e-03
20.705000,2.071298645e-03
20.710000,1.955853843e-03
20.715000,1.881870769e-03
20.720000,1.863092617e-03
20.725000,1.894256441e-03
20.730000,1.952226055e-03
20.735000,2.001170924e-03
20.740000,2.000621629e-03
20.745000,1.914563632e-03
20.750000,1.719494634e-03
20.755000,1.409624901e-03
20.760000,9.980838978e-04
20.765000,5.139460207e-04
20.770000,-4.124339784e-06
20.775000,-5.160184307e-04
20.780000,-9.881258769e-04
20.785000,-1.399160514e-03
20.790000,-1.742500986e-03
20.795000,-2.024560880e-03
20.800000,-2.259711575e-03
20.805000,-2.463167559e-03
20.810000,-2.643785986e-03
20.815000,-2.798787353e-03
20.820000,-2.911948801e-03
20.825000,-2.955960490e-03
20.830000,-2.898577500e-03
20.835000,-2.711206119e-03
20.840000,-2.377882052e-03
20.845000,-1.902401414e-03
20.850000,-1.311708124e-03
20.855000,-6.544482899e-04
20.860000,5.312766401e-06
20.865000,5.981039793e-04
20.870000,1.060807206e-03
20.875000,1.347735532e-03
20.880000,1.438707907e-03
20.885000,1.342420235e-03
20.890000,1.094415334e-03
20.895000,7.501057434e-04
20.900000,3.743417726e-04
20.905000,2.970970329e-05
20.910000,-2.340569405e-04
20.915000,-3.874985616e-04
20.920000,-4.243940637e-04
20.925000,-3.599963106e-04
20.930000,-2.252962644e-04
20.935000,-5.888464033e-05
20.940000,1.016044321e-04
20.945000,2.265433519e-04
20.950000,2.984337479e-04
20.955000,3.124921408e-04
20.960000,2.740011394e-04
20.965000,1.935165766e-04
20.970000,8.149436380e-05
20.975000,-5.604758362e-05
20.980000,-2.195866308e-04
20.985000,-4.153108702e-04
20.990000,-6.517485766e-04
20.995000,-9.348044251e-04
21.000000,-1.262663750e-03
21.005000,-1.622107726e-03
21.010000,-1.987456781e-03
21.015000,-2.322709213e-03
21.020000,-2.586631520e-03
21.025000,-2.739791771e-03
21.030000,-2.752001894e-03
21.035000,-2.608481779e-03
21.040000,-2.313315158e-03
21.045000,-1.889367702e-03
21.050000,-1.374631139e-03
21.055000,-8.157503484e-04
21.060000,-2.600982681e-04
21.065000,2.519470851e-04
21.070000,6.929519269e-04
21.075000,1.051454440e-03
21.080000,1.331583932e-03
21.085000,1.549532086e-03
21.090000,1.727806121e-03
21.095000,1.888637955e-03
21.100000,2.048046435e-03
21.105000,2.211828047e-03
21.110000,2.374243739e-03
21.115000,2.519504848e-03
21.120000,2.625508118e-03
21.125000,2.668791381e-03
21.130000,2.629489093e-03
21.135000,2.495190432e-03
21.140000,2.262984944e-03
21.145000,1.939498959e-03
21.150000,1.539232222e-03
21.155000,1.081867948e-03
21.160000,5.893721112e-04
21.165000,8.360670054e-05
21.170000,-4.150938932e-04
21.175000,-8.883023351e-04
21.180000,-1.319105456e-03
21.185000,-1.691451258e-03
21.190000,-1.989812776e-03
21.195000,-2.199619820e-03
21.200000,-2.308630282e-03
21.205000,-2.309060832e-03
21.210000,-2.199976025e-03
21.215000,-1.989243305e-03
21.220000,-1.694363328e-03
21.225000,-1.341691052e-03
21.230000,-9.639253709e-04
21.235000,-5.961706547e-04
21.240000,-2.712495339e-04
21.245000,-1.517171816e-05
21.250000,1.563235390e-04
21.255000,2.394408193e-04
21.260000,2.418860096e-04
21.265000,1.804358774e-04
21.270000,7.707859558e-05
21.275000,-4.541638206e-05
21.280000,-1.675427921e-04
21.285000,-2.758856272e-04
21.290000,-3.642191694e-04
21.295000,-4.327918522e-04
21.300000,-4.861527138e-04
21.305000,-5.302114554e-04
21.310000,-5.693774862e-04
21.315000,-6.045559057e-04
21.320000,-6.325099584e-04
21.325000,-6.467024910e-04
21.330000,-6.393101031e-04
21.335000,-6.037759429e-04
21.340000,-5.371189479e-04
21.345000,-4.412883503e-04
21.350000,-3.231220314e-04
21.355000,-1.928612037e-04
21.360000,-6.158417839e-05
21.365000,6.176228732e-05
21.370000,1.729184129e-04
21.375000,2.737151662e-04
21.380000,3.718596365e-04
21.385000,4.790331198e-04
21.390000,6.076593147e-04
21.395000,7.670518950e-04
21.400000,9.598438733e-04
21.405000,1.179587967e-03
21.410000,1.410196287e-03
21.415000,1.627504182e-03
21.420000,1.802779449e-03
21.425000,1.907557175e-03
21.430000,1.918863224e-03
21.435000,1.823771591e-03
21.440000,1.622354026e-03
21.445000,1.328402109e-03
21.450000,9.677600526e-04
21.455000,5.745954112e-04
21.460000,1.863428041e-04
21.465000,-1.617075562e-04
21.470000,-4.411853271e-04
21.475000,-6.339785478e-04
21.480000,-7.336776892e-04
21.485000,-7.450763187e-04
21.490000,-6.820574803e-04
21.495000,-5.644623684e-04
21.500000,-4.146477089e-04
21.505000,-2.543838098e-04
21.510000,-1.025578206e-04
21.515000,2.611505015e-05
21.520000,1.214356323e-04
21.525000,1.773891849e-04
21.530000,1.915083504e-04
21.535000,1.642835979e-04
21.540000,9.885561356e-05
21.545000,1.047523399e-06
21.550000,-1.203840014e-04
21.555000,-2.535278450e-04
21.560000,-3.834184699e-04
21.565000,-4.926928098e-04
21.570000,-5.629059804e-04
21.575000,-5.764323709e-04
21.580000,-5.187090673e-04
21.585000,-3.804584243e-04
21.590000,-1.594855249e-04
21.595000,1.383063298e-04
21.600000,4.989145417e-04
21.605000,9.013096734e-04
21.610000,1.319455669e-03
21.615000,1.724993246e-03
21.620000,2.090199020e-03
21.625000,2.390802393e-03
21.630000,2.608284390e-03
21.635000,2.731383310e-03
21.640000,2.756666962e-03
21.645000,2.688172532e-03
21.650000,2.536237972e-03
21.655000,2.315736543e-03
21.660000,2.043972937e-03
21.665000,1.738508930e-03
21.670000,1.415168471e-03
21.675000,1.086436976e-03
21.680000,7.604241696e-04
21.685000,4.405052871e-04
21.690000,1.256887815e-04
21.695000,-1.883228423e-04
21.700000,-5.075064797e-04
21.705000,-8.375491076e-04
21.710000,-1.181836795e-03
21.715000,-1.539741852e-03
21.720000,-1.905529295e-03
21.725000,-2.268121165e-03
21.730000,-2.611819281e-03
21.735000,-2.917917047e-03
21.740000,-3.166962324e-03
21.745000,-3.341301427e-03
21.750000,-3.427468780e-03
21.755000,-3.418004552e-03
21.760000,-3.312383763e-03
21.765000,-3.116907365e-03
21.770000,-2.843605530e-03
21.775000,-2.508394201e-03
21.780000,-2.128865717e-03
21.785000,-1.722151488e-03
21.790000,-1.303255751e-03
21.795000,-8.841339708e-04
21.800000,-4.736074877e-04
21.805000,-7.801119997e-05
21.810000,2.976907922e-04
21.815000,6.486785870e-04
21.820000,9.692985655e-04
21.825000,1.252609232e-03
21.830000,1.490576694e-03
21.835000,1.674869434e-03
21.840000,1.798042546e-03
21.845000,1.854798735e-03
21.850000,1.842993085e-03
21.855000,1.764116097e-03
21.860000,1.623126943e-03
21.865000,1.427679854e-03
21.870000,1.186945129e-03
21.875000,9.103300647e-04
21.880000,6.064264810e-04
21.885000,2.824454421e-04
21.890000,-5.573582015e-05
21.895000,-4.029586769e-04
21.900000,-7.538013051e-04
21.905000,-1.101537402e-03
21.910000,-1.437367269e-03
21.915000,-1.750189667e-03
21.920000,-2.027046295e-03
21.925000,-2.254195933e-03
21.930000,-2.418608207e-03
21.935000,-2.509552867e-03
21.940000,-2.519931088e-03
21.945000,-2.447059525e-03
21.950000,-2.292758455e-03
21.955000,-2.062773832e-03
21.960000,-1.765730545e-03
21.965000,-1.411924880e-03
21.970000,-1.012288468e-03
21.975000,-5.777874672e-04
21.980000,-1.193779146e-04
21.985000,3.515406158e-04
21.990000,8.223972813e-04
21.995000,1.278779969e-03
22.000000,1.704171216e-03
22.005000,2.080354202e-03
22.010000,2.388586158e-03
22.015000,2.611428040e-03
22.020000,2.734923957e-03
22.025000,2.750695028e-03
22.030000,2.657487799e-03
22.035000,2.461807389e-03
22.040000,2.177450462e-03
22.045000,1.823987500e-03
22.050000,1.424469109e-03
22.055000,1.002790553e-03
22.060000,5.812029343e-04
22.065000,1.783965115e-04
22.070000,-1.915794577e-04
22.075000,-5.195100065e-04
22.080000,-8.004788317e-04
22.085000,-1.032908258e-03
22.090000,-1.217527420e-03
22.095000,-1.356563957e-03
22.100000,-1.453315741e-03
22.105000,-1.512085893e-03
22.110000,-1.538310919e-03
22.115000,-1.538624518e-03
22.120000,-1.520603713e-03
22.125000,-1.492038910e-03
22.130000,-1.459730763e-03
22.135000,-1.428002112e-03
22.140000,-1.397272234e-03
22.145000,-1.363124563e-03
22.150000,-1.316271854e-03
22.155000,-1.243672367e-03
22.160000,-1.130796870e-03
22.165000,-9.647425036e-04
22.170000,-7.376140490e-04
22.175000,-4.494289691e-04
22.180000,-1.098121246e-04
22.185000,2.620521476e-04
22.190000,6.393849008e-04
22.195000,9.914382307e-04
22.200000,1.288131071e-03
22.205000,1.504787753e-03
22.210000,1.626019315e-03
22.215000,1.647953109e-03
22.220000,1.578360731e-03
22.225000,1.434677786e-03
22.230000,1.240351962e-03
22.235000,1.020301696e-03
22.240000,7.964423566e-04
22.245000,5.842030581e-04
22.250000,3.907218081e-04
22.255000,2.150204428e-04
22.260000,5.000951288e-05
22.265000,-1.142395816e-04
22.270000,-2.867947975e-04
22.275000,-4.726492934e-04
22.280000,-6.707584807e-04
22.285000,-8.737618654e-04
22.290000,-1.069391232e-03
22.295000,-1.243144250e-03
22.300000,-1.381495980e-03
22.305000,-1.474805415e-03
22.310000,-1.519175626e-03
22.315000,-1.516814627e-03
22.320000,-1.474843505e-03
22.325000,-1.402906072e-03
22.330000,-1.310246824e-03
22.335000,-1.203062634e-03
22.340000,-1.082862745e-03
22.345000,-9.463081987e-04
22.350000,-7.866109415e-04
22.355000,-5.961532893e-04
22.360000,-3.696483514e-04
22.365000,-1.069920310e-04
22.370000,1.849937817e-04
22.375000,4.924664641e-04
22.380000,7.962467951e-04
22.385000,1.074958742e-03
22.390000,1.308921013e-03
22.395000,1.483878043e-03
22.400000,1.593676173e-03
22.405000,1.641230736e-03
22.410000,1.637530760e-03
22.415000,1.598890549e-03
22.420000,1.543070016e-03
22.425000,1.485152095e-03
22.430000,1.434126184e-03
22.435000,1.390969290e-03
22.440000,1.348677494e-03
22.445000,1.294254774e-03
22.450000,1.212213520e-03
22.455000,1.088784336e-03
22.460000,9.158568438e-04
22.465000,6.937245773e-04
22.470000,4.319793725e-04
22.475000,1.483328536e-04
22.480000,-1.343692227e-04
22.485000,-3.922509909e-04
22.490000,-6.046884283e-04
22.495000,-7.578100713e-04
22.500000,-8.464714913e-04
22.505000,-8.743446650e-04
22.510000,-8.522183346e-04
22.515000,-7.950134639e-04
22.520000,-7.182818722e-04
22.525000,-6.350212354e-04
22.530000,-5.535035464e-04
22.535000,-4.765229349e-04
22.540000,-4.021017579e-04
22.545000,-3.253424486e-04
22.550000,-2.408585806e-04
22.555000,-1.451165927e-04
22.560000,-3.808628304e-05
22.565000,7.619017208e-05
22.570000,1.902018973e-04
22.575000,2.945280135e-04
22.580000,3.798932883e-04
22.585000,4.391505881e-04
22.590000,4.686620031e-04
22.595000,4.687319232e-04
22.600000,4.430148826e-04
22.605000,3.971048207e-04
22.610000,3.367339864e-04
22.615000,2.661101818e-04
22.620000,1.868745264e-04
22.625000,9.798184392e-05
22.630000,-3.459037497e-06
22.635000,-1.206259440e-04
22.640000,-2.551618029e-04
22.645000,-4.056412184e-04
22.650000,-5.668176741e-04
22.655000,-7.299456762e-04
22.660000,-8.841830756e-04
22.665000,-1.018774961e-03
22.670000,-1.125484755e-03
22.675000,-1.200637304e-03
22.680000,-1.246204194e-03
22.685000,-1.269579859e-03
22.690000,-1.282013109e-03
22.695000,-1.295991778e-03
22.700000,-1.322143904e-03
22.705000,-1.366352229e-03
22.710000,-1.427749331e-03
22.715000,-1.498077497e-03
22.720000,-1.562604542e-03
22.725000,-1.602450264e-03
22.730000,-1.597872350e-03
22.735000,-1.531851536e-03
22.740000,-1.393250208e-03
22.745000,-1.178912204e-03
22.750000,-8.943053246e-04
22.755000,-5.526291990e-04
22.760000,-1.726442025e-04
22.765000,2.242583141e-04
22.770000,6.170916635e-04
22.775000,9.877904917e-04
22.780000,1.322757699e-03
22.785000,1.613258784e-03
22.790000,1.854769424e-03
22.795000,2.045618933e-03
22.800000,2.185404444e-03
22.805000,2.273655756e-03
22.810000,2.309117892e-03
22.815000,2.289821889e-03
22.820000,2.213884401e-03
22.825000,2.080768690e-03
22.830000,1.892603884e-03
22.835000,1.655130790e-03
22.840000,1.377931149e-03
22.845000,1.073783011e-03
22.850000,7.572200714e-04
22.855000,4.425931339e-04
22.860000,1.420755949e-04
22.865000,-1.359183768e-04
22.870000,-3.875301782e-04
22.875000,-6.132843132e-04
22.880000,-8.169937459e-04
22.885000,-1.004000791e-03
22.890000,-1.179155092e-03
22.895000,-1.344979411e-03
22.900000,-1.500424462e-03
22.905000,-1.640481404e-03
22.910000,-1.756734501e-03
22.915000,-1.838735082e-03
22.920000,-1.875902882e-03
22.925000,-1.859550744e-03
22.930000,-1.784609966e-03
22.935000,-1.650712228e-03
22.940000,-1.462440739e-03
22.945000,-1.228756602e-03
22.950000,-9.617850403e-04
22.955000,-6.752645023e-04
22.960000,-3.829945583e-04
22.965000,-9.756730104e-05
22.970000,1.704439457e-04
22.975000,4.127989445e-04
22.980000,6.234895436e-04
22.985000,7.983872277e-04
22.990000,9.348332517e-04
22.995000,1.031342971e-03
23.000000,1.087530443e-03
23.005000,1.104267822e-03
23.010000,1.083999439e-03
23.015000,1.031058190e-03
23.020000,9.518042020e-04
23.025000,8.544344644e-04
23.030000,7.483924839e-04
23.035000,6.434175287e-04
23.040000,5.483806887e-04
23.045000,4.701270566e-04
23.050000,4.125583342e-04
23.055000,3.761451815e-04
23.060000,3.579689159e-04
23.065000,3.522841740e-04
23.070000,3.514955479e-04
23.075000,3.473725070e-04
23.080000,3.322975501e-04
23.085000,3.003518485e-04
23.090000,2.480834654e-04
23.095000,1.748655175e-04
23.100000,8.282438157e-05
23.105000,-2.361035005e-05
23.110000,-1.384239186e-04
23.115000,-2.548575768e-04
23.120000,-3.662242777e-04
23.125000,-4.665775009e-04
23.130000,-5.511619720e-04
23.135000,-6.166334243e-04
23.140000,-6.610845160e-04
23.145000,-6.839424349e-04
23.150000,-6.858055104e-04
23.155000,-6.682655771e-04
23.160000,-6.337313529e-04
23.165000,-5.852396531e-04
23.170000,-5.262271490e-04
23.175000,-4.602406001e-04
23.180000,-3.905857406e-04
23.185000,-3.199461913e-04
23.190000,-2.500329997e-04
23.195000,-1.813423799e-04
23.200000,-1.130968644e-04
23.205000,-4.342125268e-05
23.210000,3.023724225e-05
23.215000,1.104871517e-04
23.220000,1.992619767e-04
23.225000,2.971095121e-04
23.230000,4.026425283e-04
23.235000,5.122753411e-04
23.240000,6.203268768e-04
23.245000,7.195079139e-04
23.250000,8.017406712e-04
23.255000,8.591964174e-04
23.260000,8.853930056e-04
23.265000,8.761771019e-04
23.270000,8.304286440e-04
23.275000,7.503663170e-04
23.280000,6.413965927e-04
23.285000,5.115248396e-04
23.290000,3.704213967e-04
23.295000,2.282932335e-04
23.300000,9.474007820e-05
23.305000,-2.223378480e-05
23.310000,-1.169218216e-04
23.315000,-1.862640932e-04
23.320000,-2.298424690e-04
23.325000,-2.495776393e-04
23.330000,-2.492165568e-04
23.335000,-2.337077867e-04
23.340000,-2.085523506e-04
23.345000,-1.791982192e-04
23.350000,-1.505257978e-04
23.355000,-1.264539423e-04
23.360000,-1.096817788e-04
23.365000,-1.015697200e-04
23.370000,-1.021529543e-04
23.375000,-1.102730841e-04
23.380000,-1.238095377e-04
23.385000,-1.399914396e-04
23.390000,-1.557700260e-04
23.395000,-1.682275913e-04
23.400000,-1.749891170e-04
23.405000,-1.745891457e-04
23.410000,-1.667355957e-04
23.415000,-1.524125210e-04
23.420000,-1.337813050e-04
23.425000,-1.138740878e-04
23.430000,-9.611663055e-05
23.435000,-8.375780823e-05
23.440000,-7.930729177e-05
23.445000,-8.408476763e-05
23.450000,-9.796381740e-05
23.455000,-1.193581790e-04
23.460000,-1.454568330e-04
23.465000,-1.726750372e-04
23.470000,-1.972555207e-04
23.475000,-2.159294414e-04
23.480000,-2.265320532e-04
23.485000,-2.284665242e-04
23.490000,-2.229251691e-04
23.495000,-2.128128648e-04
23.500000,-2.023697464e-04
23.505000,-1.965497317e-04
23.510000,-2.002633404e-04
23.515000,-2.176228312e-04
23.520000,-2.513256775e-04
23.525000,-3.022789971e-04
23.530000,-3.695123052e-04
23.535000,-4.503641716e-04
23.540000,-5.408756631e-04
23.545000,-6.362911696e-04
23.550000,-7.315601909e-04
23.555000,-8.217506133e-04
23.560000,-9.023192781e-04
23.565000,-9.692308710e-04
23.570000,-1.018961326e-03
23.575000,-1.048456187e-03
23.580000,-1.055127706e-03
23.585000,-1.036960553e-03
23.590000,-9.927553522e-04
23.595000,-9.224811776e-04
23.600000,-8.276491903e-04
23.605000,-7.115794756e-04
23.610000,-5.794276949e-04
23.615000,-4.378738520e-04
23.620000,-2.944465184e-04
23.625000,-1.565457861e-04
23.630000,-3.031475000e-05
23.635000,8.042943615e-05
23.640000,1.749741590e-04
23.645000,2.559980682e-04
23.650000,3.292403216e-04
23.655000,4.025379848e-04
23.660000,4.843446623e-04
23.665000,5.819626774e-04
23.670000,6.998059879e-04
23.675000,8.380388331e-04
23.680000,9.918926252e-04
23.685000,1.151852232e-03
23.690000,1.304740790e-03
23.695000,1.435552154e-03
23.700000,1.529721909e-03
23.705000,1.575428731e-03
23.710000,1.565502199e-03
23.715000,1.498585872e-03
23.720000,1.379349791e-03
23.725000,1.217732049e-03
23.730000,1.027374306e-03
23.735000,8.235622932e-04
23.740000,6.210609796e-04
23.745000,4.322324220e-04
23.750000,2.657462508e-04
23.755000,1.260574639e-04
23.760000,1.366310590e-05
23.765000,-7.400710750e-05
23.770000,-1.413284527e-04
23.775000,-1.931629068e-04
23.780000,-2.337796862e-04
23.785000,-2.662204574e-04
23.790000,-2.921815535e-04
23.795000,-3.123427409e-04
23.800000,-3.269579949e-04
23.805000,-3.364683345e-04
23.810000,-3.419130211e-04
23.815000,-3.449956084e-04
23.820000,-3.477796783e-04
23.825000,-3.521102322e-04
23.830000,-3.589462897e-04
23.835000,-3.678245982e-04
23.840000,-3.766458480e-04
23.845000,-3.818924228e-04
23.850000,-3.792725121e-04
23.855000,-3.646684721e-04
23.860000,-3.351770620e-04
23.865000,-2.899890407e-04
23.870000,-2.308776887e-04
23.875000,-1.621476030e-04
23.880000,-9.001897921e-05
23.885000,-2.155914279e-05
23.890000,3.661198365e-05
23.895000,7.955270248e-05
23.900000,1.048833530e-04
23.905000,1.131158864e-04
23.910000,1.073498363e-04
23.915000,9.240401558e-05
23.920000,7.358677219e-05
23.925000,5.539373328e-05
23.930000,4.043983842e-05
23.935000,2.887740730e-05
23.940000,1.843651762e-05
23.945000,5.075233475e-06
23.950000,-1.591900677e-05
23.955000,-4.864331332e-05
23.960000,-9.541738034e-05
23.965000,-1.560206746e-04
23.970000,-2.275029569e-04
23.975000,-3.046008008e-04
23.980000,-3.806472905e-04
23.985000,-4.487494360e-04
23.990000,-5.029552133e-04
23.995000,-5.391503020e-04
24.000000,-5.555060863e-04
24.005000,-5.524222294e-04
24.010000,-5.320368341e-04
24.015000,-4.974813465e-04
24.020000,-4.521094441e-04
24.025000,-3.989162553e-04
24.030000,-3.402906728e-04
24.035000,-2.781301478e-04
24.040000,-2.142266239e-04
24.045000,-1.507394238e-04
24.050000,-9.053396620e-05
24.055000,-3.719670038e-05
24.060000,5.370224559e-06
24.065000,3.374070038e-05
24.070000,4.597672643e-05
24.075000,4.259742541e-05
24.080000,2.720821376e-05
24.085000,6.537659623e-06
24.090000,-1.025326058e-05
24.095000,-1.295813353e-05
24.100000,7.801620348e-06
24.105000,5.857357510e-05
24.110000,1.413719727e-04
24.115000,2.526838894e-04
24.120000,3.834685981e-04
24.125000,5.202352726e-04
24.130000,6.470523900e-04
24.135000,7.481327326e-04
24.140000,8.105011838e-04
24.145000,8.262216639e-04
24.150000,7.937422168e-04
24.155000,7.180947549e-04
24.160000,6.099188348e-04
24.165000,4.835166976e-04
24.170000,3.543394272e-04
24.175000,2.364114204e-04
24.180000,1.402001380e-04
24.185000,7.133030348e-05
24.190000,3.034928723e-05
24.195000,1.351562635e-05
24.200000,1.435871986e-05
24.205000,2.559694797e-05
24.210000,4.094194238e-05
24.215000,5.637204532e-05
24.220000,7.061273817e-05
24.225000,8.477524322e-05
24.230000,1.013213454e-04
24.235000,1.226878626e-04
24.240000,1.499780259e-04
24.245000,1.820938520e-04
24.250000,2.155553747e-04
24.255000,2.450644442e-04
24.260000,2.646712040e-04
24.265000,2.692400287e-04
24.270000,2.558278886e-04
24.275000,2.246017812e-04
24.280000,1.790296542e-04
24.285000,1.252553967e-04
24.290000,7.077096975e-05
24.295000,2.267891425e-05
24.300000,-1.404766010e-05
24.305000,-3.788182369e-05
24.310000,-5.129384453e-05
24.315000,-6.036209467e-05
24.320000,-7.348483350e-05
24.325000,-9.944718283e-05
24.330000,-1.452590235e-04
24.335000,-2.142500909e-04
24.340000,-3.048693225e-04
24.345000,-4.104924405e-04
24.350000,-5.203248997e-04
24.355000,-6.212447179e-04
24.360000,-7.002166679e-04
24.365000,-7.467756964e-04
24.370000,-7.550553958e-04
24.375000,-7.249330519e-04
24.380000,-6.620543126e-04
24.385000,-5.767430519e-04
24.390000,-4.820390490e-04
24.395000,-3.912837115e-04
24.400000,-3.157541715e-04
24.405000,-2.628149281e-04
24.410000,-2.349262664e-04
24.415000,-2.296537313e-04
24.420000,-2.406086606e-04
24.425000,-2.590628074e-04
24.430000,-2.758581113e-04
24.435000,-2.831976357e-04
24.440000,-2.759584210e-04
24.445000,-2.522956257e-04
24.450000,-2.134788163e-04
24.455000,-1.630760034e-04
24.460000,-1.057394264e-04
24.465000,-4.591870901e-05
24.470000,1.318197267e-05
24.475000,7.016947096e-05
24.480000,1.254502753e-04
24.485000,1.806906400e-04
24.490000,2.379228591e-04
24.495000,2.985478366e-04
24.500000,3.624951004e-04
24.505000,4.277504207e-04
24.510000,4.903647271e-04
24.515000,5.449411728e-04
24.520000,5.854874629e-04
24.525000,6.064419660e-04
24.530000,6.036506767e-04
24.535000,5.750928189e-04
24.540000,5.212188730e-04
24.545000,4.448587023e-04
24.550000,3.507554700e-04
24.555000,2.448589479e-04
24.560000,1.335513664e-04
24.565000,2.297263715e-05
24.570000,-8.143552636e-05
24.575000,-1.751201478e-04
24.580000,-2.543738456e-04
24.585000,-3.161522625e-04
24.590000,-3.578781192e-04
24.595000,-3.773519897e-04
24.600000,-3.728485833e-04
24.605000,-3.434115545e-04
24.610000,-2.892867474e-04
24.615000,-2.123730124e-04
24.620000,-1.165389840e-04
24.625000,-7.664333313e-06
24.630000,1.066846135e-04
24.635000,2.179534910e-04
24.640000,3.175898100e-04
24.645000,3.981632479e-04
24.650000,4.544111797e-04
24.655000,4.840051826e-04
24.660000,4.878799602e-04
24.665000,4.700459694e-04
24.670000,4.369034616e-04
24.675000,3.961689581e-04
24.680000,3.555975373e-04
24.685000,3.217224893e-04
24.690000,2.988309421e-04
24.695000,2.883501863e-04
24.700000,2.887423934e-04
24.705000,2.959098763e-04
24.710000,3.040182788e-04
24.715000,3.065710670e-04
24.720000,2.975311316e-04
24.725000,2.722913344e-04
24.730000,2.283419171e-04
24.735000,1.655557248e-04
24.740000,8.609339070e-05
24.745000,-5.999139022e-06
24.750000,-1.053835350e-04
24.755000,-2.060825158e-04
24.760000,-3.020813735e-04
24.765000,-3.878043809e-04
24.770000,-4.584410914e-04
24.775000,-5.101415773e-04
24.780000,-5.401286078e-04
24.785000,-5.467823520e-04
24.790000,-5.297387927e-04
24.795000,-4.900118541e-04
24.800000,-4.301111106e-04
24.805000,-3.540941212e-04
24.810000,-2.674766289e-04
24.815000,-1.769329465e-04
24.820000,-8.975423980e-05
24.825000,-1.308788123e-05
24.830000,4.695637454e-05
24.835000,8.619457466e-05
24.840000,1.030845031e-04
24.845000,9.911052935e-05
24.850000,7.872349643e-05
24.855000,4.879627547e-05
24.860000,1.764479733e-05
24.865000,-6.249894020e-06
24.870000,-1.561790326e-05
24.875000,-5.642801646e-06
24.880000,2.515340124e-05
24.885000,7.455626634e-05
24.890000,1.369248520e-04
24.895000,2.040591334e-04
24.900000,2.665383760e-04
24.905000,3.153046551e-04
24.910000,3.432086235e-04
24.915000,3.462313476e-04
24.920000,3.241512117e-04
24.925000,2.805293974e-04
24.930000,2.220197145e-04
24.935000,1.571399574e-04
24.940000,9.474445179e-05
24.945000,4.249056293e-05
24.950000,5.586884208e-06
24.955000,-1.394912071e-05
24.960000,-1.739808060e-05
24.965000,-8.808730065e-06
24.970000,6.046181920e-06
24.975000,2.100384851e-05
24.980000,3.085304411e-05
24.985000,3.240074332e-05
24.990000,2.504114650e-05
24.995000,1.071492493e-05
25.000000,-6.716362642e-06
25.005000,-2.252357144e-05
25.010000,-3.233841347e-05
25.015000,-3.326851051e-05
25.020000,-2.464173695e-05
25.025000,-8.211888787e-06
25.030000,1.221711141e-05
25.035000,3.165941932e-05
25.040000,4.510913250e-05
25.045000,4.873219493e-05
25.050000,4.081754093e-05
25.055000,2.226846202e-05
25.060000,-3.484503504e-06
25.065000,-3.113975540e-05
25.070000,-5.461225837e-05
25.075000,-6.831573086e-05
25.080000,-6.835598971e-05
25.085000,-5.337025517e-05
25.090000,-2.482672444e-05
25.095000,1.327893484e-05
25.100000,5.525712424e-05
25.105000,9.489609330e-05
25.110000,1.267059183e-04
25.115000,1.469549699e-04
25.120000,1.542684674e-04
25.125000,1.496599526e-04
25.130000,1.359977898e-04
25.135000,1.170416792e-04
25.140000,9.628899093e-05
25.145000,7.592253887e-05
25.150000,5.613565708e-05
25.155000,3.502729770e-05
25.160000,9.125583371e-06
25.165000,-2.555735881e-05
25.170000,-7.217648625e-05
25.175000,-1.317374802e-04
25.180000,-2.021542370e-04
25.185000,-2.779546691e-04
25.190000,-3.507736071e-04
25.195000,-4.105964324e-04
25.200000,-4.475415462e-04
25.205000,-4.538338662e-04
25.210000,-4.255570285e-04
25.215000,-3.637955010e-04
25.220000,-2.748870919e-04
25.225000,-1.696803847e-04
25.230000,-6.189488325e-05
25.235000,3.412872180e-05
25.240000,1.058658418e-04
25.245000,1.447606282e-04
25.250000,1.476695686e-04
25.255000,1.173089331e-04
25.260000,6.161792015e-05
25.265000,-7.831640739e-06
25.270000,-7.805569059e-05
25.275000,-1.370604614e-04
25.280000,-1.759491648e-04
25.285000,-1.903258010e-04
25.290000,-1.807447086e-04
25.295000,-1.521599750e-04
25.300000,-1.125383166e-04
25.305000,-7.096647397e-05
25.310000,-3.567402265e-05
25.315000,-1.238793607e-05
25.320000,-3.341378052e-06
25.325000,-7.100955370e-06
25.330000,-1.919182883e-05
25.335000,-3.333002131e-05
25.340000,-4.295161693e-05
25.345000,-4.268224155e-05
25.350000,-2.942376450e-05
25.355000,-2.838364726e-06
25.360000,3.484139538e-05
25.365000,7.958774289e-05
25.370000,1.267141193e-04
25.375000,1.720700005e-04
25.380000,2.129878204e-04
25.385000,2.487487185e-04
25.390000,2.804648146e-04
25.395000,3.104306936e-04
25.400000,3.411351051e-04
25.405000,3.742096130e-04
25.410000,4.096029693e-04
25.415000,4.452075983e-04
25.420000,4.770465239e-04
25.425000,4.999872045e-04
25.430000,5.088185507e-04
25.435000,4.994390257e-04
25.440000,4.698756337e-04
25.445000,4.208900518e-04
25.450000,3.560197396e-04
25.455000,2.810281544e-04
25.460000,2.028717349e-04
25.465000,1.284025442e-04
25.470000,6.308864544e-05
25.475000,1.003349425e-05
25.480000,-3.049048102e-05
25.485000,-6.089565673e-05
25.490000,-8.556129685e-05
25.495000,-1.097129349e-04
25.500000,-1.381538283e-04
25.505000,-1.741274129e-04
25.510000,-2.185492082e-04
25.515000,-2.697546297e-04
25.520000,-3.237902058e-04
25.525000,-3.751585104e-04
25.530000,-4.178374397e-04
25.535000,-4.463496017e-04
25.540000,-4.566638799e-04
25.545000,-4.467638598e-04
25.550000,-4.168026526e-04
25.555000,-3.688603956e-04
25.560000,-3.064069242e-04
25.565000,-2.336279654e-04
25.570000,-1.547861785e-04
25.575000,-7.375678837e-05
25.580000,6.188345992e-06
25.585000,8.235479230e-05
25.590000,1.524353977e-04
25.595000,2.142748458e-04
25.600000,2.657085084e-04
25.605000,3.045577008e-04
25.610000,3.288021185e-04
25.615000,3.368859257e-04
25.620000,3.280668056e-04
25.625000,3.027002499e-04
25.630000,2.623670436e-04
25.635000,2.097931805e-04
25.640000,1.485651405e-04
25.645000,8.269488822e-05
25.650000,1.612570386e-05
25.655000,-4.771601972e-05
25.660000,-1.062295419e-04
25.665000,-1.577506555e-04
25.670000,-2.014570842e-04
25.675000,-2.371152737e-04
25.680000,-2.647587549e-04
25.685000,-2.844067172e-04
25.690000,-2.959173037e-04
25.695000,-2.990254181e-04
25.700000,-2.935519898e-04
25.705000,-2.797103191e-04
25.710000,-2.583955398e-04
25.715000,-2.313390503e-04
25.720000,-2.010432047e-04
25.725000,-1.704729485e-04
25.730000,-1.425524977e-04
25.735000,-1.195764057e-04
25.740000,-1.026788897e-04
25.745000,-9.150389210e-05
25.750000,-8.418060169e-05
25.755000,-7.764270197e-05
25.760000,-6.824859925e-05
25.765000,-5.258257331e-05
25.770000,-2.826237057e-05
25.775000,5.436925384e-06
25.780000,4.730199813e-05
25.785000,9.432883457e-05
25.790000,1.422834671e-04
25.795000,1.865581482e-04
25.800000,2.231281174e-04
25.805000,2.493841430e-04
25.810000,2.646423990e-04
25.815000,2.702100387e-04
25.820000,2.689926980e-04
25.825000,2.647417693e-04
25.830000,2.611267219e-04
25.835000,2.608594278e-04
25.840000,2.650832228e-04
25.845000,2.731727040e-04
25.850000,2.829871370e-04
25.855000,2.915059542e-04
25.860000,2.956775448e-04
25.865000,2.932571570e-04
25.870000,2.834111707e-04
25.875000,2.669240913e-04
25.880000,2.459474222e-04
25.885000,2.233505185e-04
25.890000,2.018417354e-04
25.895000,1.830954204e-04
25.900000,1.671282494e-04
25.905000,1.521135335e-04
25.910000,1.347167221e-04
25.915000,1.109045966e-04
25.920000,7.705657293e-05
25.925000,3.112004532e-05
25.930000,-2.647486496e-05
25.935000,-9.238423529e-05
25.940000,-1.605443461e-04
25.945000,-2.229929046e-04
25.950000,-2.711746976e-04
25.955000,-2.974723032e-04
25.960000,-2.966424788e-04
25.965000,-2.668510286e-04
25.970000,-2.100822394e-04
25.975000,-1.318351021e-04
25.980000,-4.017586158e-05
25.985000,5.564270850e-05
25.990000,1.466946657e-04
25.995000,2.257082290e-04
26.000000,2.879456670e-04
26.005000,3.314906206e-04
26.010000,3.569422247e-04
26.015000,3.666514619e-04
26.020000,3.637303407e-04
26.025000,3.510984476e-04
26.030000,3.307999914e-04
26.035000,3.037390638e-04
26.040000,2.698644342e-04
26.045000,2.287163872e-04
26.050000,1.801549369e-04
26.055000,1.250429948e-04
26.060000,6.567071805e-05
26.065000,5.775690499e-06
26.070000,-4.987872606e-05
26.075000,-9.628478221e-05
26.080000,-1.291490139e-04
26.085000,-1.457919216e-04
26.090000,-1.457601392e-04
26.095000,-1.309901776e-04
26.100000,-1.054722110e-04
26.105000,-7.448458946e-05
26.110000,-4.357326681e-05
26.115000,-1.750961236e-05
26.120000,5.383052403e-07
26.125000,9.440743845e-06
26.130000,1.006425508e-05
26.135000,4.784162844e-06
26.140000,-3.311508463e-06
26.145000,-1.131916067e-05
26.150000,-1.729159974e-05
26.155000,-2.069633528e-05
26.160000,-2.245614971e-05
26.165000,-2.457741034e-05
26.170000,-2.947768120e-05
26.175000,-3.919928757e-05
26.180000,-5.472061943e-05
26.185000,-7.554688230e-05
26.190000,-9.968623483e-05
26.195000,-1.240168484e-04
26.200000,-1.449517485e-04
26.205000,-1.592358790e-04
26.210000,-1.646803717e-04
26.215000,-1.606579062e-04
26.220000,-1.482439155e-04
26.225000,-1.299752106e-04
26.230000,-1.092888430e-04
26.235000,-8.977779167e-05
26.240000,-7.443913836e-05
26.245000,-6.508625396e-05
26.250000,-6.205130808e-05
26.255000,-6.423032993e-05
26.260000,-6.943924344e-05
26.265000,-7.497692430e-05
26.270000,-7.824810549e-05
26.275000,-7.729466043e-05
26.280000,-7.111785003e-05
26.285000,-5.973599418e-05
26.290000,-4.399423060e-05
26.295000,-2.520594419e-05
26.300000,-4.742711407e-06
26.305000,1.630754010e-05
26.310000,3.732492117e-05
26.315000,5.814875191e-05
26.320000,7.889990110e-05
26.325000,9.970806359e-05
26.330000,1.204427448e-04
26.335000,1.405412553e-04
26.340000,1.589938836e-04
26.345000,1.744960969e-04
26.350000,1.857250937e-04
26.355000,1.916585216e-04
26.360000,1.918380386e-04
26.365000,1.864941359e-04
26.370000,1.764876259e-04
26.375000,1.630765863e-04
26.380000,1.475700777e-04
26.385000,1.309661334e-04
26.390000,1.136801907e-04
26.395000,9.544788991e-05
26.400000,7.543869353e-05
26.405000,5.255736459e-05
26.410000,2.585594460e-05
26.415000,-5.054952868e-06
26.420000,-3.971042948e-05
26.425000,-7.669871375e-05
26.430000,-1.138083470e-04
26.435000,-1.483908210e-04
26.440000,-1.778588192e-04
26.445000,-2.002037799e-04
26.450000,-2.144079414e-04
26.455000,-2.206476297e-04
26.460000,-2.202318266e-04
26.465000,-2.152826392e-04
26.470000,-2.082277682e-04
26.475000,-2.012238582e-04
26.480000,-1.956504876e-04
26.485000,-1.918003745e-04
26.490000,-1.888437930e-04
26.495000,-1.850752738e-04
26.500000,-1.783766583e-04
26.505000,-1.667730055e-04
26.510000,-1.489334855e-04
26.515000,-1.244858070e-04
26.520000,-9.406574014e-05
26.525000,-5.909802369e-05
26.530000,-2.138025464e-05
26.535000,1.740384627e-05
26.540000,5.609616320e-05
26.545000,9.427663220e-05
26.550000,1.322081450e-04
26.555000,1.705213814e-04
26.560000,2.097225836e-04
26.565000,2.496627390e-04
26.570000,2.891268951e-04
26.575000,3.256808217e-04
26.580000,3.558527523e-04
26.585000,3.756442224e-04
26.590000,3.812767708e-04
26.595000,3.700131380e-04
26.600000,3.408612410e-04
26.605000,2.949860164e-04
26.610000,2.357154426e-04
26.615000,1.681181866e-04
26.620000,9.822896349e-05
26.625000,3.207952449e-05
26.630000,-2.526171537e-05
26.635000,-7.044056169e-05
26.640000,-1.022059643e-04
26.645000,-1.213671563e-04
26.650000,-1.303465008e-04
26.655000,-1.324449170e-04
26.660000,-1.309976896e-04
26.665000,-1.286170518e-04
26.670000,-1.266900266e-04
26.675000,-1.252324312e-04
26.680000,-1.231092017e-04
26.685000,-1.185398778e-04
26.690000,-1.097393846e-04
26.695000,-9.551585097e-05
26.700000,-7.566629523e-05
26.705000,-5.107194897e-05
26.710000,-2.348063318e-05
26.715000,4.949908917e-06
26.720000,3.221017831e-05
26.725000,5.693700019e-05
26.730000,7.871071261e-05
26.735000,9.806900014e-05
26.740000,1.162337817e-04
26.745000,1.346254482e-04
26.750000,1.542956225e-04
26.755000,1.754318700e-04
26.760000,1.970709430e-04
26.765000,2.171061338e-04
26.770000,2.326017831e-04
26.775000,2.403512839e-04
26.780000,2.375524021e-04
26.785000,2.224408691e-04
26.790000,1.947289792e-04
26.795000,1.557402416e-04
26.800000,1.082040326e-04
26.805000,5.575768582e-05
26.810000,2.275864609e-06
26.815000,-4.881105690e-05
26.820000,-9.504800133e-05
26.825000,-1.352160562e-04
26.830000,-1.692760250e-04
26.835000,-1.980302648e-04
26.840000,-2.226094385e-04
26.845000,-2.439318033e-04
26.850000,-2.622839752e-04
26.855000,-2.771348090e-04
26.860000,-2.872289239e-04
26.865000,-2.909308399e-04
26.870000,-2.867240137e-04
26.875000,-2.737279297e-04
26.880000,-2.520908679e-04
26.885000,-2.231471586e-04
26.890000,-1.892876050e-04
26.895000,-1.535649901e-04
26.900000,-1.191244536e-04
26.905000,-8.859362025e-05
26.910000,-6.357817658e-05
26.915000,-4.438253168e-05
26.920000,-3.001927840e-05
26.925000,-1.850007523e-05
26.930000,-7.332736391e-06
26.935000,5.897989615e-06
26.940000,2.300368366e-05
26.945000,4.483748472e-05
26.950000,7.118069052e-05
26.955000,1.008765460e-04
26.960000,1.321554651e-04
26.965000,1.630522472e-04
26.970000,1.918005250e-04
26.975000,2.171053034e-04
26.980000,2.382354809e-04
26.985000,2.549329094e-04
26.990000,2.671880420e-04
26.995000,2.749704269e-04
27.000000,2.780150584e-04
27.005000,2.757490457e-04
27.010000,2.674007908e-04
27.015000,2.522765083e-04
27.020000,2.301320404e-04
27.025000,2.015283041e-04
27.030000,1.680495972e-04
27.035000,1.322906379e-04
27.040000,9.757540036e-05
27.045000,6.744355118e-05
27.050000,4.500801961e-05
27.055000,3.233008289e-05
27.060000,2.996347725e-05
27.065000,3.678449676e-05
27.070000,5.016000194e-05
27.075000,6.642677760e-05
27.080000,8.158343953e-05
27.085000,9.204716185e-05
27.090000,9.531259031e-05
27.095000,9.037210698e-05
27.100000,7.780991400e-05
27.105000,5.955549371e-05
27.110000,3.835886645e-05
27.115000,1.711334537e-05
27.120000,-1.813943888e-06
27.125000,-1.708680460e-05
27.130000,-2.862444826e-05
27.135000,-3.750033525e-05
27.140000,-4.555148044e-05
27.145000,-5.480625857e-05
27.150000,-6.688244526e-05
27.155000,-8.251145954e-05
27.160000,-1.013088445e-04
27.165000,-1.218448504e-04
27.170000,-1.419902061e-04
27.175000,-1.594412969e-04
27.180000,-1.722840383e-04
27.185000,-1.794477754e-04
27.190000,-1.809310198e-04
27.195000,-1.777415070e-04
27.200000,-1.715681696e-04
27.205000,-1.642729596e-04
27.210000,-1.573380944e-04
27.215000,-1.514171344e-04
27.220000,-1.461129432e-04
27.225000,-1.400482665e-04
27.230000,-1.312196930e-04
27.235000,-1.175519604e-04
27.240000,-9.751569332e-05
27.245000,-7.065164864e-05
27.250000,-3.786392835e-05
27.255000,-1.398997743e-06
27.260000,3.549665717e-05
27.265000,6.916875774e-05
27.270000,9.626422395e-05
27.275000,1.143943707e-04
27.280000,1.225994697e-04
27.285000,1.215078711e-04
27.290000,1.131537200e-04
27.295000,1.004959525e-04
27.300000,8.674948547e-05
27.305000,7.468193228e-05
27.310000,6.603641059e-05
27.315000,6.121148494e-05
27.320000,5.926949637e-05
27.325000,5.826786749e-05
27.330000,5.583205443e-05
27.335000,4.983167917e-05
27.340000,3.899708813e-05
27.345000,2.332843870e-05
27.350000,4.199915249e-06
27.355000,-1.586483360e-05
27.360000,-3.369192974e-05
27.365000,-4.611375797e-05
27.370000,-5.063153751e-05
27.375000,-4.593537750e-05
27.380000,-3.216977629e-05
27.385000,-1.089287304e-05
27.390000,1.525295029e-05
27.395000,4.307904310e-05
27.400000,6.947454750e-05
27.405000,9.197995760e-05
27.410000,1.091897646e-04
27.415000,1.209057715e-04
27.420000,1.280206179e-04
27.425000,1.321717631e-04
27.430000,1.352559242e-04
27.435000,1.389216257e-04
27.440000,1.441572050e-04
27.445000,1.510641710e-04
27.450000,1.588585670e-04
27.455000,1.660879239e-04
27.460000,1.710020052e-04
27.465000,1.719833904e-04
27.470000,1.679357496e-04
27.475000,1.585438754e-04
27.480000,1.443545671e-04
27.485000,1.266715757e-04
27.490000,1.072999321e-04
27.495000,8.820556479e-05
27.500000,7.116928118e-05
27.505000,5.750864844e-05
27.510000,4.792002335e-05
27.515000,4.246194561e-05
27.520000,4.066781009e-05
27.525000,4.174753824e-05
27.530000,4.482078828e-05
27.535000,4.912145534e-05
27.540000,5.412496075e-05
27.545000,5.957289334e-05
27.550000,6.539797866e-05
27.555000,7.157883067e-05
27.560000,7.797180812e-05
27.565000,8.417232995e-05
27.570000,8.944952424e-05
27.575000,9.277892775e-05
27.580000,9.297336841e-05
27.585000,8.888817005e-05
27.590000,7.965865453e-05
27.595000,6.491905175e-05
27.600000,4.495373198e-05
27.605000,2.074353114e-05
27.610000,-6.110464120e-06
27.615000,-3.357963696e-05
27.620000,-5.948784094e-05
27.625000,-8.183143127e-05
27.630000,-9.908306879e-05
27.635000,-1.104250637e-04
27.640000,-1.158706772e-04
27.645000,-1.162523174e-04
27.650000,-1.130795806e-04
27.655000,-1.082927863e-04
27.660000,-1.039548364e-04
27.665000,-1.019331414e-04
27.670000,-1.036229044e-04
27.675000,-1.097538367e-04
27.680000,-1.203063851e-04
27.685000,-1.345438312e-04
27.690000,-1.511468273e-04
27.695000,-1.684206751e-04
27.700000,-1.845358315e-04
27.705000,-1.977602816e-04
27.710000,-2.066484178e-04
27.715000,-2.101631544e-04
27.720000,-2.077232524e-04
27.725000,-1.991828514e-04
27.730000,-1.847618679e-04
27.735000,-1.649520290e-04
27.740000,-1.404230497e-04
27.745000,-1.119475334e-04
27.750000,-8.035366434e-05
27.755000,-4.650451521e-05
27.760000,-1.129467169e-05
27.765000,2.434912838e-05
27.770000,5.947591099e-05
27.775000,9.313483513e-05
27.780000,1.244170770e-04
27.785000,1.525093627e-04
27.790000,1.767480606e-04
27.795000,1.966604509e-04
27.800000,2.119810673e-04
27.805000,2.226358599e-04
27.810000,2.286947112e-04
27.815000,2.303019408e-04
27.820000,2.276024370e-04
27.825000,2.206850826e-04
27.830000,2.095629836e-04
27.835000,1.942011318e-04
27.840000,1.745884494e-04
27.845000,1.508366554e-04
27.850000,1.232778851e-04
27.855000,9.253031446e-05
27.860000,5.950755943e-05
27.865000,2.536168136e-05
27.870000,-8.632774126e-06
27.875000,-4.123010719e-05
27.880000,-7.136615720e-05
27.885000,-9.827630722e-05
27.890000,-1.215495265e-04
27.895000,-1.411032695e-04
27.900000,-1.570824364e-04
27.905000,-1.697043088e-04
27.910000,-1.790861431e-04
27.915000,-1.850991438e-04
27.920000,-1.872894938e-04
27.925000,-1.848938373e-04
27.930000,-1.769555601e-04
27.935000,-1.625240679e-04
27.940000,-1.408978752e-04
27.945000,-1.118591330e-04
27.950000,-7.584587828e-05
27.955000,-3.401958493e-05
27.960000,1.179273084e-05
27.965000,5.927540185e-05
27.970000,1.058871938e-04
27.975000,1.491586714e-04
27.980000,1.869649581e-04
27.985000,2.177221365e-04
27.990000,2.404751625e-04
27.995000,2.548722207e-04
28.000000,2.610477636e-04
28.005000,2.594566947e-04
28.010000,2.507100135e-04
28.015000,2.354560004e-04
28.020000,2.143329807e-04
28.025000,1.879953139e-04
28.030000,1.571904486e-04
28.035000,1.228481617e-04
28.040000,8.613789255e-05
28.045000,4.845785114e-05
28.050000,1.133855241e-05
28.055000,-2.373100027e-05
28.060000,-5.552059313e-05
28.065000,-8.326695495e-05
28.070000,-1.068143515e-04
28.075000,-1.266391927e-04
28.080000,-1.437349660e-04
28.085000,-1.593678775e-04
28.090000,-1.747483823e-04
28.095000,-1.906898177e-04
28.100000,-2.073349402e-04
28.105000,-2.240207573e-04
28.110000,-2.393233552e-04
28.115000,-2.512839814e-04
28.120000,-2.577751011e-04
28.125000,-2.569307687e-04
28.130000,-2.475478447e-04
28.135000,-2.293679656e-04
28.140000,-2.031745261e-04
28.145000,-1.706792422e-04
28.150000,-1.342202436e-04
28.155000,-9.633720341e-05
28.160000,-5.931823961e-05
28.165000,-2.482067163e-05
28.170000,6.349330308e-06
28.175000,3.425108656e-05
28.180000,5.962043790e-05
28.185000,8.352953022e-05
28.190000,1.069838343e-04
28.195000,1.305590171e-04
28.200000,1.541685539e-04
28.205000,1.770185009e-04
28.210000,1.977575904e-04
28.215000,2.147811418e-04
28.220000,2.266087357e-04
28.225000,2.322377144e-04
28.230000,2.313816045e-04
28.235000,2.245325250e-04
28.240000,2.128319623e-04
28.245000,1.977836247e-04
28.250000,1.808830792e-04
28.255000,1.632611331e-04
28.260000,1.454355752e-04
28.265000,1.272391291e-04
28.270000,1.079466753e-04
28.275000,8.657309252e-05
28.280000,6.226759797e-05
28.285000,3.470304154e-05
28.290000,4.356596415e-06
28.295000,-2.739737320e-05
28.300000,-5.841659564e-05
28.305000,-8.612226733e-05
28.310000,-1.079620657e-04
28.315000,-1.219004542e-04
28.320000,-1.268229955e-04
28.325000,-1.227597463e-04
28.330000,-1.108742013e-04
28.335000,-9.321882516e-05
28.340000,-7.231289142e-05
28.345000,-5.063992333e-05
28.350000,-3.018034631e-05
28.355000,-1.208543982e-05
28.360000,3.436448927e-06
28.365000,1.700258064e-05
28.370000,2.974472267e-05
28.375000,4.288788521e-05
28.380000,5.732745903e-05
28.385000,7.331100398e-05
28.390000,9.030240569e-05
28.395000,1.070590177e-04
28.400000,1.218988639e-04
28.405000,1.330883815e-04
28.410000,1.392527841e-04
28.415000,1.397073273e-04
28.420000,1.346287832e-04
28.425000,1.250265445e-04
28.430000,1.125218692e-04
28.435000,9.898990996e-05
28.440000,8.615136066e-05
28.445000,7.521127436e-05
28.450000,6.662952032e-05
28.455000,6.007381891e-05
28.460000,5.456071131e-05
28.465000,4.874362471e-05
28.470000,4.127209416e-05
28.475000,3.113113585e-05
28.480000,1.787843260e-05
28.485000,1.726718091e-06
28.490000,-1.653885404e-05
28.495000,-3.577523523e-05
28.500000,-5.476220955e-05
28.505000,-7.247014621e-05
28.510000,-8.824390567e-05
28.515000,-1.018587811e-04
28.520000,-1.134415000e-04
28.525000,-1.232866143e-04
28.530000,-1.316264994e-04
28.535000,-1.384250146e-04
28.540000,-1.432582405e-04
28.545000,-1.453226261e-04
28.550000,-1.435771756e-04
28.555000,-1.369902996e-04
28.560000,-1.248326793e-04
28.565000,-1.069426024e-04
28.570000,-8.389402738e-05
28.575000,-5.701961788e-05
28.580000,-2.827569317e-05
28.585000,2.569913202e-08
28.590000,2.556080998e-05
28.595000,4.634091334e-05
28.600000,6.099046922e-05
28.605000,6.890479848e-05
28.610000,7.026572780e-05
28.615000,6.592658517e-05
28.620000,5.720509461e-05
28.625000,4.563818755e-05
28.630000,3.275401124e-05
28.635000,1.990448059e-05
28.640000,8.180469984e-06
28.645000,-1.593065522e-06
28.650000,-8.806670707e-06
28.655000,-1.299855186e-05
28.660000,-1.380808947e-05
28.665000,-1.097763011e-05
28.670000,-4.408348350e-06
28.675000,5.747876222e-06
28.680000,1.899730192e-05
28.685000,3.445753267e-05
28.690000,5.089086581e-05
28.695000,6.683266140e-05
28.700000,8.080172838e-05
28.705000,9.155320291e-05
28.710000,9.831726036e-05
28.715000,1.009645299e-04
28.720000,1.000523932e-04
28.725000,9.673230966e-05
28.730000,9.253053872e-05
28.735000,8.904517196e-05
28.740000,8.762368347e-05
28.745000,8.909177184e-05
28.750000,9.359406099e-05
28.755000,1.005822103e-04
28.760000,1.089518634e-04
28.765000,1.172948556e-04
28.770000,1.242059356e-04
28.775000,1.285709213e-04
28.780000,1.297689801e-04
28.785000,1.277442319e-04
28.790000,1.229353737e-04
28.795000,1.160879337e-04
28.800000,1.080029175e-04
28.805000,9.929064310e-05
28.810000,9.019577517e-05
28.815000,8.053982512e-05
28.820000,6.979583296e-05
28.825000,5.727474920e-05
28.830000,4.237327424e-05
28.835000,2.481631362e-05
28.840000,4.828111244e-06
28.845000,-1.681567952e-05
28.850000,-3.887199618e-05
28.855000,-5.983227022e-05
28.860000,-7.819369447e-05
28.865000,-9.273369445e-05
28.870000,-1.027210724e-04
28.875000,-1.080140765e-04
28.880000,-1.090249967e-04
28.885000,-1.065650188e-04
28.890000,-1.016130897e-04
28.895000,-9.507079055e-05
28.900000,-8.756712765e-05
28.905000,-7.936242515e-05
28.910000,-7.037305772e-05
28.915000,-6.030575612e-05
28.920000,-4.886025261e-05
28.925000,-3.593998966e-05
28.930000,-2.180765408e-05
28.935000,-7.136476325e-06
28.940000,7.063881750e-06
28.945000,1.963359177e-05
28.950000,2.951593015e-05
28.955000,3.601173680e-05
28.960000,3.896566553e-05
28.965000,3.882976920e-05
28.970000,3.657988919e-05
28.975000,3.349763200e-05
28.980000,3.086575826e-05
28.985000,2.964845277e-05
28.990000,3.023401333e-05
28.995000,3.230435361e-05
29.000000,3.486660794e-05
29.005000,3.644425280e-05
29.010000,3.538777918e-05
29.015000,3.023704733e-05
29.020000,2.005558080e-05
29.025000,4.663808980e-06
29.030000,-1.527823011e-05
29.035000,-3.835379363e-05
29.040000,-6.261599978e-05
29.045000,-8.590531300e-05
29.050000,-1.061877571e-04
29.055000,-1.218433052e-04
29.060000,-1.318500782e-04
29.065000,-1.358380554e-04
29.070000,-1.340184630e-04
29.075000,-1.270234520e-04
29.080000,-1.157080634e-04
29.085000,-1.009689034e-04
29.090000,-8.362168878e-05
29.095000,-6.435713063e-05
29.100000,-4.376847670e-05
29.105000,-2.242208487e-05
29.110000,-9.308183280e-07
29.115000,2.000823547e-05
29.120000,3.963622969e-05
29.125000,5.721798593e-05
29.130000,7.217032207e-05
29.135000,8.419603522e-05
29.140000,9.337983091e-05
29.145000,1.002088055e-04
29.150000,1.054978150e-04
29.155000,1.102248146e-04
29.160000,1.153067068e-04
29.165000,1.213656221e-04
29.170000,1.285432862e-04
29.175000,1.364142501e-04
29.180000,1.440279595e-04
29.185000,1.500793860e-04
29.190000,1.531756615e-04
29.195000,1.521403665e-04
29.200000,1.462850919e-04
29.205000,1.355834222e-04
29.210000,1.207046328e-04
29.215000,1.028976560e-04
29.220000,8.375170367e-05
29.225000,6.488920948e-05
29.230000,4.766222747e-05
29.235000,3.292152732e-05
29.240000,2.090916692e-05
29.245000,1.129502047e-05
29.250000,3.342970903e-06
29.255000,-3.838463339e-06
29.260000,-1.102601460e-05
29.265000,-1.866067541e-05
29.270000,-2.673098321e-05
29.275000,-3.478830239e-05
29.280000,-4.208724240e-05
29.285000,-4.781151266e-05
29.290000,-5.132308289e-05
29.295000,-5.236649217e-05
29.300000,-5.117213757e-05
29.305000,-4.842911018e-05
29.310000,-4.513246056e-05
29.315000,-4.234263718e-05
29.320000,-4.091783120e-05
29.325000,-4.128740660e-05
29.330000,-4.332485567e-05
29.335000,-4.635439184e-05
29.340000,-4.929243793e-05
29.345000,-5.089192686e-05
29.350000,-5.003164011e-05
29.355000,-4.598111181e-05
29.360000,-3.857693522e-05
29.365000,-2.826748967e-05
29.370000,-1.601505134e-05
29.375000,-3.079081092e-06
29.380000,9.266479064e-06
29.385000,2.001305238e-05
29.390000,2.862649903e-05
29.395000,3.513502162e-05
29.400000,4.007517939e-05
29.405000,4.430974787e-05
29.410000,4.876206383e-05
29.415000,5.413151281e-05
29.420000,6.065934756e-05
29.425000,6.800220013e-05
29.430000,7.524544412e-05
29.435000,8.105604116e-05
29.440000,8.394235471e-05
29.445000,8.256412244e-05
29.450000,7.602485980e-05
29.455000,6.408367596e-05
29.460000,4.724233445e-05
29.465000,2.669159905e-05
29.470000,4.131628845e-06
29.475000,-1.849275969e-05
29.480000,-3.928554023e-05
29.485000,-5.666308578e-05
29.490000,-6.954041313e-05
29.495000,-7.741323410e-05
29.500000,-8.033376822e-05
29.505000,-7.880092902e-05
29.510000,-7.360081003e-05
29.515000,-6.563841714e-05
29.520000,-5.579624797e-05
29.525000,-4.484220631e-05
29.530000,-3.339280254e-05
29.535000,-2.192237916e-05
29.540000,-1.079903380e-05
29.545000,-3.249473428e-07
29.550000,9.237261363e-06
29.555000,1.766180416e-05
29.560000,2.477983741e-05
29.565000,3.051270628e-05
29.570000,3.490357197e-05
29.575000,3.813264409e-05
29.580000,4.050585861e-05
29.585000,4.241453948e-05
29.590000,4.427206374e-05
29.595000,4.644042130e-05
29.600000,4.916293025e-05
29.605000,5.251832722e-05
29.610000,5.640630598e-05
29.615000,6.056677780e-05
29.620000,6.462689380e-05
29.625000,6.816356225e-05
29.630000,7.076660841e-05
29.635000,7.208951520e-05
29.640000,7.188011739e-05
29.645000,6.999078673e-05
29.650000,6.637406137e-05
29.655000,6.107313726e-05
29.660000,5.421599438e-05
29.665000,4.601749672e-05
29.670000,3.678729337e-05
29.675000,2.693529566e-05
29.680000,1.696340178e-05
29.685000,7.433558890e-06
29.690000,-1.091732289e-06
29.695000,-8.131284953e-06
29.700000,-1.337485279e-05
29.705000,-1.675923435e-05
29.710000,-1.850820192e-05
29.715000,-1.911867791e-05
29.720000,-1.928644695e-05
29.725000,-1.977896335e-05
29.730000,-2.127698554e-05
29.735000,-2.421712238e-05
29.740000,-2.867095980e-05
29.745000,-3.429182201e-05
29.750000,-4.034788115e-05
29.755000,-4.584255785e-05
29.760000,-4.970361714e-05
29.765000,-5.100537345e-05
29.770000,-4.917806828e-05
29.775000,-4.415774386e-05
29.780000,-3.643984907e-05
29.785000,-2.701899162e-05
29.790000,-1.722186919e-05
29.795000,-8.464886707e-06
29.800000,-1.986245348e-06
29.805000,1.390509306e-06
29.810000,1.410595536e-06
29.815000,-1.572922703e-06
29.820000,-6.681882539e-06
29.825000,-1.269725882e-05
29.830000,-1.830277891e-05
29.835000,-2.233444947e-05
29.840000,-2.398383785e-05
29.845000,-2.291598817e-05
29.850000,-1.928397198e-05
29.855000,-1.364598245e-05
29.860000,-6.811955940e-06
29.865000,3.397416777e-07
29.870000,7.031760834e-06
29.875000,1.270685133e-05
29.880000,1.707575312e-05
29.885000,2.009290002e-05
29.890000,2.187780741e-05
29.895000,2.261310704e-05
29.900000,2.245426033e-05
29.905000,2.148016459e-05
29.910000,1.969989191e-05
29.915000,1.711252374e-05
29.920000,1.379945578e-05
29.925000,1.001651234e-05
29.930000,6.250235887e-06
29.935000,3.210031263e-06
29.940000,1.743974571e-06
29.945000,2.687116186e-06
29.950000,6.671526460e-06
29.955000,1.394150218e-05
29.960000,2.422102053e-05
29.965000,3.667211253e-05
29.970000,4.996396983e-05
29.975000,6.244778918e-05
29.980000,7.240773091e-05
29.985000,7.834003525e-05
29.990000,7.920479519e-05
29.995000,7.459990892e-05
30.000000,6.482307680e-05
30.005000,5.081149381e-05
30.010000,3.397461739e-05
30.015000,1.595720666e-05
30.020000,-1.617157968e-06
30.025000,-1.737047393e-05
30.030000,-3.032134006e-05
30.035000,-3.994058412e-05
30.040000,-4.611281772e-05
30.045000,-4.902681028e-05
30.050000,-4.903209952e-05
30.055000,-4.650342786e-05
30.060000,-4.174789357e-05
30.065000,-3.497444573e-05
30.070000,-2.632594960e-05
30.075000,-1.595577856e-05
30.080000,-4.118489506e-06
30.085000,8.759345737e-06
30.090000,2.205599415e-05
30.095000,3.499309618e-05
30.100000,4.673205538e-05
30.105000,5.650743750e-05
30.110000,6.376487500e-05
30.115000,6.826783383e-05
30.120000,7.014391055e-05
30.125000,6.985554431e-05
30.130000,6.809854508e-05
30.135000,6.564994347e-05
30.140000,6.319975290e-05
30.145000,6.120594635e-05
30.150000,5.980698916e-05
30.155000,5.881269167e-05
30.160000,5.777513750e-05
30.165000,5.612161698e-05
30.170000,5.331583624e-05
30.175000,4.900631256e-05
30.180000,4.312396558e-05
30.185000,3.590394381e-05
30.190000,2.782645728e-05
30.195000,1.949265917e-05
30.200000,1.146875132e-05
30.205000,4.139899320e-06
30.210000,-2.386942549e-06
30.215000,-8.304784772e-06
30.220000,-1.404568589e-05
30.225000,-2.015085315e-05
30.230000,-2.710286088e-05
30.235000,-3.516086772e-05
30.240000,-4.423970118e-05
30.245000,-5.386400147e-05
30.250000,-6.321155215e-05
30.255000,-7.123937202e-05
30.260000,-7.686681235e-05
30.265000,-7.917632311e-05
30.270000,-7.758802262e-05
30.275000,-7.196994649e-05
30.280000,-6.266058698e-05
30.285000,-5.040051310e-05
30.290000,-3.619052981e-05
30.295000,-2.110993314e-05
30.300000,-6.136119612e-06
30.305000,7.995502157e-06
30.310000,2.086374658e-05
30.315000,3.235585079e-05
30.320000,4.259238197e-05
30.325000,5.180749200e-05
30.330000,6.021835195e-05
30.335000,6.791813857e-05
30.340000,7.481899452e-05
30.345000,8.065715497e-05
30.350000,8.505564231e-05
30.355000,8.762490014e-05
30.360000,8.807230182e-05
30.365000,8.628996474e-05
30.370000,8.239693715e-05
30.375000,7.672463065e-05
30.380000,6.974978014e-05
30.385000,6.199308362e-05
30.390000,5.391044330e-05
30.395000,4.580532120e-05
30.400000,3.778497776e-05
30.405000,2.977192822e-05
30.410000,2.156775179e-05
30.415000,1.295288042e-05
30.420000,3.796412334e-06
30.425000,-5.853309061e-06
30.430000,-1.572266304e-05
30.435000,-2.532607022e-05
30.440000,-3.403873012e-05
30.445000,-4.121345548e-05
30.450000,-4.631423220e-05
30.455000,-4.903377302e-05
30.460000,-4.936532695e-05
30.465000,-4.760974451e-05
30.470000,-4.431448957e-05
30.475000,-4.015777600e-05
30.480000,-3.580402597e-05
30.485000,-3.176326015e-05
30.490000,-2.828561114e-05
30.495000,-2.531370784e-05
30.500000,-2.250257008e-05
30.505000,-1.930201890e-05
30.510000,-1.508358088e-05
30.515000,-9.285008443e-06
30.520000,-1.542487921e-06
30.525000,8.216124133e-06
30.530000,1.973482943e-05
30.535000,3.245503443e-05
30.540000,4.559499914e-05
30.545000,5.826404063e-05
30.550000,6.958630536e-05
30.555000,7.880923007e-05
30.560000,8.537805352e-05
30.565000,8.896788228e-05
30.570000,8.947585085e-05
30.575000,8.698485202e-05
30.580000,8.171503482e-05
30.585000,7.397904445e-05
30.590000,6.415245906e-05
30.595000,5.266370764e-05
30.600000,4.000001788e-05
30.605000,2.671966517e-05
30.610000,1.345755263e-05
30.615000,9.118292346e-07
30.620000,-1.019614322e-05
30.625000,-1.918858155e-05
30.630000,-2.551620561e-05
30.635000,-2.884515748e-05
30.640000,-2.912580776e-05
30.645000,-2.662447681e-05
30.650000,-2.190554994e-05
30.655000,-1.576188406e-05
30.660000,-9.103190183e-06
30.665000,-2.822131838e-06
30.670000,2.336462388e-06
30.675000,5.878064980e-06
30.680000,7.613303606e-06
30.685000,7.656000989e-06
30.690000,6.367013574e-06
30.695000,4.257380831e-06
30.700000,1.872046349e-06
30.705000,-3.214251142e-07
30.710000,-2.016620500e-06
30.715000,-3.108548980e-06
30.720000,-3.684230970e-06
30.725000,-3.968518514e-06
30.730000,-4.240026432e-06
30.735000,-4.738567977e-06
30.740000,-5.586893436e-06
30.745000,-6.745376702e-06
30.750000,-8.009602429e-06
30.755000,-9.049867975e-06
30.760000,-9.481353803e-06
30.765000,-8.946805102e-06
30.770000,-7.191628532e-06
30.775000,-4.114500639e-06
30.780000,2.163062907e-07
30.785000,5.581741898e-06
30.790000,1.165835285e-05
30.795000,1.807861788e-05
30.800000,2.448930011e-05
30.805000,3.059356411e-05
30.810000,3.616783505e-05
30.815000,4.105187142e-05
30.820000,4.511841442e-05
30.825000,4.823496554e-05
30.830000,5.023291333e-05
30.835000,5.089743002e-05
30.840000,4.998560041e-05
30.845000,4.727172886e-05
30.850000,4.261013874e-05
30.855000,3.599955485e-05
30.860000,2.763114766e-05
30.865000,1.790508301e-05
30.870000,7.407212893e-06
30.875000,-3.153373217e-06
30.880000,-1.303601561e-05
30.885000,-2.157221732e-05
30.890000,-2.826064016e-05
30.895000,-3.283339774e-05
30.900000,-3.527905293e-05
30.905000,-3.581675224e-05
30.910000,-3.482680633e-05
30.915000,-3.275328985e-05
30.920000,-3.000126723e-05
30.925000,-2.685300440e-05
30.930000,-2.342320151e-05
30.935000,-1.966372093e-05
30.940000,-1.541584235e-05
30.945000,-1.049598996e-05
30.950000,-4.792324996e-06
30.955000,1.653210925e-06
30.960000,8.599235044e-06
30.965000,1.560852416e-05
30.970000,2.210174514e-05
30.975000,2.745007597e-05
30.980000,3.108613565e-05
30.985000,3.260819690e-05
30.990000,3.185408452e-05
30.995000,2.892811431e-05
31.000000,2.417530347e-05
31.005000,1.810936561e-05
31.010000,1.131178837e-05
31.015000,4.325952907e-06
31.020000,-2.428901127e-06
31.025000,-8.704321967e-06
31.030000,-1.442047923e-05
31.035000,-1.961823460e-05
31.040000,-2.438020668e-05
31.045000,-2.874359112e-05
31.050000,-3.262980138e-05
31.055000,-3.581201112e-05
31.060000,-3.793233438e-05
31.065000,-3.856785060e-05
31.070000,-3.733188985e-05
31.075000,-3.398697007e-05
31.080000,-2.854103364e-05
31.085000,-2.130059755e-05
31.090000,-1.286306226e-05
31.095000,-4.044054240e-06
31.100000,4.248762598e-06
31.105000,1.117031205e-05
31.110000,1.608794997e-05
31.115000,1.869310825e-05
31.120000,1.904938651e-05
31.125000,1.756617721e-05
31.130000,1.490406404e-05
31.135000,1.183374238e-05
31.140000,9.080255472e-06
31.145000,7.186658857e-06
31.150000,6.425591606e-06
31.155000,6.775329846e-06
31.160000,7.961728836e-06
31.165000,9.552558754e-06
31.170000,1.107940245e-05
31.175000,1.215694360e-05
31.180000,1.257125411e-05
31.185000,1.231715494e-05
31.190000,1.157789331e-05
31.195000,1.065506908e-05
31.200000,9.869278709e-06
31.205000,9.459093216e-06
31.210000,9.505873883e-06
31.215000,9.904608564e-06
31.220000,1.038841407e-05
31.225000,1.059995406e-05
31.230000,1.019054108e-05
31.235000,8.920303438e-06
31.240000,6.732308043e-06
31.245000,3.780006507e-06
31.250000,3.992034176e-07
31.255000,-2.969945860e-06
31.260000,-5.892118751e-06
31.265000,-8.049501515e-06
31.270000,-9.328170460e-06
31.275000,-9.853927013e-06
31.280000,-9.965420573e-06
31.285000,-1.012816771e-05
31.290000,-1.080856390e-05
31.295000,-1.233812805e-05
31.300000,-1.480200260e-05
31.305000,-1.798102559e-05
31.310000,-2.136457141e-05
31.315000,-2.423478959e-05
31.320000,-2.580590261e-05
31.325000,-2.538892940e-05
31.330000,-2.254569763e-05
31.335000,-1.719776840e-05
31.340000,-9.665471674e-06
31.345000,-6.274387321e-07
31.350000,8.991617696e-06
31.355000,1.818148442e-05
31.360000,2.602158849e-05
31.365000,3.183405074e-05
31.370000,3.528335058e-05
31.375000,3.640359707e-05
31.380000,3.555080509e-05
31.385000,3.329429050e-05
31.390000,3.027445168e-05
31.395000,2.706077178e-05
31.400000,2.404239770e-05
31.405000,2.137460231e-05
31.410000,1.899010727e-05
31.415000,1.666819412e-05
31.420000,1.414069878e-05
31.425000,1.120571026e-05
31.430000,7.818976700e-06
31.435000,4.139662334e-06
31.440000,5.193275783e-07
31.445000,-2.562397453e-06
31.450000,-4.598720882e-06
31.455000,-5.167789322e-06
31.460000,-4.028496871e-06
31.465000,-1.177257750e-06
31.470000,3.146874057e-06
31.475000,8.508549015e-06
31.480000,1.436150713e-05
31.485000,2.015187748e-05
31.490000,2.541504743e-05
31.495000,2.984454760e-05
31.500000,3.331923876e-05
31.505000,3.588584182e-05
31.510000,3.770478760e-05
31.515000,3.897582811e-05
31.520000,3.986390083e-05
31.525000,4.044456288e-05
31.530000,4.068238754e-05
31.535000,4.044664457e-05
31.540000,3.955869938e-05
31.545000,3.785734606e-05
31.550000,3.526376468e-05
31.555000,3.182804197e-05
31.560000,2.774407671e-05
31.565000,2.332789399e-05
31.570000,1.896378016e-05
31.575000,1.503082081e-05
31.580000,1.182733696e-05
31.585000,9.511199269e-06
31.590000,8.070032805e-06
31.595000,7.327998178e-06
31.600000,6.987051744e-06
31.605000,6.692560372e-06
31.610000,6.107837137e-06
31.615000,4.980794638e-06
31.620000,3.188669416e-06
31.625000,7.527797265e-07
31.630000,-2.177141453e-06
31.635000,-5.362362168e-06
31.640000,-8.526746571e-06
31.645000,-1.140740195e-05
31.650000,-1.379316073e-05
31.655000,-1.554425726e-05
31.660000,-1.659235182e-05
31.665000,-1.692540880e-05
31.670000,-1.656544791e-05
31.675000,-1.554805376e-05
31.680000,-1.391070639e-05
31.685000,-1.169316863e-05
31.690000,-8.948535031e-06
31.695000,-5.759505966e-06
31.700000,-2.252210895e-06
31.705000,1.399835468e-06
31.710000,4.986326118e-06
31.715000,8.285538377e-06
31.720000,1.109986063e-05
31.725000,1.329300235e-05
31.730000,1.481881241e-05
31.735000,1.573282338e-05
31.740000,1.618143077e-05
31.745000,1.636908568e-05
31.750000,1.650964157e-05
31.755000,1.677255859e-05
31.760000,1.723679977e-05
31.765000,1.786428026e-05
31.770000,1.850071329e-05
31.775000,1.890545152e-05
31.780000,1.880487742e-05
31.785000,1.795778405e-05
31.790000,1.621762827e-05
31.795000,1.357660001e-05
31.800000,1.018031056e-05
31.805000,6.308728697e-06
31.810000,2.327119765e-06
31.815000,-1.381911733e-06
31.820000,-4.489528748e-06
31.825000,-6.778444680e-06
31.830000,-8.174283731e-06
31.835000,-8.743989211e-06
31.840000,-8.662796293e-06
31.845000,-8.158760834e-06
31.850000,-7.448919381e-06
31.855000,-6.682709491e-06
31.860000,-5.906087542e-06
31.865000,-5.054526148e-06
31.870000,-3.976095937e-06
31.875000,-2.478772612e-06
31.880000,-3.905174612e-07
31.885000,2.382266214e-06
31.890000,5.811998808e-06
31.895000,9.733536575e-06
31.900000,1.385883785e-05
31.905000,1.782031065e-05
31.910000,2.123382277e-05
31.915000,2.376771807e-05
31.920000,2.520271289e-05
31.925000,2.546965021e-05
31.930000,2.465726290e-05
31.935000,2.298904033e-05
31.940000,2.077525708e-05
31.945000,1.835150902e-05
31.950000,1.601751237e-05
31.955000,1.398904223e-05
31.960000,1.237212801e-05
31.965000,1.116304247e-05
31.970000,1.027162224e-05
31.975000,9.560446429e-06
31.980000,8.889473614e-06
31.985000,8.155449346e-06
31.990000,7.317635712e-06
31.995000,6.405442173e-06
32.000000,5.508193099e-06
32.005000,4.751316458e-06
32.010000,4.265740788e-06
32.015000,4.157861245e-06
32.020000,4.486293187e-06
32.025000,5.249395209e-06
32.030000,6.384937831e-06
32.035000,7.780885864e-06
32.040000,9.294363589e-06
32.045000,1.077461306e-05
32.050000,1.208522705e-05
32.055000,1.312125635e-05
32.060000,1.381802995e-05
32.065000,1.415055607e-05
32.070000,1.412475756e-05
32.075000,1.376385811e-05
32.080000,1.309430990e-05
32.085000,1.213538362e-05
32.090000,1.089507305e-05
32.095000,9.372880189e-06
32.100000,7.568086831e-06
32.105000,5.490856211e-06
32.110000,3.173132471e-06
32.115000,6.766472344e-07
32.120000,-1.903929609e-06
32.125000,-4.443806079e-06
32.130000,-6.797075106e-06
32.135000,-8.811187882e-06
32.140000,-1.034517101e-05
32.145000,-1.128897051e-05
32.150000,-1.158078044e-05
32.155000,-1.121928908e-05
32.160000,-1.026849386e-05
32.165000,-8.853908049e-06
32.170000,-7.150284280e-06
32.175000,-5.362130109e-06
32.180000,-3.699177705e-06
32.185000,-2.349641425e-06
32.190000,-1.454634852e-06
32.195000,-1.087482261e-06
32.200000,-1.241633698e-06
32.205000,-1.830183835e-06
32.210000,-2.698425925e-06
32.215000,-3.648560280e-06
32.220000,-4.473076914e-06
32.225000,-4.991116080e-06
32.230000,-5.080936441e-06
32.235000,-4.701903321e-06
32.240000,-3.901186318e-06
32.245000,-2.803284862e-06
32.250000,-1.583964814e-06
32.255000,-4.334512424e-07
32.260000,4.839165905e-07
32.265000,1.065423311e-06
32.270000,1.293683444e-06
32.275000,1.243159323e-06
32.280000,1.067708389e-06
32.285000,9.711640919e-07
32.290000,1.166374882e-06
32.295000,1.830490559e-06
32.300000,3.065140689e-06
32.305000,4.869349409e-06
32.310000,7.130734471e-06
32.315000,9.637164925e-06
32.320000,1.210721360e-05
32.325000,1.423416207e-05
32.330000,1.573572156e-05
32.335000,1.640059275e-05
32.340000,1.612374845e-05
32.345000,1.492469638e-05
32.350000,1.294635492e-05
32.355000,1.043569889e-05
32.360000,7.710186680e-06
32.365000,5.115653484e-06
32.370000,2.981774520e-06
32.375000,1.580665089e-06
32.380000,1.093145364e-06
32.385000,1.586025432e-06
32.390000,3.002607502e-06
32.395000,5.167409987e-06
32.400000,7.804794788e-06
32.405000,1.056972699e-05
32.410000,1.308747214e-05
32.415000,1.499788606e-05
32.420000,1.599928205e-05
32.425000,1.588675071e-05
32.430000,1.458021733e-05
32.435000,1.213838236e-05
32.440000,8.755987819e-06
32.445000,4.743628866e-06
32.450000,4.915785763e-07
32.455000,-3.578381408e-06
32.460000,-7.066784854e-06
32.465000,-9.648076299e-06
32.470000,-1.111192637e-05
32.475000,-1.138768588e-05
32.480000,-1.054830454e-05
32.485000,-8.793751363e-06
32.490000,-6.417629052e-06
32.495000,-3.763463663e-06
32.500000,-1.178528899e-06
32.505000,1.027154004e-06
32.510000,2.610671480e-06
32.515000,3.411696403e-06
32.520000,3.353607290e-06
32.525000,2.433355807e-06
32.530000,7.054172331e-07
32.535000,-1.734087583e-06
32.540000,-4.758041411e-06
32.545000,-8.211340443e-06
32.550000,-1.190740490e-05
32.555000,-1.562267602e-05
32.560000,-1.909555626e-05
32.565000,-2.203603200e-05
32.570000,-2.414967115e-05
32.575000,-2.517543265e-05
32.580000,-2.493195336e-05
32.585000,-2.336308242e-05
32.590000,-2.057157504e-05
32.595000,-1.683066177e-05
32.600000,-1.256662955e-05
32.605000,-8.310936290e-06
32.610000,-4.626650518e-06
32.615000,-2.019886923e-06
32.620000,-8.511554908e-07
32.625000,-1.263159389e-06
32.630000,-3.140004693e-06
32.635000,-6.108048287e-06
32.640000,-9.581392626e-06
32.645000,-1.284662629e-05
32.650000,-1.517349274e-05
32.655000,-1.593248304e-05
32.660000,-1.469826693e-05
32.665000,-1.132004346e-05
32.670000,-5.946004445e-06
32.675000,1.002073110e-06
32.680000,8.898451459e-06
32.685000,1.701327651e-05
32.690000,2.462339862e-05
32.695000,3.111383072e-05
32.700000,3.605262592e-05
32.705000,3.922839659e-05
32.710000,4.064785696e-05
32.715000,4.049877831e-05
32.720000,3.908989970e-05
32.725000,3.678248303e-05
32.730000,3.392792774e-05
32.735000,3.082252905e-05
32.740000,2.768506686e-05
32.745000,2.465682408e-05
32.750000,2.181830221e-05
32.755000,1.921353298e-05
32.760000,1.687218106e-05
32.765000,1.482163115e-05
32.770000,1.308532168e-05
32.775000,1.166857370e-05
32.780000,1.053768990e-05
32.785000,9.600915290e-06
32.790000,8.700163794e-06
32.795000,7.620095023e-06
32.800000,6.116737499e-06
32.805000,3.962511741e-06
32.810000,9.995826769e-07
32.815000,-2.809747093e-06
32.820000,-7.347525235e-06
32.825000,-1.232923887e-05
32.830000,-1.732262655e-05
32.835000,-2.179536075e-05
32.840000,-2.518475212e-05
32.845000,-2.697795898e-05
32.850000,-2.678887366e-05
32.855000,-2.441836919e-05
32.860000,-1.988774508e-05
32.865000,-1.344025871e-05
32.870000,-5.511444945e-06
32.875000,3.325704559e-06
32.880000,1.243075081e-05
32.885000,2.116931245e-05
32.890000,2.897892065e-05
32.895000,3.541857767e-05
32.900000,4.019711164e-05
32.905000,4.317951028e-05
32.910000,4.437400901e-05
32.915000,4.390518595e-05
32.920000,4.197939911e-05
32.925000,3.884866074e-05
32.930000,3.477782262e-05
32.935000,3.001822356e-05
32.940000,2.478920578e-05
32.945000,1.926750634e-05
32.950000,1.358366440e-05
32.955000,7.824259199e-06
32.960000,2.038852583e-06
32.965000,-3.749293605e-06
32.970000,-9.529571438e-06
32.975000,-1.528849071e-05
32.980000,-2.099376306e-05
32.985000,-2.658010067e-05
32.990000,-3.193923440e-05
32.995000,-3.691660325e-05
33.000000,-4.131647695e-05
33.005000,-4.491597830e-05
33.010000,-4.748681218e-05
33.015000,-4.882186898e-05
33.020000,-4.876265794e-05
33.025000,-4.722305604e-05
33.030000,-4.420527367e-05
33.035000,-3.980518727e-05
33.040000,-3.420603819e-05
33.045000,-2.766158326e-05
33.050000,-2.047167096e-05
33.055000,-1.295448953e-05
33.060000,-5.420079148e-06
33.065000,1.850987072e-06
33.070000,8.621415671e-06
33.075000,1.470320216e-05
33.080000,1.995749311e-05
33.085000,2.429125952e-05
33.090000,2.765400606e-05
33.095000,3.003688707e-05
33.100000,3.147489264e-05
33.105000,3.205074525e-05
33.110000,3.189747838e-05
33.115000,3.119594379e-05
33.120000,3.016404825e-05
33.125000,2.903631345e-05
33.130000,2.803495977e-05
33.135000,2.733643676e-05
33.140000,2.703938856e-05
33.145000,2.714083451e-05
33.150000,2.752658383e-05
33.155000,2.797971200e-05
33.160000,2.820776888e-05
33.165000,2.788591171e-05
33.170000,2.671002007e-05
33.175000,2.445160098e-05
33.180000,2.100531982e-05
33.185000,1.642052219e-05
33.190000,1.091019825e-05
33.195000,4.834316632e-06
33.200000,-1.341141659e-06
33.205000,-7.103559765e-06
33.210000,-1.196184625e-05
33.215000,-1.551178956e-05
33.220000,-1.748741896e-05
33.225000,-1.778997394e-05
33.230000,-1.649061719e-05
33.235000,-1.380819290e-05
33.240000,-1.006789382e-05
33.245000,-5.649670202e-06
33.250000,-9.361153126e-07
33.255000,3.731525215e-06
33.260000,8.083142741e-06
33.265000,1.193262825e-05
33.270000,1.517452104e-05
33.275000,1.776810564e-05
33.280000,1.971464761e-05
33.285000,2.103427158e-05
33.290000,2.174843636e-05
33.295000,2.187211480e-05
33.300000,2.141697145e-05
33.305000,2.040365368e-05
33.310000,1.887855378e-05
33.315000,1.692882161e-05
33.320000,1.468951326e-05
33.325000,1.233861251e-05
33.330000,1.007882476e-05
33.335000,8.108695513e-06
33.340000,6.588775839e-06
33.345000,5.610399969e-06
33.350000,5.174670882e-06
33.355000,5.187446376e-06
33.360000,5.472896596e-06
33.365000,5.804278858e-06
33.370000,5.946781728e-06
33.375000,5.704413078e-06
33.380000,4.961551849e-06
33.385000,3.710286657e-06
33.390000,2.057032675e-06
33.395000,2.057986650e-07
33.400000,-1.579823192e-06
33.405000,-3.029286635e-06
33.410000,-3.922212233e-06
33.415000,-4.138352473e-06
33.420000,-3.689631019e-06
33.425000,-2.726687208e-06
33.430000,-1.517287213e-06
33.435000,-3.996379266e-07
33.440000,2.810983168e-07
33.445000,2.410296901e-07
33.450000,-6.830049084e-07
33.455000,-2.495004090e-06
33.460000,-5.030866742e-06
33.465000,-7.981731293e-06
33.470000,-1.094590710e-05
33.475000,-1.349981298e-05
33.480000,-1.527430379e-05
33.485000,-1.602153030e-05
33.490000,-1.565935157e-05
33.495000,-1.428489582e-05
33.500000,-1.215512637e-05
33.505000,-9.638845037e-06
33.510000,-7.150076990e-06
33.515000,-5.076134660e-06
33.520000,-3.714245029e-06
33.525000,-3.228398269e-06
33.530000,-3.633534555e-06
33.535000,-4.808284172e-06
33.540000,-6.531465156e-06
33.545000,-8.532739792e-06
33.550000,-1.054532819e-05
33.555000,-1.234905183e-05
33.560000,-1.379510696e-05
33.565000,-1.480901860e-05
33.570000,-1.537388575e-05
33.575000,-1.550086508e-05
33.580000,-1.519670079e-05
33.585000,-1.443839825e-05
33.590000,-1.316291980e-05
33.595000,-1.127567794e-05
33.600000,-8.676610455e-06
33.605000,-5.297876535e-06
33.610000,-1.143782396e-06
33.615000,3.677755208e-06
33.620000,8.941664839e-06
33.625000,1.431592479e-05
33.630000,1.939604955e-05
33.635000,2.375863702e-05
33.640000,2.702396416e-05
33.645000,2.891504718e-05
33.650000,2.930094879e-05
33.655000,2.821537353e-05
33.660000,2.584693893e-05
33.665000,2.250361819e-05
33.670000,1.855924751e-05
33.675000,1.439344449e-05
33.680000,1.033708818e-05
33.685000,6.633607307e-06
33.690000,3.422264915e-06
33.695000,7.444152045e-07
33.700000,-1.431442785e-06
33.705000,-3.173919439e-06
33.710000,-4.552248555e-06
33.715000,-5.608410954e-06
33.720000,-6.344379844e-06
33.725000,-6.726673537e-06
33.730000,-6.705686885e-06
33.735000,-6.243353459e-06
33.740000,-5.340533014e-06
33.745000,-4.055634928e-06
33.750000,-2.508312449e-06
33.755000,-8.659786339e-07
33.760000,6.846011003e-07
33.765000,1.974428272e-06
33.770000,2.889464585e-06
33.775000,3.398953869e-06
33.780000,3.567793944e-06
33.785000,3.549439211e-06
33.790000,3.560184623e-06
33.795000,3.839808828e-06
33.800000,4.606480493e-06
33.805000,6.014921271e-06
33.810000,8.125892919e-06
33.815000,1.089243109e-05
33.820000,1.416456216e-05
33.825000,1.771039835e-05
33.830000,2.124839191e-05
33.835000,2.448381553e-05
33.840000,2.714252976e-05
33.845000,2.899667603e-05
33.850000,2.987957263e-05
33.855000,2.969002286e-05
33.860000,2.838866561e-05
33.865000,2.599030132e-05
33.870000,2.255606661e-05
33.875000,1.818807692e-05
33.880000,1.302721834e-05
33.885000,7.252818203e-06
33.890000,1.081583263e-06
33.895000,-5.237137806e-06
33.900000,-1.143195592e-05
33.905000,-1.722649202e-05
33.910000,-2.236147471e-05
33.915000,-2.661867420e-05
33.920000,-2.984234000e-05
33.925000,-3.195371690e-05
33.930000,-3.295523995e-05
33.935000,-3.292296848e-05
33.940000,-3.198828306e-05
33.945000,-3.031225294e-05
33.950000,-2.805778395e-05
33.955000,-2.536521309e-05
33.960000,-2.233623469e-05
33.965000,-1.902908015e-05
33.970000,-1.546520630e-05
33.975000,-1.164506026e-05
33.980000,-7.568471059e-06
33.985000,-3.254373286e-06
33.990000,1.244941917e-06
33.995000,5.838232911e-06
34.000000,1.039930197e-05
34.005000,1.477924061e-05
34.010000,1.882385851e-05
34.015000,2.239238668e-05
34.020000,2.537367789e-05
34.025000,2.769708188e-05
34.030000,2.933663588e-05
34.035000,3.030879539e-05
34.040000,3.066525986e-05
34.045000,3.048322077e-05
34.050000,2.985541356e-05
34.055000,2.888170949e-05
34.060000,2.766286648e-05
34.065000,2.629585830e-05
34.070000,2.486937051e-05
34.075000,2.345794015e-05
34.080000,2.211393883e-05
34.085000,2.085795133e-05
34.090000,1.966961732e-05
34.095000,1.848209664e-05
34.100000,1.718350064e-05
34.105000,1.562768552e-05
34.110000,1.365487039e-05
34.115000,1.112008338e-05
34.120000,7.925098991e-06
34.125000,4.047950475e-06
34.130000,-4.362490248e-07
34.135000,-5.348388349e-06
34.140000,-1.041525270e-05
34.145000,-1.529604259e-05
34.150000,-1.962208439e-05
34.155000,-2.304360572e-05
34.160000,-2.527589845e-05
34.165000,-2.613713767e-05
34.170000,-2.557159626e-05
34.175000,-2.365468999e-05
34.180000,-2.057964557e-05
34.185000,-1.662889959e-05
34.190000,-1.213592335e-05
34.195000,-7.444501311e-06
34.200000,-2.872323460e-06
34.205000,1.315821788e-06
34.210000,4.922529419e-06
34.215000,7.820107451e-06
34.220000,9.943441131e-06
34.225000,1.127760972e-05
34.230000,1.184471533e-05
34.235000,1.169340236e-05
34.240000,1.089275130e-05
34.245000,9.530233886e-06
34.250000,7.711832248e-06
34.255000,5.561690850e-06
34.260000,3.218934029e-06
34.265000,8.303901388e-07
34.270000,-1.460467897e-06
34.275000,-3.526519686e-06
34.280000,-5.269054628e-06
34.285000,-6.625819186e-06
34.290000,-7.572742124e-06
34.295000,-8.118580906e-06
34.300000,-8.293683850e-06
34.305000,-8.135850022e-06
34.310000,-7.677326048e-06
34.315000,-6.936912677e-06
34.320000,-5.919888336e-06
34.325000,-4.626283463e-06
34.330000,-3.065544266e-06
34.335000,-1.273513304e-06
34.340000,6.734609797e-07
34.345000,2.652250829e-06
34.350000,4.497928146e-06
34.355000,6.020882454e-06
34.360000,7.034031217e-06
34.365000,7.385409578e-06
34.370000,6.989650659e-06
34.375000,5.851435805e-06
34.380000,4.075095071e-06
34.385000,1.857035348e-06
34.390000,-5.388987861e-07
34.395000,-2.819393428e-06
34.400000,-4.706221392e-06
34.405000,-5.979011832e-06
34.410000,-6.508040453e-06
34.415000,-6.270849436e-06
34.420000,-5.349879751e-06
34.425000,-3.912249086e-06
34.430000,-2.176406190e-06
34.435000,-3.728179365e-07
34.440000,1.293403802e-06
34.445000,2.671027610e-06
34.450000,3.677879527e-06
34.455000,4.301341292e-06
34.460000,4.586006607e-06
34.465000,4.612797121e-06
34.470000,4.475124385e-06
34.475000,4.257614753e-06
34.480000,4.021630130e-06
34.485000,3.799711362e-06
34.490000,3.598687337e-06
34.495000,3.409102992e-06
34.500000,3.217299070e-06
34.505000,3.016200845e-06
34.510000,2.811653022e-06
34.515000,2.622713724e-06
34.520000,2.476225472e-06
34.525000,2.397668908e-06
34.530000,2.401308077e-06
34.535000,2.482705532e-06
34.540000,2.615862826e-06
34.545000,2.755832332e-06
34.550000,2.846104436e-06
34.555000,2.828847751e-06
34.560000,2.655472606e-06
34.565000,2.295089078e-06
34.570000,1.739127148e-06
34.575000,1.001433081e-06
34.580000,1.142653819e-07
34.585000,-8.784726185e-07
34.590000,-1.928895605e-06
34.595000,-2.991776849e-06
34.600000,-4.028678682e-06
34.605000,-5.008886727e-06
34.610000,-5.907427365e-06
34.615000,-6.701307100e-06
34.620000,-7.365604744e-06
34.625000,-7.871012480e-06
34.630000,-8.183869564e-06
34.635000,-8.268854029e-06
34.640000,-8.093603148e-06
34.645000,-7.633935044e-06
34.650000,-6.878234423e-06
34.655000,-5.829945892e-06
34.660000,-4.507805108e-06
34.665000,-2.944147596e-06
34.670000,-1.182101953e-06
34.675000,7.274459713e-07
34.680000,2.728518584e-06
34.685000,4.762236127e-06
34.690000,6.768898457e-06
34.695000,8.690576509e-06
34.700000,1.047474178e-05
34.705000,1.207904109e-05
34.710000,1.347669053e-05
34.715000,1.466131353e-05
34.720000,1.564961090e-05
34.725000,1.648022373e-05
34.730000,1.720765332e-05
34.735000,1.789112339e-05
34.740000,1.857963833e-05
34.745000,1.929589058e-05
34.750000,2.002269178e-05
34.755000,2.069585872e-05
34.760000,2.120673106e-05
34.765000,2.141574084e-05
34.770000,2.117599609e-05
34.775000,2.036323582e-05
34.780000,1.890643122e-05
34.785000,1.681235997e-05
34.790000,1.417803630e-05
34.795000,1.118695186e-05
34.800000,8.088295160e-06
34.805000,5.161984712e-06
34.810000,2.675630265e-06
34.815000,8.416301831e-07
34.820000,-2.170333311e-07
34.825000,-4.852934067e-07
34.830000,-5.496366355e-08
34.835000,8.955382190e-07
34.840000,2.136291019e-06
34.845000,3.428217053e-06
34.850000,4.563663965e-06
34.855000,5.396856041e-06
34.860000,5.858429518e-06
34.865000,5.952157967e-06
34.870000,5.736234336e-06
34.875000,5.295072551e-06
34.880000,4.709652954e-06
34.885000,4.034464414e-06
34.890000,3.287087397e-06
34.895000,2.452910512e-06
34.900000,1.503259938e-06
34.905000,4.214113856e-07
34.910000,-7.714592059e-07
34.915000,-1.998676827e-06
34.920000,-3.125227395e-06
34.925000,-3.972378408e-06
34.930000,-4.347837491e-06
34.935000,-4.085163300e-06
34.940000,-3.083202783e-06
34.945000,-1.335643027e-06
34.950000,1.057392087e-06
34.955000,3.899775913e-06
34.960000,6.930716644e-06
34.965000,9.870741879e-06
34.970000,1.247231248e-05
34.975000,1.456363273e-05
34.980000,1.607555896e-05
34.985000,1.704531724e-05
34.990000,1.759612665e-05
34.995000,1.789749866e-05
35.000000,1.811557862e-05
35.005000,1.836530899e-05
35.010000,1.867584531e-05
35.015000,1.897761923e-05
35.020000,1.911441954e-05
35.025000,1.887801176e-05
35.030000,1.805749158e-05
35.035000,1.649201235e-05
35.040000,1.411459623e-05
35.045000,1.097669612e-05
35.050000,7.247606614e-06
35.055000,3.188705464e-06
35.060000,-8.915689170e-07
35.065000,-4.691592345e-06
35.070000,-7.966915924e-06
35.075000,-1.056583608e-05
35.080000,-1.244273746e-05
35.085000,-1.364736128e-05
35.090000,-1.429404685e-05
35.095000,-1.451971129e-05
35.100000,-1.444173424e-05
35.105000,-1.412648545e-05
35.110000,-1.357617252e-05
35.115000,-1.273681850e-05
35.120000,-1.152472575e-05
35.125000,-9.864064226e-06
35.130000,-7.725364097e-06
35.135000,-5.154373502e-06
35.140000,-2.283047009e-06
35.145000,6.811854054e-07
35.150000,3.486315419e-06
35.155000,5.880177585e-06
35.160000,7.658258556e-06
35.165000,8.703748330e-06
35.170000,9.010421227e-06
35.175000,8.682967292e-06
35.180000,7.914700860e-06
35.185000,6.947823739e-06
35.190000,6.025336085e-06
35.195000,5.345358554e-06
35.200000,5.027722232e-06
35.205000,5.099496364e-06
35.210000,5.501487723e-06
35.215000,6.112805258e-06
35.220000,6.786522906e-06
35.225000,7.387234826e-06
35.230000,7.821362019e-06
35.235000,8.053347140e-06
35.240000,8.104733091e-06
35.245000,8.037553194e-06
35.250000,7.927347568e-06
35.255000,7.833519317e-06
35.260000,7.775123106e-06
35.265000,7.718531461e-06
35.270000,7.580244224e-06
35.275000,7.244237801e-06
35.280000,6.589661743e-06
35.285000,5.522236222e-06
35.290000,4.001929557e-06
35.295000,2.060518102e-06
35.300000,-1.948704813e-07
35.305000,-2.592826304e-06
35.310000,-4.920670095e-06
35.315000,-6.954311309e-06
35.320000,-8.488797442e-06
35.325000,-9.363869856e-06
35.330000,-9.480576742e-06
35.335000,-8.807426351e-06
35.340000,-7.376997414e-06
35.345000,-5.275739829e-06
35.350000,-2.630515648e-06
35.355000,4.048223465e-07
35.360000,3.660617892e-06
35.365000,6.959694086e-06
35.370000,1.012351719e-05
35.375000,1.297797012e-05
35.380000,1.536061536e-05
35.385000,1.713063640e-05
35.390000,1.818131476e-05
35.395000,1.845333590e-05
35.400000,1.794593973e-05
35.405000,1.672242068e-05
35.410000,1.490702932e-05
35.415000,1.267192075e-05
35.420000,1.021509369e-05
35.425000,7.732672924e-06
35.430000,5.390719566e-06
35.435000,3.302429393e-06
35.440000,1.515808369e-06
35.445000,1.479217821e-08
35.450000,-1.266223740e-06
35.455000,-2.417621076e-06
35.460000,-3.525225084e-06
35.465000,-4.643233912e-06
35.470000,-5.775770987e-06
35.475000,-6.871393262e-06
35.480000,-7.831797020e-06
35.485000,-8.532571606e-06
35.490000,-8.850997448e-06
35.495000,-8.694263043e-06
35.500000,-8.021465966e-06
35.505000,-6.854342993e-06
35.510000,-5.274437158e-06
35.515000,-3.407671859e-06
35.520000,-1.400273294e-06
35.525000,6.080495173e-07
35.530000,2.507261074e-06
35.535000,4.231173622e-06
35.540000,5.759718902e-06
35.545000,7.109502988e-06
35.550000,8.315853968e-06
35.555000,9.411736300e-06
35.560000,1.040964665e-05
35.565000,1.129172936e-05
35.570000,1.201108456e-05
35.575000,1.250417864e-05
35.580000,1.271119834e-05
35.585000,1.259890349e-05
35.590000,1.217961136e-05
35.595000,1.152063267e-05
35.600000,1.074062690e-05
35.605000,9.992458495e-06
35.610000,9.435483480e-06
35.615000,9.202976525e-06
35.620000,9.371929219e-06
35.625000,9.942298191e-06
35.630000,1.083093487e-05
35.635000,1.188228130e-05
35.640000,1.289419768e-05
35.645000,1.365388423e-05
35.650000,1.397659004e-05
35.655000,1.373919887e-05
35.660000,1.290196310e-05
35.665000,1.151430268e-05
35.670000,9.704041198e-06
35.675000,7.652905374e-06
35.680000,5.563802974e-06
35.685000,3.626772375e-06
35.690000,1.990340800e-06
35.695000,7.434585827e-07
35.700000,-8.939054303e-08
35.705000,-5.402617926e-07
35.710000,-6.800510230e-07
35.715000,-5.959148848e-07
35.720000,-3.693297141e-07
35.725000,-5.965158238e-08
35.730000,3.036839890e-07
35.735000,7.195092375e-07
35.740000,1.205344087e-06
35.745000,1.783208632e-06
35.750000,2.465004689e-06
35.755000,3.241426672e-06
35.760000,4.077209952e-06
35.765000,4.913789269e-06
35.770000,5.678579287e-06
35.775000,6.298545150e-06
35.780000,6.714823555e-06
35.785000,6.895027163e-06
35.790000,6.840476388e-06
35.795000,6.586764036e-06
35.800000,6.197492478e-06
35.805000,5.752426848e-06
35.810000,5.332408775e-06
35.815000,5.003975554e-06
35.820000,4.806636148e-06
35.825000,4.745192774e-06
35.830000,4.788500867e-06
35.835000,4.874847784e-06
35.840000,4.922949211e-06
35.845000,4.846632566e-06
35.850000,4.570743681e-06
35.855000,4.045722569e-06
35.860000,3.258601076e-06
35.865000,2.238775597e-06
35.870000,1.057679663e-06
35.875000,-1.776859785e-07
35.880000,-1.336600710e-06
35.885000,-2.280371542e-06
35.890000,-2.879952641e-06
35.895000,-3.033087769e-06
35.900000,-2.678598412e-06
35.905000,-1.805743379e-06
35.910000,-4.572016675e-07
35.915000,1.274887353e-06
35.920000,3.259375911e-06
35.925000,5.341609410e-06
35.930000,7.361734795e-06
35.935000,9.173110263e-06
35.940000,1.065808443e-05
35.945000,1.173885364e-05
35.950000,1.238196458e-05
35.955000,1.259617230e-05
35.960000,1.242458598e-05
35.965000,1.193308546e-05
35.970000,1.119762783e-05
35.975000,1.029311182e-05
35.980000,9.285884438e-06
35.985000,8.230882350e-06
35.990000,7.173074008e-06
35.995000,6.151669618e-06
36.000000,5.204839804e-06
36.005000,4.372647021e-06
36.010000,3.696561243e-06
36.015000,3.215106353e-06
36.020000,2.956519071e-06
36.025000,2.930411467e-06
36.030000,3.121000019e-06
36.035000,3.484344824e-06
36.040000,3.951260420e-06
36.045000,4.436298599e-06
36.050000,4.851746217e-06
36.055000,5.124246667e-06
36.060000,5.210743470e-06
36.065000,5.110193851e-06
36.070000,4.868031738e-06
36.075000,4.571639093e-06
36.080000,4.336897087e-06
36.085000,4.287856836e-06
36.090000,4.533228537e-06
36.095000,5.144306196e-06
36.100000,6.138853309e-06
36.105000,7.474355691e-06
36.110000,9.052149706e-06
36.115000,1.073170233e-05
36.120000,1.235227013e-05
36.125000,1.375774886e-05
36.130000,1.482002643e-05
36.135000,1.545663597e-05
36.140000,1.563982408e-05
36.145000,1.539599245e-05
36.150000,1.479642766e-05
36.155000,1.394188458e-05
36.160000,1.294458407e-05
36.165000,1.191132982e-05
36.170000,1.093075301e-05
36.175000,1.006637233e-05
36.180000,9.355585490e-06
36.185000,8.813306004e-06
36.190000,8.438079139e-06
36.195000,8.218334223e-06
36.200000,8.136928181e-06
36.205000,8.173091905e-06
36.210000,8.301984252e-06
36.215000,8.492959118e-06
36.220000,8.708114452e-06
36.225000,8.902612721e-06
36.230000,9.027688236e-06
36.235000,9.036364379e-06
36.240000,8.890948324e-06
36.245000,8.570622041e-06
36.250000,8.077126233e-06
36.255000,7.436753771e-06
36.260000,6.697609567e-06
36.265000,5.922193195e-06
36.270000,5.176549908e-06
36.275000,4.518201578e-06
36.280000,3.985535031e-06
36.285000,3.591130805e-06
36.290000,3.320671107e-06
36.295000,3.137762775e-06
36.300000,2.993578981e-06
36.305000,2.839042388e-06
36.310000,2.636664377e-06
36.315000,2.369287178e-06
36.320000,2.043809765e-06
36.325000,1.689281671e-06
36.330000,1.350165596e-06
36.335000,1.076725688e-06
36.340000,9.151047558e-07
36.345000,8.995778549e-07
36.350000,1.048758311e-06
36.355000,1.366386182e-06
36.360000,1.846047629e-06
36.365000,2.478081503e-06
36.370000,3.256305261e-06
36.375000,4.182205462e-06
36.380000,5.264905467e-06
36.385000,6.516395957e-06
36.390000,7.942904006e-06
36.395000,9.534520988e-06
36.400000,1.125596465e-05
36.405000,1.304138626e-05
36.410000,1.479540068e-05
36.415000,1.640116619e-05
36.420000,1.773468502e-05
36.425000,1.868293215e-05
36.430000,1.916233318e-05
36.435000,1.913378065e-05
36.440000,1.861090997e-05
36.445000,1.765965841e-05
36.450000,1.638892499e-05
36.455000,1.493402852e-05
36.460000,1.343618400e-05
36.465000,1.202201696e-05
36.470000,1.078701923e-05
36.475000,9.785853955e-06
36.480000,9.030803410e-06
36.485000,8.497828081e-06
36.490000,8.138118815e-06
36.495000,7.892039521e-06
36.500000,7.702173073e-06
36.505000,7.522787554e-06
36.510000,7.324236437e-06
36.515000,7.092268715e-06
36.520000,6.823580217e-06
36.525000,6.519850770e-06
36.530000,6.182762476e-06
36.535000,5.812027039e-06
36.540000,5.407392238e-06
36.545000,4.974233491e-06
36.550000,4.531037882e-06
36.555000,4.116219020e-06
36.560000,3.791519688e-06
36.565000,3.639846856e-06
36.570000,3.756622765e-06
36.575000,4.235339315e-06
36.580000,5.149585995e-06
36.585000,6.534993204e-06
36.590000,8.374986996e-06
36.595000,1.059383824e-05
36.600000,1.305925367e-05
36.605000,1.559493566e-05
36.610000,1.800151630e-05
36.615000,2.008249514e-05
36.620000,2.167068460e-05
36.625000,2.265045195e-05
36.630000,2.297179862e-05
36.635000,2.265387037e-05
36.640000,2.177750836e-05
36.645000,2.046850707e-05
36.650000,1.887492428e-05
36.655000,1.714277274e-05
36.660000,1.539454333e-05
36.665000,1.371426947e-05
36.670000,1.214141072e-05
36.675000,1.067400825e-05
36.680000,9.279721675e-06
36.685000,7.911872887e-06
36.690000,6.526798218e-06
36.695000,5.098798227e-06
36.700000,3.629742252e-06
36.705000,2.151722867e-06
36.710000,7.227343461e-07
36.715000,-5.831931674e-07
36.720000,-1.688940090e-06
36.725000,-2.527434650e-06
36.730000,-3.052301685e-06
36.735000,-3.244086235e-06
36.740000,-3.111191213e-06
36.745000,-2.685835907e-06
36.750000,-2.016362124e-06
36.755000,-1.157889091e-06
36.760000,-1.635193525e-07
36.765000,9.220076818e-07
36.770000,2.065056158e-06
36.775000,3.242064057e-06
36.780000,4.435581457e-06
36.785000,5.628963566e-06
36.790000,6.801598461e-06
36.795000,7.926308604e-06
36.800000,8.969865529e-06
36.805000,9.896607876e-06
36.810000,1.067423132e-05
36.815000,1.128018191e-05
36.820000,1.170689081e-05
36.825000,1.196436082e-05
36.830000,1.207925226e-05
36.835000,1.209043861e-05
36.840000,1.204181539e-05
36.845000,1.197378378e-05
36.850000,1.191517476e-05
36.855000,1.187736865e-05
36.860000,1.185198625e-05
36.865000,1.181283108e-05
36.870000,1.172186211e-05
36.875000,1.153805574e-05
36.880000,1.122729141e-05
36.885000,1.077106678e-05
36.890000,1.017203009e-05
36.895000,9.454996152e-06
36.900000,8.663136911e-06
36.905000,7.850165603e-06
36.910000,7.070291386e-06
36.915000,6.368282114e-06
36.920000,5.772000664e-06
36.925000,5.289256939e-06
36.930000,4.909841192e-06
36.935000,4.612373879e-06
36.940000,4.374393410e-06
36.945000,4.183200376e-06
36.950000,4.044635734e-06
36.955000,3.987322302e-06
36.960000,4.060898992e-06
36.965000,4.328195429e-06
36.970000,4.852771364e-06
36.975000,5.684396230e-06
36.980000,6.845579306e-06
36.985000,8.322067049e-06
36.990000,1.005938444e-05
36.995000,1.196624358e-05
37.000000,1.392427367e-05
37.005000,1.580232452e-05
37.010000,1.747277677e-05
37.015000,1.882698418e-05
37.020000,1.978721798e-05
37.025000,2.031323391e-05
37.030000,2.040270317e-05
37.035000,2.008601812e-05
37.040000,1.941712423e-05
37.045000,1.846276731e-05
37.050000,1.729268556e-05
37.055000,1.597277437e-05
37.060000,1.456223989e-05
37.065000,1.311451388e-05
37.070000,1.168057771e-05
37.075000,1.031265382e-05
37.080000,9.066162599e-06
37.085000,7.998426685e-06
37.090000,7.163668849e-06
37.095000,6.605094970e-06
37.100000,6.345931372e-06
37.105000,6.381888084e-06
37.110000,6.677463953e-06
37.115000,7.167786140e-06
37.120000,7.766450712e-06
37.125000,8.378398783e-06
37.130000,8.915573828e-06
37.135000,9.312276563e-06
37.140000,9.536973502e-06
37.145000,9.597882039e-06
37.150000,9.540846729e-06
37.155000,9.439598412e-06
37.160000,9.380118730e-06
37.165000,9.442159401e-06
37.170000,9.681678156e-06
37.175000,1.011786370e-05
37.180000,1.072751999e-05
37.185000,1.144804926e-05
37.190000,1.218845635e-05
37.195000,1.284611065e-05
37.200000,1.332583035e-05
37.205000,1.355744666e-05
37.210000,1.350842522e-05
37.215000,1.318923845e-05
37.220000,1.265072711e-05
37.225000,1.197431993e-05
37.230000,1.125736340e-05
37.235000,1.059667778e-05
37.240000,1.007363887e-05
37.245000,9.743563888e-06
37.250000,9.631079119e-06
37.255000,9.731725476e-06
37.260000,1.001865892e-05
37.265000,1.045226541e-05
37.270000,1.099008016e-05
37.275000,1.159465155e-05
37.280000,1.223780473e-05
37.285000,1.290087433e-05
37.290000,1.357156868e-05
37.295000,1.423892127e-05
37.300000,1.488811660e-05
37.305000,1.549682268e-05
37.310000,1.603411811e-05
37.315000,1.646233559e-05
37.320000,1.674135516e-05
37.325000,1.683425598e-05
37.330000,1.671292284e-05
37.335000,1.636227929e-05
37.340000,1.578226209e-05
37.345000,1.498733487e-05
37.350000,1.400405175e-05
37.355000,1.286769252e-05
37.360000,1.161912956e-05
37.365000,1.030281101e-05
37.370000,8.966164222e-06
37.375000,7.660056689e-06
37.380000,6.439439909e-06
37.385000,5.363118837e-06
37.390000,4.491784103e-06
37.395000,3.883938463e-06
37.400000,3.589985976e-06
37.405000,3.645357617e-06
37.410000,4.063976206e-06
37.415000,4.833522604e-06
37.420000,5.913809103e-06
37.425000,7.239096543e-06
37.430000,8.724465877e-06
37.435000,1.027549673e-05
37.440000,1.179970442e-05
37.445000,1.321766130e-05
37.450000,1.447165919e-05
37.455000,1.553022621e-05
37.460000,1.638770813e-05
37.465000,1.705923336e-05
37.470000,1.757240489e-05
37.475000,1.795773172e-05
37.480000,1.823997278e-05
37.485000,1.843221349e-05
37.490000,1.853375900e-05
37.495000,1.853201243e-05
37.500000,1.840762580e-05
37.505000,1.814154339e-05
37.510000,1.772221727e-05
37.515000,1.715131191e-05
37.520000,1.644660829e-05
37.525000,1.564147955e-05
37.530000,1.478109165e-05
37.535000,1.391620103e-05
37.540000,1.309590462e-05
37.545000,1.236083374e-05
37.550000,1.173805860e-05
37.555000,1.123847318e-05
37.560000,1.085681837e-05
37.565000,1.057394934e-05
37.570000,1.036059347e-05
37.575000,1.018173683e-05
37.580000,1.000089928e-05
37.585000,9.783829850e-06
37.590000,9.501469219e-06
37.595000,9.132279641e-06
37.600000,8.664163827e-06
37.605000,8.096153043e-06
37.610000,7.439866852e-06
37.615000,6.720503645e-06
37.620000,5.976913463e-06
37.625000,5.260231531e-06
37.630000,4.630674256e-06
37.635000,4.152417666e-06
37.640000,3.886920562e-06
37.645000,3.885500814e-06
37.650000,4.182291418e-06
37.655000,4.788791917e-06
37.660000,5.691050562e-06
37.665000,6.850093772e-06
37.670000,8.205652151e-06
37.675000,9.682640412e-06
37.680000,1.119935902e-05
37.685000,1.267610057e-05
37.690000,1.404282014e-05
37.695000,1.524476617e-05
37.700000,1.624540857e-05
37.705000,1.702654418e-05
37.710000,1.758598307e-05
37.715000,1.793361133e-05
37.720000,1.808680982e-05
37.725000,1.806616230e-05
37.730000,1.789214452e-05
37.735000,1.758312830e-05
37.740000,1.715466493e-05
37.745000,1.661972943e-05
37.750000,1.598948095e-05
37.755000,1.527414502e-05
37.760000,1.448381237e-05
37.765000,1.362919118e-05
37.770000,1.272253508e-05
37.775000,1.177900477e-05
37.780000,1.081856565e-05
37.785000,9.868213710e-06
37.790000,8.963962961e-06
37.795000,8.151765315e-06
37.800000,7.486498648e-06
37.805000,7.028417898e-06
37.810000,6.836991433e-06
37.815000,6.962723852e-06
37.820000,7.438221378e-06
37.825000,8.270202547e-06
37.830000,9.434251459e-06
37.835000,1.087378909e-05
37.840000,1.250403297e-05
37.845000,1.422075447e-05
37.850000,1.591262415e-05
37.855000,1.747509036e-05
37.860000,1.882327518e-05
37.865000,1.990143469e-05
37.870000,2.068714305e-05
37.875000,2.118941592e-05
37.880000,2.144126692e-05
37.885000,2.148840213e-05
37.890000,2.137661424e-05
37.895000,2.114072632e-05
37.900000,2.079757234e-05
37.905000,2.034455614e-05
37.910000,1.976401635e-05
37.915000,1.903224486e-05
37.920000,1.813089005e-05
37.925000,1.705789093e-05
37.930000,1.583518185e-05
37.935000,1.451115713e-05
37.940000,1.315711167e-05
37.945000,1.185827797e-05
37.950000,1.070132322e-05
37.955000,9.760960716e-06
37.960000,9.088492894e-06
37.965000,8.704622662e-06
37.970000,8.597879830e-06
37.975000,8.728759094e-06
37.980000,9.038449977e-06
37.985000,9.460131449e-06
37.990000,9.930396354e-06
37.995000,1.039853281e-05
38.000000,1.083205643e-05
38.005000,1.121787546e-05
38.010000,1.155952440e-05
38.015000,1.187175634e-05
38.020000,1.217423433e-05
38.025000,1.248601933e-05
38.030000,1.282206154e-05
38.035000,1.319213162e-05
38.040000,1.360181274e-05
38.045000,1.405454872e-05
38.050000,1.455347735e-05
38.055000,1.510193304e-05
38.060000,1.570202155e-05
38.065000,1.635139711e-05
38.070000,1.703909684e-05
38.075000,1.774179567e-05
38.080000,1.842197684e-05
38.085000,1.902920253e-05
38.090000,1.950497023e-05
38.095000,1.979071777e-05
38.100000,1.983763420e-05
38.105000,1.961629594e-05
38.110000,1.912397082e-05
38.115000,1.838778938e-05
38.120000,1.746280414e-05
38.125000,1.642504638e-05
38.130000,1.536077929e-05
38.135000,1.435397226e-05
38.140000,1.347439072e-05
38.145000,1.276853483e-05
38.150000,1.225502067e-05
38.155000,1.192503703e-05
38.160000,1.174745384e-05
38.165000,1.167724004e-05
38.170000,1.166526712e-05
38.175000,1.166744957e-05
38.180000,1.165151560e-05
38.185000,1.160041139e-05
38.190000,1.151222812e-05
38.195000,1.139736692e-05
38.200000,1.127420853e-05
38.205000,1.116469698e-05
38.210000,1.109097107e-05
38.215000,1.107359797e-05
38.220000,1.113128235e-05
38.225000,1.128136459e-05
38.230000,1.154015538e-05
38.235000,1.192225246e-05
38.240000,1.243840422e-05
38.245000,1.309208460e-05
38.250000,1.387553712e-05
38.255000,1.476645280e-05
38.260000,1.572653778e-05
38.265000,1.670295476e-05
38.270000,1.763302892e-05
38.275000,1.845182015e-05
38.280000,1.910136407e-05
38.285000,1.953978401e-05
38.290000,1.974825884e-05
38.295000,1.973410439e-05
38.300000,1.952897614e-05
38.305000,1.918228119e-05
38.310000,1.875104246e-05
38.315000,1.828838385e-05
38.320000,1.783323907e-05
38.325000,1.740368478e-05
38.330000,1.699548704e-05
38.335000,1.658622164e-05
38.340000,1.614399074e-05
38.345000,1.563864934e-05
38.350000,1.505284754e-05
38.355000,1.439023383e-05
38.360000,1.367882897e-05
38.365000,1.296870170e-05
38.370000,1.232438566e-05
38.375000,1.181366680e-05
38.380000,1.149517451e-05
38.385000,1.140745104e-05
38.390000,1.156180821e-05
38.395000,1.194039942e-05
38.400000,1.249974922e-05
38.405000,1.317877210e-05
38.410000,1.390936409e-05
38.415000,1.462718745e-05
38.420000,1.528039164e-05
38.425000,1.583467457e-05
38.430000,1.627409931e-05
38.435000,1.659816506e-05
38.440000,1.681649751e-05
38.445000,1.694295188e-05
38.450000,1.699082165e-05
38.455000,1.697027978e-05
38.460000,1.688834177e-05
38.465000,1.675079004e-05
38.470000,1.656488817e-05
38.475000,1.634150785e-05
38.480000,1.609553419e-05
38.485000,1.584402044e-05
38.490000,1.560234647e-05
38.495000,1.537937120e-05
38.500000,1.517304561e-05
38.505000,1.496802960e-05
38.510000,1.473649077e-05
38.515000,1.444253004e-05
38.520000,1.404974549e-05
38.525000,1.353054561e-05
38.530000,1.287519336e-05
38.535000,1.209839119e-05
38.540000,1.124158383e-05
38.545000,1.037000527e-05
38.550000,9.564642694e-06
38.555000,8.910461173e-06
38.560000,8.483136568e-06
38.565000,8.336950940e-06
38.570000,8.496305195e-06
38.575000,8.952539761e-06
38.580000,9.666606420e-06
38.585000,1.057687534e-05
38.590000,1.161028647e-05
38.595000,1.269441054e-05
38.600000,1.376791268e-05
38.605000,1.478741274e-05
38.610000,1.572967610e-05
38.615000,1.658920880e-05
38.620000,1.737238859e-05
38.625000,1.808998373e-05
38.630000,1.875013073e-05
38.635000,1.935352932e-05
38.640000,1.989187607e-05
38.645000,2.034960893e-05
38.650000,2.070813335e-05
38.655000,2.095107845e-05
38.660000,2.106893964e-05
38.665000,2.106173065e-05
38.670000,2.093890399e-05
38.675000,2.071662104e-05
38.680000,2.041323674e-05
38.685000,2.004439684e-05
38.690000,1.961928349e-05
38.695000,1.913924640e-05
38.700000,1.859939495e-05
38.705000,1.799287542e-05
38.710000,1.731674663e-05
38.715000,1.657782254e-05
38.720000,1.579673251e-05
38.725000,1.500880731e-05
38.730000,1.426115219e-05
38.735000,1.360622921e-05
38.740000,1.309319332e-05
38.745000,1.275886899e-05
38.750000,1.262044654e-05
38.755000,1.267166025e-05
38.760000,1.288345378e-05
38.765000,1.320912006e-05
38.770000,1.359286887e-05
38.775000,1.397997616e-05
38.780000,1.432630319e-05
38.785000,1.460513165e-05
38.790000,1.480990706e-05
38.795000,1.495245879e-05
38.800000,1.505732976e-05
38.805000,1.515374175e-05
38.810000,1.526722623e-05
38.815000,1.541295194e-05
38.820000,1.559228991e-05
38.825000,1.579330774e-05
38.830000,1.599489344e-05
38.835000,1.617331968e-05
38.840000,1.630948274e-05
38.845000,1.639491789e-05
38.850000,1.643502519e-05
38.855000,1.644864584e-05
38.860000,1.646403465e-05
38.865000,1.651215549e-05
38.870000,1.661887671e-05
38.875000,1.679790821e-05
38.880000,1.704614735e-05
38.885000,1.734253473e-05
38.890000,1.765070610e-05
38.895000,1.792486095e-05
38.900000,1.811755827e-05
38.905000,1.818776032e-05
38.910000,1.810746125e-05
38.915000,1.786564334e-05
38.920000,1.746898697e-05
38.925000,1.693954125e-05
38.930000,1.631023744e-05
38.935000,1.561952721e-05
38.940000,1.490646209e-05
38.945000,1.420721342e-05
38.950000,1.355347600e-05
38.955000,1.297257909e-05
38.960000,1.248862705e-05
38.965000,1.212374307e-05
38.970000,1.189854609e-05
38.975000,1.183131304e-05
38.980000,1.193575872e-05
38.985000,1.221786469e-05
38.990000,1.267257226e-05
38.995000,1.328132812e-05
39.000000,1.401139024e-05
39.005000,1.481747882e-05
39.010000,1.564585842e-05
39.015000,1.644036974e-05
39.020000,1.714942552e-05
39.025000,1.773267367e-05
39.030000,1.816600660e-05
39.035000,1.844388450e-05
39.040000,1.857848847e-05
39.045000,1.859589583e-05
39.050000,1.853010718e-05
39.055000,1.841619202e-05
39.060000,1.828395407e-05
39.065000,1.815333020e-05
39.070000,1.803229150e-05
39.075000,1.791743478e-05
39.080000,1.779687918e-05
39.085000,1.765463974e-05
39.090000,1.747541920e-05
39.095000,1.724876989e-05
39.100000,1.697180761e-05
39.105000,1.665004473e-05
39.110000,1.629635979e-05
39.115000,1.592853231e-05
39.120000,1.556605167e-05
39.125000,1.522699872e-05
39.130000,1.492568628e-05
39.135000,1.467147241e-05
39.140000,1.446881326e-05
39.145000,1.431829767e-05
39.150000,1.421818855e-05
39.155000,1.416593050e-05
39.160000,1.415916800e-05
39.165000,1.419601226e-05
39.170000,1.427453821e-05
39.175000,1.439172289e-05
39.180000,1.454220295e-05
39.185000,1.471729950e-05
39.190000,1.490471884e-05
39.195000,1.508919316e-05
39.200000,1.525410276e-05
39.205000,1.538386733e-05
39.210000,1.546666911e-05
39.215000,1.549693553e-05
39.220000,1.547700428e-05
39.225000,1.541752875e-05
39.230000,1.533642561e-05
39.235000,1.525646299e-05
39.240000,1.520186587e-05
39.245000,1.519451830e-05
39.250000,1.525043017e-05
39.255000,1.537709984e-05
39.260000,1.557225431e-05
39.265000,1.582421212e-05
39.270000,1.611383021e-05
39.275000,1.641770866e-05
39.280000,1.671208806e-05
39.285000,1.697672912e-05
39.290000,1.719804886e-05
39.295000,1.737091230e-05
39.300000,1.749872637e-05
39.305000,1.759180650e-05
39.310000,1.766432444e-05
39.315000,1.773043202e-05
39.320000,1.780033362e-05
39.325000,1.787711576e-05
39.330000,1.795502304e-05
39.335000,1.801961178e-05
39.340000,1.804985601e-05
39.345000,1.802188694e-05
39.350000,1.791369458e-05
39.355000,1.770988369e-05
39.360000,1.740551850e-05
39.365000,1.700823486e-05
39.370000,1.653812704e-05
39.375000,1.602536422e-05
39.380000,1.550596399e-05
39.385000,1.501654101e-05
39.390000,1.458906961e-05
39.395000,1.424669550e-05
39.400000,1.400140118e-05
39.405000,1.385392109e-05
39.410000,1.379580432e-05
39.415000,1.381304947e-05
39.420000,1.389039497e-05
39.425000,1.401522109e-05
39.430000,1.418013580e-05
39.435000,1.438365070e-05
39.440000,1.462882625e-05
39.445000,1.492026613e-05
39.450000,1.526025227e-05
39.455000,1.564503794e-05
39.460000,1.606230404e-05
39.465000,1.649053309e-05
39.470000,1.690062206e-05
39.475000,1.725953583e-05
39.480000,1.753531627e-05
39.485000,1.770242287e-05
39.490000,1.774627211e-05
39.495000,1.766599433e-05
39.500000,1.747480618e-05
39.505000,1.719791347e-05
39.510000,1.686839055e-05
39.515000,1.652190108e-05
39.520000,1.619133665e-05
39.525000,1.590241267e-05
39.530000,1.567099560e-05
39.535000,1.550251681e-05
39.540000,1.539335892e-05
39.545000,1.533369159e-05
39.550000,1.531097106e-05
39.555000,1.531325251e-05
39.560000,1.533159755e-05
39.565000,1.536114851e-05
39.570000,1.540081024e-05
39.575000,1.545183578e-05
39.580000,1.551586927e-05
39.585000,1.559309664e-05
39.590000,1.568107619e-05
39.595000,1.577459286e-05
39.600000,1.586656977e-05
39.605000,1.594976247e-05
39.610000,1.601873864e-05
39.615000,1.607156481e-05
39.620000,1.611069842e-05
39.625000,1.614279480e-05
39.630000,1.617742232e-05
39.635000,1.622496270e-05
39.640000,1.629418192e-05
39.645000,1.639004205e-05
39.650000,1.651226710e-05
39.655000,1.665499433e-05
39.660000,1.680758560e-05
39.665000,1.695640431e-05
39.670000,1.708714891e-05
39.675000,1.718722391e-05
39.680000,1.724764616e-05
39.685000,1.726412035e-05
39.690000,1.723713226e-05
39.695000,1.717114565e-05
39.700000,1.707318644e-05
39.705000,1.695120986e-05
39.710000,1.681264968e-05
39.715000,1.666345361e-05
39.720000,1.650774848e-05
39.725000,1.634810226e-05
39.730000,1.618620270e-05
39.735000,1.602369027e-05
39.740000,1.586287590e-05
39.745000,1.570713693e-05
39.750000,1.556089159e-05
39.755000,1.542917440e-05
39.760000,1.531693885e-05
39.765000,1.522827852e-05
39.770000,1.516576828e-05
39.775000,1.513008586e-05
39.780000,1.511999395e-05
39.785000,1.513266718e-05
39.790000,1.516426310e-05
39.795000,1.521058382e-05
39.800000,1.526766761e-05
39.805000,1.533218494e-05
39.810000,1.540157858e-05
39.815000,1.547396084e-05
39.820000,1.554784222e-05
39.825000,1.562180043e-05
39.830000,1.569420060e-05
39.835000,1.576305070e-05
39.840000,1.582603081e-05
39.845000,1.588068455e-05
39.850000,1.592471836e-05
39.855000,1.595632891e-05
39.860000,1.597447688e-05
39.865000,1.597904300e-05
39.870000,1.597083627e-05
39.875000,1.595146154e-05
39.880000,1.592308589e-05
39.885000,1.588816036e-05
39.890000,1.584915418e-05
39.895000,1.580834386e-05
39.900000,1.576767748e-05
39.905000,1.572871245e-05
39.910000,1.569260935e-05
39.915000,1.566015845e-05
39.920000,1.563181789e-05
39.925000,1.560774950e-05
39.930000,1.558784795e-05
39.935000,1.557176609e-05
39.940000,1.555894483e-05
39.945000,1.554865722e-05
39.950000,1.554007442e-05
39.955000,1.553235481e-05
39.960000,1.552474822e-05
39.965000,1.551669737e-05
39.970000,1.550791174e-05
39.975000,1.549839025e-05
39.980000,1.548837911e-05
